formation_week,trade_week,rank,symbol
2017-01-06,2017-01-13,1,ENVA
2017-01-06,2017-01-13,2,KRO
2017-01-06,2017-01-13,3,CENTA
2017-01-06,2017-01-13,4,OBE
2017-01-06,2017-01-13,5,CENT
2017-01-06,2017-01-13,6,TRGP
2017-01-06,2017-01-13,7,NBR
2017-01-06,2017-01-13,8,MTOR
2017-01-06,2017-01-13,9,AGM
2017-01-06,2017-01-13,10,TPL
2017-01-06,2017-01-13,11,MS
2017-01-06,2017-01-13,12,RF
2017-01-06,2017-01-13,13,MEOH
2017-01-06,2017-01-13,14,VYX
2017-01-06,2017-01-13,15,SYBT
2017-01-13,2017-01-20,1,TROX
2017-01-13,2017-01-20,2,WLDN
2017-01-13,2017-01-20,3,TSRO
2017-01-13,2017-01-20,4,TPL
2017-01-13,2017-01-20,5,STM
2017-01-13,2017-01-20,6,ENVA
2017-01-13,2017-01-20,7,CGNX
2017-01-13,2017-01-20,8,CENX
2017-01-13,2017-01-20,9,VALE
2017-01-13,2017-01-20,10,CASH
2017-01-13,2017-01-20,11,MTOR
2017-01-13,2017-01-20,12,PATK
2017-01-13,2017-01-20,13,HUN
2017-01-13,2017-01-20,14,UI
2017-01-13,2017-01-20,15,BSBR
2017-01-20,2017-01-27,1,WLDN
2017-01-20,2017-01-27,2,CENX
2017-01-20,2017-01-27,3,VALE
2017-01-20,2017-01-27,4,STM
2017-01-20,2017-01-27,5,DXPE
2017-01-20,2017-01-27,6,TRGP
2017-01-20,2017-01-27,7,ECA
2017-01-20,2017-01-27,8,OVV
2017-01-20,2017-01-27,9,ASUR
2017-01-20,2017-01-27,10,SLM
2017-01-20,2017-01-27,11,HWC
2017-01-20,2017-01-27,12,SAIA
2017-01-20,2017-01-27,13,MBI
2017-01-20,2017-01-27,14,MTOR
2017-01-20,2017-01-27,15,TTMI
2017-01-27,2017-02-03,1,GNBC
2017-01-27,2017-02-03,2,TWI
2017-01-27,2017-02-03,3,PATK
2017-01-27,2017-02-03,4,VEDL
2017-01-27,2017-02-03,5,KRO
2017-01-27,2017-02-03,6,MU
2017-01-27,2017-02-03,7,SN
2017-01-27,2017-02-03,8,ORN
2017-01-27,2017-02-03,9,URI
2017-01-27,2017-02-03,10,BSBR
2017-01-27,2017-02-03,11,STM
2017-01-27,2017-02-03,12,SLM
2017-01-27,2017-02-03,13,CENTA
2017-01-27,2017-02-03,14,SFBS
2017-01-27,2017-02-03,15,CDZI
2017-02-03,2017-02-10,1,CC
2017-02-03,2017-02-10,2,TSRO
2017-02-03,2017-02-10,3,TRGP
2017-02-03,2017-02-10,4,ENBL
2017-02-03,2017-02-10,5,KTOS
2017-02-03,2017-02-10,6,BSBR
2017-02-03,2017-02-10,7,NMIH
2017-02-03,2017-02-10,8,TSC
2017-02-03,2017-02-10,9,TROX
2017-02-03,2017-02-10,10,OLN
2017-02-03,2017-02-10,11,CGNX
2017-02-03,2017-02-10,12,MS
2017-02-03,2017-02-10,13,SLM
2017-02-03,2017-02-10,14,STM
2017-02-03,2017-02-10,15,GKOS
2017-02-10,2017-02-17,1,BSBR
2017-02-10,2017-02-17,2,TROX
2017-02-10,2017-02-17,3,CC
2017-02-10,2017-02-17,4,SFBS
2017-02-10,2017-02-17,5,HBM
2017-02-10,2017-02-17,6,PCMI
2017-02-10,2017-02-17,7,AAOI
2017-02-10,2017-02-17,8,NOVT
2017-02-10,2017-02-17,9,LNC
2017-02-10,2017-02-17,10,EXTR
2017-02-10,2017-02-17,11,KYE
2017-02-10,2017-02-17,12,KOP
2017-02-10,2017-02-17,13,NAK
2017-02-10,2017-02-17,14,SLM
2017-02-10,2017-02-17,15,TGB
2017-02-17,2017-02-24,1,EXEL
2017-02-17,2017-02-24,2,CC
2017-02-17,2017-02-24,3,WIX
2017-02-17,2017-02-24,4,QCRH
2017-02-17,2017-02-24,5,TSRO
2017-02-17,2017-02-24,6,RUSHA
2017-02-17,2017-02-24,7,TWI
2017-02-17,2017-02-24,8,VEDL
2017-02-17,2017-02-24,9,TROX
2017-02-17,2017-02-24,10,BANF
2017-02-17,2017-02-24,11,AAOI
2017-02-17,2017-02-24,12,GRVY
2017-02-17,2017-02-24,13,PCMI
2017-02-17,2017-02-24,14,AXTI
2017-02-17,2017-02-24,15,NRP
2017-02-24,2017-03-03,1,NRP
2017-02-24,2017-03-03,2,TCBI
2017-02-24,2017-03-03,3,ASMB
2017-02-24,2017-03-03,4,CSX
2017-02-24,2017-03-03,5,SPXC
2017-02-24,2017-03-03,6,NXRT
2017-02-24,2017-03-03,7,STM
2017-02-24,2017-03-03,8,GKOS
2017-02-24,2017-03-03,9,GNBC
2017-02-24,2017-03-03,10,GEO
2017-02-24,2017-03-03,11,UCTT
2017-02-24,2017-03-03,12,SAIC
2017-02-24,2017-03-03,13,THO
2017-02-24,2017-03-03,14,SFBS
2017-02-24,2017-03-03,15,AMD
2017-03-03,2017-03-10,1,STM
2017-03-03,2017-03-10,2,VEDL
2017-03-03,2017-03-10,3,TVRD
2017-03-03,2017-03-10,4,BCRX
2017-03-03,2017-03-10,5,MU
2017-03-03,2017-03-10,6,CSX
2017-03-03,2017-03-10,7,ISLE
2017-03-03,2017-03-10,8,ASMB
2017-03-03,2017-03-10,9,EXEL
2017-03-03,2017-03-10,10,MB
2017-03-03,2017-03-10,11,OLN
2017-03-03,2017-03-10,12,AAOI
2017-03-03,2017-03-10,13,NXRT
2017-03-03,2017-03-10,14,CGNX
2017-03-03,2017-03-10,15,NOVT
2017-03-10,2017-03-17,1,CRHM
2017-03-10,2017-03-17,2,ASMB
2017-03-10,2017-03-17,3,AQMS
2017-03-10,2017-03-17,4,IMMU
2017-03-10,2017-03-17,5,CENT
2017-03-10,2017-03-17,6,SHOP
2017-03-10,2017-03-17,7,AEIS
2017-03-10,2017-03-17,8,WIX
2017-03-10,2017-03-17,9,PGNX
2017-03-10,2017-03-17,10,CORT
2017-03-10,2017-03-17,11,TGS
2017-03-10,2017-03-17,12,NOVT
2017-03-10,2017-03-17,13,BWEN
2017-03-10,2017-03-17,14,INCY
2017-03-10,2017-03-17,15,CENTA
2017-03-17,2017-03-24,1,STM
2017-03-17,2017-03-24,2,AZTA
2017-03-17,2017-03-24,3,CENT
2017-03-17,2017-03-24,4,MRCY
2017-03-17,2017-03-24,5,KOPN
2017-03-17,2017-03-24,6,SHOP
2017-03-17,2017-03-24,7,INVE
2017-03-17,2017-03-24,8,CENTA
2017-03-17,2017-03-24,9,ANET
2017-03-17,2017-03-24,10,CGNX
2017-03-17,2017-03-24,11,NOVT
2017-03-17,2017-03-24,12,WD
2017-03-17,2017-03-24,13,UCTT
2017-03-17,2017-03-24,14,OLN
2017-03-17,2017-03-24,15,NTRI
2017-03-24,2017-03-31,1,STM
2017-03-24,2017-03-31,2,PAM
2017-03-24,2017-03-31,3,ANET
2017-03-24,2017-03-31,4,AAOI
2017-03-24,2017-03-31,5,CGNX
2017-03-24,2017-03-31,6,TGS
2017-03-24,2017-03-31,7,OLN
2017-03-24,2017-03-31,8,VEDL
2017-03-24,2017-03-31,9,IDXX
2017-03-24,2017-03-31,10,TDOC
2017-03-24,2017-03-31,11,LOGI
2017-03-24,2017-03-31,12,UCTT
2017-03-24,2017-03-31,13,KOPN
2017-03-24,2017-03-31,14,BWEN
2017-03-24,2017-03-31,15,KRO
2017-03-31,2017-04-07,1,UCTT
2017-03-31,2017-04-07,2,NTRI
2017-03-31,2017-04-07,3,MTOR
2017-03-31,2017-04-07,4,VEDL
2017-03-31,2017-04-07,5,KINS
2017-03-31,2017-04-07,6,CC
2017-03-31,2017-04-07,7,AZTA
2017-03-31,2017-04-07,8,CGNX
2017-03-31,2017-04-07,9,OSUR
2017-03-31,2017-04-07,10,IBP
2017-03-31,2017-04-07,11,IDXX
2017-03-31,2017-04-07,12,KRO
2017-03-31,2017-04-07,13,CVGI
2017-03-31,2017-04-07,14,NXRT
2017-03-31,2017-04-07,15,CVSA
2017-04-07,2017-04-14,1,TCX
2017-04-07,2017-04-14,2,LOXO
2017-04-07,2017-04-14,3,CRHM
2017-04-07,2017-04-14,4,CDZI
2017-04-07,2017-04-14,5,PAM
2017-04-07,2017-04-14,6,GKOS
2017-04-07,2017-04-14,7,IDXX
2017-04-07,2017-04-14,8,BCO
2017-04-07,2017-04-14,9,CYD
2017-04-07,2017-04-14,10,KRO
2017-04-07,2017-04-14,11,WDC
2017-04-07,2017-04-14,12,CVSA
2017-04-07,2017-04-14,13,MTOR
2017-04-07,2017-04-14,14,PRI
2017-04-07,2017-04-14,15,STM
2017-04-14,2017-04-21,1,TCX
2017-04-14,2017-04-21,2,MBLY
2017-04-14,2017-04-21,3,FIZZ
2017-04-14,2017-04-21,4,MMYT
2017-04-14,2017-04-21,5,JCAP
2017-04-14,2017-04-21,6,LKFT
2017-04-14,2017-04-21,7,MOMO
2017-04-14,2017-04-21,8,NMIH
2017-04-14,2017-04-21,9,TAL
2017-04-14,2017-04-21,10,WD
2017-04-14,2017-04-21,11,ANET
2017-04-14,2017-04-21,12,SHOP
2017-04-14,2017-04-21,13,IDXX
2017-04-14,2017-04-21,14,CRHM
2017-04-14,2017-04-21,15,CENT
2017-04-21,2017-04-28,1,AZTA
2017-04-21,2017-04-28,2,ANET
2017-04-21,2017-04-28,3,IBP
2017-04-21,2017-04-28,4,IDXX
2017-04-21,2017-04-28,5,MKSI
2017-04-21,2017-04-28,6,MBLY
2017-04-21,2017-04-28,7,TAL
2017-04-21,2017-04-28,8,HBP
2017-04-21,2017-04-28,9,LOPE
2017-04-21,2017-04-28,10,KRO
2017-04-21,2017-04-28,11,COHU
2017-04-21,2017-04-28,12,AMAT
2017-04-21,2017-04-28,13,CVSA
2017-04-21,2017-04-28,14,GEO
2017-04-21,2017-04-28,15,WD
2017-04-28,2017-05-05,1,CC
2017-04-28,2017-05-05,2,ANET
2017-04-28,2017-05-05,3,CYD
2017-04-28,2017-05-05,4,MBLY
2017-04-28,2017-05-05,5,PXLW
2017-04-28,2017-05-05,6,STM
2017-04-28,2017-05-05,7,CARB
2017-04-28,2017-05-05,8,KRO
2017-04-28,2017-05-05,9,CWST
2017-04-28,2017-05-05,10,VEEV
2017-04-28,2017-05-05,11,GEN
2017-04-28,2017-05-05,12,OSUR
2017-04-28,2017-05-05,13,AZTA
2017-04-28,2017-05-05,14,CVSA
2017-04-28,2017-05-05,15,SILC
2017-05-05,2017-05-12,1,STM
2017-05-05,2017-05-12,2,SHOP
2017-05-05,2017-05-12,3,PXLW
2017-05-05,2017-05-12,4,MLP
2017-05-05,2017-05-12,5,MBLY
2017-05-05,2017-05-12,6,ANET
2017-05-05,2017-05-12,7,WDC
2017-05-05,2017-05-12,8,TCX
2017-05-05,2017-05-12,9,PNK
2017-05-05,2017-05-12,10,CGNX
2017-05-05,2017-05-12,11,CSX
2017-05-05,2017-05-12,12,CPA
2017-05-05,2017-05-12,13,AMAT
2017-05-05,2017-05-12,14,LOGI
2017-05-05,2017-05-12,15,UCTT
2017-05-12,2017-05-19,1,TAL
2017-05-12,2017-05-19,2,CGNX
2017-05-12,2017-05-19,3,ANET
2017-05-12,2017-05-19,4,CC
2017-05-12,2017-05-19,5,LOGI
2017-05-12,2017-05-19,6,MBLY
2017-05-12,2017-05-19,7,STM
2017-05-12,2017-05-19,8,PAM
2017-05-12,2017-05-19,9,SHOP
2017-05-12,2017-05-19,10,AZTA
2017-05-12,2017-05-19,11,KRO
2017-05-12,2017-05-19,12,AMAT
2017-05-12,2017-05-19,13,LNTH
2017-05-12,2017-05-19,14,WDC
2017-05-12,2017-05-19,15,UPLD
2017-05-19,2017-05-26,1,MBLY
2017-05-19,2017-05-26,2,GPRK
2017-05-19,2017-05-26,3,LRCX
2017-05-19,2017-05-26,4,PAM
2017-05-19,2017-05-26,5,KRO
2017-05-19,2017-05-26,6,VCRA
2017-05-19,2017-05-26,7,NOVT
2017-05-19,2017-05-26,8,MOMO
2017-05-19,2017-05-26,9,MLP
2017-05-19,2017-05-26,10,EML
2017-05-19,2017-05-26,11,NVDA
2017-05-19,2017-05-26,12,SUPN
2017-05-19,2017-05-26,13,HUN
2017-05-19,2017-05-26,14,TREE
2017-05-19,2017-05-26,15,CGNX
2017-05-26,2017-06-02,1,UCTT
2017-05-26,2017-06-02,2,FIZZ
2017-05-26,2017-06-02,3,MU
2017-05-26,2017-06-02,4,EXTR
2017-05-26,2017-06-02,5,MBLY
2017-05-26,2017-06-02,6,BCO
2017-05-26,2017-06-02,7,SQNS
2017-05-26,2017-06-02,8,LOGI
2017-05-26,2017-06-02,9,MMSI
2017-05-26,2017-06-02,10,LRCX
2017-05-26,2017-06-02,11,PAR
2017-05-26,2017-06-02,12,CSX
2017-05-26,2017-06-02,13,RACE
2017-05-26,2017-06-02,14,GPRK
2017-05-26,2017-06-02,15,CGNX
2017-06-02,2017-06-09,1,AAOI
2017-06-02,2017-06-09,2,XENT
2017-06-02,2017-06-09,3,SHOP
2017-06-02,2017-06-09,4,LOGI
2017-06-02,2017-06-09,5,IAC
2017-06-02,2017-06-09,6,PPLI
2017-06-02,2017-06-09,7,LRCX
2017-06-02,2017-06-09,8,RNG
2017-06-02,2017-06-09,9,ANET
2017-06-02,2017-06-09,10,RACE
2017-06-02,2017-06-09,11,EML
2017-06-02,2017-06-09,12,WIFI
2017-06-02,2017-06-09,13,MU
2017-06-02,2017-06-09,14,AMAT
2017-06-02,2017-06-09,15,CHGG
2017-06-09,2017-06-16,1,MLP
2017-06-09,2017-06-16,2,EVI
2017-06-09,2017-06-16,3,MBLY
2017-06-09,2017-06-16,4,EML
2017-06-09,2017-06-16,5,IMMU
2017-06-09,2017-06-16,6,PAM
2017-06-09,2017-06-16,7,GDOT
2017-06-09,2017-06-16,8,STRA
2017-06-09,2017-06-16,9,LOPE
2017-06-09,2017-06-16,10,GNBC
2017-06-09,2017-06-16,11,DK
2017-06-09,2017-06-16,12,KB
2017-06-09,2017-06-16,13,CARO
2017-06-09,2017-06-16,14,XCRA
2017-06-09,2017-06-16,15,HWC
2017-06-16,2017-06-23,1,MLP
2017-06-16,2017-06-23,2,GIC
2017-06-16,2017-06-23,3,W
2017-06-16,2017-06-23,4,KYNB
2017-06-16,2017-06-23,5,MBLY
2017-06-16,2017-06-23,6,TDOC
2017-06-16,2017-06-23,7,LOPE
2017-06-16,2017-06-23,8,PTCT
2017-06-16,2017-06-23,9,XPO
2017-06-16,2017-06-23,10,CARB
2017-06-16,2017-06-23,11,GNBC
2017-06-16,2017-06-23,12,PLSE
2017-06-16,2017-06-23,13,PAYC
2017-06-16,2017-06-23,14,PAHC
2017-06-16,2017-06-23,15,BCO
2017-06-23,2017-06-30,1,GIC
2017-06-23,2017-06-30,2,KTOS
2017-06-23,2017-06-30,3,CORT
2017-06-23,2017-06-30,4,KIN
2017-06-23,2017-06-30,5,CAI
2017-06-23,2017-06-30,6,RNG
2017-06-23,2017-06-30,7,XENT
2017-06-23,2017-06-30,8,EVI
2017-06-23,2017-06-30,9,ANET
2017-06-23,2017-06-30,10,ATRS
2017-06-23,2017-06-30,11,MLP
2017-06-23,2017-06-30,12,TREE
2017-06-23,2017-06-30,13,MBLY
2017-06-23,2017-06-30,14,FIZZ
2017-06-23,2017-06-30,15,ALGN
2017-06-30,2017-07-07,1,LNTH
2017-06-30,2017-07-07,2,XENT
2017-06-30,2017-07-07,3,AXGN
2017-06-30,2017-07-07,4,BCO
2017-06-30,2017-07-07,5,CSX
2017-06-30,2017-07-07,6,W
2017-06-30,2017-07-07,7,IMMU
2017-06-30,2017-07-07,8,MMSI
2017-06-30,2017-07-07,9,DAN
2017-06-30,2017-07-07,10,STRL
2017-06-30,2017-07-07,11,FOXF
2017-06-30,2017-07-07,12,FRPT
2017-06-30,2017-07-07,13,XPO
2017-06-30,2017-07-07,14,ATHM
2017-06-30,2017-07-07,15,CIGI
2017-07-07,2017-07-14,1,PVLA
2017-07-07,2017-07-14,2,OSUR
2017-07-07,2017-07-14,3,KTOS
2017-07-07,2017-07-14,4,MLP
2017-07-07,2017-07-14,5,TCI
2017-07-07,2017-07-14,6,PETS
2017-07-07,2017-07-14,7,HDSN
2017-07-07,2017-07-14,8,NBN
2017-07-07,2017-07-14,9,IPGP
2017-07-07,2017-07-14,10,EXEL
2017-07-07,2017-07-14,11,CSX
2017-07-07,2017-07-14,12,BCO
2017-07-07,2017-07-14,13,ATHM
2017-07-07,2017-07-14,14,BZUN
2017-07-07,2017-07-14,15,CWST
2017-07-14,2017-07-21,1,CHGG
2017-07-14,2017-07-21,2,OSUR
2017-07-14,2017-07-21,3,RACE
2017-07-14,2017-07-21,4,XENT
2017-07-14,2017-07-21,5,ATHM
2017-07-14,2017-07-21,6,BCO
2017-07-14,2017-07-21,7,CYRX
2017-07-14,2017-07-21,8,ALGN
2017-07-14,2017-07-21,9,LOGI
2017-07-14,2017-07-21,10,XYZ
2017-07-14,2017-07-21,11,BABA
2017-07-14,2017-07-21,12,FRPT
2017-07-14,2017-07-21,13,GDOT
2017-07-14,2017-07-21,14,IPGP
2017-07-14,2017-07-21,15,GNBC
2017-07-21,2017-07-28,1,BZUN
2017-07-21,2017-07-28,2,RACE
2017-07-21,2017-07-28,3,NVDA
2017-07-21,2017-07-28,4,CAI
2017-07-21,2017-07-28,5,XYZ
2017-07-21,2017-07-28,6,PTCT
2017-07-21,2017-07-28,7,UPLD
2017-07-21,2017-07-28,8,DAIO
2017-07-21,2017-07-28,9,LOGI
2017-07-21,2017-07-28,10,PTLA
2017-07-21,2017-07-28,11,EXEL
2017-07-21,2017-07-28,12,NTRI
2017-07-21,2017-07-28,13,TREE
2017-07-21,2017-07-28,14,LNTH
2017-07-21,2017-07-28,15,MTD
2017-07-28,2017-08-04,1,CC
2017-07-28,2017-08-04,2,PBYI
2017-07-28,2017-08-04,3,FOXF
2017-07-28,2017-08-04,4,ALGN
2017-07-28,2017-08-04,5,KRO
2017-07-28,2017-08-04,6,OLLI
2017-07-28,2017-08-04,7,RACE
2017-07-28,2017-08-04,8,PLUS
2017-07-28,2017-08-04,9,CYOU
2017-07-28,2017-08-04,10,ATHM
2017-07-28,2017-08-04,11,TAL
2017-07-28,2017-08-04,12,TREE
2017-07-28,2017-08-04,13,TRUP
2017-07-28,2017-08-04,14,DE
2017-07-28,2017-08-04,15,ING
2017-08-04,2017-08-11,1,OSUR
2017-08-04,2017-08-11,2,TAL
2017-08-04,2017-08-11,3,W
2017-08-04,2017-08-11,4,CC
2017-08-04,2017-08-11,5,GIC
2017-08-04,2017-08-11,6,NVDA
2017-08-04,2017-08-11,7,CYOU
2017-08-04,2017-08-11,8,FOXF
2017-08-04,2017-08-11,9,TROX
2017-08-04,2017-08-11,10,CYRX
2017-08-04,2017-08-11,11,JD
2017-08-04,2017-08-11,12,ESIO
2017-08-04,2017-08-11,13,CORT
2017-08-04,2017-08-11,14,ANET
2017-08-04,2017-08-11,15,FIZZ
2017-08-11,2017-08-18,1,CYRX
2017-08-11,2017-08-18,2,ATHM
2017-08-11,2017-08-18,3,MRCY
2017-08-11,2017-08-18,4,PAHC
2017-08-11,2017-08-18,5,JOUT
2017-08-11,2017-08-18,6,ALGN
2017-08-11,2017-08-18,7,FIZZ
2017-08-11,2017-08-18,8,OSUR
2017-08-11,2017-08-18,9,IPGP
2017-08-11,2017-08-18,10,XENT
2017-08-11,2017-08-18,11,RACE
2017-08-11,2017-08-18,12,NRG
2017-08-11,2017-08-18,13,TTWO
2017-08-11,2017-08-18,14,RYAAY
2017-08-11,2017-08-18,15,CNA
2017-08-18,2017-08-25,1,TGS
2017-08-18,2017-08-25,2,RACE
2017-08-18,2017-08-25,3,NRG
2017-08-18,2017-08-25,4,APPF
2017-08-18,2017-08-25,5,HTHT
2017-08-18,2017-08-25,6,FIZZ
2017-08-18,2017-08-25,7,TAL
2017-08-18,2017-08-25,8,TTWO
2017-08-18,2017-08-25,9,CTRL
2017-08-18,2017-08-25,10,PAHC
2017-08-18,2017-08-25,11,EXTR
2017-08-18,2017-08-25,12,BABA
2017-08-18,2017-08-25,13,ATHM
2017-08-18,2017-08-25,14,IOTS
2017-08-18,2017-08-25,15,DDC
2017-08-25,2017-09-01,1,DDC
2017-08-25,2017-09-01,2,FIZZ
2017-08-25,2017-09-01,3,PAR
2017-08-25,2017-09-01,4,RACE
2017-08-25,2017-09-01,5,EXTR
2017-08-25,2017-09-01,6,VEDL
2017-08-25,2017-09-01,7,CAI
2017-08-25,2017-09-01,8,APPF
2017-08-25,2017-09-01,9,GDOT
2017-08-25,2017-09-01,10,HDP
2017-08-25,2017-09-01,11,WIFI
2017-08-25,2017-09-01,12,TTWO
2017-08-25,2017-09-01,13,STM
2017-08-25,2017-09-01,14,SB
2017-08-25,2017-09-01,15,FBR
2017-09-01,2017-09-08,1,TREE
2017-09-01,2017-09-08,2,SB
2017-09-01,2017-09-08,3,HDP
2017-09-01,2017-09-08,4,DDC
2017-09-01,2017-09-08,5,FIZZ
2017-09-01,2017-09-08,6,TROX
2017-09-01,2017-09-08,7,RACE
2017-09-01,2017-09-08,8,SUPN
2017-09-01,2017-09-08,9,NAV
2017-09-01,2017-09-08,10,NRC
2017-09-01,2017-09-08,11,VEDL
2017-09-01,2017-09-08,12,STM
2017-09-01,2017-09-08,13,AXGN
2017-09-01,2017-09-08,14,GDOT
2017-09-01,2017-09-08,15,SHOP
2017-09-08,2017-09-15,1,TROX
2017-09-08,2017-09-15,2,FIZZ
2017-09-08,2017-09-15,3,ALGN
2017-09-08,2017-09-15,4,DDC
2017-09-08,2017-09-15,5,BCO
2017-09-08,2017-09-15,6,OSUR
2017-09-08,2017-09-15,7,NOVT
2017-09-08,2017-09-15,8,TTWO
2017-09-08,2017-09-15,9,CORT
2017-09-08,2017-09-15,10,SHOP
2017-09-08,2017-09-15,11,TAL
2017-09-08,2017-09-15,12,XENT
2017-09-08,2017-09-15,13,STM
2017-09-08,2017-09-15,14,CZR
2017-09-08,2017-09-15,15,MTOR
2017-09-15,2017-09-22,1,UCTT
2017-09-15,2017-09-22,2,NVDA
2017-09-15,2017-09-22,3,IPGP
2017-09-15,2017-09-22,4,CGNX
2017-09-15,2017-09-22,5,ABEO
2017-09-15,2017-09-22,6,ROG
2017-09-15,2017-09-22,7,NOVT
2017-09-15,2017-09-22,8,KYNB
2017-09-15,2017-09-22,9,YRD
2017-09-15,2017-09-22,10,DDC
2017-09-15,2017-09-22,11,STM
2017-09-15,2017-09-22,12,BA
2017-09-15,2017-09-22,13,CTRL
2017-09-15,2017-09-22,14,NRC
2017-09-15,2017-09-22,15,OSUR
2017-09-22,2017-09-29,1,TGS
2017-09-22,2017-09-29,2,IPGP
2017-09-22,2017-09-29,3,TTWO
2017-09-22,2017-09-29,4,MTW
2017-09-22,2017-09-29,5,CC
2017-09-22,2017-09-29,6,APPF
2017-09-22,2017-09-29,7,APO
2017-09-22,2017-09-29,8,PNTR
2017-09-22,2017-09-29,9,MRCY
2017-09-22,2017-09-29,10,JOBS
2017-09-22,2017-09-29,11,STLA
2017-09-22,2017-09-29,12,ASMB
2017-09-22,2017-09-29,13,KRO
2017-09-22,2017-09-29,14,ANET
2017-09-22,2017-09-29,15,XYZ
2017-09-29,2017-10-06,1,ONC
2017-09-29,2017-10-06,2,BCO
2017-09-29,2017-10-06,3,KYNB
2017-09-29,2017-10-06,4,ASMB
2017-09-29,2017-10-06,5,AKBA
2017-09-29,2017-10-06,6,AXGN
2017-09-29,2017-10-06,7,AZTA
2017-09-29,2017-10-06,8,MRCY
2017-09-29,2017-10-06,9,LRCX
2017-09-29,2017-10-06,10,SAIA
2017-09-29,2017-10-06,11,JOUT
2017-09-29,2017-10-06,12,XYZ
2017-09-29,2017-10-06,13,ROG
2017-09-29,2017-10-06,14,CTRL
2017-09-29,2017-10-06,15,UCTT
2017-10-06,2017-10-13,1,CC
2017-10-06,2017-10-13,2,TREE
2017-10-06,2017-10-13,3,TGS
2017-10-06,2017-10-13,4,TTWO
2017-10-06,2017-10-13,5,IPGP
2017-10-06,2017-10-13,6,APPF
2017-10-06,2017-10-13,7,XYZ
2017-10-06,2017-10-13,8,RNG
2017-10-06,2017-10-13,9,ASIX
2017-10-06,2017-10-13,10,ANET
2017-10-06,2017-10-13,11,MYGN
2017-10-06,2017-10-13,12,TGB
2017-10-06,2017-10-13,13,YRD
2017-10-06,2017-10-13,14,BA
2017-10-06,2017-10-13,15,GDOT
2017-10-13,2017-10-20,1,NVDA
2017-10-13,2017-10-20,2,KRO
2017-10-13,2017-10-20,3,CC
2017-10-13,2017-10-20,4,AZTA
2017-10-13,2017-10-20,5,IPGP
2017-10-13,2017-10-20,6,UCTT
2017-10-13,2017-10-20,7,RICK
2017-10-13,2017-10-20,8,LRCX
2017-10-13,2017-10-20,9,VSM
2017-10-13,2017-10-20,10,BCO
2017-10-13,2017-10-20,11,SLP
2017-10-13,2017-10-20,12,RH
2017-10-13,2017-10-20,13,MKSI
2017-10-13,2017-10-20,14,RCL
2017-10-13,2017-10-20,15,STM
2017-10-20,2017-10-27,1,CAI
2017-10-20,2017-10-27,2,CGNX
2017-10-20,2017-10-27,3,BA
2017-10-20,2017-10-27,4,KAI
2017-10-20,2017-10-27,5,BCO
2017-10-20,2017-10-27,6,ALGN
2017-10-20,2017-10-27,7,RICK
2017-10-20,2017-10-27,8,IRTC
2017-10-20,2017-10-27,9,FSBW
2017-10-20,2017-10-27,10,ROG
2017-10-20,2017-10-27,11,PNTR
2017-10-20,2017-10-27,12,IPGP
2017-10-20,2017-10-27,13,NXH
2017-10-20,2017-10-27,14,RUSHA
2017-10-20,2017-10-27,15,KRO
2017-10-27,2017-11-03,1,NVDA
2017-10-27,2017-11-03,2,CHGG
2017-10-27,2017-11-03,3,AZTA
2017-10-27,2017-11-03,4,TTWO
2017-10-27,2017-11-03,5,XYZ
2017-10-27,2017-11-03,6,KRO
2017-10-27,2017-11-03,7,GDOT
2017-10-27,2017-11-03,8,CGNX
2017-10-27,2017-11-03,9,SEDG
2017-10-27,2017-11-03,10,ROG
2017-10-27,2017-11-03,11,ANET
2017-10-27,2017-11-03,12,WIFI
2017-10-27,2017-11-03,13,STM
2017-10-27,2017-11-03,14,PBYI
2017-10-27,2017-11-03,15,KAI
2017-11-03,2017-11-10,1,PBYI
2017-11-03,2017-11-10,2,TREE
2017-11-03,2017-11-10,3,NVDA
2017-11-03,2017-11-10,4,IRTC
2017-11-03,2017-11-10,5,CLMT
2017-11-03,2017-11-10,6,ENTA
2017-11-03,2017-11-10,7,MOD
2017-11-03,2017-11-10,8,ANET
2017-11-03,2017-11-10,9,GDOT
2017-11-03,2017-11-10,10,STM
2017-11-03,2017-11-10,11,STLA
2017-11-03,2017-11-10,12,SEDG
2017-11-03,2017-11-10,13,HLIO
2017-11-03,2017-11-10,14,CRCM
2017-11-03,2017-11-10,15,NOVT
2017-11-10,2017-11-17,1,USAK
2017-11-10,2017-11-17,2,AXGN
2017-11-10,2017-11-17,3,XYZ
2017-11-10,2017-11-17,4,ANET
2017-11-10,2017-11-17,5,IPGP
2017-11-10,2017-11-17,6,NRG
2017-11-10,2017-11-17,7,MU
2017-11-10,2017-11-17,8,KURA
2017-11-10,2017-11-17,9,OLED
2017-11-10,2017-11-17,10,NVDA
2017-11-10,2017-11-17,11,SITE
2017-11-10,2017-11-17,12,CMD
2017-11-10,2017-11-17,13,WUBA
2017-11-10,2017-11-17,14,RICK
2017-11-10,2017-11-17,15,CGNX
2017-11-17,2017-11-24,1,HLG
2017-11-17,2017-11-24,2,CMD
2017-11-17,2017-11-24,3,CGNX
2017-11-17,2017-11-24,4,MU
2017-11-17,2017-11-24,5,ANET
2017-11-17,2017-11-24,6,RICK
2017-11-17,2017-11-24,7,IPGP
2017-11-17,2017-11-24,8,NRG
2017-11-17,2017-11-24,9,TREE
2017-11-17,2017-11-24,10,IRTC
2017-11-17,2017-11-24,11,OLED
2017-11-17,2017-11-24,12,KRO
2017-11-17,2017-11-24,13,SITE
2017-11-17,2017-11-24,14,WUBA
2017-11-17,2017-11-24,15,WGO
2017-11-24,2017-12-01,1,CDNA
2017-11-24,2017-12-01,2,CMD
2017-11-24,2017-12-01,3,SEDG
2017-11-24,2017-12-01,4,WGO
2017-11-24,2017-12-01,5,CTRL
2017-11-24,2017-12-01,6,IIN
2017-11-24,2017-12-01,7,MU
2017-11-24,2017-12-01,8,KRO
2017-11-24,2017-12-01,9,ESIO
2017-11-24,2017-12-01,10,DAIO
2017-11-24,2017-12-01,11,DQ
2017-11-24,2017-12-01,12,STM
2017-11-24,2017-12-01,13,NL
2017-11-24,2017-12-01,14,LGIH
2017-11-24,2017-12-01,15,BTU
2017-12-01,2017-12-08,1,BTU
2017-12-01,2017-12-08,2,CMD
2017-12-01,2017-12-08,3,TREE
2017-12-01,2017-12-08,4,LIVN
2017-12-01,2017-12-08,5,NVR
2017-12-01,2017-12-08,6,STML
2017-12-01,2017-12-08,7,SITE
2017-12-01,2017-12-08,8,UTSI
2017-12-01,2017-12-08,9,PPC
2017-12-01,2017-12-08,10,IBKR
2017-12-01,2017-12-08,11,GDS
2017-12-01,2017-12-08,12,CZR
2017-12-01,2017-12-08,13,PENN
2017-12-01,2017-12-08,14,SAFM
2017-12-01,2017-12-08,15,NMIH
2017-12-08,2017-12-15,1,AIFU
2017-12-08,2017-12-15,2,HLG
2017-12-08,2017-12-15,3,LGIH
2017-12-08,2017-12-15,4,FSLR
2017-12-08,2017-12-15,5,BTU
2017-12-08,2017-12-15,6,SUPV
2017-12-08,2017-12-15,7,VKTX
2017-12-08,2017-12-15,8,WGO
2017-12-08,2017-12-15,9,TREE
2017-12-08,2017-12-15,10,MED
2017-12-08,2017-12-15,11,GGAL
2017-12-08,2017-12-15,12,CZR
2017-12-08,2017-12-15,13,BA
2017-12-08,2017-12-15,14,IBKR
2017-12-08,2017-12-15,15,VMIN
2017-12-15,2017-12-22,1,VRS
2017-12-15,2017-12-22,2,GDS
2017-12-15,2017-12-22,3,AXGN
2017-12-15,2017-12-22,4,TREE
2017-12-15,2017-12-22,5,LGIH
2017-12-15,2017-12-22,6,NKTR
2017-12-15,2017-12-22,7,MED
2017-12-15,2017-12-22,8,CVI
2017-12-15,2017-12-22,9,PENN
2017-12-15,2017-12-22,10,NXH
2017-12-15,2017-12-22,11,NSP
2017-12-15,2017-12-22,12,EL
2017-12-15,2017-12-22,13,BTU
2017-12-15,2017-12-22,14,DINO
2017-12-15,2017-12-22,15,GGAL
2017-12-22,2017-12-29,1,GRVY
2017-12-22,2017-12-29,2,BTU
2017-12-22,2017-12-29,3,IMMU
2017-12-22,2017-12-29,4,HCM
2017-12-22,2017-12-29,5,AIMT
2017-12-22,2017-12-29,6,STLA
2017-12-22,2017-12-29,7,WLK
2017-12-22,2017-12-29,8,BOOT
2017-12-22,2017-12-29,9,SUPV
2017-12-22,2017-12-29,10,BLDR
2017-12-22,2017-12-29,11,XPO
2017-12-22,2017-12-29,12,PXLW
2017-12-22,2017-12-29,13,NVR
2017-12-22,2017-12-29,14,GIC
2017-12-22,2017-12-29,15,DINO
2017-12-29,2018-01-05,1,BTU
2017-12-29,2018-01-05,2,VRS
2017-12-29,2018-01-05,3,NBIX
2017-12-29,2018-01-05,4,SITE
2017-12-29,2018-01-05,5,NVR
2017-12-29,2018-01-05,6,GRVY
2017-12-29,2018-01-05,7,PENN
2017-12-29,2018-01-05,8,WLK
2017-12-29,2018-01-05,9,AXGN
2017-12-29,2018-01-05,10,DHI
2017-12-29,2018-01-05,11,PVLA
2017-12-29,2018-01-05,12,HCM
2017-12-29,2018-01-05,13,HTHT
2017-12-29,2018-01-05,14,KBH
2017-12-29,2018-01-05,15,GGAL
2018-01-05,2018-01-12,1,BTU
2018-01-05,2018-01-12,2,AXGN
2018-01-05,2018-01-12,3,SIFY
2018-01-05,2018-01-12,4,BA
2018-01-05,2018-01-12,5,BLDR
2018-01-05,2018-01-12,6,CVI
2018-01-05,2018-01-12,7,PHM
2018-01-05,2018-01-12,8,NTAP
2018-01-05,2018-01-12,9,EOCN
2018-01-05,2018-01-12,10,WLK
2018-01-05,2018-01-12,11,DQ
2018-01-05,2018-01-12,12,GDS
2018-01-05,2018-01-12,13,DLTR
2018-01-05,2018-01-12,14,APPS
2018-01-05,2018-01-12,15,DAN
2018-01-12,2018-01-19,1,HOME
2018-01-12,2018-01-19,2,CPRI
2018-01-12,2018-01-19,3,IBKR
2018-01-12,2018-01-19,4,DINO
2018-01-12,2018-01-19,5,BA
2018-01-12,2018-01-19,6,MYOK
2018-01-12,2018-01-19,7,NTAP
2018-01-12,2018-01-19,8,BTU
2018-01-12,2018-01-19,9,CVI
2018-01-12,2018-01-19,10,RNG
2018-01-12,2018-01-19,11,GGAL
2018-01-12,2018-01-19,12,CPRT
2018-01-12,2018-01-19,13,OC
2018-01-12,2018-01-19,14,PYPL
2018-01-12,2018-01-19,15,WLK
2018-01-19,2018-01-26,1,TREE
2018-01-19,2018-01-26,2,XPO
2018-01-19,2018-01-26,3,NOVT
2018-01-19,2018-01-26,4,STLA
2018-01-19,2018-01-26,5,NVR
2018-01-19,2018-01-26,6,MYGN
2018-01-19,2018-01-26,7,CORT
2018-01-19,2018-01-26,8,PENN
2018-01-19,2018-01-26,9,ANET
2018-01-19,2018-01-26,10,PRLB
2018-01-19,2018-01-26,11,EDN
2018-01-19,2018-01-26,12,BYD
2018-01-19,2018-01-26,13,RNG
2018-01-19,2018-01-26,14,ENTA
2018-01-19,2018-01-26,15,CPRI
2018-01-26,2018-02-02,1,ANET
2018-01-26,2018-02-02,2,WB
2018-01-26,2018-02-02,3,BTU
2018-01-26,2018-02-02,4,MTCH
2018-01-26,2018-02-02,5,ENTA
2018-01-26,2018-02-02,6,CHGG
2018-01-26,2018-02-02,7,RNG
2018-01-26,2018-02-02,8,PYPL
2018-01-26,2018-02-02,9,TACT
2018-01-26,2018-02-02,10,CPRI
2018-01-26,2018-02-02,11,GMED
2018-01-26,2018-02-02,12,MAR
2018-01-26,2018-02-02,13,TRU
2018-01-26,2018-02-02,14,TROW
2018-01-26,2018-02-02,15,HOME
2018-02-02,2018-02-09,1,USAK
2018-02-02,2018-02-09,2,BTU
2018-02-02,2018-02-09,3,MDGL
2018-02-02,2018-02-09,4,CZR
2018-02-02,2018-02-09,5,PVLA
2018-02-02,2018-02-09,6,GDS
2018-02-02,2018-02-09,7,XENT
2018-02-02,2018-02-09,8,CHGG
2018-02-02,2018-02-09,9,BOOT
2018-02-02,2018-02-09,10,MTCH
2018-02-02,2018-02-09,11,ONC
2018-02-02,2018-02-09,12,ENTA
2018-02-02,2018-02-09,13,MYOK
2018-02-02,2018-02-09,14,HLG
2018-02-02,2018-02-09,15,CTMX
2018-02-09,2018-02-16,1,HLG
2018-02-09,2018-02-16,2,PVLA
2018-02-09,2018-02-16,3,ATRA
2018-02-09,2018-02-16,4,USAK
2018-02-09,2018-02-16,5,AIMT
2018-02-09,2018-02-16,6,ANET
2018-02-09,2018-02-16,7,MTCH
2018-02-09,2018-02-16,8,WVE
2018-02-09,2018-02-16,9,APPS
2018-02-09,2018-02-16,10,XENT
2018-02-09,2018-02-16,11,CTMX
2018-02-09,2018-02-16,12,W
2018-02-09,2018-02-16,13,PRLB
2018-02-09,2018-02-16,14,URBN
2018-02-09,2018-02-16,15,RNG
2018-02-16,2018-02-23,1,HLG
2018-02-16,2018-02-23,2,KURA
2018-02-16,2018-02-23,3,MYOK
2018-02-16,2018-02-23,4,CDXS
2018-02-16,2018-02-23,5,PRLB
2018-02-16,2018-02-23,6,BTU
2018-02-16,2018-02-23,7,RNG
2018-02-16,2018-02-23,8,XENT
2018-02-16,2018-02-23,9,W
2018-02-16,2018-02-23,10,WVE
2018-02-16,2018-02-23,11,QURE
2018-02-16,2018-02-23,12,IOVA
2018-02-16,2018-02-23,13,BA
2018-02-16,2018-02-23,14,ASND
2018-02-16,2018-02-23,15,APPS
2018-02-23,2018-03-02,1,DRNA
2018-02-23,2018-03-02,2,HLG
2018-02-23,2018-03-02,3,FATE
2018-02-23,2018-03-02,4,VYGR
2018-02-23,2018-03-02,5,SEDG
2018-02-23,2018-03-02,6,CTMX
2018-02-23,2018-03-02,7,LOXO
2018-02-23,2018-03-02,8,BTU
2018-02-23,2018-03-02,9,NFLX
2018-02-23,2018-03-02,10,STML
2018-02-23,2018-03-02,11,AVTX
2018-02-23,2018-03-02,12,SB
2018-02-23,2018-03-02,13,ZGNX
2018-02-23,2018-03-02,14,LGCY
2018-02-23,2018-03-02,15,EGAN
2018-03-02,2018-03-09,1,QURE
2018-03-02,2018-03-09,2,HLG
2018-03-02,2018-03-09,3,BTU
2018-03-02,2018-03-09,4,NKTR
2018-03-02,2018-03-09,5,NFLX
2018-03-02,2018-03-09,6,SFLY
2018-03-02,2018-03-09,7,VCEL
2018-03-02,2018-03-09,8,ARWR
2018-03-02,2018-03-09,9,SEDG
2018-03-02,2018-03-09,10,EGAN
2018-03-02,2018-03-09,11,APTI
2018-03-02,2018-03-09,12,CRSP
2018-03-02,2018-03-09,13,ASND
2018-03-02,2018-03-09,14,MYOK
2018-03-02,2018-03-09,15,CHGG
2018-03-09,2018-03-16,1,HLG
2018-03-09,2018-03-16,2,MTCH
2018-03-09,2018-03-16,3,AXGN
2018-03-09,2018-03-16,4,NFLX
2018-03-09,2018-03-16,5,STML
2018-03-09,2018-03-16,6,WING
2018-03-09,2018-03-16,7,AIFU
2018-03-09,2018-03-16,8,NKTR
2018-03-09,2018-03-16,9,CMPR
2018-03-09,2018-03-16,10,HAE
2018-03-09,2018-03-16,11,IBKR
2018-03-09,2018-03-16,12,AMZN
2018-03-09,2018-03-16,13,IAC
2018-03-09,2018-03-16,14,PPLI
2018-03-09,2018-03-16,15,TTGT
2018-03-16,2018-03-23,1,AXGN
2018-03-16,2018-03-23,2,ENPH
2018-03-16,2018-03-23,3,PRLB
2018-03-16,2018-03-23,4,RNG
2018-03-16,2018-03-23,5,MTCH
2018-03-16,2018-03-23,6,XYZ
2018-03-16,2018-03-23,7,HLG
2018-03-16,2018-03-23,8,APTI
2018-03-16,2018-03-23,9,SFLY
2018-03-16,2018-03-23,10,WING
2018-03-16,2018-03-23,11,TTGT
2018-03-16,2018-03-23,12,XENT
2018-03-16,2018-03-23,13,CROX
2018-03-16,2018-03-23,14,NVDA
2018-03-16,2018-03-23,15,SEDG
2018-03-23,2018-03-30,1,HLG
2018-03-23,2018-03-30,2,LGCY
2018-03-23,2018-03-30,3,AXGN
2018-03-23,2018-03-30,4,QNST
2018-03-23,2018-03-30,5,PTCT
2018-03-23,2018-03-30,6,JNP
2018-03-23,2018-03-30,7,ENPH
2018-03-23,2018-03-30,8,CROX
2018-03-23,2018-03-30,9,MTCH
2018-03-23,2018-03-30,10,VIRT
2018-03-23,2018-03-30,11,TTGT
2018-03-23,2018-03-30,12,RNG
2018-03-23,2018-03-30,13,HAE
2018-03-23,2018-03-30,14,SEDG
2018-03-23,2018-03-30,15,HBIO
2018-03-30,2018-04-06,1,HLG
2018-03-30,2018-04-06,2,TTGT
2018-03-30,2018-04-06,3,NKTR
2018-03-30,2018-04-06,4,ANF
2018-03-30,2018-04-06,5,AXON
2018-03-30,2018-04-06,6,CROX
2018-03-30,2018-04-06,7,CDNA
2018-03-30,2018-04-06,8,ETSY
2018-03-30,2018-04-06,9,XENT
2018-03-30,2018-04-06,10,HAE
2018-03-30,2018-04-06,11,EL
2018-03-30,2018-04-06,12,ASND
2018-03-30,2018-04-06,13,JOBS
2018-03-30,2018-04-06,14,XPO
2018-03-30,2018-04-06,15,RCKY
2018-04-06,2018-04-13,1,HLG
2018-04-06,2018-04-13,2,CDNA
2018-04-06,2018-04-13,3,ANF
2018-04-06,2018-04-13,4,VIRT
2018-04-06,2018-04-13,5,MED
2018-04-06,2018-04-13,6,JOBS
2018-04-06,2018-04-13,7,RCKY
2018-04-06,2018-04-13,8,USAK
2018-04-06,2018-04-13,9,EGAN
2018-04-06,2018-04-13,10,AXON
2018-04-06,2018-04-13,11,PLNT
2018-04-06,2018-04-13,12,WING
2018-04-06,2018-04-13,13,ATHM
2018-04-06,2018-04-13,14,TTGT
2018-04-06,2018-04-13,15,ETSY
2018-04-13,2018-04-20,1,QURE
2018-04-13,2018-04-20,2,RFIL
2018-04-13,2018-04-20,3,CMTL
2018-04-13,2018-04-20,4,BOOM
2018-04-13,2018-04-20,5,XENT
2018-04-13,2018-04-20,6,NTNX
2018-04-13,2018-04-20,7,CDNA
2018-04-13,2018-04-20,8,ANF
2018-04-13,2018-04-20,9,LGCY
2018-04-13,2018-04-20,10,JOBS
2018-04-13,2018-04-20,11,MED
2018-04-13,2018-04-20,12,QDEL
2018-04-13,2018-04-20,13,NSP
2018-04-13,2018-04-20,14,ATHM
2018-04-13,2018-04-20,15,TKO
2018-04-20,2018-04-27,1,CDNA
2018-04-20,2018-04-27,2,BXC
2018-04-20,2018-04-27,3,QURE
2018-04-20,2018-04-27,4,VIRT
2018-04-20,2018-04-27,5,VHI
2018-04-20,2018-04-27,6,PLNT
2018-04-20,2018-04-27,7,HAE
2018-04-20,2018-04-27,8,TTGT
2018-04-20,2018-04-27,9,HLNE
2018-04-20,2018-04-27,10,XENT
2018-04-20,2018-04-27,11,TKO
2018-04-20,2018-04-27,12,GMED
2018-04-20,2018-04-27,13,APTI
2018-04-20,2018-04-27,14,ALNT
2018-04-20,2018-04-27,15,PRLB
2018-04-27,2018-05-04,1,CDNA
2018-04-27,2018-05-04,2,BXC
2018-04-27,2018-05-04,3,TTGT
2018-04-27,2018-05-04,4,ENTA
2018-04-27,2018-05-04,5,HAE
2018-04-27,2018-05-04,6,HLNE
2018-04-27,2018-05-04,7,LULU
2018-04-27,2018-05-04,8,MGPI
2018-04-27,2018-05-04,9,VCEL
2018-04-27,2018-05-04,10,WRD
2018-04-27,2018-05-04,11,MED
2018-04-27,2018-05-04,12,URBN
2018-04-27,2018-05-04,13,AXGN
2018-04-27,2018-05-04,14,TKO
2018-04-27,2018-05-04,15,PODD
2018-05-04,2018-05-11,1,CDNA
2018-05-04,2018-05-11,2,ENTA
2018-05-04,2018-05-11,3,JOBS
2018-05-04,2018-05-11,4,ONC
2018-05-04,2018-05-11,5,CHGG
2018-05-04,2018-05-11,6,ETSY
2018-05-04,2018-05-11,7,QDEL
2018-05-04,2018-05-11,8,AXGN
2018-05-04,2018-05-11,9,HCC
2018-05-04,2018-05-11,10,MLNX
2018-05-04,2018-05-11,11,DINO
2018-05-04,2018-05-11,12,SRPT
2018-05-04,2018-05-11,13,HLNE
2018-05-04,2018-05-11,14,IBKR
2018-05-04,2018-05-11,15,HOME
2018-05-11,2018-05-18,1,ARWR
2018-05-11,2018-05-18,2,SKY
2018-05-11,2018-05-18,3,MED
2018-05-11,2018-05-18,4,AXON
2018-05-11,2018-05-18,5,AXGN
2018-05-11,2018-05-18,6,GDS
2018-05-11,2018-05-18,7,NSP
2018-05-11,2018-05-18,8,TKO
2018-05-11,2018-05-18,9,LOXO
2018-05-11,2018-05-18,10,NTNX
2018-05-11,2018-05-18,11,HLNE
2018-05-11,2018-05-18,12,CPRT
2018-05-11,2018-05-18,13,SRPT
2018-05-11,2018-05-18,14,MLNX
2018-05-11,2018-05-18,15,WTI
2018-05-18,2018-05-25,1,ONC
2018-05-18,2018-05-25,2,IIN
2018-05-18,2018-05-25,3,GDS
2018-05-18,2018-05-25,4,VICR
2018-05-18,2018-05-25,5,CHGG
2018-05-18,2018-05-25,6,LOXO
2018-05-18,2018-05-25,7,TTGT
2018-05-18,2018-05-25,8,DK
2018-05-18,2018-05-25,9,SKY
2018-05-18,2018-05-25,10,LULU
2018-05-18,2018-05-25,11,DINO
2018-05-18,2018-05-25,12,QDEL
2018-05-18,2018-05-25,13,GOOS
2018-05-18,2018-05-25,14,BZUN
2018-05-18,2018-05-25,15,AXON
2018-05-25,2018-06-01,1,MED
2018-05-25,2018-06-01,2,CHGG
2018-05-25,2018-06-01,3,CROX
2018-05-25,2018-06-01,4,ASND
2018-05-25,2018-06-01,5,CZR
2018-05-25,2018-06-01,6,AXON
2018-05-25,2018-06-01,7,IIN
2018-05-25,2018-06-01,8,GDS
2018-05-25,2018-06-01,9,FOSL
2018-05-25,2018-06-01,10,NFLX
2018-05-25,2018-06-01,11,ZYME
2018-05-25,2018-06-01,12,GMED
2018-05-25,2018-06-01,13,BLFS
2018-05-25,2018-06-01,14,LULU
2018-05-25,2018-06-01,15,CYRX
2018-06-01,2018-06-08,1,ONC
2018-06-01,2018-06-08,2,HCC
2018-06-01,2018-06-08,3,MED
2018-06-01,2018-06-08,4,TPL
2018-06-01,2018-06-08,5,NFLX
2018-06-01,2018-06-08,6,AXON
2018-06-01,2018-06-08,7,NVCR
2018-06-01,2018-06-08,8,LOXO
2018-06-01,2018-06-08,9,HRTX
2018-06-01,2018-06-08,10,DINO
2018-06-01,2018-06-08,11,DK
2018-06-01,2018-06-08,12,NSP
2018-06-01,2018-06-08,13,HLNE
2018-06-01,2018-06-08,14,CDNA
2018-06-01,2018-06-08,15,STAA
2018-06-08,2018-06-15,1,ENTA
2018-06-08,2018-06-15,2,TTGT
2018-06-08,2018-06-15,3,RGNX
2018-06-08,2018-06-15,4,NSP
2018-06-08,2018-06-15,5,CROX
2018-06-08,2018-06-15,6,STMP
2018-06-08,2018-06-15,7,XPO
2018-06-08,2018-06-15,8,TAL
2018-06-08,2018-06-15,9,AIFU
2018-06-08,2018-06-15,10,VPG
2018-06-08,2018-06-15,11,SSTI
2018-06-08,2018-06-15,12,ONC
2018-06-08,2018-06-15,13,CRC
2018-06-08,2018-06-15,14,CYRX
2018-06-08,2018-06-15,15,FOSL
2018-06-15,2018-06-22,1,CTSO
2018-06-15,2018-06-22,2,CDNA
2018-06-15,2018-06-22,3,GFN
2018-06-15,2018-06-22,4,BLFS
2018-06-15,2018-06-22,5,MED
2018-06-15,2018-06-22,6,NSP
2018-06-15,2018-06-22,7,GTS
2018-06-15,2018-06-22,8,ARNA
2018-06-15,2018-06-22,9,SSTI
2018-06-15,2018-06-22,10,JYNT
2018-06-15,2018-06-22,11,SENS
2018-06-15,2018-06-22,12,ENVA
2018-06-15,2018-06-22,13,ATHM
2018-06-15,2018-06-22,14,TWLO
2018-06-15,2018-06-22,15,NDLS
2018-06-22,2018-06-29,1,RGNX
2018-06-22,2018-06-29,2,GFN
2018-06-22,2018-06-29,3,NDLS
2018-06-22,2018-06-29,4,SRI
2018-06-22,2018-06-29,5,TKO
2018-06-22,2018-06-29,6,ENVA
2018-06-22,2018-06-29,7,CYRX
2018-06-22,2018-06-29,8,EPAY
2018-06-22,2018-06-29,9,SAM
2018-06-22,2018-06-29,10,AMSC
2018-06-22,2018-06-29,11,PRQR
2018-06-22,2018-06-29,12,HRTX
2018-06-22,2018-06-29,13,ENPH
2018-06-22,2018-06-29,14,IRMD
2018-06-22,2018-06-29,15,ADUS
2018-06-29,2018-07-06,1,SKY
2018-06-29,2018-07-06,2,CRC
2018-06-29,2018-07-06,3,ENVA
2018-06-29,2018-07-06,4,EGAN
2018-06-29,2018-07-06,5,TTD
2018-06-29,2018-07-06,6,CYRX
2018-06-29,2018-07-06,7,GFN
2018-06-29,2018-07-06,8,IRMD
2018-06-29,2018-07-06,9,LRMR
2018-06-29,2018-07-06,10,TKO
2018-06-29,2018-07-06,11,NOG
2018-06-29,2018-07-06,12,WTIU
2018-06-29,2018-07-06,13,VRS
2018-06-29,2018-07-06,14,ARWR
2018-06-29,2018-07-06,15,PRQR
2018-07-06,2018-07-13,1,ARWR
2018-07-06,2018-07-13,2,ENVA
2018-07-06,2018-07-13,3,RUN
2018-07-06,2018-07-13,4,RGNX
2018-07-06,2018-07-13,5,TKO
2018-07-06,2018-07-13,6,VRS
2018-07-06,2018-07-13,7,EGAN
2018-07-06,2018-07-13,8,CVNA
2018-07-06,2018-07-13,9,ARQL
2018-07-06,2018-07-13,10,TPB
2018-07-06,2018-07-13,11,NVCR
2018-07-06,2018-07-13,12,TTGT
2018-07-06,2018-07-13,13,TTD
2018-07-06,2018-07-13,14,QDEL
2018-07-06,2018-07-13,15,ENTA
2018-07-13,2018-07-20,1,ECYT
2018-07-13,2018-07-20,2,ARWR
2018-07-13,2018-07-20,3,SAM
2018-07-13,2018-07-20,4,CHEF
2018-07-13,2018-07-20,5,PLNT
2018-07-13,2018-07-20,6,BOOM
2018-07-13,2018-07-20,7,FCN
2018-07-13,2018-07-20,8,SHSP
2018-07-13,2018-07-20,9,TWLO
2018-07-13,2018-07-20,10,CMTL
2018-07-13,2018-07-20,11,GIC
2018-07-13,2018-07-20,12,CZR
2018-07-13,2018-07-20,13,ZGNX
2018-07-13,2018-07-20,14,RUN
2018-07-13,2018-07-20,15,MORN
2018-07-20,2018-07-27,1,TKO
2018-07-20,2018-07-27,2,TTGT
2018-07-20,2018-07-27,3,TTD
2018-07-20,2018-07-27,4,TPB
2018-07-20,2018-07-27,5,WTI
2018-07-20,2018-07-27,6,AXON
2018-07-20,2018-07-27,7,SSTI
2018-07-20,2018-07-27,8,HAE
2018-07-20,2018-07-27,9,ATTU
2018-07-20,2018-07-27,10,HQY
2018-07-20,2018-07-27,11,ECYT
2018-07-20,2018-07-27,12,PLNT
2018-07-20,2018-07-27,13,ALGN
2018-07-20,2018-07-27,14,QLYS
2018-07-20,2018-07-27,15,ENVA
2018-07-27,2018-08-03,1,XRM
2018-07-27,2018-08-03,2,BV
2018-07-27,2018-08-03,3,ATTU
2018-07-27,2018-08-03,4,IIN
2018-07-27,2018-08-03,5,TPB
2018-07-27,2018-08-03,6,XPLR
2018-07-27,2018-08-03,7,ADUS
2018-07-27,2018-08-03,8,PAR
2018-07-27,2018-08-03,9,NBIX
2018-07-27,2018-08-03,10,NSP
2018-07-27,2018-08-03,11,SYNT
2018-07-27,2018-08-03,12,HAE
2018-07-27,2018-08-03,13,KFRC
2018-07-27,2018-08-03,14,KFY
2018-07-27,2018-08-03,15,APEI
2018-08-03,2018-08-10,1,XRM
2018-08-03,2018-08-10,2,XPLR
2018-08-03,2018-08-10,3,IRMD
2018-08-03,2018-08-10,4,FRD
2018-08-03,2018-08-10,5,UIS
2018-08-03,2018-08-10,6,ATTU
2018-08-03,2018-08-10,7,SYNT
2018-08-03,2018-08-10,8,KFRC
2018-08-03,2018-08-10,9,VPG
2018-08-03,2018-08-10,10,QDEL
2018-08-03,2018-08-10,11,INGN
2018-08-03,2018-08-10,12,NSP
2018-08-03,2018-08-10,13,VRS
2018-08-03,2018-08-10,14,NEO
2018-08-03,2018-08-10,15,IIN
2018-08-10,2018-08-17,1,LFVN
2018-08-10,2018-08-17,2,XRM
2018-08-10,2018-08-17,3,TDOC
2018-08-10,2018-08-17,4,VRS
2018-08-10,2018-08-17,5,IRMD
2018-08-10,2018-08-17,6,LULU
2018-08-10,2018-08-17,7,SYNT
2018-08-10,2018-08-17,8,NSP
2018-08-10,2018-08-17,9,CASM
2018-08-10,2018-08-17,10,NTRA
2018-08-10,2018-08-17,11,AVAV
2018-08-10,2018-08-17,12,FCN
2018-08-10,2018-08-17,13,RFIL
2018-08-10,2018-08-17,14,CHGG
2018-08-10,2018-08-17,15,URBN
2018-08-17,2018-08-24,1,TDOC
2018-08-17,2018-08-24,2,VRS
2018-08-17,2018-08-24,3,ECYT
2018-08-17,2018-08-24,4,XRM
2018-08-17,2018-08-24,5,NSP
2018-08-17,2018-08-24,6,FIVE
2018-08-17,2018-08-24,7,CVNA
2018-08-17,2018-08-24,8,AVAV
2018-08-17,2018-08-24,9,CHGG
2018-08-17,2018-08-24,10,TCMD
2018-08-17,2018-08-24,11,EPAY
2018-08-17,2018-08-24,12,CMTL
2018-08-17,2018-08-24,13,SYNT
2018-08-17,2018-08-24,14,GFN
2018-08-17,2018-08-24,15,IRDM
2018-08-24,2018-08-31,1,SHSP
2018-08-24,2018-08-31,2,ECYT
2018-08-24,2018-08-31,3,NTRA
2018-08-24,2018-08-31,4,XRM
2018-08-24,2018-08-31,5,YEXT
2018-08-24,2018-08-31,6,XYZ
2018-08-24,2018-08-31,7,TEAM
2018-08-24,2018-08-31,8,NTAP
2018-08-24,2018-08-31,9,VNOM
2018-08-24,2018-08-31,10,BJRI
2018-08-24,2018-08-31,11,SVU
2018-08-24,2018-08-31,12,NVCR
2018-08-24,2018-08-31,13,EPAY
2018-08-24,2018-08-31,14,SYNT
2018-08-24,2018-08-31,15,TPL
2018-08-31,2018-09-07,1,SSTI
2018-08-31,2018-09-07,2,CVNA
2018-08-31,2018-09-07,3,CDNA
2018-08-31,2018-09-07,4,XRM
2018-08-31,2018-09-07,5,VRS
2018-08-31,2018-09-07,6,TKO
2018-08-31,2018-09-07,7,NSP
2018-08-31,2018-09-07,8,SVU
2018-08-31,2018-09-07,9,HAE
2018-08-31,2018-09-07,10,SYNT
2018-08-31,2018-09-07,11,FIVE
2018-08-31,2018-09-07,12,STAA
2018-08-31,2018-09-07,13,BJRI
2018-08-31,2018-09-07,14,VSTM
2018-08-31,2018-09-07,15,USPH
2018-09-07,2018-09-14,1,XRM
2018-09-07,2018-09-14,2,UVE
2018-09-07,2018-09-14,3,SVU
2018-09-07,2018-09-14,4,SYNT
2018-09-07,2018-09-14,5,IRDM
2018-09-07,2018-09-14,6,TPB
2018-09-07,2018-09-14,7,BJRI
2018-09-07,2018-09-14,8,PRKS
2018-09-07,2018-09-14,9,INGN
2018-09-07,2018-09-14,10,YEXT
2018-09-07,2018-09-14,11,NSP
2018-09-07,2018-09-14,12,HAE
2018-09-07,2018-09-14,13,XYZ
2018-09-07,2018-09-14,14,TKO
2018-09-07,2018-09-14,15,PAYC
2018-09-14,2018-09-21,1,GFN
2018-09-14,2018-09-21,2,HAE
2018-09-14,2018-09-21,3,XRM
2018-09-14,2018-09-21,4,TKO
2018-09-14,2018-09-21,5,SYNT
2018-09-14,2018-09-21,6,TWLO
2018-09-14,2018-09-21,7,HMSY
2018-09-14,2018-09-21,8,SVU
2018-09-14,2018-09-21,9,ETSY
2018-09-14,2018-09-21,10,EPAY
2018-09-14,2018-09-21,11,MOH
2018-09-14,2018-09-21,12,NSU
2018-09-14,2018-09-21,13,NSP
2018-09-14,2018-09-21,14,DRNA
2018-09-14,2018-09-21,15,CLAR
2018-09-21,2018-09-28,1,TKO
2018-09-21,2018-09-28,2,XRM
2018-09-21,2018-09-28,3,RSYS
2018-09-21,2018-09-28,4,LIQT
2018-09-21,2018-09-28,5,SYNT
2018-09-21,2018-09-28,6,LXFR
2018-09-21,2018-09-28,7,SVU
2018-09-21,2018-09-28,8,MOH
2018-09-21,2018-09-28,9,RAMP
2018-09-21,2018-09-28,10,UIS
2018-09-21,2018-09-28,11,UVE
2018-09-21,2018-09-28,12,IRMD
2018-09-21,2018-09-28,13,VNOM
2018-09-21,2018-09-28,14,TDOC
2018-09-21,2018-09-28,15,NCMI
2018-09-28,2018-10-05,1,XRM
2018-09-28,2018-10-05,2,REGI
2018-09-28,2018-10-05,3,GFN
2018-09-28,2018-10-05,4,VRS
2018-09-28,2018-10-05,5,TKO
2018-09-28,2018-10-05,6,TDOC
2018-09-28,2018-10-05,7,IRMD
2018-09-28,2018-10-05,8,FTNT
2018-09-28,2018-10-05,9,IRDM
2018-09-28,2018-10-05,10,TEAM
2018-09-28,2018-10-05,11,XYZ
2018-09-28,2018-10-05,12,CRC
2018-09-28,2018-10-05,13,HAE
2018-09-28,2018-10-05,14,SYNT
2018-09-28,2018-10-05,15,LULU
2018-10-05,2018-10-12,1,XRM
2018-10-05,2018-10-12,2,MFIN
2018-10-05,2018-10-12,3,VRS
2018-10-05,2018-10-12,4,SYNT
2018-10-05,2018-10-12,5,NSU
2018-10-05,2018-10-12,6,GFN
2018-10-05,2018-10-12,7,TPL
2018-10-05,2018-10-12,8,WING
2018-10-05,2018-10-12,9,PBF
2018-10-05,2018-10-12,10,HLIT
2018-10-05,2018-10-12,11,REGI
2018-10-05,2018-10-12,12,VNOM
2018-10-05,2018-10-12,13,HCA
2018-10-05,2018-10-12,14,MEET
2018-10-05,2018-10-12,15,IDTI
2018-10-12,2018-10-19,1,XRM
2018-10-12,2018-10-19,2,SVU
2018-10-12,2018-10-19,3,MFIN
2018-10-12,2018-10-19,4,CRMD
2018-10-12,2018-10-19,5,NSU
2018-10-12,2018-10-19,6,WING
2018-10-12,2018-10-19,7,FRPT
2018-10-12,2018-10-19,8,AAP
2018-10-12,2018-10-19,9,IDTI
2018-10-12,2018-10-19,10,PBF
2018-10-12,2018-10-19,11,WCG
2018-10-12,2018-10-19,12,HCA
2018-10-12,2018-10-19,13,ORLY
2018-10-12,2018-10-19,14,REGI
2018-10-12,2018-10-19,15,MCS
2018-10-19,2018-10-26,1,ECYT
2018-10-19,2018-10-26,2,MFIN
2018-10-19,2018-10-26,3,IDTI
2018-10-19,2018-10-26,4,FRPT
2018-10-19,2018-10-26,5,NSU
2018-10-19,2018-10-26,6,REGI
2018-10-19,2018-10-26,7,FBP
2018-10-19,2018-10-26,8,OFG
2018-10-19,2018-10-26,9,NTWK
2018-10-19,2018-10-26,10,ORLY
2018-10-19,2018-10-26,11,WING
2018-10-19,2018-10-26,12,LXFR
2018-10-19,2018-10-26,13,UVE
2018-10-19,2018-10-26,14,WCG
2018-10-19,2018-10-26,15,NDLS
2018-10-26,2018-11-02,1,AMRN
2018-10-26,2018-11-02,2,ECYT
2018-10-26,2018-11-02,3,NSU
2018-10-26,2018-11-02,4,REGI
2018-10-26,2018-11-02,5,NTWK
2018-10-26,2018-11-02,6,NEO
2018-10-26,2018-11-02,7,IDTI
2018-10-26,2018-11-02,8,FRPT
2018-10-26,2018-11-02,9,XOXO
2018-10-26,2018-11-02,10,GHDX
2018-10-26,2018-11-02,11,RST
2018-10-26,2018-11-02,12,SPSC
2018-10-26,2018-11-02,13,UVE
2018-10-26,2018-11-02,14,BEL
2018-10-26,2018-11-02,15,NGVC
2018-11-02,2018-11-09,1,AMRN
2018-11-02,2018-11-09,2,MFIN
2018-11-02,2018-11-09,3,PRQR
2018-11-02,2018-11-09,4,ECYT
2018-11-02,2018-11-09,5,NIHD
2018-11-02,2018-11-09,6,GHDX
2018-11-02,2018-11-09,7,NTWK
2018-11-02,2018-11-09,8,LXFR
2018-11-02,2018-11-09,9,PACB
2018-11-02,2018-11-09,10,AIRG
2018-11-02,2018-11-09,11,IDTI
2018-11-02,2018-11-09,12,HLIT
2018-11-02,2018-11-09,13,NSU
2018-11-02,2018-11-09,14,NPTN
2018-11-02,2018-11-09,15,CDNA
2018-11-09,2018-11-16,1,ECYT
2018-11-09,2018-11-16,2,DXCM
2018-11-09,2018-11-16,3,HCA
2018-11-09,2018-11-16,4,ESL
2018-11-09,2018-11-16,5,AAP
2018-11-09,2018-11-16,6,ITG
2018-11-09,2018-11-16,7,IDTI
2018-11-09,2018-11-16,8,PACB
2018-11-09,2018-11-16,9,OFG
2018-11-09,2018-11-16,10,ORLY
2018-11-09,2018-11-16,11,HMSY
2018-11-09,2018-11-16,12,DIN
2018-11-09,2018-11-16,13,NIHD
2018-11-09,2018-11-16,14,FBP
2018-11-09,2018-11-16,15,KSS
2018-11-16,2018-11-23,1,CDNA
2018-11-16,2018-11-23,2,ECYT
2018-11-16,2018-11-23,3,ESL
2018-11-16,2018-11-23,4,NSU
2018-11-16,2018-11-23,5,VCEL
2018-11-16,2018-11-23,6,NGVC
2018-11-16,2018-11-23,7,IDTI
2018-11-16,2018-11-23,8,SMPL
2018-11-16,2018-11-23,9,IIPR
2018-11-16,2018-11-23,10,FOXF
2018-11-16,2018-11-23,11,OFG
2018-11-16,2018-11-23,12,MDB
2018-11-16,2018-11-23,13,HMSY
2018-11-16,2018-11-23,14,ITG
2018-11-16,2018-11-23,15,RUBI
2018-11-23,2018-11-30,1,ECYT
2018-11-23,2018-11-30,2,NSU
2018-11-23,2018-11-30,3,ESL
2018-11-23,2018-11-30,4,IIPR
2018-11-23,2018-11-30,5,MNRO
2018-11-23,2018-11-30,6,CIG
2018-11-23,2018-11-30,7,IDTI
2018-11-23,2018-11-30,8,VCEL
2018-11-23,2018-11-30,9,ITG
2018-11-23,2018-11-30,10,HELE
2018-11-23,2018-11-30,11,BEL
2018-11-23,2018-11-30,12,OFG
2018-11-23,2018-11-30,13,XOXO
2018-11-23,2018-11-30,14,MZTI
2018-11-23,2018-11-30,15,EHTH
2018-11-30,2018-12-07,1,KRYS
2018-11-30,2018-12-07,2,PACB
2018-11-30,2018-12-07,3,AMSC
2018-11-30,2018-12-07,4,ECYT
2018-11-30,2018-12-07,5,INTX
2018-11-30,2018-12-07,6,CDXS
2018-11-30,2018-12-07,7,ESL
2018-11-30,2018-12-07,8,EHTH
2018-11-30,2018-12-07,9,CDNA
2018-11-30,2018-12-07,10,VCEL
2018-11-30,2018-12-07,11,NSU
2018-11-30,2018-12-07,12,ITG
2018-11-30,2018-12-07,13,CIG
2018-11-30,2018-12-07,14,MDB
2018-11-30,2018-12-07,15,IDTI
2018-12-07,2018-12-14,1,ECYT
2018-12-07,2018-12-14,2,INTX
2018-12-07,2018-12-14,3,OSIR
2018-12-07,2018-12-14,4,RSYS
2018-12-07,2018-12-14,5,ESL
2018-12-07,2018-12-14,6,PACB
2018-12-07,2018-12-14,7,ESIO
2018-12-07,2018-12-14,8,ITG
2018-12-07,2018-12-14,9,AMSC
2018-12-07,2018-12-14,10,NSU
2018-12-07,2018-12-14,11,ADUS
2018-12-07,2018-12-14,12,IDTI
2018-12-07,2018-12-14,13,LFVN
2018-12-07,2018-12-14,14,ENSG
2018-12-07,2018-12-14,15,MKC
2018-12-14,2018-12-21,1,ECYT
2018-12-14,2018-12-21,2,INTX
2018-12-14,2018-12-21,3,CIG
2018-12-14,2018-12-21,4,ESL
2018-12-14,2018-12-21,5,ESIO
2018-12-14,2018-12-21,6,MDB
2018-12-14,2018-12-21,7,ITG
2018-12-14,2018-12-21,8,BEL
2018-12-14,2018-12-21,9,PACB
2018-12-14,2018-12-21,10,AMSC
2018-12-14,2018-12-21,11,XOXO
2018-12-14,2018-12-21,12,OSIR
2018-12-14,2018-12-21,13,IDTI
2018-12-14,2018-12-21,14,MKC
2018-12-14,2018-12-21,15,ADUS
2018-12-21,2018-12-28,1,INTX
2018-12-21,2018-12-28,2,WTID
2018-12-21,2018-12-28,3,ESIO
2018-12-21,2018-12-28,4,PACB
2018-12-21,2018-12-28,5,CIG
2018-12-21,2018-12-28,6,ESL
2018-12-21,2018-12-28,7,ITG
2018-12-21,2018-12-28,8,BEL
2018-12-21,2018-12-28,9,IDTI
2018-12-21,2018-12-28,10,RHT
2018-12-21,2018-12-28,11,EVTC
2018-12-21,2018-12-28,12,EHTH
2018-12-21,2018-12-28,13,LRN
2018-12-21,2018-12-28,14,MZTI
2018-12-21,2018-12-28,15,NSU
2018-12-28,2019-01-04,1,INTX
2018-12-28,2019-01-04,2,CIG
2018-12-28,2019-01-04,3,ESIO
2018-12-28,2019-01-04,4,ESL
2018-12-28,2019-01-04,5,ITG
2018-12-28,2019-01-04,6,PACB
2018-12-28,2019-01-04,7,EVTC
2018-12-28,2019-01-04,8,LRN
2018-12-28,2019-01-04,9,VCEL
2018-12-28,2019-01-04,10,IDTI
2018-12-28,2019-01-04,11,BEL
2018-12-28,2019-01-04,12,GLUU
2018-12-28,2019-01-04,13,RHT
2018-12-28,2019-01-04,14,OSIR
2018-12-28,2019-01-04,15,FN
2019-01-04,2019-01-11,1,INTX
2019-01-04,2019-01-11,2,INSG
2019-01-04,2019-01-11,3,ESIO
2019-01-04,2019-01-11,4,ESL
2019-01-04,2019-01-11,5,CIG
2019-01-04,2019-01-11,6,NSU
2019-01-04,2019-01-11,7,ITG
2019-01-04,2019-01-11,8,BEL
2019-01-04,2019-01-11,9,IDTI
2019-01-04,2019-01-11,10,RARX
2019-01-04,2019-01-11,11,LRN
2019-01-04,2019-01-11,12,ARGX
2019-01-04,2019-01-11,13,EVTC
2019-01-04,2019-01-11,14,CROX
2019-01-04,2019-01-11,15,DATA
2019-01-11,2019-01-18,1,ESIO
2019-01-11,2019-01-18,2,INSG
2019-01-11,2019-01-18,3,BEL
2019-01-11,2019-01-18,4,NSU
2019-01-11,2019-01-18,5,ESL
2019-01-11,2019-01-18,6,TSRO
2019-01-11,2019-01-18,7,FN
2019-01-11,2019-01-18,8,CIG
2019-01-11,2019-01-18,9,AD
2019-01-11,2019-01-18,10,APYX
2019-01-11,2019-01-18,11,EHTH
2019-01-11,2019-01-18,12,CROX
2019-01-11,2019-01-18,13,CIEN
2019-01-11,2019-01-18,14,IDTI
2019-01-11,2019-01-18,15,PLNT
2019-01-18,2019-01-25,1,ESIO
2019-01-18,2019-01-25,2,TWLO
2019-01-18,2019-01-25,3,ESL
2019-01-18,2019-01-25,4,VCYT
2019-01-18,2019-01-25,5,GLUU
2019-01-18,2019-01-25,6,SEND
2019-01-18,2019-01-25,7,EHTH
2019-01-18,2019-01-25,8,ITG
2019-01-18,2019-01-25,9,COLD
2019-01-18,2019-01-25,10,QNST
2019-01-18,2019-01-25,11,BEL
2019-01-18,2019-01-25,12,IDTI
2019-01-18,2019-01-25,13,LRN
2019-01-18,2019-01-25,14,OHI
2019-01-18,2019-01-25,15,CIEN
2019-01-25,2019-02-01,1,ESIO
2019-01-25,2019-02-01,2,APYX
2019-01-25,2019-02-01,3,IIPR
2019-01-25,2019-02-01,4,KL
2019-01-25,2019-02-01,5,BCRX
2019-01-25,2019-02-01,6,SMTX
2019-01-25,2019-02-01,7,AMSC
2019-01-25,2019-02-01,8,FN
2019-01-25,2019-02-01,9,EHTH
2019-01-25,2019-02-01,10,ITG
2019-01-25,2019-02-01,11,TWLO
2019-01-25,2019-02-01,12,ESL
2019-01-25,2019-02-01,13,SEND
2019-01-25,2019-02-01,14,IDTI
2019-01-25,2019-02-01,15,CALX
2019-02-01,2019-02-08,1,OSIR
2019-02-01,2019-02-08,2,NSU
2019-02-01,2019-02-08,3,GLUU
2019-02-01,2019-02-08,4,OKTA
2019-02-01,2019-02-08,5,TWLO
2019-02-01,2019-02-08,6,EHTH
2019-02-01,2019-02-08,7,MDB
2019-02-01,2019-02-08,8,KL
2019-02-01,2019-02-08,9,IDTI
2019-02-01,2019-02-08,10,ITG
2019-02-01,2019-02-08,11,ESL
2019-02-01,2019-02-08,12,AMSC
2019-02-01,2019-02-08,13,AU
2019-02-01,2019-02-08,14,BEL
2019-02-01,2019-02-08,15,CHGG
2019-02-08,2019-02-15,1,LOXO
2019-02-08,2019-02-15,2,PCMI
2019-02-08,2019-02-15,3,MDB
2019-02-08,2019-02-15,4,ESL
2019-02-08,2019-02-15,5,KL
2019-02-08,2019-02-15,6,TEAM
2019-02-08,2019-02-15,7,OKTA
2019-02-08,2019-02-15,8,TWLO
2019-02-08,2019-02-15,9,ITG
2019-02-08,2019-02-15,10,FIVN
2019-02-08,2019-02-15,11,LXFT
2019-02-08,2019-02-15,12,BEL
2019-02-08,2019-02-15,13,AES
2019-02-08,2019-02-15,14,IDTI
2019-02-08,2019-02-15,15,KEYS
2019-02-15,2019-02-22,1,VCEL
2019-02-15,2019-02-22,2,OSIR
2019-02-15,2019-02-22,3,MGNI
2019-02-15,2019-02-22,4,RUBI
2019-02-15,2019-02-22,5,KL
2019-02-15,2019-02-22,6,CIEN
2019-02-15,2019-02-22,7,ESL
2019-02-15,2019-02-22,8,LXFT
2019-02-15,2019-02-22,9,PCMI
2019-02-15,2019-02-22,10,ITG
2019-02-15,2019-02-22,11,XLNX
2019-02-15,2019-02-22,12,KEYS
2019-02-15,2019-02-22,13,MEDP
2019-02-15,2019-02-22,14,NVCR
2019-02-15,2019-02-22,15,LLY
2019-02-22,2019-03-01,1,IIPR
2019-02-22,2019-03-01,2,VCYT
2019-02-22,2019-03-01,3,MDB
2019-02-22,2019-03-01,4,CIEN
2019-02-22,2019-03-01,5,UI
2019-02-22,2019-03-01,6,CHGG
2019-02-22,2019-03-01,7,ITG
2019-02-22,2019-03-01,8,ESL
2019-02-22,2019-03-01,9,WAAS
2019-02-22,2019-03-01,10,LRN
2019-02-22,2019-03-01,11,NEO
2019-02-22,2019-03-01,12,MGNI
2019-02-22,2019-03-01,13,RUBI
2019-02-22,2019-03-01,14,LXFT
2019-02-22,2019-03-01,15,WDAY
2019-03-01,2019-03-08,1,TWLO
2019-03-01,2019-03-08,2,CDNA
2019-03-01,2019-03-08,3,ESL
2019-03-01,2019-03-08,4,UPBD
2019-03-01,2019-03-08,5,MLAB
2019-03-01,2019-03-08,6,LXFT
2019-03-01,2019-03-08,7,NVCR
2019-03-01,2019-03-08,8,CHGG
2019-03-01,2019-03-08,9,FLWS
2019-03-01,2019-03-08,10,KEYS
2019-03-01,2019-03-08,11,FLNT
2019-03-01,2019-03-08,12,ETSY
2019-03-01,2019-03-08,13,LRN
2019-03-01,2019-03-08,14,CMG
2019-03-01,2019-03-08,15,JYNT
2019-03-08,2019-03-15,1,RARX
2019-03-08,2019-03-15,2,OSIR
2019-03-08,2019-03-15,3,XBIT
2019-03-08,2019-03-15,4,GRVY
2019-03-08,2019-03-15,5,LRN
2019-03-08,2019-03-15,6,LXFT
2019-03-08,2019-03-15,7,RUBI
2019-03-08,2019-03-15,8,MGNI
2019-03-08,2019-03-15,9,ESL
2019-03-08,2019-03-15,10,CTRE
2019-03-08,2019-03-15,11,BEL
2019-03-08,2019-03-15,12,CMG
2019-03-08,2019-03-15,13,UQM
2019-03-08,2019-03-15,14,AES
2019-03-08,2019-03-15,15,NRE
2019-03-15,2019-03-22,1,RARX
2019-03-15,2019-03-22,2,MDB
2019-03-15,2019-03-22,3,FRPT
2019-03-15,2019-03-22,4,AXSM
2019-03-15,2019-03-22,5,LXFT
2019-03-15,2019-03-22,6,NEO
2019-03-15,2019-03-22,7,MGNI
2019-03-15,2019-03-22,8,RUBI
2019-03-15,2019-03-22,9,OSIR
2019-03-15,2019-03-22,10,IRDM
2019-03-15,2019-03-22,11,LRN
2019-03-15,2019-03-22,12,TWLO
2019-03-15,2019-03-22,13,TNDM
2019-03-15,2019-03-22,14,AES
2019-03-15,2019-03-22,15,CMG
2019-03-22,2019-03-29,1,IMDZ
2019-03-22,2019-03-29,2,OSIR
2019-03-22,2019-03-29,3,MDB
2019-03-22,2019-03-29,4,VCYT
2019-03-22,2019-03-29,5,LXFT
2019-03-22,2019-03-29,6,CMG
2019-03-22,2019-03-29,7,GLUU
2019-03-22,2019-03-29,8,GKOS
2019-03-22,2019-03-29,9,UI
2019-03-22,2019-03-29,10,AGYS
2019-03-22,2019-03-29,11,XLNX
2019-03-22,2019-03-29,12,PCMI
2019-03-22,2019-03-29,13,MLNX
2019-03-22,2019-03-29,14,AES
2019-03-22,2019-03-29,15,ABR
2019-03-29,2019-04-05,1,ONCE
2019-03-29,2019-04-05,2,NEO
2019-03-29,2019-04-05,3,CMG
2019-03-29,2019-04-05,4,KRYS
2019-03-29,2019-04-05,5,OSIR
2019-03-29,2019-04-05,6,CDNS
2019-03-29,2019-04-05,7,UI
2019-03-29,2019-04-05,8,BDSI
2019-03-29,2019-04-05,9,LRN
2019-03-29,2019-04-05,10,LXFT
2019-03-29,2019-04-05,11,VSM
2019-03-29,2019-04-05,12,EEFT
2019-03-29,2019-04-05,13,CMTA
2019-03-29,2019-04-05,14,IONS
2019-03-29,2019-04-05,15,JYNT
2019-04-05,2019-04-12,1,JYNT
2019-04-05,2019-04-12,2,VCYT
2019-04-05,2019-04-12,3,UI
2019-04-05,2019-04-12,4,SHSP
2019-04-05,2019-04-12,5,BOOM
2019-04-05,2019-04-12,6,LXFT
2019-04-05,2019-04-12,7,MLNX
2019-04-05,2019-04-12,8,VSM
2019-04-05,2019-04-12,9,OSIR
2019-04-05,2019-04-12,10,EHTH
2019-04-05,2019-04-12,11,ONCE
2019-04-05,2019-04-12,12,ENPH
2019-04-05,2019-04-12,13,PLNT
2019-04-05,2019-04-12,14,CMG
2019-04-05,2019-04-12,15,XLNX
2019-04-12,2019-04-19,1,CODA
2019-04-12,2019-04-19,2,XLNX
2019-04-12,2019-04-19,3,CMTA
2019-04-12,2019-04-19,4,SHOP
2019-04-12,2019-04-19,5,OLED
2019-04-12,2019-04-19,6,MLNX
2019-04-12,2019-04-19,7,UI
2019-04-12,2019-04-19,8,VSM
2019-04-12,2019-04-19,9,NXST
2019-04-12,2019-04-19,10,KEYS
2019-04-12,2019-04-19,11,WOLF
2019-04-12,2019-04-19,12,LRN
2019-04-12,2019-04-19,13,LSCC
2019-04-12,2019-04-19,14,OSIR
2019-04-12,2019-04-19,15,GLOB
2019-04-19,2019-04-26,1,VSM
2019-04-19,2019-04-26,2,MLNX
2019-04-19,2019-04-26,3,COKE
2019-04-19,2019-04-26,4,SHOP
2019-04-19,2019-04-26,5,QTNA
2019-04-19,2019-04-26,6,XLNX
2019-04-19,2019-04-26,7,JYNT
2019-04-19,2019-04-26,8,LYV
2019-04-19,2019-04-26,9,WOLF
2019-04-19,2019-04-26,10,DECK
2019-04-19,2019-04-26,11,LXFT
2019-04-19,2019-04-26,12,ACMR
2019-04-19,2019-04-26,13,TDG
2019-04-19,2019-04-26,14,SHSP
2019-04-19,2019-04-26,15,ABR
2019-04-26,2019-05-03,1,ENPH
2019-04-26,2019-05-03,2,QTNA
2019-04-26,2019-05-03,3,TWLO
2019-04-26,2019-05-03,4,TTD
2019-04-26,2019-05-03,5,FRPT
2019-04-26,2019-05-03,6,FLNT
2019-04-26,2019-05-03,7,RNG
2019-04-26,2019-05-03,8,CRMT
2019-04-26,2019-05-03,9,VEEV
2019-04-26,2019-05-03,10,WDAY
2019-04-26,2019-05-03,11,PAYC
2019-04-26,2019-05-03,12,CODA
2019-04-26,2019-05-03,13,TLRA
2019-04-26,2019-05-03,14,VSM
2019-04-26,2019-05-03,15,FLWS
2019-05-03,2019-05-10,1,CODA
2019-05-03,2019-05-10,2,RUBI
2019-05-03,2019-05-10,3,MGNI
2019-05-03,2019-05-10,4,TTD
2019-05-03,2019-05-10,5,ENPH
2019-05-03,2019-05-10,6,QTNA
2019-05-03,2019-05-10,7,PAYC
2019-05-03,2019-05-10,8,LSCC
2019-05-03,2019-05-10,9,CTRE
2019-05-03,2019-05-10,10,NEO
2019-05-03,2019-05-10,11,RNG
2019-05-03,2019-05-10,12,OKTA
2019-05-03,2019-05-10,13,CDNS
2019-05-03,2019-05-10,14,TLRA
2019-05-03,2019-05-10,15,WK
2019-05-10,2019-05-17,1,CVRS
2019-05-10,2019-05-17,2,COKE
2019-05-10,2019-05-17,3,WK
2019-05-10,2019-05-17,4,ZS
2019-05-10,2019-05-17,5,GLOB
2019-05-10,2019-05-17,6,VEEV
2019-05-10,2019-05-17,7,CTRE
2019-05-10,2019-05-17,8,PLNT
2019-05-10,2019-05-17,9,TEAM
2019-05-10,2019-05-17,10,EEFT
2019-05-10,2019-05-17,11,PAYC
2019-05-10,2019-05-17,12,TLRA
2019-05-10,2019-05-17,13,FICO
2019-05-10,2019-05-17,14,SE
2019-05-10,2019-05-17,15,QTNA
2019-05-17,2019-05-24,1,OKTA
2019-05-17,2019-05-24,2,BAND
2019-05-17,2019-05-24,3,CMG
2019-05-17,2019-05-24,4,ZS
2019-05-17,2019-05-24,5,EEFT
2019-05-17,2019-05-24,6,SE
2019-05-17,2019-05-24,7,ENPH
2019-05-17,2019-05-24,8,NGL
2019-05-17,2019-05-24,9,BOOM
2019-05-17,2019-05-24,10,WP
2019-05-17,2019-05-24,11,PLNT
2019-05-17,2019-05-24,12,PAYC
2019-05-17,2019-05-24,13,GRVY
2019-05-17,2019-05-24,14,GSB
2019-05-17,2019-05-24,15,CABO
2019-05-24,2019-05-31,1,ENPH
2019-05-24,2019-05-31,2,ROKU
2019-05-24,2019-05-31,3,EEFT
2019-05-24,2019-05-31,4,GLOB
2019-05-24,2019-05-31,5,MELI
2019-05-24,2019-05-31,6,ARWR
2019-05-24,2019-05-31,7,OKTA
2019-05-24,2019-05-31,8,QTNA
2019-05-24,2019-05-31,9,ASND
2019-05-24,2019-05-31,10,FICO
2019-05-24,2019-05-31,11,SHOP
2019-05-24,2019-05-31,12,AWI
2019-05-24,2019-05-31,13,AXSM
2019-05-24,2019-05-31,14,TEAM
2019-05-24,2019-05-31,15,SAFE
2019-05-31,2019-06-07,1,GSB
2019-05-31,2019-06-07,2,ERIE
2019-05-31,2019-06-07,3,PAYC
2019-05-31,2019-06-07,4,QTNA
2019-05-31,2019-06-07,5,VEEV
2019-05-31,2019-06-07,6,GLOB
2019-05-31,2019-06-07,7,WK
2019-05-31,2019-06-07,8,EHTH
2019-05-31,2019-06-07,9,APPF
2019-05-31,2019-06-07,10,WP
2019-05-31,2019-06-07,11,SHOP
2019-05-31,2019-06-07,12,BRSS
2019-05-31,2019-06-07,13,AWI
2019-05-31,2019-06-07,14,PAR
2019-05-31,2019-06-07,15,GRVY
2019-06-07,2019-06-14,1,TWLO
2019-06-07,2019-06-14,2,MDB
2019-06-07,2019-06-14,3,ARWR
2019-06-07,2019-06-14,4,QURE
2019-06-07,2019-06-14,5,ERIE
2019-06-07,2019-06-14,6,PAYC
2019-06-07,2019-06-14,7,GLOB
2019-06-07,2019-06-14,8,OKTA
2019-06-07,2019-06-14,9,APPF
2019-06-07,2019-06-14,10,TEAM
2019-06-07,2019-06-14,11,NMIH
2019-06-07,2019-06-14,12,WP
2019-06-07,2019-06-14,13,IIPR
2019-06-07,2019-06-14,14,BALL
2019-06-07,2019-06-14,15,BRSS
2019-06-14,2019-06-21,1,ERIE
2019-06-14,2019-06-21,2,EHTH
2019-06-14,2019-06-21,3,IIPR
2019-06-14,2019-06-21,4,ENPH
2019-06-14,2019-06-21,5,PLNT
2019-06-14,2019-06-21,6,VCYT
2019-06-14,2019-06-21,7,BRSS
2019-06-14,2019-06-21,8,CINF
2019-06-14,2019-06-21,9,CMG
2019-06-14,2019-06-21,10,GSHD
2019-06-14,2019-06-21,11,WING
2019-06-14,2019-06-21,12,VLRS
2019-06-14,2019-06-21,13,WP
2019-06-14,2019-06-21,14,JKS
2019-06-14,2019-06-21,15,QTNA
2019-06-21,2019-06-28,1,ARQL
2019-06-21,2019-06-28,2,QURE
2019-06-21,2019-06-28,3,SE
2019-06-21,2019-06-28,4,HYGS
2019-06-21,2019-06-28,5,GLOB
2019-06-21,2019-06-28,6,TNAV
2019-06-21,2019-06-28,7,ARWR
2019-06-21,2019-06-28,8,CVRS
2019-06-21,2019-06-28,9,BOOT
2019-06-21,2019-06-28,10,ARGX
2019-06-21,2019-06-28,11,GNE
2019-06-21,2019-06-28,12,CHRS
2019-06-21,2019-06-28,13,EHTH
2019-06-21,2019-06-28,14,BALL
2019-06-21,2019-06-28,15,BRSS
2019-06-28,2019-07-05,1,EHTH
2019-06-28,2019-07-05,2,MGTX
2019-06-28,2019-07-05,3,HROW
2019-06-28,2019-07-05,4,ASPN
2019-06-28,2019-07-05,5,HEI
2019-06-28,2019-07-05,6,KTOS
2019-06-28,2019-07-05,7,CHRS
2019-06-28,2019-07-05,8,EEFT
2019-06-28,2019-07-05,9,ARQL
2019-06-28,2019-07-05,10,FBM
2019-06-28,2019-07-05,11,WK
2019-06-28,2019-07-05,12,BRSS
2019-06-28,2019-07-05,13,ERIE
2019-06-28,2019-07-05,14,FSI
2019-06-28,2019-07-05,15,BALL
2019-07-05,2019-07-12,1,PAYC
2019-07-05,2019-07-12,2,ENPH
2019-07-05,2019-07-12,3,FICO
2019-07-05,2019-07-12,4,KTOS
2019-07-05,2019-07-12,5,ZS
2019-07-05,2019-07-12,6,WP
2019-07-05,2019-07-12,7,SE
2019-07-05,2019-07-12,8,WK
2019-07-05,2019-07-12,9,BRSS
2019-07-05,2019-07-12,10,NOW
2019-07-05,2019-07-12,11,CORE
2019-07-05,2019-07-12,12,CABO
2019-07-05,2019-07-12,13,SNAP
2019-07-05,2019-07-12,14,SBUX
2019-07-05,2019-07-12,15,OSIS
2019-07-12,2019-07-19,1,CY
2019-07-12,2019-07-19,2,ERIE
2019-07-12,2019-07-19,3,SBUX
2019-07-12,2019-07-19,4,UPBD
2019-07-12,2019-07-19,5,CCEC
2019-07-12,2019-07-19,6,MKTX
2019-07-12,2019-07-19,7,WING
2019-07-12,2019-07-19,8,WP
2019-07-12,2019-07-19,9,AGYS
2019-07-12,2019-07-19,10,RPD
2019-07-12,2019-07-19,11,OLED
2019-07-12,2019-07-19,12,AZO
2019-07-12,2019-07-19,13,VEEV
2019-07-12,2019-07-19,14,PGR
2019-07-12,2019-07-19,15,VHC
2019-07-19,2019-07-26,1,KL
2019-07-19,2019-07-26,2,VCYT
2019-07-19,2019-07-26,3,KTOS
2019-07-19,2019-07-26,4,OLED
2019-07-19,2019-07-26,5,ENPH
2019-07-19,2019-07-26,6,SID
2019-07-19,2019-07-26,7,CY
2019-07-19,2019-07-26,8,HEI
2019-07-19,2019-07-26,9,ERIE
2019-07-19,2019-07-26,10,NRC
2019-07-19,2019-07-26,11,ENSG
2019-07-19,2019-07-26,12,RPD
2019-07-19,2019-07-26,13,AU
2019-07-19,2019-07-26,14,VSM
2019-07-19,2019-07-26,15,SBUX
2019-07-26,2019-08-02,1,OKTA
2019-07-26,2019-08-02,2,TTD
2019-07-26,2019-08-02,3,MGNI
2019-07-26,2019-08-02,4,RUBI
2019-07-26,2019-08-02,5,SE
2019-07-26,2019-08-02,6,GLOB
2019-07-26,2019-08-02,7,AXSM
2019-07-26,2019-08-02,8,BALL
2019-07-26,2019-08-02,9,TWLO
2019-07-26,2019-08-02,10,OLED
2019-07-26,2019-08-02,11,BAH
2019-07-26,2019-08-02,12,TNAV
2019-07-26,2019-08-02,13,RGEN
2019-07-26,2019-08-02,14,SHOP
2019-07-26,2019-08-02,15,TTEC
2019-08-02,2019-08-09,1,SE
2019-08-02,2019-08-09,2,REFR
2019-08-02,2019-08-09,3,NVCR
2019-08-02,2019-08-09,4,AU
2019-08-02,2019-08-09,5,GSB
2019-08-02,2019-08-09,6,SAFE
2019-08-02,2019-08-09,7,APPS
2019-08-02,2019-08-09,8,CCEC
2019-08-02,2019-08-09,9,BALL
2019-08-02,2019-08-09,10,HEI
2019-08-02,2019-08-09,11,CY
2019-08-02,2019-08-09,12,MSI
2019-08-02,2019-08-09,13,SBS
2019-08-02,2019-08-09,14,IPHI
2019-08-02,2019-08-09,15,AGYS
2019-08-09,2019-08-16,1,CVRS
2019-08-09,2019-08-16,2,SHOP
2019-08-09,2019-08-16,3,APPS
2019-08-09,2019-08-16,4,TNAV
2019-08-09,2019-08-16,5,SBS
2019-08-09,2019-08-16,6,HEI
2019-08-09,2019-08-16,7,EVER
2019-08-09,2019-08-16,8,MELI
2019-08-09,2019-08-16,9,ATEC
2019-08-09,2019-08-16,10,BALL
2019-08-09,2019-08-16,11,EHTH
2019-08-09,2019-08-16,12,ROKU
2019-08-09,2019-08-16,13,ENPH
2019-08-09,2019-08-16,14,PODD
2019-08-09,2019-08-16,15,WK
2019-08-16,2019-08-23,1,CVRS
2019-08-16,2019-08-23,2,BALL
2019-08-16,2019-08-23,3,ARWR
2019-08-16,2019-08-23,4,NVCR
2019-08-16,2019-08-23,5,ENPH
2019-08-16,2019-08-23,6,CY
2019-08-16,2019-08-23,7,EVER
2019-08-16,2019-08-23,8,B
2019-08-16,2019-08-23,9,MKTX
2019-08-16,2019-08-23,10,HEI
2019-08-16,2019-08-23,11,REFR
2019-08-16,2019-08-23,12,AU
2019-08-16,2019-08-23,13,TNAV
2019-08-16,2019-08-23,14,NG
2019-08-16,2019-08-23,15,SHOP
2019-08-23,2019-08-30,1,SKIS
2019-08-23,2019-08-30,2,CVRS
2019-08-23,2019-08-30,3,AU
2019-08-23,2019-08-30,4,AG
2019-08-23,2019-08-30,5,NG
2019-08-23,2019-08-30,6,DRD
2019-08-23,2019-08-30,7,B
2019-08-23,2019-08-30,8,CY
2019-08-23,2019-08-30,9,MKTX
2019-08-23,2019-08-30,10,WPM
2019-08-23,2019-08-30,11,RGLD
2019-08-23,2019-08-30,12,HSY
2019-08-23,2019-08-30,13,HMY
2019-08-23,2019-08-30,14,AEM
2019-08-23,2019-08-30,15,GFI
2019-08-30,2019-09-06,1,SKIS
2019-08-30,2019-09-06,2,CLCT
2019-08-30,2019-09-06,3,BALL
2019-08-30,2019-09-06,4,CVRS
2019-08-30,2019-09-06,5,CY
2019-08-30,2019-09-06,6,NSSC
2019-08-30,2019-09-06,7,SBSW
2019-08-30,2019-09-06,8,ROKU
2019-08-30,2019-09-06,9,FCN
2019-08-30,2019-09-06,10,CMG
2019-08-30,2019-09-06,11,BX
2019-08-30,2019-09-06,12,MTH
2019-08-30,2019-09-06,13,EPRT
2019-08-30,2019-09-06,14,APPS
2019-08-30,2019-09-06,15,GNRC
2019-09-06,2019-09-13,1,SKIS
2019-09-06,2019-09-13,2,CDLX
2019-09-06,2019-09-13,3,MKTX
2019-09-06,2019-09-13,4,CVRS
2019-09-06,2019-09-13,5,ROKU
2019-09-06,2019-09-13,6,CY
2019-09-06,2019-09-13,7,AIOS
2019-09-06,2019-09-13,8,BX
2019-09-06,2019-09-13,9,FICO
2019-09-06,2019-09-13,10,CHE
2019-09-06,2019-09-13,11,ZYME
2019-09-06,2019-09-13,12,MEDP
2019-09-06,2019-09-13,13,EW
2019-09-06,2019-09-13,14,CINF
2019-09-06,2019-09-13,15,CMG
2019-09-13,2019-09-20,1,SKIS
2019-09-13,2019-09-20,2,CVRS
2019-09-13,2019-09-20,3,WLFC
2019-09-13,2019-09-20,4,CY
2019-09-13,2019-09-20,5,MEDP
2019-09-13,2019-09-20,6,IMOS
2019-09-13,2019-09-20,7,MTH
2019-09-13,2019-09-20,8,MLM
2019-09-13,2019-09-20,9,LOOP
2019-09-13,2019-09-20,10,TER
2019-09-13,2019-09-20,11,LSCC
2019-09-13,2019-09-20,12,CBLK
2019-09-13,2019-09-20,13,BLDP
2019-09-13,2019-09-20,14,MAMS
2019-09-13,2019-09-20,15,NCI
2019-09-20,2019-09-27,1,SKIS
2019-09-20,2019-09-27,2,CVRS
2019-09-20,2019-09-27,3,SHAK
2019-09-20,2019-09-27,4,CY
2019-09-20,2019-09-27,5,EPRT
2019-09-20,2019-09-27,6,SEDG
2019-09-20,2019-09-27,7,MAMS
2019-09-20,2019-09-27,8,TPVG
2019-09-20,2019-09-27,9,CBLK
2019-09-20,2019-09-27,10,CLCT
2019-09-20,2019-09-27,11,MTH
2019-09-20,2019-09-27,12,IRT
2019-09-20,2019-09-27,13,AGYS
2019-09-20,2019-09-27,14,TTEC
2019-09-20,2019-09-27,15,NC
2019-09-27,2019-10-04,1,CVRS
2019-09-27,2019-10-04,2,ROX
2019-09-27,2019-10-04,3,CY
2019-09-27,2019-10-04,4,CBLK
2019-09-27,2019-10-04,5,NC
2019-09-27,2019-10-04,6,OMN
2019-09-27,2019-10-04,7,JBSS
2019-09-27,2019-10-04,8,TERP
2019-09-27,2019-10-04,9,SBSW
2019-09-27,2019-10-04,10,PG
2019-09-27,2019-10-04,11,PODD
2019-09-27,2019-10-04,12,CNS
2019-09-27,2019-10-04,13,CINF
2019-09-27,2019-10-04,14,NCI
2019-09-27,2019-10-04,15,IRT
2019-10-04,2019-10-11,1,ROX
2019-10-04,2019-10-11,2,CY
2019-10-04,2019-10-11,3,MTH
2019-10-04,2019-10-11,4,KNSL
2019-10-04,2019-10-11,5,TER
2019-10-04,2019-10-11,6,SBSW
2019-10-04,2019-10-11,7,MDCO
2019-10-04,2019-10-11,8,MAMS
2019-10-04,2019-10-11,9,EDU
2019-10-04,2019-10-11,10,CVRS
2019-10-04,2019-10-11,11,CINF
2019-10-04,2019-10-11,12,DG
2019-10-04,2019-10-11,13,CLCT
2019-10-04,2019-10-11,14,IRT
2019-10-04,2019-10-11,15,SUI
2019-10-11,2019-10-18,1,CCEC
2019-10-11,2019-10-18,2,CY
2019-10-11,2019-10-18,3,NTRA
2019-10-11,2019-10-18,4,MAMS
2019-10-11,2019-10-18,5,TER
2019-10-11,2019-10-18,6,KNSL
2019-10-11,2019-10-18,7,FCN
2019-10-11,2019-10-18,8,RH
2019-10-11,2019-10-18,9,MDCO
2019-10-11,2019-10-18,10,KOD
2019-10-11,2019-10-18,11,IRT
2019-10-11,2019-10-18,12,SEDG
2019-10-11,2019-10-18,13,KLAC
2019-10-11,2019-10-18,14,CNS
2019-10-11,2019-10-18,15,MTH
2019-10-18,2019-10-25,1,MTH
2019-10-18,2019-10-25,2,CY
2019-10-18,2019-10-25,3,MDCO
2019-10-18,2019-10-25,4,ENTG
2019-10-18,2019-10-25,5,EPRT
2019-10-18,2019-10-25,6,PFSI
2019-10-18,2019-10-25,7,IRT
2019-10-18,2019-10-25,8,IBP
2019-10-18,2019-10-25,9,UHT
2019-10-18,2019-10-25,10,CZZ
2019-10-18,2019-10-25,11,MHO
2019-10-18,2019-10-25,12,NVR
2019-10-18,2019-10-25,13,ITRI
2019-10-18,2019-10-25,14,KNSL
2019-10-18,2019-10-25,15,ZYME
2019-10-25,2019-11-01,1,HPJ
2019-10-25,2019-11-01,2,CLCT
2019-10-25,2019-11-01,3,FRTA
2019-10-25,2019-11-01,4,KLAC
2019-10-25,2019-11-01,5,DOVA
2019-10-25,2019-11-01,6,CY
2019-10-25,2019-11-01,7,SAIA
2019-10-25,2019-11-01,8,EPRT
2019-10-25,2019-11-01,9,RH
2019-10-25,2019-11-01,10,LRCX
2019-10-25,2019-11-01,11,UHT
2019-10-25,2019-11-01,12,SEDG
2019-10-25,2019-11-01,13,SBSW
2019-10-25,2019-11-01,14,CCEC
2019-10-25,2019-11-01,15,EDU
2019-11-01,2019-11-08,1,ARWR
2019-11-01,2019-11-08,2,EPRT
2019-11-01,2019-11-08,3,CZZ
2019-11-01,2019-11-08,4,KPTI
2019-11-01,2019-11-08,5,CCEC
2019-11-01,2019-11-08,6,DOVA
2019-11-01,2019-11-08,7,GFF
2019-11-01,2019-11-08,8,ROAD
2019-11-01,2019-11-08,9,OPTU
2019-11-01,2019-11-08,10,ZYME
2019-11-01,2019-11-08,11,BEP
2019-11-01,2019-11-08,12,CHCT
2019-11-01,2019-11-08,13,ATKR
2019-11-01,2019-11-08,14,SBSW
2019-11-01,2019-11-08,15,AIZ
2019-11-08,2019-11-15,1,ARWR
2019-11-08,2019-11-15,2,RARX
2019-11-08,2019-11-15,3,EVER
2019-11-08,2019-11-15,4,KLAC
2019-11-08,2019-11-15,5,CY
2019-11-08,2019-11-15,6,CBPO
2019-11-08,2019-11-15,7,TCF
2019-11-08,2019-11-15,8,STM
2019-11-08,2019-11-15,9,VVX
2019-11-08,2019-11-15,10,EPRT
2019-11-08,2019-11-15,11,KEYS
2019-11-08,2019-11-15,12,JBL
2019-11-08,2019-11-15,13,BOOT
2019-11-08,2019-11-15,14,PODD
2019-11-08,2019-11-15,15,KOD
2019-11-15,2019-11-22,1,PODD
2019-11-15,2019-11-22,2,CY
2019-11-15,2019-11-22,3,BLDP
2019-11-15,2019-11-22,4,KOD
2019-11-15,2019-11-22,5,BEP
2019-11-15,2019-11-22,6,KEYS
2019-11-15,2019-11-22,7,CNS
2019-11-15,2019-11-22,8,RARX
2019-11-15,2019-11-22,9,CG
2019-11-15,2019-11-22,10,EPRT
2019-11-15,2019-11-22,11,ASML
2019-11-15,2019-11-22,12,SBSW
2019-11-15,2019-11-22,13,ATEC
2019-11-15,2019-11-22,14,LULU
2019-11-15,2019-11-22,15,KPTI
2019-11-22,2019-11-29,1,ZYME
2019-11-22,2019-11-29,2,RARX
2019-11-22,2019-11-29,3,CY
2019-11-22,2019-11-29,4,INSW
2019-11-22,2019-11-29,5,RH
2019-11-22,2019-11-29,6,DOCU
2019-11-22,2019-11-29,7,LULU
2019-11-22,2019-11-29,8,CNS
2019-11-22,2019-11-29,9,SAFE
2019-11-22,2019-11-29,10,BEP
2019-11-22,2019-11-29,11,ATKR
2019-11-22,2019-11-29,12,LPG
2019-11-22,2019-11-29,13,ACAD
2019-11-22,2019-11-29,14,AYR
2019-11-22,2019-11-29,15,CVNA
2019-11-29,2019-12-06,1,SVM
2019-11-29,2019-12-06,2,SBSW
2019-11-29,2019-12-06,3,MDCO
2019-11-29,2019-12-06,4,ARWR
2019-11-29,2019-12-06,5,CMTL
2019-11-29,2019-12-06,6,RARX
2019-11-29,2019-12-06,7,TIF
2019-11-29,2019-12-06,8,AXSM
2019-11-29,2019-12-06,9,CZZ
2019-11-29,2019-12-06,10,LKFT
2019-11-29,2019-12-06,11,AYR
2019-11-29,2019-12-06,12,RH
2019-11-29,2019-12-06,13,CY
2019-11-29,2019-12-06,14,AAPL
2019-11-29,2019-12-06,15,LPG
2019-12-06,2019-12-13,1,MDCO
2019-12-06,2019-12-13,2,AYR
2019-12-06,2019-12-13,3,LKFT
2019-12-06,2019-12-13,4,CRUS
2019-12-06,2019-12-13,5,RARX
2019-12-06,2019-12-13,6,CCEC
2019-12-06,2019-12-13,7,VIPS
2019-12-06,2019-12-13,8,TCF
2019-12-06,2019-12-13,9,SPXC
2019-12-06,2019-12-13,10,GNRC
2019-12-06,2019-12-13,11,STM
2019-12-06,2019-12-13,12,EIDX
2019-12-06,2019-12-13,13,ATKR
2019-12-06,2019-12-13,14,DOCU
2019-12-06,2019-12-13,15,TIF
2019-12-13,2019-12-20,1,CCEC
2019-12-13,2019-12-20,2,MDCO
2019-12-13,2019-12-20,3,RARX
2019-12-13,2019-12-20,4,AYR
2019-12-13,2019-12-20,5,OMN
2019-12-13,2019-12-20,6,CRUS
2019-12-13,2019-12-20,7,AAPL
2019-12-13,2019-12-20,8,CSTM
2019-12-13,2019-12-20,9,TER
2019-12-13,2019-12-20,10,ENTG
2019-12-13,2019-12-20,11,CODI
2019-12-13,2019-12-20,12,TIF
2019-12-13,2019-12-20,13,ARD
2019-12-13,2019-12-20,14,ASML
2019-12-13,2019-12-20,15,EDU
2019-12-20,2019-12-27,1,MDCO
2019-12-20,2019-12-27,2,VIPS
2019-12-20,2019-12-27,3,TCF
2019-12-20,2019-12-27,4,IOVA
2019-12-20,2019-12-27,5,SE
2019-12-20,2019-12-27,6,AMD
2019-12-20,2019-12-27,7,TER
2019-12-20,2019-12-27,8,AYR
2019-12-20,2019-12-27,9,FICO
2019-12-20,2019-12-27,10,TIF
2019-12-20,2019-12-27,11,WSC
2019-12-20,2019-12-27,12,CNXN
2019-12-20,2019-12-27,13,LRCX
2019-12-20,2019-12-27,14,TGT
2019-12-20,2019-12-27,15,CCEC
2019-12-27,2020-01-03,1,MDCO
2019-12-27,2020-01-03,2,CRUS
2019-12-27,2020-01-03,3,CDLX
2019-12-27,2020-01-03,4,SE
2019-12-27,2020-01-03,5,TIF
2019-12-27,2020-01-03,6,CATM
2019-12-27,2020-01-03,7,AYR
2019-12-27,2020-01-03,8,TSG
2019-12-27,2020-01-03,9,PCTY
2019-12-27,2020-01-03,10,TGT
2019-12-27,2020-01-03,11,CVNA
2019-12-27,2020-01-03,12,FICO
2019-12-27,2020-01-03,13,NEO
2019-12-27,2020-01-03,14,CROX
2019-12-27,2020-01-03,15,GNRC
2020-01-03,2020-01-10,1,CCEC
2020-01-03,2020-01-10,2,BOLD
2020-01-03,2020-01-10,3,VIPS
2020-01-03,2020-01-10,4,CMRE
2020-01-03,2020-01-10,5,TIF
2020-01-03,2020-01-10,6,AYR
2020-01-03,2020-01-10,7,BOOT
2020-01-03,2020-01-10,8,RDNT
2020-01-03,2020-01-10,9,RARX
2020-01-03,2020-01-10,10,GNRC
2020-01-03,2020-01-10,11,FORM
2020-01-03,2020-01-10,12,CZZ
2020-01-03,2020-01-10,13,SEDG
2020-01-03,2020-01-10,14,GDS
2020-01-03,2020-01-10,15,SE
2020-01-10,2020-01-17,1,BOLD
2020-01-10,2020-01-17,2,DRD
2020-01-10,2020-01-17,3,FRTA
2020-01-10,2020-01-17,4,ARVN
2020-01-10,2020-01-17,5,MLSS
2020-01-10,2020-01-17,6,AYR
2020-01-10,2020-01-17,7,TIF
2020-01-10,2020-01-17,8,BLDR
2020-01-10,2020-01-17,9,RARX
2020-01-10,2020-01-17,10,AAPL
2020-01-10,2020-01-17,11,AXE
2020-01-10,2020-01-17,12,SEDG
2020-01-10,2020-01-17,13,CNNE
2020-01-10,2020-01-17,14,CDLX
2020-01-10,2020-01-17,15,BLDP
2020-01-17,2020-01-24,1,BOLD
2020-01-17,2020-01-24,2,SYNA
2020-01-17,2020-01-24,3,ZYME
2020-01-17,2020-01-24,4,FORM
2020-01-17,2020-01-24,5,LRCX
2020-01-17,2020-01-24,6,GSB
2020-01-17,2020-01-24,7,AMD
2020-01-17,2020-01-24,8,TIF
2020-01-17,2020-01-24,9,CCXI
2020-01-17,2020-01-24,10,AAPL
2020-01-17,2020-01-24,11,CG
2020-01-17,2020-01-24,12,CBB
2020-01-17,2020-01-24,13,RNG
2020-01-17,2020-01-24,14,AYR
2020-01-17,2020-01-24,15,PCTY
2020-01-24,2020-01-31,1,BOLD
2020-01-24,2020-01-31,2,SAFE
2020-01-24,2020-01-31,3,PODD
2020-01-24,2020-01-31,4,AYR
2020-01-24,2020-01-31,5,TIF
2020-01-24,2020-01-31,6,GNRC
2020-01-24,2020-01-31,7,CNNE
2020-01-24,2020-01-31,8,CBB
2020-01-24,2020-01-31,9,CGEN
2020-01-24,2020-01-31,10,AXE
2020-01-24,2020-01-31,11,LYTS
2020-01-24,2020-01-31,12,DRD
2020-01-24,2020-01-31,13,RDVT
2020-01-24,2020-01-31,14,RDNT
2020-01-24,2020-01-31,15,AAPL
2020-01-31,2020-02-07,1,BOLD
2020-01-31,2020-02-07,2,DRD
2020-01-31,2020-02-07,3,TSLA
2020-01-31,2020-02-07,4,AYR
2020-01-31,2020-02-07,5,CBB
2020-01-31,2020-02-07,6,CNNE
2020-01-31,2020-02-07,7,BEP
2020-01-31,2020-02-07,8,SE
2020-01-31,2020-02-07,9,TIF
2020-01-31,2020-02-07,10,OESX
2020-01-31,2020-02-07,11,RNG
2020-01-31,2020-02-07,12,HLG
2020-01-31,2020-02-07,13,AXE
2020-01-31,2020-02-07,14,CCXI
2020-01-31,2020-02-07,15,PODD
2020-02-07,2020-02-14,1,BOLD
2020-02-07,2020-02-14,2,CCXI
2020-02-07,2020-02-14,3,CDLX
2020-02-07,2020-02-14,4,SYNA
2020-02-07,2020-02-14,5,NGNE
2020-02-07,2020-02-14,6,COLL
2020-02-07,2020-02-14,7,GDS
2020-02-07,2020-02-14,8,AYR
2020-02-07,2020-02-14,9,PODD
2020-02-07,2020-02-14,10,ENPH
2020-02-07,2020-02-14,11,ASND
2020-02-07,2020-02-14,12,TIF
2020-02-07,2020-02-14,13,MNTA
2020-02-07,2020-02-14,14,AXE
2020-02-07,2020-02-14,15,WSC
2020-02-14,2020-02-21,1,DRD
2020-02-14,2020-02-21,2,AMD
2020-02-14,2020-02-21,3,MLSS
2020-02-14,2020-02-21,4,TLRA
2020-02-14,2020-02-21,5,FLGT
2020-02-14,2020-02-21,6,CDLX
2020-02-14,2020-02-21,7,REGI
2020-02-14,2020-02-21,8,FATE
2020-02-14,2020-02-21,9,PODD
2020-02-14,2020-02-21,10,LKFT
2020-02-14,2020-02-21,11,TIF
2020-02-14,2020-02-21,12,SPCE
2020-02-14,2020-02-21,13,MELI
2020-02-14,2020-02-21,14,DOO
2020-02-14,2020-02-21,15,AYR
2020-02-21,2020-02-28,1,ENPH
2020-02-21,2020-02-28,2,FRTA
2020-02-21,2020-02-28,3,MHH
2020-02-21,2020-02-28,4,DRD
2020-02-21,2020-02-28,5,CSS
2020-02-21,2020-02-28,6,LKFT
2020-02-21,2020-02-28,7,SAFE
2020-02-21,2020-02-28,8,LYTS
2020-02-21,2020-02-28,9,ELA
2020-02-21,2020-02-28,10,FATE
2020-02-21,2020-02-28,11,FTSV
2020-02-21,2020-02-28,12,PRPL
2020-02-21,2020-02-28,13,SEDG
2020-02-21,2020-02-28,14,SE
2020-02-21,2020-02-28,15,EVER
2020-02-28,2020-03-06,1,CSS
2020-02-28,2020-03-06,2,RARX
2020-02-28,2020-03-06,3,CBB
2020-02-28,2020-03-06,4,ELA
2020-02-28,2020-03-06,5,SAFE
2020-02-28,2020-03-06,6,RNG
2020-02-28,2020-03-06,7,FTSV
2020-02-28,2020-03-06,8,LYTS
2020-02-28,2020-03-06,9,AYR
2020-02-28,2020-03-06,10,XLRN
2020-02-28,2020-03-06,11,RDVT
2020-02-28,2020-03-06,12,FATE
2020-02-28,2020-03-06,13,NTRA
2020-02-28,2020-03-06,14,INFU
2020-02-28,2020-03-06,15,IOVA
2020-03-06,2020-03-13,1,FTSV
2020-03-06,2020-03-13,2,CBB
2020-03-06,2020-03-13,3,DRD
2020-03-06,2020-03-13,4,SAFE
2020-03-06,2020-03-13,5,IOVA
2020-03-06,2020-03-13,6,CCXI
2020-03-06,2020-03-13,7,XLRN
2020-03-06,2020-03-13,8,ARCT
2020-03-06,2020-03-13,9,SE
2020-03-06,2020-03-13,10,VIPS
2020-03-06,2020-03-13,11,SEDG
2020-03-06,2020-03-13,12,GSHD
2020-03-06,2020-03-13,13,INFU
2020-03-06,2020-03-13,14,AHCO
2020-03-06,2020-03-13,15,ENPH
2020-03-13,2020-03-20,1,FTSV
2020-03-13,2020-03-20,2,ELA
2020-03-13,2020-03-20,3,CBB
2020-03-13,2020-03-20,4,XLRN
2020-03-13,2020-03-20,5,REGI
2020-03-13,2020-03-20,6,AMN
2020-03-13,2020-03-20,7,CCXI
2020-03-13,2020-03-20,8,MHH
2020-03-13,2020-03-20,9,TDOC
2020-03-13,2020-03-20,10,RGEN
2020-03-13,2020-03-20,11,RARX
2020-03-13,2020-03-20,12,VNET
2020-03-13,2020-03-20,13,AHCO
2020-03-13,2020-03-20,14,EHTH
2020-03-13,2020-03-20,15,TAL
2020-03-20,2020-03-27,1,FTSV
2020-03-20,2020-03-27,2,TDOC
2020-03-20,2020-03-27,3,SAFE
2020-03-20,2020-03-27,4,CBB
2020-03-20,2020-03-27,5,LM
2020-03-20,2020-03-27,6,VNET
2020-03-20,2020-03-27,7,ELA
2020-03-20,2020-03-27,8,RARX
2020-03-20,2020-03-27,9,ALEC
2020-03-20,2020-03-27,10,CCXI
2020-03-20,2020-03-27,11,VIPS
2020-03-20,2020-03-27,12,XLRN
2020-03-20,2020-03-27,13,ZLAB
2020-03-20,2020-03-27,14,TAL
2020-03-20,2020-03-27,15,ARVN
2020-03-27,2020-04-03,1,FTSV
2020-03-27,2020-04-03,2,TDOC
2020-03-27,2020-04-03,3,RNG
2020-03-27,2020-04-03,4,SAFE
2020-03-27,2020-04-03,5,RARX
2020-03-27,2020-04-03,6,XLRN
2020-03-27,2020-04-03,7,CBB
2020-03-27,2020-04-03,8,IOTS
2020-03-27,2020-04-03,9,DXCM
2020-03-27,2020-04-03,10,LM
2020-03-27,2020-04-03,11,IOVA
2020-03-27,2020-04-03,12,EHTH
2020-03-27,2020-04-03,13,ELMD
2020-03-27,2020-04-03,14,COE
2020-03-27,2020-04-03,15,VNET
2020-04-03,2020-04-10,1,CBB
2020-04-03,2020-04-10,2,AHCO
2020-04-03,2020-04-10,3,TDOC
2020-04-03,2020-04-10,4,CCOI
2020-04-03,2020-04-10,5,LM
2020-04-03,2020-04-10,6,KNSA
2020-04-03,2020-04-10,7,MRNA
2020-04-03,2020-04-10,8,DXCM
2020-04-03,2020-04-10,9,REGN
2020-04-03,2020-04-10,10,EHTH
2020-04-03,2020-04-10,11,RNG
2020-04-03,2020-04-10,12,NG
2020-04-03,2020-04-10,13,SMED
2020-04-03,2020-04-10,14,IOTS
2020-04-03,2020-04-10,15,NEM
2020-04-10,2020-04-17,1,LM
2020-04-10,2020-04-17,2,AHCO
2020-04-10,2020-04-17,3,REGN
2020-04-10,2020-04-17,4,ZLAB
2020-04-10,2020-04-17,5,CBB
2020-04-10,2020-04-17,6,DRD
2020-04-10,2020-04-17,7,CCOI
2020-04-10,2020-04-17,8,XLRN
2020-04-10,2020-04-17,9,FCN
2020-04-10,2020-04-17,10,SBAC
2020-04-10,2020-04-17,11,GCAP
2020-04-10,2020-04-17,12,FIT
2020-04-10,2020-04-17,13,ZTO
2020-04-10,2020-04-17,14,SMED
2020-04-10,2020-04-17,15,EQIX
2020-04-17,2020-04-24,1,TDOC
2020-04-17,2020-04-24,2,CCXI
2020-04-17,2020-04-24,3,ZLAB
2020-04-17,2020-04-24,4,KALA
2020-04-17,2020-04-24,5,DXCM
2020-04-17,2020-04-24,6,XLRN
2020-04-17,2020-04-24,7,REGN
2020-04-17,2020-04-24,8,LM
2020-04-17,2020-04-24,9,NGNE
2020-04-17,2020-04-24,10,PETS
2020-04-17,2020-04-24,11,MRNA
2020-04-17,2020-04-24,12,SHOP
2020-04-17,2020-04-24,13,FATE
2020-04-17,2020-04-24,14,SE
2020-04-17,2020-04-24,15,ALNY
2020-04-24,2020-05-01,1,DXCM
2020-04-24,2020-05-01,2,TDOC
2020-04-24,2020-05-01,3,NAT
2020-04-24,2020-05-01,4,CGEN
2020-04-24,2020-05-01,5,DRD
2020-04-24,2020-05-01,6,CCXI
2020-04-24,2020-05-01,7,SE
2020-04-24,2020-05-01,8,XLRN
2020-04-24,2020-05-01,9,QDEL
2020-04-24,2020-05-01,10,IPHI
2020-04-24,2020-05-01,11,DOCU
2020-04-24,2020-05-01,12,GEN
2020-04-24,2020-05-01,13,LM
2020-04-24,2020-05-01,14,REGN
2020-04-24,2020-05-01,15,IOVA
2020-05-01,2020-05-08,1,DRD
2020-05-01,2020-05-08,2,ELA
2020-05-01,2020-05-08,3,CCXI
2020-05-01,2020-05-08,4,DXCM
2020-05-01,2020-05-08,5,ARCT
2020-05-01,2020-05-08,6,AIOS
2020-05-01,2020-05-08,7,AUDC
2020-05-01,2020-05-08,8,LM
2020-05-01,2020-05-08,9,QDEL
2020-05-01,2020-05-08,10,IOTS
2020-05-01,2020-05-08,11,SE
2020-05-01,2020-05-08,12,CBB
2020-05-01,2020-05-08,13,FNV
2020-05-01,2020-05-08,14,GEN
2020-05-01,2020-05-08,15,B
2020-05-08,2020-05-15,1,STMP
2020-05-08,2020-05-15,2,CCXI
2020-05-08,2020-05-15,3,CUE
2020-05-08,2020-05-15,4,RVP
2020-05-08,2020-05-15,5,CGEN
2020-05-08,2020-05-15,6,ZLAB
2020-05-08,2020-05-15,7,NGNE
2020-05-08,2020-05-15,8,ENPH
2020-05-08,2020-05-15,9,MRNA
2020-05-08,2020-05-15,10,DXCM
2020-05-08,2020-05-15,11,NEM
2020-05-08,2020-05-15,12,VNET
2020-05-08,2020-05-15,13,XLRN
2020-05-08,2020-05-15,14,SE
2020-05-08,2020-05-15,15,ELA
2020-05-15,2020-05-22,1,DRD
2020-05-15,2020-05-22,2,SHOP
2020-05-15,2020-05-22,3,MRNA
2020-05-15,2020-05-22,4,RCUS
2020-05-15,2020-05-22,5,DXCM
2020-05-15,2020-05-22,6,NEM
2020-05-15,2020-05-22,7,REGN
2020-05-15,2020-05-22,8,NVAX
2020-05-15,2020-05-22,9,KGC
2020-05-15,2020-05-22,10,ACMR
2020-05-15,2020-05-22,11,NVDA
2020-05-15,2020-05-22,12,DOCU
2020-05-15,2020-05-22,13,KALA
2020-05-15,2020-05-22,14,B
2020-05-15,2020-05-22,15,FIVN
2020-05-22,2020-05-29,1,CCXI
2020-05-22,2020-05-29,2,SHOP
2020-05-22,2020-05-29,3,IOVA
2020-05-22,2020-05-29,4,FATE
2020-05-22,2020-05-29,5,PDD
2020-05-22,2020-05-29,6,CUE
2020-05-22,2020-05-29,7,TGTX
2020-05-22,2020-05-29,8,IPHI
2020-05-22,2020-05-29,9,ALT
2020-05-22,2020-05-29,10,RCUS
2020-05-22,2020-05-29,11,KALA
2020-05-22,2020-05-29,12,IMMU
2020-05-22,2020-05-29,13,SE
2020-05-22,2020-05-29,14,NVDA
2020-05-22,2020-05-29,15,AIOS
2020-05-29,2020-06-05,1,AIOS
2020-05-29,2020-06-05,2,CCXI
2020-05-29,2020-06-05,3,ZM
2020-05-29,2020-06-05,4,IPHI
2020-05-29,2020-06-05,5,MHH
2020-05-29,2020-06-05,6,GEN
2020-05-29,2020-06-05,7,REGN
2020-05-29,2020-06-05,8,DOCU
2020-05-29,2020-06-05,9,PRTS
2020-05-29,2020-06-05,10,AUDC
2020-05-29,2020-06-05,11,ZLAB
2020-05-29,2020-06-05,12,CGEN
2020-05-29,2020-06-05,13,CMCL
2020-05-29,2020-06-05,14,CALX
2020-05-29,2020-06-05,15,DRD
2020-06-05,2020-06-12,1,MHH
2020-06-05,2020-06-12,2,SE
2020-06-05,2020-06-12,3,EVER
2020-06-05,2020-06-12,4,VICR
2020-06-05,2020-06-12,5,NVDA
2020-06-05,2020-06-12,6,MTSI
2020-06-05,2020-06-12,7,JD
2020-06-05,2020-06-12,8,CCXI
2020-06-05,2020-06-12,9,CVNA
2020-06-05,2020-06-12,10,PDD
2020-06-05,2020-06-12,11,MPWR
2020-06-05,2020-06-12,12,LSCC
2020-06-05,2020-06-12,13,SEDG
2020-06-05,2020-06-12,14,BAND
2020-06-05,2020-06-12,15,PW
2020-06-12,2020-06-19,1,CCXI
2020-06-12,2020-06-19,2,MHH
2020-06-12,2020-06-19,3,PDD
2020-06-12,2020-06-19,4,DRD
2020-06-12,2020-06-19,5,RVP
2020-06-12,2020-06-19,6,DOCU
2020-06-12,2020-06-19,7,BILI
2020-06-12,2020-06-19,8,W
2020-06-12,2020-06-19,9,ZM
2020-06-12,2020-06-19,10,SE
2020-06-12,2020-06-19,11,EVER
2020-06-12,2020-06-19,12,GOTU
2020-06-12,2020-06-19,13,PW
2020-06-12,2020-06-19,14,FSLY
2020-06-12,2020-06-19,15,CYTK
2020-06-19,2020-06-26,1,MLSS
2020-06-19,2020-06-26,2,NGNE
2020-06-19,2020-06-26,3,NVAX
2020-06-19,2020-06-26,4,IMMU
2020-06-19,2020-06-26,5,W
2020-06-19,2020-06-26,6,EVER
2020-06-19,2020-06-26,7,ATOM
2020-06-19,2020-06-26,8,PDD
2020-06-19,2020-06-26,9,SHOP
2020-06-19,2020-06-26,10,TDOC
2020-06-19,2020-06-26,11,MGNX
2020-06-19,2020-06-26,12,TSLA
2020-06-19,2020-06-26,13,NAK
2020-06-19,2020-06-26,14,ZM
2020-06-19,2020-06-26,15,CYTK
2020-06-26,2020-07-03,1,QDEL
2020-06-26,2020-07-03,2,ELA
2020-06-26,2020-07-03,3,DRD
2020-06-26,2020-07-03,4,DOCU
2020-06-26,2020-07-03,5,SCNI
2020-06-26,2020-07-03,6,FSLY
2020-06-26,2020-07-03,7,SHOP
2020-06-26,2020-07-03,8,ZM
2020-06-26,2020-07-03,9,ALT
2020-06-26,2020-07-03,10,NAK
2020-06-26,2020-07-03,11,VNET
2020-06-26,2020-07-03,12,TWLO
2020-06-26,2020-07-03,13,WIX
2020-06-26,2020-07-03,14,PDD
2020-06-26,2020-07-03,15,FVRR
2020-07-03,2020-07-10,1,ZM
2020-07-03,2020-07-10,2,IMMU
2020-07-03,2020-07-10,3,NXH
2020-07-03,2020-07-10,4,TSLA
2020-07-03,2020-07-10,5,QDEL
2020-07-03,2020-07-10,6,FVRR
2020-07-03,2020-07-10,7,SE
2020-07-03,2020-07-10,8,BLDP
2020-07-03,2020-07-10,9,TDOC
2020-07-03,2020-07-10,10,NIO
2020-07-03,2020-07-10,11,PDD
2020-07-03,2020-07-10,12,WIX
2020-07-03,2020-07-10,13,FUTU
2020-07-03,2020-07-10,14,DCTH
2020-07-03,2020-07-10,15,SCNI
2020-07-10,2020-07-17,1,TSLA
2020-07-10,2020-07-17,2,QDEL
2020-07-10,2020-07-17,3,ZM
2020-07-10,2020-07-17,4,GOTU
2020-07-10,2020-07-17,5,PRTS
2020-07-10,2020-07-17,6,PRPL
2020-07-10,2020-07-17,7,EVER
2020-07-10,2020-07-17,8,TDOC
2020-07-10,2020-07-17,9,SCNI
2020-07-10,2020-07-17,10,SEDG
2020-07-10,2020-07-17,11,FVRR
2020-07-10,2020-07-17,12,DXCM
2020-07-10,2020-07-17,13,CELH
2020-07-10,2020-07-17,14,PLMR
2020-07-10,2020-07-17,15,BWEN
2020-07-17,2020-07-24,1,MRNA
2020-07-17,2020-07-24,2,QDEL
2020-07-17,2020-07-24,3,DCTH
2020-07-17,2020-07-24,4,PRTS
2020-07-17,2020-07-24,5,STMP
2020-07-17,2020-07-24,6,NVAX
2020-07-17,2020-07-24,7,IMMU
2020-07-17,2020-07-24,8,CELH
2020-07-17,2020-07-24,9,RH
2020-07-17,2020-07-24,10,CVNA
2020-07-17,2020-07-24,11,KOPN
2020-07-17,2020-07-24,12,SEDG
2020-07-17,2020-07-24,13,CALX
2020-07-17,2020-07-24,14,CWH
2020-07-17,2020-07-24,15,SPWH
2020-07-24,2020-07-31,1,DRD
2020-07-24,2020-07-31,2,SPWH
2020-07-24,2020-07-31,3,CMCL
2020-07-24,2020-07-31,4,DCTH
2020-07-24,2020-07-31,5,RH
2020-07-24,2020-07-31,6,ACH
2020-07-24,2020-07-31,7,VICR
2020-07-24,2020-07-31,8,CLGX
2020-07-24,2020-07-31,9,CVNA
2020-07-24,2020-07-31,10,XLRN
2020-07-24,2020-07-31,11,ESCA
2020-07-24,2020-07-31,12,EDUC
2020-07-24,2020-07-31,13,RVP
2020-07-24,2020-07-31,14,TAL
2020-07-24,2020-07-31,15,GFI
2020-07-31,2020-08-07,1,DOCU
2020-07-31,2020-08-07,2,STMP
2020-07-31,2020-08-07,3,FVRR
2020-07-31,2020-08-07,4,ACMR
2020-07-31,2020-08-07,5,TWLO
2020-07-31,2020-08-07,6,ETSY
2020-07-31,2020-08-07,7,QDEL
2020-07-31,2020-08-07,8,LVGO
2020-07-31,2020-08-07,9,TDOC
2020-07-31,2020-08-07,10,W
2020-07-31,2020-08-07,11,VIPS
2020-07-31,2020-08-07,12,OSPN
2020-07-31,2020-08-07,13,GOTU
2020-07-31,2020-08-07,14,PRPL
2020-07-31,2020-08-07,15,SLP
2020-08-07,2020-08-14,1,DCTH
2020-08-07,2020-08-14,2,PLMR
2020-08-07,2020-08-14,3,CALX
2020-08-07,2020-08-14,4,SPWH
2020-08-07,2020-08-14,5,PLUG
2020-08-07,2020-08-14,6,NVDA
2020-08-07,2020-08-14,7,RRC
2020-08-07,2020-08-14,8,CLCT
2020-08-07,2020-08-14,9,GMAB
2020-08-07,2020-08-14,10,ETSY
2020-08-07,2020-08-14,11,VIPS
2020-08-07,2020-08-14,12,DXCM
2020-08-07,2020-08-14,13,RGR
2020-08-07,2020-08-14,14,EQT
2020-08-07,2020-08-14,15,STMP
2020-08-14,2020-08-21,1,LINC
2020-08-14,2020-08-21,2,GRVY
2020-08-14,2020-08-21,3,NVDA
2020-08-14,2020-08-21,4,DCTH
2020-08-14,2020-08-21,5,INFU
2020-08-14,2020-08-21,6,CGEN
2020-08-14,2020-08-21,7,SPWH
2020-08-14,2020-08-21,8,NGHC
2020-08-14,2020-08-21,9,EBS
2020-08-14,2020-08-21,10,HZO
2020-08-14,2020-08-21,11,VICR
2020-08-14,2020-08-21,12,LOGI
2020-08-14,2020-08-21,13,RH
2020-08-14,2020-08-21,14,KRNT
2020-08-14,2020-08-21,15,RRC
2020-08-21,2020-08-28,1,TSLA
2020-08-21,2020-08-28,2,W
2020-08-21,2020-08-28,3,CRDF
2020-08-21,2020-08-28,4,SAM
2020-08-21,2020-08-28,5,VSLR
2020-08-21,2020-08-28,6,PRNB
2020-08-21,2020-08-28,7,ZM
2020-08-21,2020-08-28,8,RUN
2020-08-21,2020-08-28,9,NVDA
2020-08-21,2020-08-28,10,AEYE
2020-08-21,2020-08-28,11,SPWH
2020-08-21,2020-08-28,12,ACH
2020-08-21,2020-08-28,13,JD
2020-08-21,2020-08-28,14,ZS
2020-08-21,2020-08-28,15,ARCT
2020-08-28,2020-09-04,1,VSLR
2020-08-28,2020-09-04,2,RUN
2020-08-28,2020-09-04,3,ZM
2020-08-28,2020-09-04,4,NVDA
2020-08-28,2020-09-04,5,PLMR
2020-08-28,2020-09-04,6,SOGO
2020-08-28,2020-09-04,7,VICR
2020-08-28,2020-09-04,8,TGTX
2020-08-28,2020-09-04,9,ZS
2020-08-28,2020-09-04,10,CALX
2020-08-28,2020-09-04,11,TSLA
2020-08-28,2020-09-04,12,AMD
2020-08-28,2020-09-04,13,SAM
2020-08-28,2020-09-04,14,SVM
2020-08-28,2020-09-04,15,BGS
2020-09-04,2020-09-11,1,GRVY
2020-09-04,2020-09-11,2,SOGO
2020-09-04,2020-09-11,3,TGB
2020-09-04,2020-09-11,4,SGRY
2020-09-04,2020-09-11,5,PRNB
2020-09-04,2020-09-11,6,MJCO
2020-09-04,2020-09-11,7,MNTA
2020-09-04,2020-09-11,8,SBSW
2020-09-04,2020-09-11,9,CLFD
2020-09-04,2020-09-11,10,REGI
2020-09-04,2020-09-11,11,ACH
2020-09-04,2020-09-11,12,EVH
2020-09-04,2020-09-11,13,NFE
2020-09-04,2020-09-11,14,IMMU
2020-09-04,2020-09-11,15,NGHC
2020-09-11,2020-09-18,1,WKHS
2020-09-11,2020-09-18,2,GRVY
2020-09-11,2020-09-18,3,FVRR
2020-09-11,2020-09-18,4,SGRY
2020-09-11,2020-09-18,5,VSLR
2020-09-11,2020-09-18,6,RUN
2020-09-11,2020-09-18,7,GOLD
2020-09-11,2020-09-18,8,SBSW
2020-09-11,2020-09-18,9,MJCO
2020-09-11,2020-09-18,10,SOGO
2020-09-11,2020-09-18,11,PRNB
2020-09-11,2020-09-18,12,IMVT
2020-09-11,2020-09-18,13,HURA
2020-09-11,2020-09-18,14,FRTA
2020-09-11,2020-09-18,15,DKNG
2020-09-18,2020-09-25,1,WKHS
2020-09-18,2020-09-25,2,ALTO
2020-09-18,2020-09-25,3,GRVY
2020-09-18,2020-09-25,4,DKNG
2020-09-18,2020-09-25,5,MNTA
2020-09-18,2020-09-25,6,MGNX
2020-09-18,2020-09-25,7,APPS
2020-09-18,2020-09-25,8,TGB
2020-09-18,2020-09-25,9,IMMU
2020-09-18,2020-09-25,10,Z
2020-09-18,2020-09-25,11,RUN
2020-09-18,2020-09-25,12,ZG
2020-09-18,2020-09-25,13,FBIO
2020-09-18,2020-09-25,14,VSLR
2020-09-18,2020-09-25,15,SAM
2020-09-25,2020-10-02,1,VSLR
2020-09-25,2020-10-02,2,RUN
2020-09-25,2020-10-02,3,MNTA
2020-09-25,2020-10-02,4,IMMU
2020-09-25,2020-10-02,5,FVRR
2020-09-25,2020-10-02,6,ZG
2020-09-25,2020-10-02,7,TWST
2020-09-25,2020-10-02,8,GRVY
2020-09-25,2020-10-02,9,PTON
2020-09-25,2020-10-02,10,Z
2020-09-25,2020-10-02,11,LVGO
2020-09-25,2020-10-02,12,DKNG
2020-09-25,2020-10-02,13,SE
2020-09-25,2020-10-02,14,CRDF
2020-09-25,2020-10-02,15,NFE
2020-10-02,2020-10-09,1,DKNG
2020-10-02,2020-10-09,2,PLUG
2020-10-02,2020-10-09,3,TRUP
2020-10-02,2020-10-09,4,IMMU
2020-10-02,2020-10-09,5,XYZ
2020-10-02,2020-10-09,6,ZG
2020-10-02,2020-10-09,7,Z
2020-10-02,2020-10-09,8,FVRR
2020-10-02,2020-10-09,9,PTON
2020-10-02,2020-10-09,10,HOV
2020-10-02,2020-10-09,11,NFE
2020-10-02,2020-10-09,12,SOGO
2020-10-02,2020-10-09,13,LAD
2020-10-02,2020-10-09,14,REGI
2020-10-02,2020-10-09,15,ENPH
2020-10-09,2020-10-16,1,AGNT
2020-10-09,2020-10-16,2,SE
2020-10-09,2020-10-16,3,PRPL
2020-10-09,2020-10-16,4,IRTC
2020-10-09,2020-10-16,5,PTON
2020-10-09,2020-10-16,6,FVRR
2020-10-09,2020-10-16,7,TRUP
2020-10-09,2020-10-16,8,TXG
2020-10-09,2020-10-16,9,IMVT
2020-10-09,2020-10-16,10,NIU
2020-10-09,2020-10-16,11,GOLD
2020-10-09,2020-10-16,12,REGI
2020-10-09,2020-10-16,13,IMMU
2020-10-09,2020-10-16,14,FSLY
2020-10-09,2020-10-16,15,CRDF
2020-10-16,2020-10-23,1,IMMU
2020-10-16,2020-10-23,2,ZM
2020-10-16,2020-10-23,3,PRPL
2020-10-16,2020-10-23,4,MCRB
2020-10-16,2020-10-23,5,SOGO
2020-10-16,2020-10-23,6,NIO
2020-10-16,2020-10-23,7,MYOK
2020-10-16,2020-10-23,8,ELLO
2020-10-16,2020-10-23,9,TRUP
2020-10-16,2020-10-23,10,PACB
2020-10-16,2020-10-23,11,IMVT
2020-10-16,2020-10-23,12,TXG
2020-10-16,2020-10-23,13,GOLD
2020-10-16,2020-10-23,14,KURA
2020-10-16,2020-10-23,15,LB
2020-10-23,2020-10-30,1,DLTH
2020-10-23,2020-10-30,2,CRNC
2020-10-23,2020-10-30,3,MYOK
2020-10-23,2020-10-30,4,SAM
2020-10-23,2020-10-30,5,SOGO
2020-10-23,2020-10-30,6,LB
2020-10-23,2020-10-30,7,KOD
2020-10-23,2020-10-30,8,HOME
2020-10-23,2020-10-30,9,PINS
2020-10-23,2020-10-30,10,IMVT
2020-10-23,2020-10-30,11,GNRC
2020-10-23,2020-10-30,12,PBI
2020-10-23,2020-10-30,13,FRHC
2020-10-23,2020-10-30,14,RH
2020-10-23,2020-10-30,15,STAA
2020-10-30,2020-11-06,1,NIO
2020-10-30,2020-11-06,2,IMVT
2020-10-30,2020-11-06,3,MYOK
2020-10-30,2020-11-06,4,SOGO
2020-10-30,2020-11-06,5,GNRC
2020-10-30,2020-11-06,6,SAM
2020-10-30,2020-11-06,7,JD
2020-10-30,2020-11-06,8,LOB
2020-10-30,2020-11-06,9,PRCP
2020-10-30,2020-11-06,10,FIVN
2020-10-30,2020-11-06,11,ACH
2020-10-30,2020-11-06,12,SE
2020-10-30,2020-11-06,13,RARE
2020-10-30,2020-11-06,14,ARA
2020-10-30,2020-11-06,15,LB
2020-11-06,2020-11-13,1,MYOK
2020-11-06,2020-11-13,2,SE
2020-11-06,2020-11-13,3,FVRR
2020-11-06,2020-11-13,4,PLUG
2020-11-06,2020-11-13,5,TWST
2020-11-06,2020-11-13,6,IMVT
2020-11-06,2020-11-13,7,ZG
2020-11-06,2020-11-13,8,APPS
2020-11-06,2020-11-13,9,ENPH
2020-11-06,2020-11-13,10,Z
2020-11-06,2020-11-13,11,XYZ
2020-11-06,2020-11-13,12,NIO
2020-11-06,2020-11-13,13,JD
2020-11-06,2020-11-13,14,KOD
2020-11-06,2020-11-13,15,MCRB
2020-11-13,2020-11-20,1,CELH
2020-11-13,2020-11-20,2,PACB
2020-11-13,2020-11-20,3,OCUL
2020-11-13,2020-11-20,4,IMVT
2020-11-13,2020-11-20,5,CLPT
2020-11-13,2020-11-20,6,IRTC
2020-11-13,2020-11-20,7,CRNC
2020-11-13,2020-11-20,8,LOB
2020-11-13,2020-11-20,9,KURA
2020-11-13,2020-11-20,10,SE
2020-11-13,2020-11-20,11,HOV
2020-11-13,2020-11-20,12,CLDX
2020-11-13,2020-11-20,13,MCRB
2020-11-13,2020-11-20,14,SOGO
2020-11-13,2020-11-20,15,KRNT
2020-11-20,2020-11-27,1,FVRR
2020-11-20,2020-11-27,2,CRNC
2020-11-20,2020-11-27,3,KOD
2020-11-20,2020-11-27,4,TWST
2020-11-20,2020-11-27,5,SOGO
2020-11-20,2020-11-27,6,SE
2020-11-20,2020-11-27,7,ENPH
2020-11-20,2020-11-27,8,CLPT
2020-11-20,2020-11-27,9,CDNA
2020-11-20,2020-11-27,10,OCUL
2020-11-20,2020-11-27,11,CRDF
2020-11-20,2020-11-27,12,TRUP
2020-11-20,2020-11-27,13,TSLA
2020-11-20,2020-11-27,14,CELH
2020-11-20,2020-11-27,15,PSNL
2020-11-27,2020-12-04,1,CRC
2020-11-27,2020-12-04,2,PINS
2020-11-27,2020-12-04,3,NET
2020-11-27,2020-12-04,4,ETSY
2020-11-27,2020-12-04,5,TRIB
2020-11-27,2020-12-04,6,VERI
2020-11-27,2020-12-04,7,TSLA
2020-11-27,2020-12-04,8,STRT
2020-11-27,2020-12-04,9,TTD
2020-11-27,2020-12-04,10,OCUL
2020-11-27,2020-12-04,11,CRNC
2020-11-27,2020-12-04,12,UMC
2020-11-27,2020-12-04,13,SRRK
2020-11-27,2020-12-04,14,CHWY
2020-11-27,2020-12-04,15,BILI
2020-12-04,2020-12-11,1,PACB
2020-12-04,2020-12-11,2,ARCT
2020-12-04,2020-12-11,3,OCUL
2020-12-04,2020-12-11,4,DNLI
2020-12-04,2020-12-11,5,NET
2020-12-04,2020-12-11,6,EIGI
2020-12-04,2020-12-11,7,TTD
2020-12-04,2020-12-11,8,FRHC
2020-12-04,2020-12-11,9,TSLA
2020-12-04,2020-12-11,10,SNAP
2020-12-04,2020-12-11,11,CDNA
2020-12-04,2020-12-11,12,INSP
2020-12-04,2020-12-11,13,ROKU
2020-12-04,2020-12-11,14,NVCR
2020-12-04,2020-12-11,15,SE
2020-12-11,2020-12-18,1,OCUL
2020-12-11,2020-12-18,2,EIGI
2020-12-11,2020-12-18,3,TTD
2020-12-11,2020-12-18,4,ZG
2020-12-11,2020-12-18,5,DNLI
2020-12-11,2020-12-18,6,SNAP
2020-12-11,2020-12-18,7,Z
2020-12-11,2020-12-18,8,FRHC
2020-12-11,2020-12-18,9,DAR
2020-12-11,2020-12-18,10,ETSY
2020-12-11,2020-12-18,11,RARE
2020-12-11,2020-12-18,12,PINS
2020-12-11,2020-12-18,13,ROKU
2020-12-11,2020-12-18,14,TWLO
2020-12-11,2020-12-18,15,OPRX
2020-12-18,2020-12-25,1,BEEM
2020-12-18,2020-12-25,2,GRVY
2020-12-18,2020-12-25,3,UPWK
2020-12-18,2020-12-25,4,DNLI
2020-12-18,2020-12-25,5,CLPT
2020-12-18,2020-12-25,6,CALX
2020-12-18,2020-12-25,7,TRUP
2020-12-18,2020-12-25,8,PDEX
2020-12-18,2020-12-25,9,TTD
2020-12-18,2020-12-25,10,EIGI
2020-12-18,2020-12-25,11,XYZ
2020-12-18,2020-12-25,12,TGTX
2020-12-18,2020-12-25,13,RARE
2020-12-18,2020-12-25,14,HUBS
2020-12-18,2020-12-25,15,ETSY
2020-12-25,2021-01-01,1,BEEM
2020-12-25,2021-01-01,2,CELH
2020-12-25,2021-01-01,3,NFE
2020-12-25,2021-01-01,4,MGNI
2020-12-25,2021-01-01,5,EIGI
2020-12-25,2021-01-01,6,NTRA
2020-12-25,2021-01-01,7,KOD
2020-12-25,2021-01-01,8,ENPH
2020-12-25,2021-01-01,9,HUBS
2020-12-25,2021-01-01,10,BE
2020-12-25,2021-01-01,11,BLDP
2020-12-25,2021-01-01,12,FLL
2020-12-25,2021-01-01,13,ZLAB
2020-12-25,2021-01-01,14,BMCH
2020-12-25,2021-01-01,15,PTON
2021-01-01,2021-01-08,1,TSLA
2021-01-01,2021-01-08,2,EIGI
2021-01-01,2021-01-08,3,ZLAB
2021-01-01,2021-01-08,4,BEEM
2021-01-01,2021-01-08,5,EIDX
2021-01-01,2021-01-08,6,CELH
2021-01-01,2021-01-08,7,CLF
2021-01-01,2021-01-08,8,PDD
2021-01-01,2021-01-08,9,DAC
2021-01-01,2021-01-08,10,MSTR
2021-01-01,2021-01-08,11,FLXS
2021-01-01,2021-01-08,12,VNET
2021-01-01,2021-01-08,13,SGRY
2021-01-01,2021-01-08,14,LSCC
2021-01-01,2021-01-08,15,VRTS
2021-01-08,2021-01-15,1,CELH
2021-01-08,2021-01-15,2,NIO
2021-01-08,2021-01-15,3,TSLA
2021-01-08,2021-01-15,4,RUN
2021-01-08,2021-01-15,5,VERI
2021-01-08,2021-01-15,6,TWI
2021-01-08,2021-01-15,7,MTSC
2021-01-08,2021-01-15,8,SID
2021-01-08,2021-01-15,9,STIM
2021-01-08,2021-01-15,10,ROKU
2021-01-08,2021-01-15,11,CRIS
2021-01-08,2021-01-15,12,SE
2021-01-08,2021-01-15,13,NUAN
2021-01-08,2021-01-15,14,CDNA
2021-01-08,2021-01-15,15,EIGI
2021-01-15,2021-01-22,1,CRIS
2021-01-15,2021-01-22,2,CRNC
2021-01-15,2021-01-22,3,SITM
2021-01-15,2021-01-22,4,AMR
2021-01-15,2021-01-22,5,CALX
2021-01-15,2021-01-22,6,BCRX
2021-01-15,2021-01-22,7,ZS
2021-01-15,2021-01-22,8,MTSC
2021-01-15,2021-01-22,9,ATER
2021-01-15,2021-01-22,10,ZLAB
2021-01-15,2021-01-22,11,ASPN
2021-01-15,2021-01-22,12,CDNA
2021-01-15,2021-01-22,13,RNET
2021-01-15,2021-01-22,14,VNET
2021-01-15,2021-01-22,15,NTRA
2021-01-22,2021-01-29,1,APPS
2021-01-22,2021-01-29,2,AGNT
2021-01-22,2021-01-29,3,MGNI
2021-01-22,2021-01-29,4,OPTT
2021-01-22,2021-01-29,5,JMIA
2021-01-22,2021-01-29,6,BE
2021-01-22,2021-01-29,7,CLCT
2021-01-22,2021-01-29,8,ZS
2021-01-22,2021-01-29,9,CRNC
2021-01-22,2021-01-29,10,SE
2021-01-22,2021-01-29,11,REGI
2021-01-22,2021-01-29,12,LOVE
2021-01-22,2021-01-29,13,PENN
2021-01-22,2021-01-29,14,PRPL
2021-01-22,2021-01-29,15,ATER
2021-01-29,2021-02-05,1,FLGT
2021-01-29,2021-02-05,2,SRRK
2021-01-29,2021-02-05,3,CLCT
2021-01-29,2021-02-05,4,PRTH
2021-01-29,2021-02-05,5,NVAX
2021-01-29,2021-02-05,6,ATEC
2021-01-29,2021-02-05,7,STRT
2021-01-29,2021-02-05,8,MTSC
2021-01-29,2021-02-05,9,AHCO
2021-01-29,2021-02-05,10,MRNA
2021-01-29,2021-02-05,11,CLDX
2021-01-29,2021-02-05,12,MDXG
2021-01-29,2021-02-05,13,PENN
2021-01-29,2021-02-05,14,CLIR
2021-01-29,2021-02-05,15,TTGT
2021-02-05,2021-02-12,1,MSTR
2021-02-05,2021-02-12,2,APPS
2021-02-05,2021-02-12,3,UPWK
2021-02-05,2021-02-12,4,AGNT
2021-02-05,2021-02-12,5,SRRK
2021-02-05,2021-02-12,6,SE
2021-02-05,2021-02-12,7,AMRC
2021-02-05,2021-02-12,8,PENN
2021-02-05,2021-02-12,9,DDD
2021-02-05,2021-02-12,10,GRWG
2021-02-05,2021-02-12,11,INOD
2021-02-05,2021-02-12,12,SMMT
2021-02-05,2021-02-12,13,CSTL
2021-02-05,2021-02-12,14,PLSE
2021-02-05,2021-02-12,15,DKNG
2021-02-12,2021-02-19,1,KOPN
2021-02-12,2021-02-19,2,VUZI
2021-02-12,2021-02-19,3,FVRR
2021-02-12,2021-02-19,4,AR
2021-02-12,2021-02-19,5,CRNC
2021-02-12,2021-02-19,6,OPRX
2021-02-12,2021-02-19,7,UMC
2021-02-12,2021-02-19,8,CHWY
2021-02-12,2021-02-19,9,WLL
2021-02-12,2021-02-19,10,BXC
2021-02-12,2021-02-19,11,SDGR
2021-02-12,2021-02-19,12,ZS
2021-02-12,2021-02-19,13,ATER
2021-02-12,2021-02-19,14,XYZ
2021-02-12,2021-02-19,15,INSP
2021-02-19,2021-02-26,1,CTRN
2021-02-19,2021-02-26,2,WLL
2021-02-19,2021-02-26,3,XOG
2021-02-19,2021-02-26,4,ZKIN
2021-02-19,2021-02-26,5,CLDX
2021-02-19,2021-02-26,6,SNAP
2021-02-19,2021-02-26,7,CLIR
2021-02-19,2021-02-26,8,VTGN
2021-02-19,2021-02-26,9,ATLC
2021-02-19,2021-02-26,10,VUZI
2021-02-19,2021-02-26,11,FCX
2021-02-19,2021-02-26,12,SE
2021-02-19,2021-02-26,13,IBRX
2021-02-19,2021-02-26,14,WK
2021-02-19,2021-02-26,15,OLN
2021-02-26,2021-03-05,1,PRTH
2021-02-26,2021-03-05,2,CALX
2021-02-26,2021-03-05,3,LE
2021-02-26,2021-03-05,4,ACH
2021-02-26,2021-03-05,5,CRC
2021-02-26,2021-03-05,6,INSP
2021-02-26,2021-03-05,7,RILY
2021-02-26,2021-03-05,8,WDR
2021-02-26,2021-03-05,9,SMTX
2021-02-26,2021-03-05,10,DAC
2021-02-26,2021-03-05,11,JYNT
2021-02-26,2021-03-05,12,SIG
2021-02-26,2021-03-05,13,PAR
2021-02-26,2021-03-05,14,DKNG
2021-02-26,2021-03-05,15,XOG
2021-03-05,2021-03-12,1,FPRX
2021-03-05,2021-03-12,2,XOG
2021-03-05,2021-03-12,3,MIK
2021-03-05,2021-03-12,4,AR
2021-03-05,2021-03-12,5,REZI
2021-03-05,2021-03-12,6,LBRT
2021-03-05,2021-03-12,7,CRC
2021-03-05,2021-03-12,8,VIPS
2021-03-05,2021-03-12,9,GWPH
2021-03-05,2021-03-12,10,MTDR
2021-03-05,2021-03-12,11,ANF
2021-03-05,2021-03-12,12,UNFI
2021-03-05,2021-03-12,13,IESC
2021-03-05,2021-03-12,14,XEC
2021-03-05,2021-03-12,15,SAN
2021-03-12,2021-03-19,1,TTI
2021-03-12,2021-03-19,2,ACRS
2021-03-12,2021-03-19,3,CALX
2021-03-12,2021-03-19,4,UEC
2021-03-12,2021-03-19,5,SSL
2021-03-12,2021-03-19,6,DY
2021-03-12,2021-03-19,7,HOME
2021-03-12,2021-03-19,8,ORGO
2021-03-12,2021-03-19,9,XOG
2021-03-12,2021-03-19,10,MTZ
2021-03-12,2021-03-19,11,EAT
2021-03-12,2021-03-19,12,PENN
2021-03-12,2021-03-19,13,IDT
2021-03-12,2021-03-19,14,SONO
2021-03-12,2021-03-19,15,SM
2021-03-19,2021-03-26,1,ACRS
2021-03-19,2021-03-26,2,DAC
2021-03-19,2021-03-26,3,CTRN
2021-03-19,2021-03-26,4,HOME
2021-03-19,2021-03-26,5,VCEL
2021-03-19,2021-03-26,6,VUZI
2021-03-19,2021-03-26,7,REKR
2021-03-19,2021-03-26,8,FPRX
2021-03-19,2021-03-26,9,ATEC
2021-03-19,2021-03-26,10,ORGO
2021-03-19,2021-03-26,11,MIK
2021-03-19,2021-03-26,12,KG
2021-03-19,2021-03-26,13,GIII
2021-03-19,2021-03-26,14,RH
2021-03-19,2021-03-26,15,NMM
2021-03-26,2021-04-02,1,XOG
2021-03-26,2021-04-02,2,AR
2021-03-26,2021-04-02,3,FPRX
2021-03-26,2021-04-02,4,MIK
2021-03-26,2021-04-02,5,CLIR
2021-03-26,2021-04-02,6,GNMK
2021-03-26,2021-04-02,7,ACH
2021-03-26,2021-04-02,8,SGRY
2021-03-26,2021-04-02,9,LOB
2021-03-26,2021-04-02,10,HOV
2021-03-26,2021-04-02,11,DAC
2021-03-26,2021-04-02,12,FRTA
2021-03-26,2021-04-02,13,RH
2021-03-26,2021-04-02,14,BW
2021-03-26,2021-04-02,15,IDT
2021-04-02,2021-04-09,1,HOV
2021-04-02,2021-04-09,2,AR
2021-04-02,2021-04-09,3,AVNW
2021-04-02,2021-04-09,4,GPRE
2021-04-02,2021-04-09,5,XOG
2021-04-02,2021-04-09,6,MIK
2021-04-02,2021-04-09,7,FPRX
2021-04-02,2021-04-09,8,CAR
2021-04-02,2021-04-09,9,SM
2021-04-02,2021-04-09,10,BW
2021-04-02,2021-04-09,11,TZOO
2021-04-02,2021-04-09,12,SGRY
2021-04-02,2021-04-09,13,DOO
2021-04-02,2021-04-09,14,CLIR
2021-04-02,2021-04-09,15,UCTT
2021-04-09,2021-04-16,1,XOG
2021-04-09,2021-04-16,2,LOVE
2021-04-09,2021-04-16,3,CAR
2021-04-09,2021-04-16,4,SID
2021-04-09,2021-04-16,5,LB
2021-04-09,2021-04-16,6,FPRX
2021-04-09,2021-04-16,7,MIK
2021-04-09,2021-04-16,8,BBW
2021-04-09,2021-04-16,9,DAC
2021-04-09,2021-04-16,10,BXC
2021-04-09,2021-04-16,11,BOOT
2021-04-09,2021-04-16,12,JYNT
2021-04-09,2021-04-16,13,LOB
2021-04-09,2021-04-16,14,AEO
2021-04-09,2021-04-16,15,VII
2021-04-16,2021-04-23,1,SID
2021-04-16,2021-04-23,2,RRD
2021-04-16,2021-04-23,3,XOG
2021-04-16,2021-04-23,4,LOB
2021-04-16,2021-04-23,5,RILY
2021-04-16,2021-04-23,6,CAR
2021-04-16,2021-04-23,7,HMHC
2021-04-16,2021-04-23,8,BXC
2021-04-16,2021-04-23,9,AA
2021-04-16,2021-04-23,10,HVT
2021-04-16,2021-04-23,11,HOV
2021-04-16,2021-04-23,12,SSL
2021-04-16,2021-04-23,13,LB
2021-04-16,2021-04-23,14,CTRN
2021-04-16,2021-04-23,15,LXU
2021-04-23,2021-04-30,1,CAR
2021-04-23,2021-04-30,2,TWI
2021-04-23,2021-04-30,3,CTRN
2021-04-23,2021-04-30,4,SGRY
2021-04-23,2021-04-30,5,LB
2021-04-23,2021-04-30,6,RH
2021-04-23,2021-04-30,7,ATI
2021-04-23,2021-04-30,8,INTT
2021-04-23,2021-04-30,9,XOG
2021-04-23,2021-04-30,10,AAC
2021-04-23,2021-04-30,11,HMHC
2021-04-23,2021-04-30,12,ATKR
2021-04-23,2021-04-30,13,BOOT
2021-04-23,2021-04-30,14,BYD
2021-04-23,2021-04-30,15,MT
2021-04-30,2021-05-07,1,XOG
2021-04-30,2021-05-07,2,CAR
2021-04-30,2021-05-07,3,RICK
2021-04-30,2021-05-07,4,AAC
2021-04-30,2021-05-07,5,FLY
2021-04-30,2021-05-07,6,HOV
2021-04-30,2021-05-07,7,WLL
2021-04-30,2021-05-07,8,BSET
2021-04-30,2021-05-07,9,KG
2021-04-30,2021-05-07,10,BBCP
2021-04-30,2021-05-07,11,SAN
2021-04-30,2021-05-07,12,IDT
2021-04-30,2021-05-07,13,HMHC
2021-04-30,2021-05-07,14,CUBI
2021-04-30,2021-05-07,15,FLL
2021-05-07,2021-05-14,1,BXC
2021-05-07,2021-05-14,2,TGB
2021-05-07,2021-05-14,3,TPL
2021-05-07,2021-05-14,4,FNKO
2021-05-07,2021-05-14,5,BNKU
2021-05-07,2021-05-14,6,CPRI
2021-05-07,2021-05-14,7,CAL
2021-05-07,2021-05-14,8,ATKR
2021-05-07,2021-05-14,9,HRI
2021-05-07,2021-05-14,10,SID
2021-05-07,2021-05-14,11,VEDL
2021-05-07,2021-05-14,12,CZR
2021-05-07,2021-05-14,13,WLL
2021-05-07,2021-05-14,14,FLY
2021-05-07,2021-05-14,15,TTI
2021-05-14,2021-05-21,1,RICK
2021-05-14,2021-05-21,2,AAC
2021-05-14,2021-05-21,3,IDT
2021-05-14,2021-05-21,4,OLN
2021-05-14,2021-05-21,5,FLY
2021-05-14,2021-05-21,6,AR
2021-05-14,2021-05-21,7,BBW
2021-05-14,2021-05-21,8,BNKU
2021-05-14,2021-05-21,9,VLRS
2021-05-14,2021-05-21,10,BOOT
2021-05-14,2021-05-21,11,SGRY
2021-05-14,2021-05-21,12,RRR
2021-05-14,2021-05-21,13,DBI
2021-05-14,2021-05-21,14,MVBF
2021-05-14,2021-05-21,15,GFN
2021-05-21,2021-05-28,1,CRC
2021-05-21,2021-05-28,2,AAC
2021-05-21,2021-05-28,3,FLY
2021-05-21,2021-05-28,4,XOG
2021-05-21,2021-05-28,5,CUBI
2021-05-21,2021-05-28,6,GFN
2021-05-21,2021-05-28,7,INTT
2021-05-21,2021-05-28,8,KRUS
2021-05-21,2021-05-28,9,HBP
2021-05-21,2021-05-28,10,OLN
2021-05-21,2021-05-28,11,WLL
2021-05-21,2021-05-28,12,FLL
2021-05-21,2021-05-28,13,STLA
2021-05-21,2021-05-28,14,HOME
2021-05-21,2021-05-28,15,IDT
2021-05-28,2021-06-04,1,WLL
2021-05-28,2021-06-04,2,GSM
2021-05-28,2021-06-04,3,LIVE
2021-05-28,2021-06-04,4,HRI
2021-05-28,2021-06-04,5,HOME
2021-05-28,2021-06-04,6,RRD
2021-05-28,2021-06-04,7,HMHC
2021-05-28,2021-06-04,8,TFII
2021-05-28,2021-06-04,9,WBT
2021-05-28,2021-06-04,10,JYNT
2021-05-28,2021-06-04,11,PDSB
2021-05-28,2021-06-04,12,SM
2021-05-28,2021-06-04,13,OMF
2021-05-28,2021-06-04,14,CUBI
2021-05-28,2021-06-04,15,MTDR
2021-06-04,2021-06-11,1,WLL
2021-06-04,2021-06-11,2,XOG
2021-06-04,2021-06-11,3,VAL
2021-06-04,2021-06-11,4,CRC
2021-06-04,2021-06-11,5,BNTX
2021-06-04,2021-06-11,6,SGRY
2021-06-04,2021-06-11,7,JYNT
2021-06-04,2021-06-11,8,INTT
2021-06-04,2021-06-11,9,REZI
2021-06-04,2021-06-11,10,CLFD
2021-06-04,2021-06-11,11,HMHC
2021-06-04,2021-06-11,12,XPEL
2021-06-04,2021-06-11,13,CTOS
2021-06-04,2021-06-11,14,CUBI
2021-06-04,2021-06-11,15,PR
2021-06-11,2021-06-18,1,XOG
2021-06-11,2021-06-18,2,SIG
2021-06-11,2021-06-18,3,AR
2021-06-11,2021-06-18,4,DAC
2021-06-11,2021-06-18,5,EXE
2021-06-11,2021-06-18,6,CAR
2021-06-11,2021-06-18,7,JYNT
2021-06-11,2021-06-18,8,ESEA
2021-06-11,2021-06-18,9,GSL
2021-06-11,2021-06-18,10,STGW
2021-06-11,2021-06-18,11,GNK
2021-06-11,2021-06-18,12,RRD
2021-06-11,2021-06-18,13,THC
2021-06-11,2021-06-18,14,WLL
2021-06-11,2021-06-18,15,GCO
2021-06-18,2021-06-25,1,WLL
2021-06-18,2021-06-25,2,HOME
2021-06-18,2021-06-25,3,CRC
2021-06-18,2021-06-25,4,ESEA
2021-06-18,2021-06-25,5,DAC
2021-06-18,2021-06-25,6,HQI
2021-06-18,2021-06-25,7,FINV
2021-06-18,2021-06-25,8,SGRY
2021-06-18,2021-06-25,9,SOLY
2021-06-18,2021-06-25,10,QRHC
2021-06-18,2021-06-25,11,JYNT
2021-06-18,2021-06-25,12,PR
2021-06-18,2021-06-25,13,FLY
2021-06-18,2021-06-25,14,SIG
2021-06-18,2021-06-25,15,VLRS
2021-06-25,2021-07-02,1,WLL
2021-06-25,2021-07-02,2,DAC
2021-06-25,2021-07-02,3,AAC
2021-06-25,2021-07-02,4,SM
2021-06-25,2021-07-02,5,ESTA
2021-06-25,2021-07-02,6,RILY
2021-06-25,2021-07-02,7,SOLY
2021-06-25,2021-07-02,8,LB
2021-06-25,2021-07-02,9,HDSN
2021-06-25,2021-07-02,10,VAL
2021-06-25,2021-07-02,11,CRC
2021-06-25,2021-07-02,12,AR
2021-06-25,2021-07-02,13,THC
2021-06-25,2021-07-02,14,EVC
2021-06-25,2021-07-02,15,PR
2021-07-02,2021-07-09,1,VAL
2021-07-02,2021-07-09,2,WLL
2021-07-02,2021-07-09,3,LB
2021-07-02,2021-07-09,4,SOLY
2021-07-02,2021-07-09,5,RVLV
2021-07-02,2021-07-09,6,RFL
2021-07-02,2021-07-09,7,XOG
2021-07-02,2021-07-09,8,GSM
2021-07-02,2021-07-09,9,HOME
2021-07-02,2021-07-09,10,ANVS
2021-07-02,2021-07-09,11,RILY
2021-07-02,2021-07-09,12,LE
2021-07-02,2021-07-09,13,QRHC
2021-07-02,2021-07-09,14,ESTA
2021-07-02,2021-07-09,15,EXE
2021-07-09,2021-07-16,1,AAC
2021-07-09,2021-07-16,2,LE
2021-07-09,2021-07-16,3,VAL
2021-07-09,2021-07-16,4,GSM
2021-07-09,2021-07-16,5,VLRS
2021-07-09,2021-07-16,6,JYNT
2021-07-09,2021-07-16,7,BTU
2021-07-09,2021-07-16,8,WBT
2021-07-09,2021-07-16,9,AR
2021-07-09,2021-07-16,10,ASTH
2021-07-09,2021-07-16,11,BLNE
2021-07-09,2021-07-16,12,QRHC
2021-07-09,2021-07-16,13,WLL
2021-07-09,2021-07-16,14,BWMX
2021-07-09,2021-07-16,15,IDT
2021-07-16,2021-07-23,1,CAI
2021-07-16,2021-07-23,2,HOME
2021-07-16,2021-07-23,3,JAX
2021-07-16,2021-07-23,4,KIN
2021-07-16,2021-07-23,5,UFS
2021-07-16,2021-07-23,6,VLRS
2021-07-16,2021-07-23,7,FLY
2021-07-16,2021-07-23,8,PTGX
2021-07-16,2021-07-23,9,NAVI
2021-07-16,2021-07-23,10,AFG
2021-07-16,2021-07-23,11,JYNT
2021-07-16,2021-07-23,12,HNRG
2021-07-16,2021-07-23,13,ANAT
2021-07-16,2021-07-23,14,CLAR
2021-07-16,2021-07-23,15,MRNA
2021-07-23,2021-07-30,1,LB
2021-07-23,2021-07-30,2,HMHC
2021-07-23,2021-07-30,3,XPEL
2021-07-23,2021-07-30,4,CAI
2021-07-23,2021-07-30,5,LDL
2021-07-23,2021-07-30,6,ASTH
2021-07-23,2021-07-30,7,MRNA
2021-07-23,2021-07-30,8,ATLC
2021-07-23,2021-07-30,9,LXU
2021-07-23,2021-07-30,10,ASPN
2021-07-23,2021-07-30,11,NET
2021-07-23,2021-07-30,12,EXE
2021-07-23,2021-07-30,13,BCRX
2021-07-23,2021-07-30,14,TFII
2021-07-23,2021-07-30,15,GNRC
2021-07-30,2021-08-06,1,LXU
2021-07-30,2021-08-06,2,PTGX
2021-07-30,2021-08-06,3,AMR
2021-07-30,2021-08-06,4,JAX
2021-07-30,2021-08-06,5,BOOT
2021-07-30,2021-08-06,6,CAI
2021-07-30,2021-08-06,7,LDL
2021-07-30,2021-08-06,8,LB
2021-07-30,2021-08-06,9,BNTX
2021-07-30,2021-08-06,10,GPRE
2021-07-30,2021-08-06,11,KIN
2021-07-30,2021-08-06,12,MT
2021-07-30,2021-08-06,13,UFS
2021-07-30,2021-08-06,14,HRI
2021-07-30,2021-08-06,15,ANAT
2021-08-06,2021-08-13,1,PAVM
2021-08-06,2021-08-13,2,SD
2021-08-06,2021-08-13,3,CNR
2021-08-06,2021-08-13,4,BTU
2021-08-06,2021-08-13,5,JAX
2021-08-06,2021-08-13,6,PACK
2021-08-06,2021-08-13,7,CAI
2021-08-06,2021-08-13,8,JYNT
2021-08-06,2021-08-13,9,LDL
2021-08-06,2021-08-13,10,KIN
2021-08-06,2021-08-13,11,NAVI
2021-08-06,2021-08-13,12,IDT
2021-08-06,2021-08-13,13,ATLC
2021-08-06,2021-08-13,14,ANAT
2021-08-06,2021-08-13,15,CLDX
2021-08-13,2021-08-20,1,HMHC
2021-08-13,2021-08-20,2,JAX
2021-08-13,2021-08-20,3,AMR
2021-08-13,2021-08-20,4,LDL
2021-08-13,2021-08-20,5,CROX
2021-08-13,2021-08-20,6,KIN
2021-08-13,2021-08-20,7,CAI
2021-08-13,2021-08-20,8,IDT
2021-08-13,2021-08-20,9,FTNT
2021-08-13,2021-08-20,10,MDP
2021-08-13,2021-08-20,11,COF
2021-08-13,2021-08-20,12,NAVI
2021-08-13,2021-08-20,13,TX
2021-08-13,2021-08-20,14,VEDL
2021-08-13,2021-08-20,15,DAVA
2021-08-20,2021-08-27,1,INMD
2021-08-20,2021-08-27,2,LDL
2021-08-20,2021-08-27,3,JAX
2021-08-20,2021-08-27,4,KIN
2021-08-20,2021-08-27,5,CLDX
2021-08-20,2021-08-27,6,DAC
2021-08-20,2021-08-27,7,NAVI
2021-08-20,2021-08-27,8,CAI
2021-08-20,2021-08-27,9,STGW
2021-08-20,2021-08-27,10,HMHC
2021-08-20,2021-08-27,11,STFC
2021-08-20,2021-08-27,12,NWHM
2021-08-20,2021-08-27,13,ORBC
2021-08-20,2021-08-27,14,CVA
2021-08-20,2021-08-27,15,DDS
2021-08-27,2021-09-03,1,ATLC
2021-08-27,2021-09-03,2,LDL
2021-08-27,2021-09-03,3,STGW
2021-08-27,2021-09-03,4,GSM
2021-08-27,2021-09-03,5,JAX
2021-08-27,2021-09-03,6,CRC
2021-08-27,2021-09-03,7,OLN
2021-08-27,2021-09-03,8,PRTA
2021-08-27,2021-09-03,9,NWHM
2021-08-27,2021-09-03,10,CROX
2021-08-27,2021-09-03,11,BTU
2021-08-27,2021-09-03,12,CNR
2021-08-27,2021-09-03,13,CAI
2021-08-27,2021-09-03,14,AMR
2021-08-27,2021-09-03,15,BX
2021-09-03,2021-09-10,1,PMTS
2021-09-03,2021-09-10,2,LDL
2021-09-03,2021-09-10,3,EXE
2021-09-03,2021-09-10,4,GSL
2021-09-03,2021-09-10,5,VAL
2021-09-03,2021-09-10,6,JAX
2021-09-03,2021-09-10,7,CLDX
2021-09-03,2021-09-10,8,SPT
2021-09-03,2021-09-10,9,INMD
2021-09-03,2021-09-10,10,STFC
2021-09-03,2021-09-10,11,JYNT
2021-09-03,2021-09-10,12,CELH
2021-09-03,2021-09-10,13,NET
2021-09-03,2021-09-10,14,GDYN
2021-09-03,2021-09-10,15,AR
2021-09-10,2021-09-17,1,ESEA
2021-09-10,2021-09-17,2,SD
2021-09-10,2021-09-17,3,CRC
2021-09-10,2021-09-17,4,STFC
2021-09-10,2021-09-17,5,LDL
2021-09-10,2021-09-17,6,CNR
2021-09-10,2021-09-17,7,AAC
2021-09-10,2021-09-17,8,VAL
2021-09-10,2021-09-17,9,JAX
2021-09-10,2021-09-17,10,AMR
2021-09-10,2021-09-17,11,GSL
2021-09-10,2021-09-17,12,FLNG
2021-09-10,2021-09-17,13,PRTA
2021-09-10,2021-09-17,14,AA
2021-09-10,2021-09-17,15,CELH
2021-09-17,2021-09-24,1,STFC
2021-09-17,2021-09-24,2,LXU
2021-09-17,2021-09-24,3,LDL
2021-09-17,2021-09-24,4,ESEA
2021-09-17,2021-09-24,5,PRTA
2021-09-17,2021-09-24,6,SPT
2021-09-17,2021-09-24,7,AAC
2021-09-17,2021-09-24,8,FULC
2021-09-17,2021-09-24,9,NAVI
2021-09-17,2021-09-24,10,CRC
2021-09-17,2021-09-24,11,VAL
2021-09-17,2021-09-24,12,NET
2021-09-17,2021-09-24,13,CVA
2021-09-17,2021-09-24,14,KNTK
2021-09-17,2021-09-24,15,INMD
2021-09-24,2021-10-01,1,VAL
2021-09-24,2021-10-01,2,STFC
2021-09-24,2021-10-01,3,LDL
2021-09-24,2021-10-01,4,VATE
2021-09-24,2021-10-01,5,SPT
2021-09-24,2021-10-01,6,HRI
2021-09-24,2021-10-01,7,QADB
2021-09-24,2021-10-01,8,AAC
2021-09-24,2021-10-01,9,INOD
2021-09-24,2021-10-01,10,ATKR
2021-09-24,2021-10-01,11,CLDX
2021-09-24,2021-10-01,12,DVN
2021-09-24,2021-10-01,13,INMD
2021-09-24,2021-10-01,14,CPLG
2021-09-24,2021-10-01,15,ASPN
2021-10-01,2021-10-08,1,VAL
2021-10-01,2021-10-08,2,KNTK
2021-10-01,2021-10-08,3,SM
2021-10-01,2021-10-08,4,STFC
2021-10-01,2021-10-08,5,AMR
2021-10-01,2021-10-08,6,AMPY
2021-10-01,2021-10-08,7,LXU
2021-10-01,2021-10-08,8,XOG
2021-10-01,2021-10-08,9,AAC
2021-10-01,2021-10-08,10,CNR
2021-10-01,2021-10-08,11,ASPN
2021-10-01,2021-10-08,12,FLNG
2021-10-01,2021-10-08,13,LEU
2021-10-01,2021-10-08,14,AR
2021-10-01,2021-10-08,15,TRGP
2021-10-08,2021-10-15,1,STFC
2021-10-08,2021-10-15,2,KNTK
2021-10-08,2021-10-15,3,GPOR
2021-10-08,2021-10-15,4,NET
2021-10-08,2021-10-15,5,QADB
2021-10-08,2021-10-15,6,NOG
2021-10-08,2021-10-15,7,AAC
2021-10-08,2021-10-15,8,VAL
2021-10-08,2021-10-15,9,EXE
2021-10-08,2021-10-15,10,AEHR
2021-10-08,2021-10-15,11,BNED
2021-10-08,2021-10-15,12,CVA
2021-10-08,2021-10-15,13,XOG
2021-10-08,2021-10-15,14,DAVA
2021-10-08,2021-10-15,15,MDP
2021-10-15,2021-10-22,1,XOG
2021-10-15,2021-10-22,2,KNTK
2021-10-15,2021-10-22,3,STFC
2021-10-15,2021-10-22,4,GSKY
2021-10-15,2021-10-22,5,VEDL
2021-10-15,2021-10-22,6,VAL
2021-10-15,2021-10-22,7,HAPN
2021-10-15,2021-10-22,8,MDP
2021-10-15,2021-10-22,9,AEHR
2021-10-15,2021-10-22,10,BNKU
2021-10-15,2021-10-22,11,AAC
2021-10-15,2021-10-22,12,AA
2021-10-15,2021-10-22,13,NET
2021-10-15,2021-10-22,14,VNOM
2021-10-15,2021-10-22,15,CVA
2021-10-22,2021-10-29,1,XOG
2021-10-22,2021-10-29,2,BNKU
2021-10-22,2021-10-29,3,KDMN
2021-10-22,2021-10-29,4,STFC
2021-10-22,2021-10-29,5,MDP
2021-10-22,2021-10-29,6,OLN
2021-10-22,2021-10-29,7,DDS
2021-10-22,2021-10-29,8,AAC
2021-10-22,2021-10-29,9,CUBI
2021-10-22,2021-10-29,10,GSKY
2021-10-22,2021-10-29,11,AUPH
2021-10-22,2021-10-29,12,DHX
2021-10-22,2021-10-29,13,BX
2021-10-22,2021-10-29,14,ATLC
2021-10-22,2021-10-29,15,NRGU
2021-10-29,2021-11-05,1,ATLC
2021-10-29,2021-11-05,2,STFC
2021-10-29,2021-11-05,3,KDMN
2021-10-29,2021-11-05,4,SITM
2021-10-29,2021-11-05,5,AAC
2021-10-29,2021-11-05,6,MDP
2021-10-29,2021-11-05,7,INOD
2021-10-29,2021-11-05,8,TGLS
2021-10-29,2021-11-05,9,RVLV
2021-10-29,2021-11-05,10,METC
2021-10-29,2021-11-05,11,INMD
2021-10-29,2021-11-05,12,IT
2021-10-29,2021-11-05,13,CVE
2021-10-29,2021-11-05,14,HMHC
2021-10-29,2021-11-05,15,HAPN
2021-11-05,2021-11-12,1,STFC
2021-11-05,2021-11-12,2,DDS
2021-11-05,2021-11-12,3,ASPN
2021-11-05,2021-11-12,4,EVC
2021-11-05,2021-11-12,5,HMHC
2021-11-05,2021-11-12,6,CELH
2021-11-05,2021-11-12,7,IDT
2021-11-05,2021-11-12,8,ATKR
2021-11-05,2021-11-12,9,UUUU
2021-11-05,2021-11-12,10,EGY
2021-11-05,2021-11-12,11,DVN
2021-11-05,2021-11-12,12,CUBI
2021-11-05,2021-11-12,13,MDP
2021-11-05,2021-11-12,14,PACK
2021-11-05,2021-11-12,15,SM
2021-11-12,2021-11-19,1,DXLG
2021-11-12,2021-11-19,2,IDT
2021-11-12,2021-11-19,3,STFC
2021-11-12,2021-11-19,4,AAC
2021-11-12,2021-11-19,5,ASAN
2021-11-12,2021-11-19,6,MDP
2021-11-12,2021-11-19,7,KRUS
2021-11-12,2021-11-19,8,RVLV
2021-11-12,2021-11-19,9,FLNG
2021-11-12,2021-11-19,10,ASPN
2021-11-12,2021-11-19,11,STKS
2021-11-12,2021-11-19,12,ASIX
2021-11-12,2021-11-19,13,TRNS
2021-11-12,2021-11-19,14,CLFD
2021-11-12,2021-11-19,15,OLN
2021-11-19,2021-11-26,1,STFC
2021-11-19,2021-11-26,2,MDP
2021-11-19,2021-11-26,3,AAC
2021-11-19,2021-11-26,4,UAN
2021-11-19,2021-11-26,5,RRD
2021-11-19,2021-11-26,6,LAC
2021-11-19,2021-11-26,7,ASO
2021-11-19,2021-11-26,8,SYNA
2021-11-19,2021-11-26,9,III
2021-11-19,2021-11-26,10,HDSN
2021-11-19,2021-11-26,11,WULF
2021-11-19,2021-11-26,12,ASPN
2021-11-19,2021-11-26,13,MYRG
2021-11-19,2021-11-26,14,DKS
2021-11-19,2021-11-26,15,ITMR
2021-11-26,2021-12-03,1,AAC
2021-11-26,2021-12-03,2,STFC
2021-11-26,2021-12-03,3,RRD
2021-11-26,2021-12-03,4,MDP
2021-11-26,2021-12-03,5,SITM
2021-11-26,2021-12-03,6,FLNG
2021-11-26,2021-12-03,7,CLMT
2021-11-26,2021-12-03,8,NRP
2021-11-26,2021-12-03,9,XAIR
2021-11-26,2021-12-03,10,ACI
2021-11-26,2021-12-03,11,BX
2021-11-26,2021-12-03,12,SYNA
2021-11-26,2021-12-03,13,ITMR
2021-11-26,2021-12-03,14,LXU
2021-11-26,2021-12-03,15,UAN
2021-12-03,2021-12-10,1,RRD
2021-12-03,2021-12-10,2,STFC
2021-12-03,2021-12-10,3,ACI
2021-12-03,2021-12-10,4,BXC
2021-12-03,2021-12-10,5,TFIN
2021-12-03,2021-12-10,6,CUBI
2021-12-03,2021-12-10,7,SYNA
2021-12-03,2021-12-10,8,RILY
2021-12-03,2021-12-10,9,ON
2021-12-03,2021-12-10,10,ITMR
2021-12-03,2021-12-10,11,ANAT
2021-12-03,2021-12-10,12,ROG
2021-12-03,2021-12-10,13,SKY
2021-12-03,2021-12-10,14,NPTN
2021-12-03,2021-12-10,15,BLDR
2021-12-10,2021-12-17,1,RRD
2021-12-10,2021-12-17,2,STFC
2021-12-10,2021-12-17,3,CIVI
2021-12-10,2021-12-17,4,MXL
2021-12-10,2021-12-17,5,BBW
2021-12-10,2021-12-17,6,BXC
2021-12-10,2021-12-17,7,F
2021-12-10,2021-12-17,8,CPSS
2021-12-10,2021-12-17,9,DVN
2021-12-10,2021-12-17,10,BOOT
2021-12-10,2021-12-17,11,VII
2021-12-10,2021-12-17,12,SMID
2021-12-10,2021-12-17,13,DHX
2021-12-10,2021-12-17,14,ITMR
2021-12-10,2021-12-17,15,ROG
2021-12-17,2021-12-24,1,STFC
2021-12-17,2021-12-24,2,SMID
2021-12-17,2021-12-24,3,OXBR
2021-12-17,2021-12-24,4,RRD
2021-12-17,2021-12-24,5,CDOR
2021-12-17,2021-12-24,6,ICL
2021-12-17,2021-12-24,7,VII
2021-12-17,2021-12-24,8,CCB
2021-12-17,2021-12-24,9,HBP
2021-12-17,2021-12-24,10,FLL
2021-12-17,2021-12-24,11,AMTB
2021-12-17,2021-12-24,12,ROG
2021-12-17,2021-12-24,13,NXRT
2021-12-17,2021-12-24,14,CDR
2021-12-17,2021-12-24,15,BXC
2021-12-24,2021-12-31,1,STFC
2021-12-24,2021-12-31,2,DOGZ
2021-12-24,2021-12-31,3,SMID
2021-12-24,2021-12-31,4,BXC
2021-12-24,2021-12-31,5,CLFD
2021-12-24,2021-12-31,6,OXBR
2021-12-24,2021-12-31,7,ROG
2021-12-24,2021-12-31,8,ON
2021-12-24,2021-12-31,9,HBP
2021-12-24,2021-12-31,10,CCB
2021-12-24,2021-12-31,11,ACNT
2021-12-24,2021-12-31,12,RILY
2021-12-24,2021-12-31,13,COKE
2021-12-24,2021-12-31,14,RRD
2021-12-24,2021-12-31,15,BCYC
2021-12-31,2022-01-07,1,RRD
2021-12-31,2022-01-07,2,STFC
2021-12-31,2022-01-07,3,DOGZ
2021-12-31,2022-01-07,4,BXC
2021-12-31,2022-01-07,5,MCB
2021-12-31,2022-01-07,6,ACNT
2021-12-31,2022-01-07,7,CDR
2021-12-31,2022-01-07,8,BLDR
2021-12-31,2022-01-07,9,CUBI
2021-12-31,2022-01-07,10,ROG
2021-12-31,2022-01-07,11,IRT
2021-12-31,2022-01-07,12,LAND
2021-12-31,2022-01-07,13,SMID
2021-12-31,2022-01-07,14,ACLS
2021-12-31,2022-01-07,15,NMRK
2022-01-07,2022-01-14,1,EXE
2022-01-07,2022-01-14,2,STFC
2022-01-07,2022-01-14,3,RRD
2022-01-07,2022-01-14,4,NRP
2022-01-07,2022-01-14,5,LEVL
2022-01-07,2022-01-14,6,MCB
2022-01-07,2022-01-14,7,CADE
2022-01-07,2022-01-14,8,VAL
2022-01-07,2022-01-14,9,CUBI
2022-01-07,2022-01-14,10,DVN
2022-01-07,2022-01-14,11,CVE
2022-01-07,2022-01-14,12,ROG
2022-01-07,2022-01-14,13,F
2022-01-07,2022-01-14,14,UAN
2022-01-07,2022-01-14,15,TSC
2022-01-14,2022-01-21,1,UAN
2022-01-14,2022-01-21,2,STFC
2022-01-14,2022-01-21,3,RRD
2022-01-14,2022-01-21,4,MGY
2022-01-14,2022-01-21,5,CHRD
2022-01-14,2022-01-21,6,ACNT
2022-01-14,2022-01-21,7,ONTO
2022-01-14,2022-01-21,8,VET
2022-01-14,2022-01-21,9,CUBI
2022-01-14,2022-01-21,10,CADE
2022-01-14,2022-01-21,11,HAFC
2022-01-14,2022-01-21,12,EXE
2022-01-14,2022-01-21,13,ROG
2022-01-14,2022-01-21,14,SRTS
2022-01-14,2022-01-21,15,ECPG
2022-01-21,2022-01-28,1,RRD
2022-01-21,2022-01-28,2,STFC
2022-01-21,2022-01-28,3,VRS
2022-01-21,2022-01-28,4,ROG
2022-01-21,2022-01-28,5,LEVL
2022-01-21,2022-01-28,6,CDR
2022-01-21,2022-01-28,7,VCRA
2022-01-21,2022-01-28,8,VG
2022-01-21,2022-01-28,9,VALU
2022-01-21,2022-01-28,10,ECPG
2022-01-21,2022-01-28,11,AMTB
2022-01-21,2022-01-28,12,VAL
2022-01-21,2022-01-28,13,NPTN
2022-01-21,2022-01-28,14,HMHC
2022-01-21,2022-01-28,15,PVG
2022-01-28,2022-02-04,1,ZIM
2022-01-28,2022-02-04,2,STFC
2022-01-28,2022-02-04,3,RRD
2022-01-28,2022-02-04,4,DAC
2022-01-28,2022-02-04,5,KEN
2022-01-28,2022-02-04,6,VAL
2022-01-28,2022-02-04,7,VET
2022-01-28,2022-02-04,8,VRS
2022-01-28,2022-02-04,9,DVN
2022-01-28,2022-02-04,10,ROG
2022-01-28,2022-02-04,11,EXE
2022-01-28,2022-02-04,12,GSL
2022-01-28,2022-02-04,13,CHRD
2022-01-28,2022-02-04,14,VG
2022-01-28,2022-02-04,15,ECPG
2022-02-04,2022-02-11,1,VCRA
2022-02-04,2022-02-11,2,CHRD
2022-02-04,2022-02-11,3,ZIM
2022-02-04,2022-02-11,4,AA
2022-02-04,2022-02-11,5,VAL
2022-02-04,2022-02-11,6,WLL
2022-02-04,2022-02-11,7,AMR
2022-02-04,2022-02-11,8,VET
2022-02-04,2022-02-11,9,CIVI
2022-02-04,2022-02-11,10,CNQ
2022-02-04,2022-02-11,11,VRS
2022-02-04,2022-02-11,12,CF
2022-02-04,2022-02-11,13,ACNT
2022-02-04,2022-02-11,14,CVE
2022-02-04,2022-02-11,15,KEN
2022-02-11,2022-02-18,1,NRGU
2022-02-11,2022-02-18,2,VET
2022-02-11,2022-02-18,3,LXU
2022-02-11,2022-02-18,4,AMR
2022-02-11,2022-02-18,5,STFC
2022-02-11,2022-02-18,6,AA
2022-02-11,2022-02-18,7,CVE
2022-02-11,2022-02-18,8,EOG
2022-02-11,2022-02-18,9,FANG
2022-02-11,2022-02-18,10,IMO
2022-02-11,2022-02-18,11,VCRA
2022-02-11,2022-02-18,12,OVV
2022-02-11,2022-02-18,13,DVN
2022-02-11,2022-02-18,14,SM
2022-02-11,2022-02-18,15,COP
2022-02-18,2022-02-25,1,STFC
2022-02-18,2022-02-25,2,AA
2022-02-18,2022-02-25,3,AMR
2022-02-18,2022-02-25,4,SRTS
2022-02-18,2022-02-25,5,ECPG
2022-02-18,2022-02-25,6,ZGNX
2022-02-18,2022-02-25,7,VRS
2022-02-18,2022-02-25,8,DVN
2022-02-18,2022-02-25,9,ARNA
2022-02-18,2022-02-25,10,TACO
2022-02-18,2022-02-25,11,NXRT
2022-02-18,2022-02-25,12,FANG
2022-02-18,2022-02-25,13,AR
2022-02-18,2022-02-25,14,ANAT
2022-02-18,2022-02-25,15,IMO
2022-02-25,2022-03-04,1,LXU
2022-02-25,2022-03-04,2,VET
2022-02-25,2022-03-04,3,HMHC
2022-02-25,2022-03-04,4,CNQ
2022-02-25,2022-03-04,5,AR
2022-02-25,2022-03-04,6,SRTS
2022-02-25,2022-03-04,7,ARNA
2022-02-25,2022-03-04,8,NXRT
2022-02-25,2022-03-04,9,ZGNX
2022-02-25,2022-03-04,10,AMR
2022-02-25,2022-03-04,11,CF
2022-02-25,2022-03-04,12,VALU
2022-02-25,2022-03-04,13,TRGP
2022-02-25,2022-03-04,14,FANG
2022-02-25,2022-03-04,15,AA
2022-03-04,2022-03-11,1,NRGU
2022-03-04,2022-03-11,2,WLL
2022-03-04,2022-03-11,3,AMR
2022-03-04,2022-03-11,4,SD
2022-03-04,2022-03-11,5,COP
2022-03-04,2022-03-11,6,AA
2022-03-04,2022-03-11,7,IMO
2022-03-04,2022-03-11,8,HMHC
2022-03-04,2022-03-11,9,MUR
2022-03-04,2022-03-11,10,AR
2022-03-04,2022-03-11,11,VET
2022-03-04,2022-03-11,12,SM
2022-03-04,2022-03-11,13,TRGP
2022-03-04,2022-03-11,14,VAL
2022-03-04,2022-03-11,15,CVE
2022-03-11,2022-03-18,1,HMHC
2022-03-11,2022-03-18,2,ZIM
2022-03-11,2022-03-18,3,CNQ
2022-03-11,2022-03-18,4,PDS
2022-03-11,2022-03-18,5,KEN
2022-03-11,2022-03-18,6,AMR
2022-03-11,2022-03-18,7,LXU
2022-03-11,2022-03-18,8,VRS
2022-03-11,2022-03-18,9,TECK
2022-03-11,2022-03-18,10,HAL
2022-03-11,2022-03-18,11,GSL
2022-03-11,2022-03-18,12,RES
2022-03-11,2022-03-18,13,KOS
2022-03-11,2022-03-18,14,NRP
2022-03-11,2022-03-18,15,AR
2022-03-18,2022-03-25,1,CIVI
2022-03-18,2022-03-25,2,BIOS
2022-03-18,2022-03-25,3,KEN
2022-03-18,2022-03-25,4,SRTS
2022-03-18,2022-03-25,5,HMHC
2022-03-18,2022-03-25,6,TSEM
2022-03-18,2022-03-25,7,BDSI
2022-03-18,2022-03-25,8,CIG
2022-03-18,2022-03-25,9,MUR
2022-03-18,2022-03-25,10,UAN
2022-03-18,2022-03-25,11,KOS
2022-03-18,2022-03-25,12,ARCO
2022-03-18,2022-03-25,13,CNQ
2022-03-18,2022-03-25,14,LXU
2022-03-18,2022-03-25,15,VRS
2022-03-25,2022-04-01,1,UAN
2022-03-25,2022-04-01,2,CIVI
2022-03-25,2022-04-01,3,HMHC
2022-03-25,2022-04-01,4,CVE
2022-03-25,2022-04-01,5,AR
2022-03-25,2022-04-01,6,MUR
2022-03-25,2022-04-01,7,COP
2022-03-25,2022-04-01,8,VAL
2022-03-25,2022-04-01,9,BIOS
2022-03-25,2022-04-01,10,SM
2022-03-25,2022-04-01,11,NRGU
2022-03-25,2022-04-01,12,ARCO
2022-03-25,2022-04-01,13,VNOM
2022-03-25,2022-04-01,14,LNG
2022-03-25,2022-04-01,15,GNK
2022-04-01,2022-04-08,1,VAL
2022-04-01,2022-04-08,2,LNTH
2022-04-01,2022-04-08,3,HMHC
2022-04-01,2022-04-08,4,BIOS
2022-04-01,2022-04-08,5,PDS
2022-04-01,2022-04-08,6,TRGP
2022-04-01,2022-04-08,7,OVV
2022-04-01,2022-04-08,8,PBR
2022-04-01,2022-04-08,9,APA
2022-04-01,2022-04-08,10,SQM
2022-04-01,2022-04-08,11,KOS
2022-04-01,2022-04-08,12,IMO
2022-04-01,2022-04-08,13,EXE
2022-04-01,2022-04-08,14,NXRT
2022-04-01,2022-04-08,15,VALE
2022-04-08,2022-04-15,1,NRGU
2022-04-08,2022-04-15,2,LNTH
2022-04-08,2022-04-15,3,NRP
2022-04-08,2022-04-15,4,BIOS
2022-04-08,2022-04-15,5,HAL
2022-04-08,2022-04-15,6,GPOR
2022-04-08,2022-04-15,7,PBR
2022-04-08,2022-04-15,8,SD
2022-04-08,2022-04-15,9,AR
2022-04-08,2022-04-15,10,RRC
2022-04-08,2022-04-15,11,DVN
2022-04-08,2022-04-15,12,IMO
2022-04-08,2022-04-15,13,AMPH
2022-04-08,2022-04-15,14,MOS
2022-04-08,2022-04-15,15,TRGP
2022-04-15,2022-04-22,1,BTU
2022-04-15,2022-04-22,2,UAN
2022-04-15,2022-04-22,3,HDSN
2022-04-15,2022-04-22,4,SRRA
2022-04-15,2022-04-22,5,GPOR
2022-04-15,2022-04-22,6,VALU
2022-04-15,2022-04-22,7,CIVI
2022-04-15,2022-04-22,8,PTEN
2022-04-15,2022-04-22,9,CNQ
2022-04-15,2022-04-22,10,RYZ
2022-04-15,2022-04-22,11,CNR
2022-04-15,2022-04-22,12,AMPY
2022-04-15,2022-04-22,13,AMR
2022-04-15,2022-04-22,14,CIG
2022-04-15,2022-04-22,15,LNTH
2022-04-22,2022-04-29,1,HPK
2022-04-22,2022-04-29,2,SRRA
2022-04-22,2022-04-29,3,TSEM
2022-04-22,2022-04-29,4,GPOR
2022-04-22,2022-04-29,5,CDR
2022-04-22,2022-04-29,6,GCBC
2022-04-22,2022-04-29,7,HBP
2022-04-22,2022-04-29,8,ECOL
2022-04-22,2022-04-29,9,MTOR
2022-04-22,2022-04-29,10,USOI
2022-04-22,2022-04-29,11,NRP
2022-04-22,2022-04-29,12,TRGP
2022-04-22,2022-04-29,13,NXRT
2022-04-22,2022-04-29,14,CVE
2022-04-22,2022-04-29,15,IRT
2022-04-29,2022-05-06,1,RCMT
2022-04-29,2022-05-06,2,LNTH
2022-04-29,2022-05-06,3,GPOR
2022-04-29,2022-05-06,4,NRP
2022-04-29,2022-05-06,5,CNR
2022-04-29,2022-05-06,6,AMR
2022-04-29,2022-05-06,7,SRRA
2022-04-29,2022-05-06,8,AR
2022-04-29,2022-05-06,9,TSEM
2022-04-29,2022-05-06,10,PBF
2022-04-29,2022-05-06,11,VAL
2022-04-29,2022-05-06,12,CVE
2022-04-29,2022-05-06,13,CDR
2022-04-29,2022-05-06,14,MTOR
2022-04-29,2022-05-06,15,IMO
2022-05-06,2022-05-13,1,NRGU
2022-05-06,2022-05-13,2,OXY
2022-05-06,2022-05-13,3,DVN
2022-05-06,2022-05-13,4,AMR
2022-05-06,2022-05-13,5,CNR
2022-05-06,2022-05-13,6,RCMT
2022-05-06,2022-05-13,7,CVE
2022-05-06,2022-05-13,8,NRP
2022-05-06,2022-05-13,9,SRRA
2022-05-06,2022-05-13,10,HDSN
2022-05-06,2022-05-13,11,AMPY
2022-05-06,2022-05-13,12,COP
2022-05-06,2022-05-13,13,APA
2022-05-06,2022-05-13,14,SMHI
2022-05-06,2022-05-13,15,GPOR
2022-05-13,2022-05-20,1,SRRA
2022-05-13,2022-05-20,2,OXY
2022-05-13,2022-05-20,3,SMHI
2022-05-13,2022-05-20,4,DVN
2022-05-13,2022-05-20,5,HDSN
2022-05-13,2022-05-20,6,NRP
2022-05-13,2022-05-20,7,CVE
2022-05-13,2022-05-20,8,ATRS
2022-05-13,2022-05-20,9,NC
2022-05-13,2022-05-20,10,PBR
2022-05-13,2022-05-20,11,VAL
2022-05-13,2022-05-20,12,PBF
2022-05-13,2022-05-20,13,LNTH
2022-05-13,2022-05-20,14,CIVI
2022-05-13,2022-05-20,15,CVX
2022-05-20,2022-05-27,1,CMPI
2022-05-20,2022-05-27,2,SRRA
2022-05-20,2022-05-27,3,CIVI
2022-05-20,2022-05-27,4,PBR
2022-05-20,2022-05-27,5,CVE
2022-05-20,2022-05-27,6,DVN
2022-05-20,2022-05-27,7,SD
2022-05-20,2022-05-27,8,NRP
2022-05-20,2022-05-27,9,RCMT
2022-05-20,2022-05-27,10,PBF
2022-05-20,2022-05-27,11,SQM
2022-05-20,2022-05-27,12,EXE
2022-05-20,2022-05-27,13,SBLK
2022-05-20,2022-05-27,14,CNR
2022-05-20,2022-05-27,15,USOI
2022-05-27,2022-06-03,1,CRK
2022-05-27,2022-06-03,2,CIVI
2022-05-27,2022-06-03,3,AR
2022-05-27,2022-06-03,4,SRRA
2022-05-27,2022-06-03,5,NEXT
2022-05-27,2022-06-03,6,PBF
2022-05-27,2022-06-03,7,NRGU
2022-05-27,2022-06-03,8,DVN
2022-05-27,2022-06-03,9,APA
2022-05-27,2022-06-03,10,AMR
2022-05-27,2022-06-03,11,CVE
2022-05-27,2022-06-03,12,OXY
2022-05-27,2022-06-03,13,PTEN
2022-05-27,2022-06-03,14,LNTH
2022-05-27,2022-06-03,15,CVI
2022-06-03,2022-06-10,1,RCMT
2022-06-03,2022-06-10,2,OBE
2022-06-03,2022-06-10,3,SD
2022-06-03,2022-06-10,4,SRRA
2022-06-03,2022-06-10,5,PBF
2022-06-03,2022-06-10,6,LNTH
2022-06-03,2022-06-10,7,KOS
2022-06-03,2022-06-10,8,CVE
2022-06-03,2022-06-10,9,SBLK
2022-06-03,2022-06-10,10,CVI
2022-06-03,2022-06-10,11,COP
2022-06-03,2022-06-10,12,VLO
2022-06-03,2022-06-10,13,CIVI
2022-06-03,2022-06-10,14,AMPY
2022-06-03,2022-06-10,15,USOI
2022-06-10,2022-06-17,1,SRRA
2022-06-10,2022-06-17,2,STNG
2022-06-10,2022-06-17,3,CIVI
2022-06-10,2022-06-17,4,DVN
2022-06-10,2022-06-17,5,HNRG
2022-06-10,2022-06-17,6,VLO
2022-06-10,2022-06-17,7,USOI
2022-06-10,2022-06-17,8,EQT
2022-06-10,2022-06-17,9,CVI
2022-06-10,2022-06-17,10,HPK
2022-06-10,2022-06-17,11,BSM
2022-06-10,2022-06-17,12,KOS
2022-06-10,2022-06-17,13,CVE
2022-06-10,2022-06-17,14,PCOM
2022-06-10,2022-06-17,15,EOG
2022-06-17,2022-06-24,1,SRRA
2022-06-17,2022-06-24,2,STNG
2022-06-17,2022-06-24,3,GCBC
2022-06-17,2022-06-24,4,HDSN
2022-06-17,2022-06-24,5,PCOM
2022-06-17,2022-06-24,6,USOI
2022-06-17,2022-06-24,7,HNRG
2022-06-17,2022-06-24,8,TWI
2022-06-17,2022-06-24,9,ASC
2022-06-17,2022-06-24,10,ADMA
2022-06-17,2022-06-24,11,TRMD
2022-06-17,2022-06-24,12,HRB
2022-06-17,2022-06-24,13,MSP
2022-06-17,2022-06-24,14,BNKD
2022-06-17,2022-06-24,15,EGY
2022-06-24,2022-07-01,1,SRRA
2022-06-24,2022-07-01,2,PCOM
2022-06-24,2022-07-01,3,MTOR
2022-06-24,2022-07-01,4,STNG
2022-06-24,2022-07-01,5,USOI
2022-06-24,2022-07-01,6,HRB
2022-06-24,2022-07-01,7,MCK
2022-06-24,2022-07-01,8,CYTK
2022-06-24,2022-07-01,9,TRMD
2022-06-24,2022-07-01,10,SIGA
2022-06-24,2022-07-01,11,RELL
2022-06-24,2022-07-01,12,LLY
2022-06-24,2022-07-01,13,VRTX
2022-06-24,2022-07-01,14,BANF
2022-06-24,2022-07-01,15,CDR
2022-07-01,2022-07-08,1,HRB
2022-07-01,2022-07-08,2,MTOR
2022-07-01,2022-07-08,3,USOI
2022-07-01,2022-07-08,4,STNG
2022-07-01,2022-07-08,5,BANF
2022-07-01,2022-07-08,6,MCK
2022-07-01,2022-07-08,7,TPTX
2022-07-01,2022-07-08,8,GNE
2022-07-01,2022-07-08,9,CWCO
2022-07-01,2022-07-08,10,CDR
2022-07-01,2022-07-08,11,SAIL
2022-07-01,2022-07-08,12,NTUS
2022-07-01,2022-07-08,13,MGPI
2022-07-01,2022-07-08,14,ELA
2022-07-01,2022-07-08,15,ESLT
2022-07-08,2022-07-15,1,TRVI
2022-07-08,2022-07-15,2,ELA
2022-07-08,2022-07-15,3,HRB
2022-07-08,2022-07-15,4,TH
2022-07-08,2022-07-15,5,MTOR
2022-07-08,2022-07-15,6,LNTH
2022-07-08,2022-07-15,7,MUSA
2022-07-08,2022-07-15,8,BANF
2022-07-08,2022-07-15,9,TPTX
2022-07-08,2022-07-15,10,MCK
2022-07-08,2022-07-15,11,NTUS
2022-07-08,2022-07-15,12,CYTK
2022-07-08,2022-07-15,13,SAIL
2022-07-08,2022-07-15,14,ADMA
2022-07-08,2022-07-15,15,ACC
2022-07-15,2022-07-22,1,SIGA
2022-07-15,2022-07-22,2,TH
2022-07-15,2022-07-22,3,VERU
2022-07-15,2022-07-22,4,CNR
2022-07-15,2022-07-22,5,LNTH
2022-07-15,2022-07-22,6,HRB
2022-07-15,2022-07-22,7,MTOR
2022-07-15,2022-07-22,8,GO
2022-07-15,2022-07-22,9,ADMA
2022-07-15,2022-07-22,10,ELA
2022-07-15,2022-07-22,11,STNG
2022-07-15,2022-07-22,12,CDR
2022-07-15,2022-07-22,13,NPTN
2022-07-15,2022-07-22,14,MCK
2022-07-15,2022-07-22,15,MUSA
2022-07-22,2022-07-29,1,USAK
2022-07-22,2022-07-29,2,HRB
2022-07-22,2022-07-29,3,STNG
2022-07-22,2022-07-29,4,TMDX
2022-07-22,2022-07-29,5,QUIK
2022-07-22,2022-07-29,6,MTOR
2022-07-22,2022-07-29,7,BANF
2022-07-22,2022-07-29,8,CDR
2022-07-22,2022-07-29,9,CNR
2022-07-22,2022-07-29,10,ASC
2022-07-22,2022-07-29,11,GNE
2022-07-22,2022-07-29,12,TRMD
2022-07-22,2022-07-29,13,GO
2022-07-22,2022-07-29,14,MCK
2022-07-22,2022-07-29,15,LNTH
2022-07-29,2022-08-05,1,HMLP
2022-07-29,2022-08-05,2,TMDX
2022-07-29,2022-08-05,3,VET
2022-07-29,2022-08-05,4,HRB
2022-07-29,2022-08-05,5,USAK
2022-07-29,2022-08-05,6,MTOR
2022-07-29,2022-08-05,7,LNTH
2022-07-29,2022-08-05,8,GNE
2022-07-29,2022-08-05,9,BANF
2022-07-29,2022-08-05,10,MCK
2022-07-29,2022-08-05,11,CDR
2022-07-29,2022-08-05,12,EQNR
2022-07-29,2022-08-05,13,TH
2022-07-29,2022-08-05,14,ESLT
2022-07-29,2022-08-05,15,SAIL
2022-08-05,2022-08-12,1,HMLP
2022-08-05,2022-08-12,2,USAK
2022-08-05,2022-08-12,3,TMDX
2022-08-05,2022-08-12,4,SIGA
2022-08-05,2022-08-12,5,HRB
2022-08-05,2022-08-12,6,COGT
2022-08-05,2022-08-12,7,IMCR
2022-08-05,2022-08-12,8,SRTS
2022-08-05,2022-08-12,9,SAIL
2022-08-05,2022-08-12,10,LNTH
2022-08-05,2022-08-12,11,CLFD
2022-08-05,2022-08-12,12,MGPI
2022-08-05,2022-08-12,13,MCK
2022-08-05,2022-08-12,14,RELL
2022-08-05,2022-08-12,15,TRMD
2022-08-12,2022-08-19,1,BIOS
2022-08-12,2022-08-19,2,FLNG
2022-08-12,2022-08-19,3,VERU
2022-08-12,2022-08-19,4,LJPC
2022-08-12,2022-08-19,5,SAIL
2022-08-12,2022-08-19,6,BANF
2022-08-12,2022-08-19,7,MCK
2022-08-12,2022-08-19,8,KRUS
2022-08-12,2022-08-19,9,CNR
2022-08-12,2022-08-19,10,USAK
2022-08-12,2022-08-19,11,ESLT
2022-08-12,2022-08-19,12,RELL
2022-08-12,2022-08-19,13,SRTS
2022-08-12,2022-08-19,14,MUSA
2022-08-12,2022-08-19,15,GLNG
2022-08-19,2022-08-26,1,BIOS
2022-08-19,2022-08-26,2,ASC
2022-08-19,2022-08-26,3,USAK
2022-08-19,2022-08-26,4,SAIL
2022-08-19,2022-08-26,5,CLFD
2022-08-19,2022-08-26,6,NSSC
2022-08-19,2022-08-26,7,MUSA
2022-08-19,2022-08-26,8,BELFB
2022-08-19,2022-08-26,9,CNR
2022-08-19,2022-08-26,10,EQNR
2022-08-19,2022-08-26,11,BANF
2022-08-19,2022-08-26,12,LNTH
2022-08-19,2022-08-26,13,MCK
2022-08-19,2022-08-26,14,HR
2022-08-19,2022-08-26,15,AXSM
2022-08-26,2022-09-02,1,HMLP
2022-08-26,2022-09-02,2,VET
2022-08-26,2022-09-02,3,USAK
2022-08-26,2022-09-02,4,CF
2022-08-26,2022-09-02,5,CNR
2022-08-26,2022-09-02,6,TMDX
2022-08-26,2022-09-02,7,OXY
2022-08-26,2022-09-02,8,EQT
2022-08-26,2022-09-02,9,MUSA
2022-08-26,2022-09-02,10,CWCO
2022-08-26,2022-09-02,11,EXE
2022-08-26,2022-09-02,12,EQNR
2022-08-26,2022-09-02,13,TPL
2022-08-26,2022-09-02,14,STNG
2022-08-26,2022-09-02,15,MGPI
2022-09-02,2022-09-09,1,CCXI
2022-09-02,2022-09-09,2,STNG
2022-09-02,2022-09-09,3,HMLP
2022-09-02,2022-09-09,4,USAK
2022-09-02,2022-09-09,5,TRMD
2022-09-02,2022-09-09,6,ASC
2022-09-02,2022-09-09,7,GERN
2022-09-02,2022-09-09,8,CYTK
2022-09-02,2022-09-09,9,COGT
2022-09-02,2022-09-09,10,TMDX
2022-09-02,2022-09-09,11,MUSA
2022-09-02,2022-09-09,12,ALT
2022-09-02,2022-09-09,13,PTCT
2022-09-02,2022-09-09,14,TCRT
2022-09-02,2022-09-09,15,XENE
2022-09-09,2022-09-16,1,CCXI
2022-09-09,2022-09-16,2,TRMD
2022-09-09,2022-09-16,3,STNG
2022-09-09,2022-09-16,4,HMLP
2022-09-09,2022-09-16,5,USAK
2022-09-09,2022-09-16,6,TNK
2022-09-09,2022-09-16,7,LNTH
2022-09-09,2022-09-16,8,JAKK
2022-09-09,2022-09-16,9,CMBT
2022-09-09,2022-09-16,10,TEN
2022-09-09,2022-09-16,11,INSW
2022-09-09,2022-09-16,12,PLRX
2022-09-09,2022-09-16,13,ASC
2022-09-09,2022-09-16,14,DGII
2022-09-09,2022-09-16,15,GFF
2022-09-16,2022-09-23,1,CCXI
2022-09-16,2022-09-23,2,SRTS
2022-09-16,2022-09-23,3,HMLP
2022-09-16,2022-09-23,4,INSW
2022-09-16,2022-09-23,5,ENPH
2022-09-16,2022-09-23,6,ASC
2022-09-16,2022-09-23,7,TRMD
2022-09-16,2022-09-23,8,AZPN
2022-09-16,2022-09-23,9,CMBT
2022-09-16,2022-09-23,10,TNK
2022-09-16,2022-09-23,11,STNG
2022-09-16,2022-09-23,12,UNM
2022-09-16,2022-09-23,13,TEN
2022-09-16,2022-09-23,14,MGPI
2022-09-16,2022-09-23,15,FRO
2022-09-23,2022-09-30,1,CCXI
2022-09-23,2022-09-30,2,BIOS
2022-09-23,2022-09-30,3,AZPN
2022-09-23,2022-09-30,4,INSW
2022-09-23,2022-09-30,5,HRB
2022-09-23,2022-09-30,6,UNM
2022-09-23,2022-09-30,7,FSLR
2022-09-23,2022-09-30,8,TNK
2022-09-23,2022-09-30,9,ELF
2022-09-23,2022-09-30,10,CYTK
2022-09-23,2022-09-30,11,CMBT
2022-09-23,2022-09-30,12,AMAL
2022-09-23,2022-09-30,13,CALM
2022-09-23,2022-09-30,14,LPLA
2022-09-23,2022-09-30,15,SRPT
2022-09-30,2022-10-07,1,CCXI
2022-09-30,2022-10-07,2,BIOS
2022-09-30,2022-10-07,3,SGML
2022-09-30,2022-10-07,4,CAPR
2022-09-30,2022-10-07,5,INSW
2022-09-30,2022-10-07,6,STNG
2022-09-30,2022-10-07,7,FSLR
2022-09-30,2022-10-07,8,TPL
2022-09-30,2022-10-07,9,TRMD
2022-09-30,2022-10-07,10,AZPN
2022-09-30,2022-10-07,11,DGII
2022-09-30,2022-10-07,12,MIST
2022-09-30,2022-10-07,13,QRHC
2022-09-30,2022-10-07,14,DINO
2022-09-30,2022-10-07,15,NSSC
2022-10-07,2022-10-14,1,CCXI
2022-10-07,2022-10-14,2,BIOS
2022-10-07,2022-10-14,3,SGML
2022-10-07,2022-10-14,4,CAPR
2022-10-07,2022-10-14,5,INSW
2022-10-07,2022-10-14,6,YPF
2022-10-07,2022-10-14,7,DGII
2022-10-07,2022-10-14,8,STNG
2022-10-07,2022-10-14,9,MIST
2022-10-07,2022-10-14,10,PBR
2022-10-07,2022-10-14,11,VIST
2022-10-07,2022-10-14,12,DVN
2022-10-07,2022-10-14,13,LNG
2022-10-07,2022-10-14,14,AZPN
2022-10-07,2022-10-14,15,EXE
2022-10-14,2022-10-21,1,CCXI
2022-10-14,2022-10-21,2,STNG
2022-10-14,2022-10-21,3,ASC
2022-10-14,2022-10-21,4,INSW
2022-10-14,2022-10-21,5,TRMD
2022-10-14,2022-10-21,6,SGML
2022-10-14,2022-10-21,7,TNK
2022-10-14,2022-10-21,8,GCBC
2022-10-14,2022-10-21,9,TEN
2022-10-14,2022-10-21,10,PLRX
2022-10-14,2022-10-21,11,UNM
2022-10-14,2022-10-21,12,ELF
2022-10-14,2022-10-21,13,COP
2022-10-14,2022-10-21,14,LNG
2022-10-14,2022-10-21,15,ADMA
2022-10-21,2022-10-28,1,INSW
2022-10-21,2022-10-28,2,GCBC
2022-10-21,2022-10-28,3,SGML
2022-10-21,2022-10-28,4,TRMD
2022-10-21,2022-10-28,5,BIOS
2022-10-21,2022-10-28,6,BELFB
2022-10-21,2022-10-28,7,TNK
2022-10-21,2022-10-28,8,ASC
2022-10-21,2022-10-28,9,PBR
2022-10-21,2022-10-28,10,PLRX
2022-10-21,2022-10-28,11,UNM
2022-10-21,2022-10-28,12,STNG
2022-10-21,2022-10-28,13,CECO
2022-10-21,2022-10-28,14,TDW
2022-10-21,2022-10-28,15,DGII
2022-10-28,2022-11-04,1,BELFB
2022-10-28,2022-11-04,2,BIOS
2022-10-28,2022-11-04,3,UNM
2022-10-28,2022-11-04,4,MUSA
2022-10-28,2022-11-04,5,TC
2022-10-28,2022-11-04,6,TPL
2022-10-28,2022-11-04,7,ELF
2022-10-28,2022-11-04,8,CAH
2022-10-28,2022-11-04,9,ASC
2022-10-28,2022-11-04,10,DGII
2022-10-28,2022-11-04,11,MOD
2022-10-28,2022-11-04,12,HLIT
2022-10-28,2022-11-04,13,EXTR
2022-10-28,2022-11-04,14,MCK
2022-10-28,2022-11-04,15,LPG
2022-11-04,2022-11-11,1,TRMD
2022-11-04,2022-11-11,2,INSW
2022-11-04,2022-11-11,3,BIOS
2022-11-04,2022-11-11,4,TPL
2022-11-04,2022-11-11,5,TGS
2022-11-04,2022-11-11,6,ASC
2022-11-04,2022-11-11,7,VIST
2022-11-04,2022-11-11,8,LPLA
2022-11-04,2022-11-11,9,GCBC
2022-11-04,2022-11-11,10,TNK
2022-11-04,2022-11-11,11,HNRG
2022-11-04,2022-11-11,12,XOM
2022-11-04,2022-11-11,13,IMVT
2022-11-04,2022-11-11,14,CMBT
2022-11-04,2022-11-11,15,MOD
2022-11-11,2022-11-18,1,BIOS
2022-11-11,2022-11-18,2,BELFB
2022-11-11,2022-11-18,3,MUR
2022-11-11,2022-11-18,4,GCBC
2022-11-11,2022-11-18,5,TPL
2022-11-11,2022-11-18,6,ADMA
2022-11-11,2022-11-18,7,VIST
2022-11-11,2022-11-18,8,XOM
2022-11-11,2022-11-18,9,MPC
2022-11-11,2022-11-18,10,ACET
2022-11-11,2022-11-18,11,CHRD
2022-11-11,2022-11-18,12,OXY
2022-11-11,2022-11-18,13,VAL
2022-11-11,2022-11-18,14,IMCR
2022-11-11,2022-11-18,15,COP
2022-11-18,2022-11-25,1,ASC
2022-11-18,2022-11-25,2,TNK
2022-11-18,2022-11-25,3,DHT
2022-11-18,2022-11-25,4,TPL
2022-11-18,2022-11-25,5,DGII
2022-11-18,2022-11-25,6,GCBC
2022-11-18,2022-11-25,7,ELF
2022-11-18,2022-11-25,8,IMVT
2022-11-18,2022-11-25,9,TEN
2022-11-18,2022-11-25,10,MPC
2022-11-18,2022-11-25,11,STNG
2022-11-18,2022-11-25,12,PARR
2022-11-18,2022-11-25,13,CMBT
2022-11-18,2022-11-25,14,CVI
2022-11-18,2022-11-25,15,HP
2022-11-25,2022-12-02,1,HNRG
2022-11-25,2022-12-02,2,EXTR
2022-11-25,2022-12-02,3,AEHR
2022-11-25,2022-12-02,4,RELL
2022-11-25,2022-12-02,5,ELF
2022-11-25,2022-12-02,6,BELFB
2022-11-25,2022-12-02,7,IMVT
2022-11-25,2022-12-02,8,ASC
2022-11-25,2022-12-02,9,PI
2022-11-25,2022-12-02,10,HDSN
2022-11-25,2022-12-02,11,FOCL
2022-11-25,2022-12-02,12,FSLR
2022-11-25,2022-12-02,13,GPC
2022-11-25,2022-12-02,14,XOM
2022-11-25,2022-12-02,15,TKO
2022-12-02,2022-12-09,1,TMDX
2022-12-02,2022-12-09,2,IMVT
2022-12-02,2022-12-09,3,STNG
2022-12-02,2022-12-09,4,LPG
2022-12-02,2022-12-09,5,SURG
2022-12-02,2022-12-09,6,ASC
2022-12-02,2022-12-09,7,TNK
2022-12-02,2022-12-09,8,FTI
2022-12-02,2022-12-09,9,TRMD
2022-12-02,2022-12-09,10,CAH
2022-12-02,2022-12-09,11,STLD
2022-12-02,2022-12-09,12,LW
2022-12-02,2022-12-09,13,CMBT
2022-12-02,2022-12-09,14,FOCL
2022-12-02,2022-12-09,15,CVRX
2022-12-09,2022-12-16,1,IMVT
2022-12-09,2022-12-16,2,ADMA
2022-12-09,2022-12-16,3,FOCL
2022-12-09,2022-12-16,4,FICO
2022-12-09,2022-12-16,5,STLD
2022-12-09,2022-12-16,6,TH
2022-12-09,2022-12-16,7,STNG
2022-12-09,2022-12-16,8,SURG
2022-12-09,2022-12-16,9,RYAM
2022-12-09,2022-12-16,10,CECO
2022-12-09,2022-12-16,11,FENC
2022-12-09,2022-12-16,12,ELF
2022-12-09,2022-12-16,13,HDSN
2022-12-09,2022-12-16,14,TMCI
2022-12-09,2022-12-16,15,RMBS
2022-12-16,2022-12-23,1,TRMD
2022-12-16,2022-12-23,2,TH
2022-12-16,2022-12-23,3,IMVT
2022-12-16,2022-12-23,4,STNG
2022-12-16,2022-12-23,5,SURG
2022-12-16,2022-12-23,6,PCVX
2022-12-16,2022-12-23,7,CVRX
2022-12-16,2022-12-23,8,ELF
2022-12-16,2022-12-23,9,WFRD
2022-12-16,2022-12-23,10,AXSM
2022-12-16,2022-12-23,11,ADMA
2022-12-16,2022-12-23,12,FET
2022-12-16,2022-12-23,13,FENC
2022-12-16,2022-12-23,14,PMTS
2022-12-16,2022-12-23,15,CAH
2022-12-23,2022-12-30,1,VIST
2022-12-23,2022-12-30,2,HNRG
2022-12-23,2022-12-30,3,NINE
2022-12-23,2022-12-30,4,YPF
2022-12-23,2022-12-30,5,ARDX
2022-12-23,2022-12-30,6,TGS
2022-12-23,2022-12-30,7,HOS
2022-12-23,2022-12-30,8,TRMD
2022-12-23,2022-12-30,9,WFRD
2022-12-23,2022-12-30,10,CEPU
2022-12-23,2022-12-30,11,PCVX
2022-12-23,2022-12-30,12,LYTS
2022-12-23,2022-12-30,13,TS
2022-12-23,2022-12-30,14,ADMA
2022-12-23,2022-12-30,15,TDW
2022-12-30,2023-01-06,1,NINE
2022-12-30,2023-01-06,2,IMVT
2022-12-30,2023-01-06,3,ARDX
2022-12-30,2023-01-06,4,RYAM
2022-12-30,2023-01-06,5,TUSK
2022-12-30,2023-01-06,6,TDW
2022-12-30,2023-01-06,7,PCVX
2022-12-30,2023-01-06,8,HOS
2022-12-30,2023-01-06,9,ADMA
2022-12-30,2023-01-06,10,YPF
2022-12-30,2023-01-06,11,TGS
2022-12-30,2023-01-06,12,STIM
2022-12-30,2023-01-06,13,MANU
2022-12-30,2023-01-06,14,PDSB
2022-12-30,2023-01-06,15,WFRD
2023-01-06,2023-01-13,1,RYTM
2023-01-06,2023-01-13,2,IMVT
2023-01-06,2023-01-13,3,ELF
2023-01-06,2023-01-13,4,WLFC
2023-01-06,2023-01-13,5,LYTS
2023-01-06,2023-01-13,6,MANU
2023-01-06,2023-01-13,7,FOCL
2023-01-06,2023-01-13,8,EDN
2023-01-06,2023-01-13,9,PDD
2023-01-06,2023-01-13,10,YPF
2023-01-06,2023-01-13,11,CEPU
2023-01-06,2023-01-13,12,ARDX
2023-01-06,2023-01-13,13,TH
2023-01-06,2023-01-13,14,TDW
2023-01-06,2023-01-13,15,MOD
2023-01-13,2023-01-20,1,ARDX
2023-01-13,2023-01-20,2,VIST
2023-01-13,2023-01-20,3,BIOS
2023-01-13,2023-01-20,4,AGYS
2023-01-13,2023-01-20,5,HOS
2023-01-13,2023-01-20,6,LYTS
2023-01-13,2023-01-20,7,TDW
2023-01-13,2023-01-20,8,MOD
2023-01-13,2023-01-20,9,FSLR
2023-01-13,2023-01-20,10,POWL
2023-01-13,2023-01-20,11,MNSO
2023-01-13,2023-01-20,12,VYGR
2023-01-13,2023-01-20,13,RMBS
2023-01-13,2023-01-20,14,WFRD
2023-01-13,2023-01-20,15,NINE
2023-01-20,2023-01-27,1,TDW
2023-01-20,2023-01-27,2,TMDX
2023-01-20,2023-01-27,3,BIOS
2023-01-20,2023-01-27,4,AEHR
2023-01-20,2023-01-27,5,MDGL
2023-01-20,2023-01-27,6,FTI
2023-01-20,2023-01-27,7,TH
2023-01-20,2023-01-27,8,MNSO
2023-01-20,2023-01-27,9,RMBS
2023-01-20,2023-01-27,10,FICO
2023-01-20,2023-01-27,11,WFRD
2023-01-20,2023-01-27,12,FLR
2023-01-20,2023-01-27,13,POWL
2023-01-20,2023-01-27,14,PDS
2023-01-20,2023-01-27,15,FG
2023-01-27,2023-02-03,1,TMDX
2023-01-27,2023-02-03,2,DRS
2023-01-27,2023-02-03,3,QFIN
2023-01-27,2023-02-03,4,TGTX
2023-01-27,2023-02-03,5,AMLX
2023-01-27,2023-02-03,6,FTI
2023-01-27,2023-02-03,7,CABA
2023-01-27,2023-02-03,8,MNSO
2023-01-27,2023-02-03,9,TDW
2023-01-27,2023-02-03,10,BWMN
2023-01-27,2023-02-03,11,PDD
2023-01-27,2023-02-03,12,CMT
2023-01-27,2023-02-03,13,FLR
2023-01-27,2023-02-03,14,FG
2023-01-27,2023-02-03,15,OII
2023-02-03,2023-02-10,1,CAAS
2023-02-03,2023-02-10,2,CABA
2023-02-03,2023-02-10,3,TMDX
2023-02-03,2023-02-10,4,POWL
2023-02-03,2023-02-10,5,FG
2023-02-03,2023-02-10,6,HROW
2023-02-03,2023-02-10,7,GNE
2023-02-03,2023-02-10,8,TR
2023-02-03,2023-02-10,9,DRS
2023-02-03,2023-02-10,10,TITN
2023-02-03,2023-02-10,11,BWMN
2023-02-03,2023-02-10,12,TDW
2023-02-03,2023-02-10,13,MTRX
2023-02-03,2023-02-10,14,STRA
2023-02-03,2023-02-10,15,CVRX
2023-02-10,2023-02-17,1,STNG
2023-02-10,2023-02-17,2,HOS
2023-02-10,2023-02-17,3,WFRD
2023-02-10,2023-02-17,4,DRS
2023-02-10,2023-02-17,5,FG
2023-02-10,2023-02-17,6,GEO
2023-02-10,2023-02-17,7,FTI
2023-02-10,2023-02-17,8,CBIO
2023-02-10,2023-02-17,9,TDW
2023-02-10,2023-02-17,10,TEN
2023-02-10,2023-02-17,11,VKTX
2023-02-10,2023-02-17,12,ELF
2023-02-10,2023-02-17,13,GNE
2023-02-10,2023-02-17,14,TNK
2023-02-10,2023-02-17,15,OII
2023-02-17,2023-02-24,1,MOD
2023-02-17,2023-02-24,2,TRMD
2023-02-17,2023-02-24,3,VMD
2023-02-17,2023-02-24,4,RNA
2023-02-17,2023-02-24,5,INTA
2023-02-17,2023-02-24,6,IRDM
2023-02-17,2023-02-24,7,CMT
2023-02-17,2023-02-24,8,ASUR
2023-02-17,2023-02-24,9,FTI
2023-02-17,2023-02-24,10,STNG
2023-02-17,2023-02-24,11,LYTS
2023-02-17,2023-02-24,12,ELF
2023-02-17,2023-02-24,13,MDGL
2023-02-17,2023-02-24,14,LUCK
2023-02-17,2023-02-24,15,TNK
2023-02-24,2023-03-03,1,SDOT
2023-02-24,2023-03-03,2,TMDX
2023-02-24,2023-03-03,3,TRMD
2023-02-24,2023-03-03,4,MEC
2023-02-24,2023-03-03,5,LYTS
2023-02-24,2023-03-03,6,VMD
2023-02-24,2023-03-03,7,INSW
2023-02-24,2023-03-03,8,CECO
2023-02-24,2023-03-03,9,TEN
2023-02-24,2023-03-03,10,FTI
2023-02-24,2023-03-03,11,INTA
2023-02-24,2023-03-03,12,CMT
2023-02-24,2023-03-03,13,ELF
2023-02-24,2023-03-03,14,ALVO
2023-02-24,2023-03-03,15,LMB
2023-03-03,2023-03-10,1,TMDX
2023-03-03,2023-03-10,2,AGYS
2023-03-03,2023-03-10,3,POWL
2023-03-03,2023-03-10,4,TRMD
2023-03-03,2023-03-10,5,PARR
2023-03-03,2023-03-10,6,OI
2023-03-03,2023-03-10,7,MOD
2023-03-03,2023-03-10,8,MNSO
2023-03-03,2023-03-10,9,VKTX
2023-03-03,2023-03-10,10,ELF
2023-03-03,2023-03-10,11,WFRD
2023-03-03,2023-03-10,12,FSLR
2023-03-03,2023-03-10,13,OII
2023-03-03,2023-03-10,14,PLX
2023-03-03,2023-03-10,15,STLD
2023-03-10,2023-03-17,1,PMTS
2023-03-10,2023-03-17,2,MNSO
2023-03-10,2023-03-17,3,VMD
2023-03-10,2023-03-17,4,FSLR
2023-03-10,2023-03-17,5,TNK
2023-03-10,2023-03-17,6,STNG
2023-03-10,2023-03-17,7,LPG
2023-03-10,2023-03-17,8,OPRA
2023-03-10,2023-03-17,9,GHM
2023-03-10,2023-03-17,10,TEN
2023-03-10,2023-03-17,11,IQ
2023-03-10,2023-03-17,12,ELF
2023-03-10,2023-03-17,13,PARR
2023-03-10,2023-03-17,14,DHT
2023-03-10,2023-03-17,15,FICO
2023-03-17,2023-03-24,1,VKTX
2023-03-17,2023-03-24,2,SERA
2023-03-17,2023-03-24,3,ARDX
2023-03-17,2023-03-24,4,ELF
2023-03-17,2023-03-24,5,PMTS
2023-03-17,2023-03-24,6,INTT
2023-03-17,2023-03-24,7,VMD
2023-03-17,2023-03-24,8,TRMD
2023-03-17,2023-03-24,9,INTA
2023-03-17,2023-03-24,10,ALGM
2023-03-17,2023-03-24,11,ACLS
2023-03-17,2023-03-24,12,PESI
2023-03-17,2023-03-24,13,TYRA
2023-03-17,2023-03-24,14,MLTX
2023-03-17,2023-03-24,15,COCO
2023-03-24,2023-03-31,1,ELF
2023-03-24,2023-03-31,2,TRMD
2023-03-24,2023-03-31,3,PMTS
2023-03-24,2023-03-31,4,INTA
2023-03-24,2023-03-31,5,ARDX
2023-03-24,2023-03-31,6,VMD
2023-03-24,2023-03-31,7,COCO
2023-03-24,2023-03-31,8,AEHR
2023-03-24,2023-03-31,9,ALGM
2023-03-24,2023-03-31,10,UFPT
2023-03-24,2023-03-31,11,PESI
2023-03-24,2023-03-31,12,RELY
2023-03-24,2023-03-31,13,SMCI
2023-03-24,2023-03-31,14,ACLS
2023-03-24,2023-03-31,15,LMB
2023-03-31,2023-04-07,1,AI
2023-03-31,2023-04-07,2,HY
2023-03-31,2023-04-07,3,FSLR
2023-03-31,2023-04-07,4,ELF
2023-03-31,2023-04-07,5,ASUR
2023-03-31,2023-04-07,6,ALGM
2023-03-31,2023-04-07,7,ARDX
2023-03-31,2023-04-07,8,AAON
2023-03-31,2023-04-07,9,INTA
2023-03-31,2023-04-07,10,ACLS
2023-03-31,2023-04-07,11,LMB
2023-03-31,2023-04-07,12,GRBK
2023-03-31,2023-04-07,13,PMTS
2023-03-31,2023-04-07,14,NVEC
2023-03-31,2023-04-07,15,PARR
2023-04-07,2023-04-14,1,RCEL
2023-04-07,2023-04-14,2,HROW
2023-04-07,2023-04-14,3,INTA
2023-04-07,2023-04-14,4,ELF
2023-04-07,2023-04-14,5,ASUR
2023-04-07,2023-04-14,6,COCO
2023-04-07,2023-04-14,7,PMTS
2023-04-07,2023-04-14,8,VMD
2023-04-07,2023-04-14,9,LMB
2023-04-07,2023-04-14,10,OPRA
2023-04-07,2023-04-14,11,DRS
2023-04-07,2023-04-14,12,VIST
2023-04-07,2023-04-14,13,GNE
2023-04-07,2023-04-14,14,ODC
2023-04-07,2023-04-14,15,AXON
2023-04-14,2023-04-21,1,ELF
2023-04-14,2023-04-21,2,VKTX
2023-04-14,2023-04-21,3,ASUR
2023-04-14,2023-04-21,4,TRMD
2023-04-14,2023-04-21,5,LMB
2023-04-14,2023-04-21,6,OPRA
2023-04-14,2023-04-21,7,VIST
2023-04-14,2023-04-21,8,IPAR
2023-04-14,2023-04-21,9,RCEL
2023-04-14,2023-04-21,10,CMT
2023-04-14,2023-04-21,11,EMBJ
2023-04-14,2023-04-21,12,VMD
2023-04-14,2023-04-21,13,SGML
2023-04-14,2023-04-21,14,AXON
2023-04-14,2023-04-21,15,ENIC
2023-04-21,2023-04-28,1,ELF
2023-04-21,2023-04-28,2,HROW
2023-04-21,2023-04-28,3,UVE
2023-04-21,2023-04-28,4,MLCO
2023-04-21,2023-04-28,5,TMDX
2023-04-21,2023-04-28,6,VMD
2023-04-21,2023-04-28,7,FSLR
2023-04-21,2023-04-28,8,VKTX
2023-04-21,2023-04-28,9,AAON
2023-04-21,2023-04-28,10,TGLS
2023-04-21,2023-04-28,11,ONON
2023-04-21,2023-04-28,12,HY
2023-04-21,2023-04-28,13,ARDX
2023-04-21,2023-04-28,14,RELY
2023-04-21,2023-04-28,15,UFPT
2023-04-28,2023-05-05,1,MDGL
2023-04-28,2023-05-05,2,OPRA
2023-04-28,2023-05-05,3,PLX
2023-04-28,2023-05-05,4,ACIC
2023-04-28,2023-05-05,5,LVO
2023-04-28,2023-05-05,6,TGTX
2023-04-28,2023-05-05,7,ACHV
2023-04-28,2023-05-05,8,VKTX
2023-04-28,2023-05-05,9,HYPD
2023-04-28,2023-05-05,10,EDU
2023-04-28,2023-05-05,11,NVDA
2023-04-28,2023-05-05,12,META
2023-04-28,2023-05-05,13,ENIC
2023-04-28,2023-05-05,14,VIPS
2023-04-28,2023-05-05,15,HY
2023-05-05,2023-05-12,1,VKTX
2023-05-05,2023-05-12,2,MLTX
2023-05-05,2023-05-12,3,HROW
2023-05-05,2023-05-12,4,PEN
2023-05-05,2023-05-12,5,ACHV
2023-05-05,2023-05-12,6,HIMS
2023-05-05,2023-05-12,7,RELY
2023-05-05,2023-05-12,8,DRD
2023-05-05,2023-05-12,9,ALDX
2023-05-05,2023-05-12,10,DRS
2023-05-05,2023-05-12,11,RCEL
2023-05-05,2023-05-12,12,NVDA
2023-05-05,2023-05-12,13,TCMD
2023-05-05,2023-05-12,14,POWL
2023-05-05,2023-05-12,15,ENIC
2023-05-12,2023-05-19,1,FSLR
2023-05-12,2023-05-19,2,COCO
2023-05-12,2023-05-19,3,RELY
2023-05-12,2023-05-19,4,CMT
2023-05-12,2023-05-19,5,SGML
2023-05-12,2023-05-19,6,PTGX
2023-05-12,2023-05-19,7,VKTX
2023-05-12,2023-05-19,8,POWL
2023-05-12,2023-05-19,9,ENIC
2023-05-12,2023-05-19,10,PEN
2023-05-12,2023-05-19,11,OPRA
2023-05-12,2023-05-19,12,NVO
2023-05-12,2023-05-19,13,LW
2023-05-12,2023-05-19,14,SPOK
2023-05-12,2023-05-19,15,LNTH
2023-05-19,2023-05-26,1,HGBL
2023-05-19,2023-05-26,2,IMVT
2023-05-19,2023-05-26,3,DUOL
2023-05-19,2023-05-26,4,FTAI
2023-05-19,2023-05-26,5,PTGX
2023-05-19,2023-05-26,6,ACIC
2023-05-19,2023-05-26,7,RMBS
2023-05-19,2023-05-26,8,DRS
2023-05-19,2023-05-26,9,OPRA
2023-05-19,2023-05-26,10,LMB
2023-05-19,2023-05-26,11,RELY
2023-05-19,2023-05-26,12,UFPT
2023-05-19,2023-05-26,13,NVDA
2023-05-19,2023-05-26,14,COCO
2023-05-19,2023-05-26,15,AKBA
2023-05-26,2023-06-02,1,SYM
2023-05-26,2023-06-02,2,HGBL
2023-05-26,2023-06-02,3,PTGX
2023-05-26,2023-06-02,4,BELFB
2023-05-26,2023-06-02,5,META
2023-05-26,2023-06-02,6,ELF
2023-05-26,2023-06-02,7,PLPC
2023-05-26,2023-06-02,8,ENIC
2023-05-26,2023-06-02,9,CDZI
2023-05-26,2023-06-02,10,OPRA
2023-05-26,2023-06-02,11,LMB
2023-05-26,2023-06-02,12,ACLS
2023-05-26,2023-06-02,13,COCO
2023-05-26,2023-06-02,14,HOV
2023-05-26,2023-06-02,15,NVDA
2023-06-02,2023-06-09,1,PTGX
2023-06-02,2023-06-09,2,TCMD
2023-06-02,2023-06-09,3,POWL
2023-06-02,2023-06-09,4,BELFB
2023-06-02,2023-06-09,5,JFIN
2023-06-02,2023-06-09,6,AEHR
2023-06-02,2023-06-09,7,ELF
2023-06-02,2023-06-09,8,BMEA
2023-06-02,2023-06-09,9,PEN
2023-06-02,2023-06-09,10,ALDX
2023-06-02,2023-06-09,11,JBSS
2023-06-02,2023-06-09,12,COCO
2023-06-02,2023-06-09,13,RELY
2023-06-02,2023-06-09,14,NNOX
2023-06-02,2023-06-09,15,GE
2023-06-09,2023-06-16,1,OSCR
2023-06-09,2023-06-16,2,PTGX
2023-06-09,2023-06-16,3,COCO
2023-06-09,2023-06-16,4,NVCT
2023-06-09,2023-06-16,5,PLPC
2023-06-09,2023-06-16,6,SYM
2023-06-09,2023-06-16,7,SIBN
2023-06-09,2023-06-16,8,PEN
2023-06-09,2023-06-16,9,ROIV
2023-06-09,2023-06-16,10,CX
2023-06-09,2023-06-16,11,GRBK
2023-06-09,2023-06-16,12,TCMD
2023-06-09,2023-06-16,13,NVEC
2023-06-09,2023-06-16,14,ENIC
2023-06-09,2023-06-16,15,RCEL
2023-06-16,2023-06-23,1,VIST
2023-06-16,2023-06-23,2,ENIC
2023-06-16,2023-06-23,3,TCMD
2023-06-16,2023-06-23,4,AXSM
2023-06-16,2023-06-23,5,YPF
2023-06-16,2023-06-23,6,NGL
2023-06-16,2023-06-23,7,SPOT
2023-06-16,2023-06-23,8,BWMN
2023-06-16,2023-06-23,9,LMB
2023-06-16,2023-06-23,10,STVN
2023-06-16,2023-06-23,11,UFPT
2023-06-16,2023-06-23,12,TGS
2023-06-16,2023-06-23,13,DFH
2023-06-16,2023-06-23,14,UBER
2023-06-16,2023-06-23,15,RCL
2023-06-23,2023-06-30,1,WEAV
2023-06-23,2023-06-30,2,META
2023-06-23,2023-06-30,3,VRT
2023-06-23,2023-06-30,4,HEPS
2023-06-23,2023-06-30,5,DMAC
2023-06-23,2023-06-30,6,BLDR
2023-06-23,2023-06-30,7,HGBL
2023-06-23,2023-06-30,8,RCL
2023-06-23,2023-06-30,9,ENIC
2023-06-23,2023-06-30,10,PCVX
2023-06-23,2023-06-30,11,MDXG
2023-06-23,2023-06-30,12,SKYW
2023-06-23,2023-06-30,13,SIBN
2023-06-23,2023-06-30,14,NVDA
2023-06-23,2023-06-30,15,ELF
2023-06-30,2023-07-07,1,NVTS
2023-06-30,2023-07-07,2,GE
2023-06-30,2023-07-07,3,ELF
2023-06-30,2023-07-07,4,TDW
2023-06-30,2023-07-07,5,GRBK
2023-06-30,2023-07-07,6,CMT
2023-06-30,2023-07-07,7,VRT
2023-06-30,2023-07-07,8,DKNG
2023-06-30,2023-07-07,9,TCMD
2023-06-30,2023-07-07,10,META
2023-06-30,2023-07-07,11,ACLS
2023-06-30,2023-07-07,12,RCL
2023-06-30,2023-07-07,13,LMB
2023-06-30,2023-07-07,14,PEN
2023-06-30,2023-07-07,15,BZH
2023-07-07,2023-07-14,1,WFRD
2023-07-07,2023-07-14,2,RIOT
2023-07-07,2023-07-14,3,LMB
2023-07-07,2023-07-14,4,DKNG
2023-07-07,2023-07-14,5,EXTR
2023-07-07,2023-07-14,6,VRT
2023-07-07,2023-07-14,7,OPRA
2023-07-07,2023-07-14,8,FTI
2023-07-07,2023-07-14,9,CMT
2023-07-07,2023-07-14,10,SKYW
2023-07-07,2023-07-14,11,TDW
2023-07-07,2023-07-14,12,RXST
2023-07-07,2023-07-14,13,SMCI
2023-07-07,2023-07-14,14,LPG
2023-07-07,2023-07-14,15,QTRX
2023-07-14,2023-07-21,1,LMB
2023-07-14,2023-07-21,2,HOV
2023-07-14,2023-07-21,3,MOD
2023-07-14,2023-07-21,4,CMPR
2023-07-14,2023-07-21,5,ELF
2023-07-14,2023-07-21,6,BLDR
2023-07-14,2023-07-21,7,AEHR
2023-07-14,2023-07-21,8,RXST
2023-07-14,2023-07-21,9,WFRD
2023-07-14,2023-07-21,10,RCEL
2023-07-14,2023-07-21,11,STRL
2023-07-14,2023-07-21,12,TGLS
2023-07-14,2023-07-21,13,DFH
2023-07-14,2023-07-21,14,MHO
2023-07-14,2023-07-21,15,MDXG
2023-07-21,2023-07-28,1,RDNT
2023-07-21,2023-07-28,2,GGAL
2023-07-21,2023-07-28,3,YPF
2023-07-21,2023-07-28,4,RCL
2023-07-21,2023-07-28,5,CAAP
2023-07-21,2023-07-28,6,UBER
2023-07-21,2023-07-28,7,DKNG
2023-07-21,2023-07-28,8,FTAI
2023-07-21,2023-07-28,9,ODC
2023-07-21,2023-07-28,10,BMA
2023-07-21,2023-07-28,11,XP
2023-07-21,2023-07-28,12,DRS
2023-07-21,2023-07-28,13,FCNCA
2023-07-21,2023-07-28,14,SUPV
2023-07-21,2023-07-28,15,PAM
2023-07-28,2023-08-04,1,IONQ
2023-07-28,2023-08-04,2,ACLS
2023-07-28,2023-08-04,3,FG
2023-07-28,2023-08-04,4,SMCI
2023-07-28,2023-08-04,5,WFRD
2023-07-28,2023-08-04,6,BZH
2023-07-28,2023-08-04,7,DKNG
2023-07-28,2023-08-04,8,META
2023-07-28,2023-08-04,9,SPOK
2023-07-28,2023-08-04,10,RXST
2023-07-28,2023-08-04,11,TDW
2023-07-28,2023-08-04,12,MDXG
2023-07-28,2023-08-04,13,LPG
2023-07-28,2023-08-04,14,CMT
2023-07-28,2023-08-04,15,UBER
2023-08-04,2023-08-11,1,DFH
2023-08-04,2023-08-11,2,ODC
2023-08-04,2023-08-11,3,SMCI
2023-08-04,2023-08-11,4,CMT
2023-08-04,2023-08-11,5,AMPH
2023-08-04,2023-08-11,6,TDW
2023-08-04,2023-08-11,7,WFRD
2023-08-04,2023-08-11,8,FG
2023-08-04,2023-08-11,9,VRT
2023-08-04,2023-08-11,10,ARLO
2023-08-04,2023-08-11,11,MOD
2023-08-04,2023-08-11,12,USLM
2023-08-04,2023-08-11,13,BWMN
2023-08-04,2023-08-11,14,FOR
2023-08-04,2023-08-11,15,AAOI
2023-08-11,2023-08-18,1,ODC
2023-08-11,2023-08-18,2,WFRD
2023-08-11,2023-08-18,3,FG
2023-08-11,2023-08-18,4,EYPT
2023-08-11,2023-08-18,5,STRL
2023-08-11,2023-08-18,6,EXTR
2023-08-11,2023-08-18,7,USLM
2023-08-11,2023-08-18,8,MOD
2023-08-11,2023-08-18,9,EVLV
2023-08-11,2023-08-18,10,LMB
2023-08-11,2023-08-18,11,FTAI
2023-08-11,2023-08-18,12,HLLY
2023-08-11,2023-08-18,13,ELF
2023-08-11,2023-08-18,14,IESC
2023-08-11,2023-08-18,15,ROIV
2023-08-18,2023-08-25,1,EYPT
2023-08-18,2023-08-25,2,ODC
2023-08-18,2023-08-25,3,WFRD
2023-08-18,2023-08-25,4,LMB
2023-08-18,2023-08-25,5,CAAP
2023-08-18,2023-08-25,6,FTAI
2023-08-18,2023-08-25,7,SPNT
2023-08-18,2023-08-25,8,IDYA
2023-08-18,2023-08-25,9,ANF
2023-08-18,2023-08-25,10,RELY
2023-08-18,2023-08-25,11,NPKI
2023-08-18,2023-08-25,12,FG
2023-08-18,2023-08-25,13,CMT
2023-08-18,2023-08-25,14,MNSO
2023-08-18,2023-08-25,15,FTI
2023-08-25,2023-09-01,1,ODC
2023-08-25,2023-09-01,2,VRT
2023-08-25,2023-09-01,3,HTT
2023-08-25,2023-09-01,4,NBTX
2023-08-25,2023-09-01,5,WFRD
2023-08-25,2023-09-01,6,SPNT
2023-08-25,2023-09-01,7,CX
2023-08-25,2023-09-01,8,CAMT
2023-08-25,2023-09-01,9,ORIC
2023-08-25,2023-09-01,10,IDYA
2023-08-25,2023-09-01,11,CABA
2023-08-25,2023-09-01,12,APP
2023-08-25,2023-09-01,13,NPKI
2023-08-25,2023-09-01,14,FSLY
2023-08-25,2023-09-01,15,MNSO
2023-09-01,2023-09-08,1,MNSO
2023-09-01,2023-09-08,2,ANF
2023-09-01,2023-09-08,3,XPO
2023-09-01,2023-09-08,4,VRT
2023-09-01,2023-09-08,5,HOV
2023-09-01,2023-09-08,6,MOD
2023-09-01,2023-09-08,7,MHO
2023-09-01,2023-09-08,8,EDU
2023-09-01,2023-09-08,9,FSLY
2023-09-01,2023-09-08,10,STRL
2023-09-01,2023-09-08,11,IESC
2023-09-01,2023-09-08,12,WFRD
2023-09-01,2023-09-08,13,ELF
2023-09-01,2023-09-08,14,FTI
2023-09-01,2023-09-08,15,LMB
2023-09-08,2023-09-15,1,ROIV
2023-09-08,2023-09-15,2,TDW
2023-09-08,2023-09-15,3,WFRD
2023-09-08,2023-09-15,4,ELF
2023-09-08,2023-09-15,5,VRT
2023-09-08,2023-09-15,6,HOS
2023-09-08,2023-09-15,7,CLS
2023-09-08,2023-09-15,8,IONQ
2023-09-08,2023-09-15,9,FTI
2023-09-08,2023-09-15,10,LLY
2023-09-08,2023-09-15,11,LMB
2023-09-08,2023-09-15,12,PARR
2023-09-08,2023-09-15,13,APP
2023-09-08,2023-09-15,14,CELH
2023-09-08,2023-09-15,15,RELY
2023-09-15,2023-09-22,1,CDLX
2023-09-15,2023-09-22,2,RELY
2023-09-15,2023-09-22,3,APP
2023-09-15,2023-09-22,4,WFRD
2023-09-15,2023-09-22,5,TTI
2023-09-15,2023-09-22,6,VIST
2023-09-15,2023-09-22,7,OLMA
2023-09-15,2023-09-22,8,XPRO
2023-09-15,2023-09-22,9,IDYA
2023-09-15,2023-09-22,10,GE
2023-09-15,2023-09-22,11,PAY
2023-09-15,2023-09-22,12,ULBI
2023-09-15,2023-09-22,13,NN
2023-09-15,2023-09-22,14,CABA
2023-09-15,2023-09-22,15,VRT
2023-09-22,2023-09-29,1,LNAI
2023-09-22,2023-09-29,2,TNGX
2023-09-22,2023-09-29,3,CMPR
2023-09-22,2023-09-29,4,MTRX
2023-09-22,2023-09-29,5,ORN
2023-09-22,2023-09-29,6,NPKI
2023-09-22,2023-09-29,7,HOS
2023-09-22,2023-09-29,8,HNRG
2023-09-22,2023-09-29,9,LPG
2023-09-22,2023-09-29,10,VIST
2023-09-22,2023-09-29,11,LWAY
2023-09-22,2023-09-29,12,MAMA
2023-09-22,2023-09-29,13,GEOS
2023-09-22,2023-09-29,14,FTI
2023-09-22,2023-09-29,15,FG
2023-09-29,2023-10-06,1,LNAI
2023-09-29,2023-10-06,2,ANF
2023-09-29,2023-10-06,3,LFMD
2023-09-29,2023-10-06,4,XPO
2023-09-29,2023-10-06,5,CLS
2023-09-29,2023-10-06,6,GRPN
2023-09-29,2023-10-06,7,CMT
2023-09-29,2023-10-06,8,TDW
2023-09-29,2023-10-06,9,TNGX
2023-09-29,2023-10-06,10,SMHI
2023-09-29,2023-10-06,11,CAMT
2023-09-29,2023-10-06,12,HRTG
2023-09-29,2023-10-06,13,ORN
2023-09-29,2023-10-06,14,TTI
2023-09-29,2023-10-06,15,VIST
2023-10-06,2023-10-13,1,VRT
2023-10-06,2023-10-13,2,CLS
2023-10-06,2023-10-13,3,MOD
2023-10-06,2023-10-13,4,XPO
2023-10-06,2023-10-13,5,CAMT
2023-10-06,2023-10-13,6,RELY
2023-10-06,2023-10-13,7,MLTX
2023-10-06,2023-10-13,8,EDU
2023-10-06,2023-10-13,9,OLMA
2023-10-06,2023-10-13,10,CWCO
2023-10-06,2023-10-13,11,MTRX
2023-10-06,2023-10-13,12,ANF
2023-10-06,2023-10-13,13,SMHI
2023-10-06,2023-10-13,14,LFMD
2023-10-06,2023-10-13,15,ORN
2023-10-13,2023-10-20,1,MTRX
2023-10-13,2023-10-20,2,ANF
2023-10-13,2023-10-20,3,WFRD
2023-10-13,2023-10-20,4,RELY
2023-10-13,2023-10-20,5,CLS
2023-10-13,2023-10-20,6,ORN
2023-10-13,2023-10-20,7,DRS
2023-10-13,2023-10-20,8,VIST
2023-10-13,2023-10-20,9,FICO
2023-10-13,2023-10-20,10,LPG
2023-10-13,2023-10-20,11,TDW
2023-10-13,2023-10-20,12,EDU
2023-10-13,2023-10-20,13,CNR
2023-10-13,2023-10-20,14,TTI
2023-10-13,2023-10-20,15,OLMA
2023-10-20,2023-10-27,1,LPG
2023-10-20,2023-10-27,2,ANF
2023-10-20,2023-10-27,3,TDW
2023-10-20,2023-10-27,4,FG
2023-10-20,2023-10-27,5,FICO
2023-10-20,2023-10-27,6,CLS
2023-10-20,2023-10-27,7,WFRD
2023-10-20,2023-10-27,8,NATR
2023-10-20,2023-10-27,9,MPTI
2023-10-20,2023-10-27,10,RELY
2023-10-20,2023-10-27,11,PKOH
2023-10-20,2023-10-27,12,FTI
2023-10-20,2023-10-27,13,MTRX
2023-10-20,2023-10-27,14,FRO
2023-10-20,2023-10-27,15,DRS
2023-10-27,2023-11-03,1,OLMA
2023-10-27,2023-11-03,2,FG
2023-10-27,2023-11-03,3,DAKT
2023-10-27,2023-11-03,4,NPKI
2023-10-27,2023-11-03,5,FTI
2023-10-27,2023-11-03,6,GASS
2023-10-27,2023-11-03,7,INTR
2023-10-27,2023-11-03,8,LPG
2023-10-27,2023-11-03,9,FRO
2023-10-27,2023-11-03,10,FTAI
2023-10-27,2023-11-03,11,WFRD
2023-10-27,2023-11-03,12,BHVN
2023-10-27,2023-11-03,13,DRS
2023-10-27,2023-11-03,14,TDW
2023-10-27,2023-11-03,15,PDD
2023-11-03,2023-11-10,1,FG
2023-11-03,2023-11-10,2,ANF
2023-11-03,2023-11-10,3,ESOA
2023-11-03,2023-11-10,4,XPO
2023-11-03,2023-11-10,5,WFRD
2023-11-03,2023-11-10,6,CWCO
2023-11-03,2023-11-10,7,AVPT
2023-11-03,2023-11-10,8,ALTO
2023-11-03,2023-11-10,9,LFMD
2023-11-03,2023-11-10,10,DKNG
2023-11-03,2023-11-10,11,VRNS
2023-11-03,2023-11-10,12,BHVN
2023-11-03,2023-11-10,13,FICO
2023-11-03,2023-11-10,14,ADBE
2023-11-03,2023-11-10,15,SKYW
2023-11-10,2023-11-17,1,META
2023-11-10,2023-11-17,2,CAMT
2023-11-10,2023-11-17,3,ANF
2023-11-10,2023-11-17,4,DAKT
2023-11-10,2023-11-17,5,MPTI
2023-11-10,2023-11-17,6,XPO
2023-11-10,2023-11-17,7,ADBE
2023-11-10,2023-11-17,8,AVGO
2023-11-10,2023-11-17,9,VRT
2023-11-10,2023-11-17,10,FG
2023-11-10,2023-11-17,11,DELL
2023-11-10,2023-11-17,12,BRBR
2023-11-10,2023-11-17,13,EDU
2023-11-10,2023-11-17,14,SPOK
2023-11-10,2023-11-17,15,APP
2023-11-17,2023-11-24,1,ANF
2023-11-17,2023-11-24,2,CLS
2023-11-17,2023-11-24,3,PLTR
2023-11-17,2023-11-24,4,META
2023-11-17,2023-11-24,5,XPO
2023-11-17,2023-11-24,6,FG
2023-11-17,2023-11-24,7,ELTK
2023-11-17,2023-11-24,8,UEC
2023-11-17,2023-11-24,9,BRZE
2023-11-17,2023-11-24,10,NVDA
2023-11-17,2023-11-24,11,HCC
2023-11-17,2023-11-24,12,AVGO
2023-11-17,2023-11-24,13,LMB
2023-11-17,2023-11-24,14,SPOK
2023-11-17,2023-11-24,15,CCJ
2023-11-24,2023-12-01,1,DAKT
2023-11-24,2023-12-01,2,ELTK
2023-11-24,2023-12-01,3,TAL
2023-11-24,2023-12-01,4,KTOS
2023-11-24,2023-12-01,5,SPOT
2023-11-24,2023-12-01,6,LPG
2023-11-24,2023-12-01,7,EDU
2023-11-24,2023-12-01,8,BRZE
2023-11-24,2023-12-01,9,IMMX
2023-11-24,2023-12-01,10,DBD
2023-11-24,2023-12-01,11,XPO
2023-11-24,2023-12-01,12,META
2023-11-24,2023-12-01,13,BGC
2023-11-24,2023-12-01,14,LMB
2023-11-24,2023-12-01,15,MHO
2023-12-01,2023-12-08,1,AAOI
2023-12-01,2023-12-08,2,AD
2023-12-01,2023-12-08,3,ANF
2023-12-01,2023-12-08,4,MHO
2023-12-01,2023-12-08,5,XPO
2023-12-01,2023-12-08,6,CMPR
2023-12-01,2023-12-08,7,SKYW
2023-12-01,2023-12-08,8,LRN
2023-12-01,2023-12-08,9,COIN
2023-12-01,2023-12-08,10,LPG
2023-12-01,2023-12-08,11,DKNG
2023-12-01,2023-12-08,12,EDU
2023-12-01,2023-12-08,13,DECK
2023-12-01,2023-12-08,14,VRT
2023-12-01,2023-12-08,15,SRRK
2023-12-08,2023-12-15,1,MSTR
2023-12-08,2023-12-15,2,VRT
2023-12-08,2023-12-15,3,AAOI
2023-12-08,2023-12-15,4,FTAI
2023-12-08,2023-12-15,5,LMB
2023-12-08,2023-12-15,6,ANF
2023-12-08,2023-12-15,7,MHO
2023-12-08,2023-12-15,8,COIN
2023-12-08,2023-12-15,9,GIII
2023-12-08,2023-12-15,10,LFMD
2023-12-08,2023-12-15,11,UGP
2023-12-08,2023-12-15,12,KTOS
2023-12-08,2023-12-15,13,BLTE
2023-12-08,2023-12-15,14,WINA
2023-12-08,2023-12-15,15,UEC
2023-12-15,2023-12-22,1,CLS
2023-12-15,2023-12-22,2,BBIO
2023-12-15,2023-12-22,3,SVRA
2023-12-15,2023-12-22,4,MOD
2023-12-15,2023-12-22,5,ESCA
2023-12-15,2023-12-22,6,AMR
2023-12-15,2023-12-22,7,CRWD
2023-12-15,2023-12-22,8,NRP
2023-12-15,2023-12-22,9,GIII
2023-12-15,2023-12-22,10,BLTE
2023-12-15,2023-12-22,11,SKYH
2023-12-15,2023-12-22,12,IDCC
2023-12-15,2023-12-22,13,AMRX
2023-12-15,2023-12-22,14,ARDX
2023-12-15,2023-12-22,15,NGL
2023-12-22,2023-12-29,1,SVRA
2023-12-22,2023-12-29,2,MSTR
2023-12-22,2023-12-29,3,FTAI
2023-12-22,2023-12-29,4,CLS
2023-12-22,2023-12-29,5,DBD
2023-12-22,2023-12-29,6,CLBT
2023-12-22,2023-12-29,7,AMRX
2023-12-22,2023-12-29,8,BBIO
2023-12-22,2023-12-29,9,DELL
2023-12-22,2023-12-29,10,INTC
2023-12-22,2023-12-29,11,ANF
2023-12-22,2023-12-29,12,MHO
2023-12-22,2023-12-29,13,META
2023-12-22,2023-12-29,14,STRL
2023-12-22,2023-12-29,15,ALKT
2023-12-29,2024-01-05,1,NPCE
2023-12-29,2024-01-05,2,ALAR
2023-12-29,2024-01-05,3,DBD
2023-12-29,2024-01-05,4,NTNX
2023-12-29,2024-01-05,5,ESOA
2023-12-29,2024-01-05,6,SNEX
2023-12-29,2024-01-05,7,VRNS
2023-12-29,2024-01-05,8,NGL
2023-12-29,2024-01-05,9,RCL
2023-12-29,2024-01-05,10,UGP
2023-12-29,2024-01-05,11,NVDA
2023-12-29,2024-01-05,12,BLTE
2023-12-29,2024-01-05,13,CNM
2023-12-29,2024-01-05,14,LMB
2023-12-29,2024-01-05,15,LII
2024-01-05,2024-01-12,1,DBD
2024-01-05,2024-01-12,2,BWAY
2024-01-05,2024-01-12,3,QXO
2024-01-05,2024-01-12,4,ALAR
2024-01-05,2024-01-12,5,GASS
2024-01-05,2024-01-12,6,NPCE
2024-01-05,2024-01-12,7,METC
2024-01-05,2024-01-12,8,UGP
2024-01-05,2024-01-12,9,NGL
2024-01-05,2024-01-12,10,RCMT
2024-01-05,2024-01-12,11,NVDA
2024-01-05,2024-01-12,12,SMID
2024-01-05,2024-01-12,13,LPG
2024-01-05,2024-01-12,14,ANF
2024-01-05,2024-01-12,15,NRP
2024-01-12,2024-01-19,1,MOD
2024-01-12,2024-01-19,2,VRT
2024-01-12,2024-01-19,3,NVDA
2024-01-12,2024-01-19,4,BLTE
2024-01-12,2024-01-19,5,NHC
2024-01-12,2024-01-19,6,UEC
2024-01-12,2024-01-19,7,DBD
2024-01-12,2024-01-19,8,META
2024-01-12,2024-01-19,9,NU
2024-01-12,2024-01-19,10,UGP
2024-01-12,2024-01-19,11,FICO
2024-01-12,2024-01-19,12,IDYA
2024-01-12,2024-01-19,13,ANF
2024-01-12,2024-01-19,14,ZS
2024-01-12,2024-01-19,15,SPOT
2024-01-19,2024-01-26,1,DBD
2024-01-19,2024-01-26,2,VRT
2024-01-19,2024-01-26,3,ANF
2024-01-19,2024-01-26,4,CRWD
2024-01-19,2024-01-26,5,NVDA
2024-01-19,2024-01-26,6,AMR
2024-01-19,2024-01-26,7,BLDR
2024-01-19,2024-01-26,8,FTAI
2024-01-19,2024-01-26,9,MOD
2024-01-19,2024-01-26,10,NPCE
2024-01-19,2024-01-26,11,SMCI
2024-01-19,2024-01-26,12,META
2024-01-19,2024-01-26,13,MGNX
2024-01-19,2024-01-26,14,ELTK
2024-01-19,2024-01-26,15,AMD
2024-01-26,2024-02-02,1,NGL
2024-01-26,2024-02-02,2,OSCR
2024-01-26,2024-02-02,3,GASS
2024-01-26,2024-02-02,4,HOV
2024-01-26,2024-02-02,5,UTI
2024-01-26,2024-02-02,6,UGP
2024-01-26,2024-02-02,7,DBD
2024-01-26,2024-02-02,8,FTAI
2024-01-26,2024-02-02,9,EYPT
2024-01-26,2024-02-02,10,ANF
2024-01-26,2024-02-02,11,SKYW
2024-01-26,2024-02-02,12,NNBR
2024-01-26,2024-02-02,13,UBER
2024-01-26,2024-02-02,14,META
2024-01-26,2024-02-02,15,ESEA
2024-02-02,2024-02-09,1,ANF
2024-02-02,2024-02-09,2,FTAI
2024-02-02,2024-02-09,3,ELF
2024-02-02,2024-02-09,4,VRT
2024-02-02,2024-02-09,5,BRBR
2024-02-02,2024-02-09,6,SKYW
2024-02-02,2024-02-09,7,NVDA
2024-02-02,2024-02-09,8,TNGX
2024-02-02,2024-02-09,9,OSCR
2024-02-02,2024-02-09,10,UBER
2024-02-02,2024-02-09,11,CRWD
2024-02-02,2024-02-09,12,AMR
2024-02-02,2024-02-09,13,DELL
2024-02-02,2024-02-09,14,ESTC
2024-02-02,2024-02-09,15,NNBR
2024-02-09,2024-02-16,1,DBD
2024-02-09,2024-02-16,2,NVDA
2024-02-09,2024-02-16,3,ANF
2024-02-09,2024-02-16,4,VRT
2024-02-09,2024-02-16,5,TAL
2024-02-09,2024-02-16,6,VERA
2024-02-09,2024-02-16,7,SMCI
2024-02-09,2024-02-16,8,CLS
2024-02-09,2024-02-16,9,BLTE
2024-02-09,2024-02-16,10,ARDX
2024-02-09,2024-02-16,11,MOD
2024-02-09,2024-02-16,12,ELF
2024-02-09,2024-02-16,13,BCC
2024-02-09,2024-02-16,14,UGP
2024-02-09,2024-02-16,15,EDU
2024-02-16,2024-02-23,1,ACIC
2024-02-16,2024-02-23,2,ANF
2024-02-16,2024-02-23,3,ABEO
2024-02-16,2024-02-23,4,BHVN
2024-02-16,2024-02-23,5,UGP
2024-02-16,2024-02-23,6,ESOA
2024-02-16,2024-02-23,7,IDYA
2024-02-16,2024-02-23,8,SMMT
2024-02-16,2024-02-23,9,APP
2024-02-16,2024-02-23,10,ORN
2024-02-16,2024-02-23,11,CAMT
2024-02-16,2024-02-23,12,DBD
2024-02-16,2024-02-23,13,MPTI
2024-02-16,2024-02-23,14,CLS
2024-02-16,2024-02-23,15,HCI
2024-02-23,2024-03-01,1,ANF
2024-02-23,2024-03-01,2,DBD
2024-02-23,2024-03-01,3,SN
2024-02-23,2024-03-01,4,SPOT
2024-02-23,2024-03-01,5,ACIC
2024-02-23,2024-03-01,6,ELF
2024-02-23,2024-03-01,7,VST
2024-02-23,2024-03-01,8,HCI
2024-02-23,2024-03-01,9,SKYW
2024-02-23,2024-03-01,10,MOD
2024-02-23,2024-03-01,11,TRAK
2024-02-23,2024-03-01,12,BVN
2024-02-23,2024-03-01,13,NTNX
2024-02-23,2024-03-01,14,XPO
2024-02-23,2024-03-01,15,SPRB
2024-03-01,2024-03-08,1,ANF
2024-03-01,2024-03-08,2,APP
2024-03-01,2024-03-08,3,NVDA
2024-03-01,2024-03-08,4,AMD
2024-03-01,2024-03-08,5,IRON
2024-03-01,2024-03-08,6,META
2024-03-01,2024-03-08,7,ELF
2024-03-01,2024-03-08,8,WING
2024-03-01,2024-03-08,9,LMB
2024-03-01,2024-03-08,10,SN
2024-03-01,2024-03-08,11,VRT
2024-03-01,2024-03-08,12,CMPR
2024-03-01,2024-03-08,13,MSTR
2024-03-01,2024-03-08,14,CVNA
2024-03-01,2024-03-08,15,SPOT
2024-03-08,2024-03-15,1,CATX
2024-03-08,2024-03-15,2,DBD
2024-03-08,2024-03-15,3,KURA
2024-03-08,2024-03-15,4,SN
2024-03-08,2024-03-15,5,ORN
2024-03-08,2024-03-15,6,MSTR
2024-03-08,2024-03-15,7,CRBP
2024-03-08,2024-03-15,8,NTNX
2024-03-08,2024-03-15,9,MTRX
2024-03-08,2024-03-15,10,SKYW
2024-03-08,2024-03-15,11,STIM
2024-03-08,2024-03-15,12,CGEN
2024-03-08,2024-03-15,13,GRPN
2024-03-08,2024-03-15,14,ADMA
2024-03-08,2024-03-15,15,HMY
2024-03-15,2024-03-22,1,DBD
2024-03-15,2024-03-22,2,TAYD
2024-03-15,2024-03-22,3,SN
2024-03-15,2024-03-22,4,LFMD
2024-03-15,2024-03-22,5,AQST
2024-03-15,2024-03-22,6,FTAI
2024-03-15,2024-03-22,7,CNM
2024-03-15,2024-03-22,8,ARQ
2024-03-15,2024-03-22,9,SUPV
2024-03-15,2024-03-22,10,MMYT
2024-03-15,2024-03-22,11,MSTR
2024-03-15,2024-03-22,12,VRT
2024-03-15,2024-03-22,13,NU
2024-03-15,2024-03-22,14,GAP
2024-03-15,2024-03-22,15,BMA
2024-03-22,2024-03-29,1,SN
2024-03-22,2024-03-29,2,TCRX
2024-03-22,2024-03-29,3,TRAK
2024-03-22,2024-03-29,4,FTAI
2024-03-22,2024-03-29,5,CNM
2024-03-22,2024-03-29,6,VST
2024-03-22,2024-03-29,7,IBP
2024-03-22,2024-03-29,8,DFH
2024-03-22,2024-03-29,9,MMYT
2024-03-22,2024-03-29,10,HCI
2024-03-22,2024-03-29,11,NU
2024-03-22,2024-03-29,12,EXP
2024-03-22,2024-03-29,13,LQDA
2024-03-22,2024-03-29,14,AWI
2024-03-22,2024-03-29,15,BCC
2024-03-29,2024-04-05,1,ROOT
2024-03-29,2024-04-05,2,SN
2024-03-29,2024-04-05,3,MMYT
2024-03-29,2024-04-05,4,CGNT
2024-03-29,2024-04-05,5,IESC
2024-03-29,2024-04-05,6,FIP
2024-03-29,2024-04-05,7,PHM
2024-03-29,2024-04-05,8,IBP
2024-03-29,2024-04-05,9,DFH
2024-03-29,2024-04-05,10,EXP
2024-03-29,2024-04-05,11,GFF
2024-03-29,2024-04-05,12,WSM
2024-03-29,2024-04-05,13,BCC
2024-03-29,2024-04-05,14,TOL
2024-03-29,2024-04-05,15,GAU
2024-04-05,2024-04-12,1,SN
2024-04-05,2024-04-12,2,ROOT
2024-04-05,2024-04-12,3,XPO
2024-04-05,2024-04-12,4,APP
2024-04-05,2024-04-12,5,VST
2024-04-05,2024-04-12,6,GGAL
2024-04-05,2024-04-12,7,MMYT
2024-04-05,2024-04-12,8,META
2024-04-05,2024-04-12,9,GFF
2024-04-05,2024-04-12,10,IESC
2024-04-05,2024-04-12,11,SKYW
2024-04-05,2024-04-12,12,NTNX
2024-04-05,2024-04-12,13,TAYD
2024-04-05,2024-04-12,14,EME
2024-04-05,2024-04-12,15,HIPO
2024-04-12,2024-04-19,1,EVER
2024-04-12,2024-04-19,2,XPO
2024-04-12,2024-04-19,3,GGAL
2024-04-12,2024-04-19,4,FIP
2024-04-12,2024-04-19,5,IZM
2024-04-12,2024-04-19,6,VERA
2024-04-12,2024-04-19,7,VRT
2024-04-12,2024-04-19,8,APP
2024-04-12,2024-04-19,9,FTAI
2024-04-12,2024-04-19,10,DASH
2024-04-12,2024-04-19,11,SKYW
2024-04-12,2024-04-19,12,VITL
2024-04-12,2024-04-19,13,BYRN
2024-04-12,2024-04-19,14,WING
2024-04-12,2024-04-19,15,CEG
2024-04-19,2024-04-26,1,SN
2024-04-19,2024-04-26,2,SKYW
2024-04-19,2024-04-26,3,VITL
2024-04-19,2024-04-26,4,NN
2024-04-19,2024-04-26,5,CATX
2024-04-19,2024-04-26,6,GGAL
2024-04-19,2024-04-26,7,SFM
2024-04-19,2024-04-26,8,CENX
2024-04-19,2024-04-26,9,SGC
2024-04-19,2024-04-26,10,FTAI
2024-04-19,2024-04-26,11,FIP
2024-04-19,2024-04-26,12,USLM
2024-04-19,2024-04-26,13,BMA
2024-04-19,2024-04-26,14,SHIP
2024-04-19,2024-04-26,15,PNTG
2024-04-26,2024-05-03,1,AIFC
2024-04-26,2024-05-03,2,JAN
2024-04-26,2024-05-03,3,LFMD
2024-04-26,2024-05-03,4,SN
2024-04-26,2024-05-03,5,VRT
2024-04-26,2024-05-03,6,NN
2024-04-26,2024-05-03,7,TPC
2024-04-26,2024-05-03,8,LWAY
2024-04-26,2024-05-03,9,GAU
2024-04-26,2024-05-03,10,DAVE
2024-04-26,2024-05-03,11,SNDA
2024-04-26,2024-05-03,12,WING
2024-04-26,2024-05-03,13,STTK
2024-04-26,2024-05-03,14,VITL
2024-04-26,2024-05-03,15,ARQ
2024-05-03,2024-05-10,1,SN
2024-05-03,2024-05-10,2,BMA
2024-05-03,2024-05-10,3,SUPV
2024-05-03,2024-05-10,4,JANX
2024-05-03,2024-05-10,5,RXST
2024-05-03,2024-05-10,6,GGAL
2024-05-03,2024-05-10,7,CVNA
2024-05-03,2024-05-10,8,TPC
2024-05-03,2024-05-10,9,DBD
2024-05-03,2024-05-10,10,LFMD
2024-05-03,2024-05-10,11,VST
2024-05-03,2024-05-10,12,SNDA
2024-05-03,2024-05-10,13,SIGA
2024-05-03,2024-05-10,14,VRT
2024-05-03,2024-05-10,15,FTAI
2024-05-10,2024-05-17,1,SN
2024-05-10,2024-05-17,2,DBD
2024-05-10,2024-05-17,3,STRL
2024-05-10,2024-05-17,4,IESC
2024-05-10,2024-05-17,5,BNKU
2024-05-10,2024-05-17,6,FSTR
2024-05-10,2024-05-17,7,LE
2024-05-10,2024-05-17,8,NRG
2024-05-10,2024-05-17,9,ASPN
2024-05-10,2024-05-17,10,KKR
2024-05-10,2024-05-17,11,WSM
2024-05-10,2024-05-17,12,TPC
2024-05-10,2024-05-17,13,APP
2024-05-10,2024-05-17,14,PNTG
2024-05-10,2024-05-17,15,RDNT
2024-05-17,2024-05-24,1,SN
2024-05-17,2024-05-24,2,DBD
2024-05-17,2024-05-24,3,ANF
2024-05-17,2024-05-24,4,TGB
2024-05-17,2024-05-24,5,HBM
2024-05-17,2024-05-24,6,AEYE
2024-05-17,2024-05-24,7,GOTU
2024-05-17,2024-05-24,8,DELL
2024-05-17,2024-05-24,9,HMY
2024-05-17,2024-05-24,10,NTNX
2024-05-17,2024-05-24,11,SCCO
2024-05-17,2024-05-24,12,SFM
2024-05-17,2024-05-24,13,QTWO
2024-05-17,2024-05-24,14,BNKU
2024-05-17,2024-05-24,15,SHIP
2024-05-24,2024-05-31,1,CLS
2024-05-24,2024-05-31,2,TPC
2024-05-24,2024-05-31,3,DBD
2024-05-24,2024-05-31,4,ANF
2024-05-24,2024-05-31,5,FTAI
2024-05-24,2024-05-31,6,NVDA
2024-05-24,2024-05-31,7,POWL
2024-05-24,2024-05-31,8,GAU
2024-05-24,2024-05-31,9,ASPN
2024-05-24,2024-05-31,10,NRG
2024-05-24,2024-05-31,11,CAMT
2024-05-24,2024-05-31,12,EME
2024-05-24,2024-05-31,13,SN
2024-05-24,2024-05-31,14,VST
2024-05-24,2024-05-31,15,ASPI
2024-05-31,2024-06-07,1,ASPN
2024-05-31,2024-06-07,2,ORN
2024-05-31,2024-06-07,3,BMA
2024-05-31,2024-06-07,4,CRDL
2024-05-31,2024-06-07,5,HRTX
2024-05-31,2024-06-07,6,RSI
2024-05-31,2024-06-07,7,GAP
2024-05-31,2024-06-07,8,SN
2024-05-31,2024-06-07,9,MAIA
2024-05-31,2024-06-07,10,DBD
2024-05-31,2024-06-07,11,FTAI
2024-05-31,2024-06-07,12,BLTE
2024-05-31,2024-06-07,13,NMM
2024-05-31,2024-06-07,14,THC
2024-05-31,2024-06-07,15,CRS
2024-06-07,2024-06-14,1,VIRC
2024-06-07,2024-06-14,2,CAMT
2024-06-07,2024-06-14,3,NTRA
2024-06-07,2024-06-14,4,ARHS
2024-06-07,2024-06-14,5,TSHA
2024-06-07,2024-06-14,6,BLTE
2024-06-07,2024-06-14,7,RSI
2024-06-07,2024-06-14,8,ADMA
2024-06-07,2024-06-14,9,BLBD
2024-06-07,2024-06-14,10,AMRX
2024-06-07,2024-06-14,11,NMM
2024-06-07,2024-06-14,12,THC
2024-06-07,2024-06-14,13,ASPN
2024-06-07,2024-06-14,14,GKOS
2024-06-07,2024-06-14,15,GTE
2024-06-14,2024-06-21,1,WGS
2024-06-14,2024-06-21,2,SN
2024-06-14,2024-06-21,3,BLTE
2024-06-14,2024-06-21,4,CORZ
2024-06-14,2024-06-21,5,ADMA
2024-06-14,2024-06-21,6,VIRC
2024-06-14,2024-06-21,7,RSI
2024-06-14,2024-06-21,8,TDAY
2024-06-14,2024-06-21,9,CAMT
2024-06-14,2024-06-21,10,CRWD
2024-06-14,2024-06-21,11,TMDX
2024-06-14,2024-06-21,12,AVAV
2024-06-14,2024-06-21,13,ASPN
2024-06-14,2024-06-21,14,ANET
2024-06-14,2024-06-21,15,FTAI
2024-06-21,2024-06-28,1,ADMA
2024-06-21,2024-06-28,2,SN
2024-06-21,2024-06-28,3,SMC
2024-06-21,2024-06-28,4,FTAI
2024-06-21,2024-06-28,5,DYN
2024-06-21,2024-06-28,6,BLTE
2024-06-21,2024-06-28,7,FRPT
2024-06-21,2024-06-28,8,RSI
2024-06-21,2024-06-28,9,WGS
2024-06-21,2024-06-28,10,CMRE
2024-06-21,2024-06-28,11,EAT
2024-06-21,2024-06-28,12,CRWD
2024-06-21,2024-06-28,13,VITL
2024-06-21,2024-06-28,14,ASC
2024-06-21,2024-06-28,15,SPXC
2024-06-28,2024-07-05,1,VITL
2024-06-28,2024-07-05,2,ADMA
2024-06-28,2024-07-05,3,LSF
2024-06-28,2024-07-05,4,KEQU
2024-06-28,2024-07-05,5,SFM
2024-06-28,2024-07-05,6,RSI
2024-06-28,2024-07-05,7,TMDX
2024-06-28,2024-07-05,8,RNA
2024-06-28,2024-07-05,9,TDAY
2024-06-28,2024-07-05,10,FTAI
2024-06-28,2024-07-05,11,DYN
2024-06-28,2024-07-05,12,RDW
2024-06-28,2024-07-05,13,CAMT
2024-06-28,2024-07-05,14,WLFC
2024-06-28,2024-07-05,15,CRS
2024-07-05,2024-07-12,1,INSM
2024-07-05,2024-07-12,2,ASTS
2024-07-05,2024-07-12,3,IREN
2024-07-05,2024-07-12,4,ADMA
2024-07-05,2024-07-12,5,FIP
2024-07-05,2024-07-12,6,CAMT
2024-07-05,2024-07-12,7,CDE
2024-07-05,2024-07-12,8,TKC
2024-07-05,2024-07-12,9,TMDX
2024-07-05,2024-07-12,10,CRWD
2024-07-05,2024-07-12,11,MAMA
2024-07-05,2024-07-12,12,CORZ
2024-07-05,2024-07-12,13,FRPT
2024-07-05,2024-07-12,14,GAU
2024-07-05,2024-07-12,15,CAVA
2024-07-12,2024-07-19,1,ADMA
2024-07-12,2024-07-19,2,RDW
2024-07-12,2024-07-19,3,RNA
2024-07-12,2024-07-19,4,ASTS
2024-07-12,2024-07-19,5,AMSC
2024-07-12,2024-07-19,6,REAX
2024-07-12,2024-07-19,7,JMIA
2024-07-12,2024-07-19,8,LLY
2024-07-12,2024-07-19,9,USLM
2024-07-12,2024-07-19,10,TPL
2024-07-12,2024-07-19,11,INSM
2024-07-12,2024-07-19,12,VERX
2024-07-12,2024-07-19,13,CURV
2024-07-12,2024-07-19,14,TPC
2024-07-12,2024-07-19,15,GDDY
2024-07-19,2024-07-26,1,BLTE
2024-07-19,2024-07-26,2,SMC
2024-07-19,2024-07-26,3,REAX
2024-07-19,2024-07-26,4,ORN
2024-07-19,2024-07-26,5,VERX
2024-07-19,2024-07-26,6,RSI
2024-07-19,2024-07-26,7,FIP
2024-07-19,2024-07-26,8,HROW
2024-07-19,2024-07-26,9,TRGP
2024-07-19,2024-07-26,10,ZETA
2024-07-19,2024-07-26,11,EVER
2024-07-19,2024-07-26,12,ADMA
2024-07-19,2024-07-26,13,INSM
2024-07-19,2024-07-26,14,NWG
2024-07-19,2024-07-26,15,AVPT
2024-07-26,2024-08-02,1,RNA
2024-07-26,2024-08-02,2,EVER
2024-07-26,2024-08-02,3,SFM
2024-07-26,2024-08-02,4,AEYE
2024-07-26,2024-08-02,5,JXN
2024-07-26,2024-08-02,6,DAKT
2024-07-26,2024-08-02,7,DSP
2024-07-26,2024-08-02,8,NGVC
2024-07-26,2024-08-02,9,SMMT
2024-07-26,2024-08-02,10,THC
2024-07-26,2024-08-02,11,UTI
2024-07-26,2024-08-02,12,NHC
2024-07-26,2024-08-02,13,ZETA
2024-07-26,2024-08-02,14,COKE
2024-07-26,2024-08-02,15,BWIN
2024-08-02,2024-08-09,1,GDDY
2024-08-02,2024-08-09,2,HWKN
2024-08-02,2024-08-09,3,ALNY
2024-08-02,2024-08-09,4,FIP
2024-08-02,2024-08-09,5,ADSE
2024-08-02,2024-08-09,6,TIGO
2024-08-02,2024-08-09,7,SFM
2024-08-02,2024-08-09,8,NEXT
2024-08-02,2024-08-09,9,BNKU
2024-08-02,2024-08-09,10,FICO
2024-08-02,2024-08-09,11,EGO
2024-08-02,2024-08-09,12,MCY
2024-08-02,2024-08-09,13,PNTG
2024-08-02,2024-08-09,14,SMC
2024-08-02,2024-08-09,15,VEON
2024-08-09,2024-08-16,1,HROW
2024-08-09,2024-08-16,2,RCAT
2024-08-09,2024-08-16,3,EMBJ
2024-08-09,2024-08-16,4,RNA
2024-08-09,2024-08-16,5,DYN
2024-08-09,2024-08-16,6,GDDY
2024-08-09,2024-08-16,7,ADMA
2024-08-09,2024-08-16,8,AU
2024-08-09,2024-08-16,9,NTRA
2024-08-09,2024-08-16,10,PNTG
2024-08-09,2024-08-16,11,REAX
2024-08-09,2024-08-16,12,BNKU
2024-08-09,2024-08-16,13,ALNY
2024-08-09,2024-08-16,14,FICO
2024-08-09,2024-08-16,15,DY
2024-08-16,2024-08-23,1,CVNA
2024-08-16,2024-08-23,2,CDNA
2024-08-16,2024-08-23,3,JXN
2024-08-16,2024-08-23,4,REAX
2024-08-16,2024-08-23,5,PNTG
2024-08-16,2024-08-23,6,ADMA
2024-08-16,2024-08-23,7,NTRA
2024-08-16,2024-08-23,8,DYN
2024-08-16,2024-08-23,9,SMMT
2024-08-16,2024-08-23,10,EGO
2024-08-16,2024-08-23,11,GDDY
2024-08-16,2024-08-23,12,HROW
2024-08-16,2024-08-23,13,DY
2024-08-16,2024-08-23,14,SN
2024-08-16,2024-08-23,15,BVS
2024-08-23,2024-08-30,1,CVNA
2024-08-23,2024-08-30,2,ADMA
2024-08-23,2024-08-30,3,PNTG
2024-08-23,2024-08-30,4,DAKT
2024-08-23,2024-08-30,5,HWKN
2024-08-23,2024-08-30,6,FTAI
2024-08-23,2024-08-30,7,MMM
2024-08-23,2024-08-30,8,MAMA
2024-08-23,2024-08-30,9,MMYT
2024-08-23,2024-08-30,10,LTM
2024-08-23,2024-08-30,11,VIRC
2024-08-23,2024-08-30,12,UFPT
2024-08-23,2024-08-30,13,REAX
2024-08-23,2024-08-30,14,ACIW
2024-08-23,2024-08-30,15,THC
2024-08-30,2024-09-06,1,ZETA
2024-08-30,2024-09-06,2,ALF
2024-08-30,2024-09-06,3,SN
2024-08-30,2024-09-06,4,UFPT
2024-08-30,2024-09-06,5,GDDY
2024-08-30,2024-09-06,6,JXN
2024-08-30,2024-09-06,7,SFM
2024-08-30,2024-09-06,8,FTAI
2024-08-30,2024-09-06,9,THC
2024-08-30,2024-09-06,10,RYAM
2024-08-30,2024-09-06,11,CSW
2024-08-30,2024-09-06,12,HWKN
2024-08-30,2024-09-06,13,CVLT
2024-08-30,2024-09-06,14,MMM
2024-08-30,2024-09-06,15,VIRT
2024-09-06,2024-09-13,1,ALF
2024-09-06,2024-09-13,2,GPGI
2024-09-06,2024-09-13,3,AXGN
2024-09-06,2024-09-13,4,ABUS
2024-09-06,2024-09-13,5,CNK
2024-09-06,2024-09-13,6,CYH
2024-09-06,2024-09-13,7,VIRT
2024-09-06,2024-09-13,8,SN
2024-09-06,2024-09-13,9,COKE
2024-09-06,2024-09-13,10,IRS
2024-09-06,2024-09-13,11,AMRX
2024-09-06,2024-09-13,12,TIGO
2024-09-06,2024-09-13,13,GGAL
2024-09-06,2024-09-13,14,NHI
2024-09-06,2024-09-13,15,SFM
2024-09-13,2024-09-20,1,ALF
2024-09-13,2024-09-20,2,BMA
2024-09-13,2024-09-20,3,ZETA
2024-09-13,2024-09-20,4,AXGN
2024-09-13,2024-09-20,5,CDE
2024-09-13,2024-09-20,6,GGAL
2024-09-13,2024-09-20,7,CLBT
2024-09-13,2024-09-20,8,BVS
2024-09-13,2024-09-20,9,SUPV
2024-09-13,2024-09-20,10,PTGX
2024-09-13,2024-09-20,11,WLFC
2024-09-13,2024-09-20,12,VISN
2024-09-13,2024-09-20,13,HROW
2024-09-13,2024-09-20,14,SN
2024-09-13,2024-09-20,15,APP
2024-09-20,2024-09-27,1,ALF
2024-09-20,2024-09-27,2,CAVA
2024-09-20,2024-09-27,3,ADMA
2024-09-20,2024-09-27,4,CRS
2024-09-20,2024-09-27,5,HBB
2024-09-20,2024-09-27,6,ZETA
2024-09-20,2024-09-27,7,LTM
2024-09-20,2024-09-27,8,VST
2024-09-20,2024-09-27,9,PRCT
2024-09-20,2024-09-27,10,SEZL
2024-09-20,2024-09-27,11,CVNA
2024-09-20,2024-09-27,12,PI
2024-09-20,2024-09-27,13,PLTR
2024-09-20,2024-09-27,14,BVS
2024-09-20,2024-09-27,15,MMYT
2024-09-27,2024-10-04,1,ALF
2024-09-27,2024-10-04,2,WGS
2024-09-27,2024-10-04,3,GPGI
2024-09-27,2024-10-04,4,PRM
2024-09-27,2024-10-04,5,LTM
2024-09-27,2024-10-04,6,QFIN
2024-09-27,2024-10-04,7,HWKN
2024-09-27,2024-10-04,8,JXN
2024-09-27,2024-10-04,9,ACIW
2024-09-27,2024-10-04,10,FTAI
2024-09-27,2024-10-04,11,HWM
2024-09-27,2024-10-04,12,TOL
2024-09-27,2024-10-04,13,USLM
2024-09-27,2024-10-04,14,PHG
2024-09-27,2024-10-04,15,SWIM
2024-10-04,2024-10-11,1,WLFC
2024-10-04,2024-10-11,2,ALF
2024-10-04,2024-10-11,3,FTAI
2024-10-04,2024-10-11,4,WGS
2024-10-04,2024-10-11,5,AGX
2024-10-04,2024-10-11,6,BYRN
2024-10-04,2024-10-11,7,EAT
2024-10-04,2024-10-11,8,ADMA
2024-10-04,2024-10-11,9,ACIW
2024-10-04,2024-10-11,10,VHI
2024-10-04,2024-10-11,11,PI
2024-10-04,2024-10-11,12,CVNA
2024-10-04,2024-10-11,13,JXN
2024-10-04,2024-10-11,14,SFM
2024-10-04,2024-10-11,15,TPC
2024-10-11,2024-10-18,1,GGAL
2024-10-11,2024-10-18,2,MSTR
2024-10-11,2024-10-18,3,CORZ
2024-10-11,2024-10-18,4,ALF
2024-10-11,2024-10-18,5,WLFC
2024-10-11,2024-10-18,6,CAVA
2024-10-11,2024-10-18,7,TKNO
2024-10-11,2024-10-18,8,RYAM
2024-10-11,2024-10-18,9,PI
2024-10-11,2024-10-18,10,LMB
2024-10-11,2024-10-18,11,SFM
2024-10-11,2024-10-18,12,APP
2024-10-11,2024-10-18,13,ACIW
2024-10-11,2024-10-18,14,FTAI
2024-10-11,2024-10-18,15,RAIL
2024-10-18,2024-10-25,1,TKNO
2024-10-18,2024-10-25,2,CAVA
2024-10-18,2024-10-25,3,RNA
2024-10-18,2024-10-25,4,GGAL
2024-10-18,2024-10-25,5,BVS
2024-10-18,2024-10-25,6,CRMD
2024-10-18,2024-10-25,7,WLFC
2024-10-18,2024-10-25,8,RAIL
2024-10-18,2024-10-25,9,QTWO
2024-10-18,2024-10-25,10,KKR
2024-10-18,2024-10-25,11,SLG
2024-10-18,2024-10-25,12,BELFA
2024-10-18,2024-10-25,13,LTM
2024-10-18,2024-10-25,14,IRM
2024-10-18,2024-10-25,15,GEVO
2024-10-25,2024-11-01,1,CVNA
2024-10-25,2024-11-01,2,LTM
2024-10-25,2024-11-01,3,GGAL
2024-10-25,2024-11-01,4,SUPV
2024-10-25,2024-11-01,5,BMA
2024-10-25,2024-11-01,6,RAIL
2024-10-25,2024-11-01,7,PLTR
2024-10-25,2024-11-01,8,APP
2024-10-25,2024-11-01,9,NRIX
2024-10-25,2024-11-01,10,PTGX
2024-10-25,2024-11-01,11,SFM
2024-10-25,2024-11-01,12,IRS
2024-10-25,2024-11-01,13,QFIN
2024-10-25,2024-11-01,14,PRM
2024-10-25,2024-11-01,15,USLM
2024-11-01,2024-11-08,1,CRVS
2024-11-01,2024-11-08,2,IESC
2024-11-01,2024-11-08,3,AGX
2024-11-01,2024-11-08,4,POWL
2024-11-01,2024-11-08,5,UI
2024-11-01,2024-11-08,6,PRM
2024-11-01,2024-11-08,7,BVS
2024-11-01,2024-11-08,8,CLBT
2024-11-01,2024-11-08,9,VISN
2024-11-01,2024-11-08,10,EAT
2024-11-01,2024-11-08,11,QTWO
2024-11-01,2024-11-08,12,IRS
2024-11-01,2024-11-08,13,ALHC
2024-11-01,2024-11-08,14,LTM
2024-11-01,2024-11-08,15,TGTX
2024-11-08,2024-11-15,1,CORZ
2024-11-08,2024-11-15,2,HYLN
2024-11-08,2024-11-15,3,IESC
2024-11-08,2024-11-15,4,CAVA
2024-11-08,2024-11-15,5,SPRY
2024-11-08,2024-11-15,6,TVTX
2024-11-08,2024-11-15,7,HOOD
2024-11-08,2024-11-15,8,BLND
2024-11-08,2024-11-15,9,PLTR
2024-11-08,2024-11-15,10,AAOI
2024-11-08,2024-11-15,11,VRT
2024-11-08,2024-11-15,12,BWAY
2024-11-08,2024-11-15,13,SMTC
2024-11-08,2024-11-15,14,NTRA
2024-11-08,2024-11-15,15,USLM
2024-11-15,2024-11-22,1,LTM
2024-11-15,2024-11-22,2,SUPV
2024-11-15,2024-11-22,3,PPTA
2024-11-15,2024-11-22,4,GGAL
2024-11-15,2024-11-22,5,PLTR
2024-11-15,2024-11-22,6,NXL
2024-11-15,2024-11-22,7,APP
2024-11-15,2024-11-22,8,CLMB
2024-11-15,2024-11-22,9,TRGP
2024-11-15,2024-11-22,10,UAL
2024-11-15,2024-11-22,11,RDW
2024-11-15,2024-11-22,12,BMA
2024-11-15,2024-11-22,13,FTAI
2024-11-15,2024-11-22,14,TOST
2024-11-15,2024-11-22,15,USLM
2024-11-22,2024-11-29,1,CORZ
2024-11-22,2024-11-29,2,HAPN
2024-11-22,2024-11-29,3,GPGI
2024-11-22,2024-11-29,4,TZOO
2024-11-22,2024-11-29,5,QTWO
2024-11-22,2024-11-29,6,GWRE
2024-11-22,2024-11-29,7,EAT
2024-11-22,2024-11-29,8,TPG
2024-11-22,2024-11-29,9,SFM
2024-11-22,2024-11-29,10,ELMD
2024-11-22,2024-11-29,11,UI
2024-11-22,2024-11-29,12,CVNA
2024-11-22,2024-11-29,13,ESOA
2024-11-22,2024-11-29,14,MOD
2024-11-22,2024-11-29,15,CSW
2024-11-29,2024-12-06,1,LGCY
2024-11-29,2024-12-06,2,RCAT
2024-11-29,2024-12-06,3,SFM
2024-11-29,2024-12-06,4,SUPV
2024-11-29,2024-12-06,5,LX
2024-11-29,2024-12-06,6,TARS
2024-11-29,2024-12-06,7,KINS
2024-11-29,2024-12-06,8,EAT
2024-11-29,2024-12-06,9,ETON
2024-11-29,2024-12-06,10,PLTR
2024-11-29,2024-12-06,11,MCS
2024-11-29,2024-12-06,12,BMA
2024-11-29,2024-12-06,13,PTON
2024-11-29,2024-12-06,14,MMYT
2024-11-29,2024-12-06,15,CANG
2024-12-06,2024-12-13,1,LTM
2024-12-06,2024-12-13,2,PLTR
2024-12-06,2024-12-13,3,SRRK
2024-12-06,2024-12-13,4,SOUN
2024-12-06,2024-12-13,5,IONQ
2024-12-06,2024-12-13,6,CLS
2024-12-06,2024-12-13,7,CRDO
2024-12-06,2024-12-13,8,SUPV
2024-12-06,2024-12-13,9,AXON
2024-12-06,2024-12-13,10,SITM
2024-12-06,2024-12-13,11,NXL
2024-12-06,2024-12-13,12,DXPE
2024-12-06,2024-12-13,13,PDEX
2024-12-06,2024-12-13,14,EDN
2024-12-06,2024-12-13,15,QTWO
2024-12-13,2024-12-20,1,LGCY
2024-12-13,2024-12-20,2,LTM
2024-12-13,2024-12-20,3,CLS
2024-12-13,2024-12-20,4,GGAL
2024-12-13,2024-12-20,5,BMA
2024-12-13,2024-12-20,6,FLXS
2024-12-13,2024-12-20,7,GPGI
2024-12-13,2024-12-20,8,LFVN
2024-12-13,2024-12-20,9,SUPV
2024-12-13,2024-12-20,10,SOUN
2024-12-13,2024-12-20,11,EDN
2024-12-13,2024-12-20,12,VSXY
2024-12-13,2024-12-20,13,SE
2024-12-13,2024-12-20,14,JEF
2024-12-13,2024-12-20,15,CRDO
2024-12-20,2024-12-27,1,ALF
2024-12-20,2024-12-27,2,KINS
2024-12-20,2024-12-27,3,PLTR
2024-12-20,2024-12-27,4,KC
2024-12-20,2024-12-27,5,BKTI
2024-12-20,2024-12-27,6,LTM
2024-12-20,2024-12-27,7,BYRN
2024-12-20,2024-12-27,8,SRRK
2024-12-20,2024-12-27,9,EAT
2024-12-20,2024-12-27,10,EOSE
2024-12-20,2024-12-27,11,SMWB
2024-12-20,2024-12-27,12,IONQ
2024-12-20,2024-12-27,13,CLS
2024-12-20,2024-12-27,14,CLBT
2024-12-20,2024-12-27,15,ARQT
2024-12-27,2025-01-03,1,ALF
2024-12-27,2025-01-03,2,SRRK
2024-12-27,2025-01-03,3,LX
2024-12-27,2025-01-03,4,REAL
2024-12-27,2025-01-03,5,RDW
2024-12-27,2025-01-03,6,ALLT
2024-12-27,2025-01-03,7,SOUN
2024-12-27,2025-01-03,8,KC
2024-12-27,2025-01-03,9,CNVS
2024-12-27,2025-01-03,10,RKLB
2024-12-27,2025-01-03,11,EAT
2024-12-27,2025-01-03,12,TARS
2024-12-27,2025-01-03,13,ACHR
2024-12-27,2025-01-03,14,IPX
2024-12-27,2025-01-03,15,AENT
2025-01-03,2025-01-10,1,RKLB
2025-01-03,2025-01-10,2,LUNR
2025-01-03,2025-01-10,3,IONQ
2025-01-03,2025-01-10,4,SUPV
2025-01-03,2025-01-10,5,SRRK
2025-01-03,2025-01-10,6,RDW
2025-01-03,2025-01-10,7,GGAL
2025-01-03,2025-01-10,8,EAT
2025-01-03,2025-01-10,9,BTDR
2025-01-03,2025-01-10,10,AMBR
2025-01-03,2025-01-10,11,BMA
2025-01-03,2025-01-10,12,ALLT
2025-01-03,2025-01-10,13,PRTH
2025-01-03,2025-01-10,14,GEO
2025-01-03,2025-01-10,15,ATYR
2025-01-10,2025-01-17,1,SUPV
2025-01-10,2025-01-17,2,ALLT
2025-01-10,2025-01-17,3,GGAL
2025-01-10,2025-01-17,4,CLS
2025-01-10,2025-01-17,5,VST
2025-01-10,2025-01-17,6,EAT
2025-01-10,2025-01-17,7,UI
2025-01-10,2025-01-17,8,BMA
2025-01-10,2025-01-17,9,YPF
2025-01-10,2025-01-17,10,GEO
2025-01-10,2025-01-17,11,AGX
2025-01-10,2025-01-17,12,NTRA
2025-01-10,2025-01-17,13,UAL
2025-01-10,2025-01-17,14,DXPE
2025-01-10,2025-01-17,15,CRDO
2025-01-17,2025-01-24,1,LX
2025-01-17,2025-01-24,2,SMTC
2025-01-17,2025-01-24,3,GEO
2025-01-17,2025-01-24,4,ELMD
2025-01-17,2025-01-24,5,CRDO
2025-01-17,2025-01-24,6,TATT
2025-01-17,2025-01-24,7,EAT
2025-01-17,2025-01-24,8,CLS
2025-01-17,2025-01-24,9,HOOD
2025-01-17,2025-01-24,10,DXPE
2025-01-17,2025-01-24,11,AGX
2025-01-17,2025-01-24,12,CRS
2025-01-17,2025-01-24,13,ZVIA
2025-01-17,2025-01-24,14,ETON
2025-01-17,2025-01-24,15,DCTH
2025-01-24,2025-01-31,1,LX
2025-01-24,2025-01-31,2,SMWB
2025-01-24,2025-01-31,3,BE
2025-01-24,2025-01-31,4,CLOV
2025-01-24,2025-01-31,5,ETON
2025-01-24,2025-01-31,6,QFIN
2025-01-24,2025-01-31,7,DXPE
2025-01-24,2025-01-31,8,HOOD
2025-01-24,2025-01-31,9,LTM
2025-01-24,2025-01-31,10,UI
2025-01-24,2025-01-31,11,SE
2025-01-24,2025-01-31,12,OPFI
2025-01-24,2025-01-31,13,SGHC
2025-01-24,2025-01-31,14,VIRT
2025-01-24,2025-01-31,15,SPOT
2025-01-31,2025-02-07,1,ETON
2025-01-31,2025-02-07,2,LTM
2025-01-31,2025-02-07,3,PLTR
2025-01-31,2025-02-07,4,HIMS
2025-01-31,2025-02-07,5,HOOD
2025-01-31,2025-02-07,6,EAT
2025-01-31,2025-02-07,7,SFM
2025-01-31,2025-02-07,8,DSP
2025-01-31,2025-02-07,9,ELMD
2025-01-31,2025-02-07,10,CLBT
2025-01-31,2025-02-07,11,NESR
2025-01-31,2025-02-07,12,AVPT
2025-01-31,2025-02-07,13,LLYVK
2025-01-31,2025-02-07,14,BROS
2025-01-31,2025-02-07,15,CCB
2025-02-07,2025-02-14,1,LTM
2025-02-07,2025-02-14,2,HOOD
2025-02-07,2025-02-14,3,CVNA
2025-02-07,2025-02-14,4,ALK
2025-02-07,2025-02-14,5,LX
2025-02-07,2025-02-14,6,ALLT
2025-02-07,2025-02-14,7,KC
2025-02-07,2025-02-14,8,SFM
2025-02-07,2025-02-14,9,QFIN
2025-02-07,2025-02-14,10,HSAI
2025-02-07,2025-02-14,11,ETON
2025-02-07,2025-02-14,12,VNET
2025-02-07,2025-02-14,13,DSP
2025-02-07,2025-02-14,14,AVPT
2025-02-07,2025-02-14,15,TVTX
2025-02-14,2025-02-21,1,LTM
2025-02-14,2025-02-21,2,CVNA
2025-02-14,2025-02-21,3,FSI
2025-02-14,2025-02-21,4,TDS
2025-02-14,2025-02-21,5,EHTH
2025-02-14,2025-02-21,6,RSI
2025-02-14,2025-02-21,7,SE
2025-02-14,2025-02-21,8,AIFC
2025-02-14,2025-02-21,9,PLTR
2025-02-14,2025-02-21,10,DAVE
2025-02-14,2025-02-21,11,APP
2025-02-14,2025-02-21,12,HOOD
2025-02-14,2025-02-21,13,SFM
2025-02-14,2025-02-21,14,BFLY
2025-02-14,2025-02-21,15,LLYVK
2025-02-21,2025-02-28,1,LX
2025-02-21,2025-02-28,2,HSAI
2025-02-21,2025-02-28,3,LTM
2025-02-21,2025-02-28,4,TMQ
2025-02-21,2025-02-28,5,PRMB
2025-02-21,2025-02-28,6,KC
2025-02-21,2025-02-28,7,CCB
2025-02-21,2025-02-28,8,NESR
2025-02-21,2025-02-28,9,DMAC
2025-02-21,2025-02-28,10,SEI
2025-02-21,2025-02-28,11,ECHO
2025-02-21,2025-02-28,12,TPB
2025-02-21,2025-02-28,13,INSM
2025-02-21,2025-02-28,14,GRND
2025-02-21,2025-02-28,15,SGHC
2025-02-28,2025-03-07,1,LNSR
2025-02-28,2025-03-07,2,IBIO
2025-02-28,2025-03-07,3,ALHC
2025-02-28,2025-03-07,4,CCB
2025-02-28,2025-03-07,5,LTM
2025-02-28,2025-03-07,6,TPB
2025-02-28,2025-03-07,7,PRCH
2025-02-28,2025-03-07,8,CRS
2025-02-28,2025-03-07,9,ROOT
2025-02-28,2025-03-07,10,ECHO
2025-02-28,2025-03-07,11,MMM
2025-02-28,2025-03-07,12,PBI
2025-02-28,2025-03-07,13,AHR
2025-02-28,2025-03-07,14,INSM
2025-02-28,2025-03-07,15,GRND
2025-03-07,2025-03-14,1,LTM
2025-03-07,2025-03-14,2,JVA
2025-03-07,2025-03-14,3,XPEV
2025-03-07,2025-03-14,4,LX
2025-03-07,2025-03-14,5,ROOT
2025-03-07,2025-03-14,6,TGTX
2025-03-07,2025-03-14,7,YMM
2025-03-07,2025-03-14,8,XNET
2025-03-07,2025-03-14,9,LNSR
2025-03-07,2025-03-14,10,ALHC
2025-03-07,2025-03-14,11,MP
2025-03-07,2025-03-14,12,XYF
2025-03-07,2025-03-14,13,AEM
2025-03-07,2025-03-14,14,CPIX
2025-03-07,2025-03-14,15,EMBJ
2025-03-14,2025-03-21,1,LX
2025-03-14,2025-03-21,2,ROOT
2025-03-14,2025-03-21,3,LTM
2025-03-14,2025-03-21,4,AMBR
2025-03-14,2025-03-21,5,BXBL
2025-03-14,2025-03-21,6,TSAT
2025-03-14,2025-03-21,7,XYF
2025-03-14,2025-03-21,8,SSRM
2025-03-14,2025-03-21,9,ALHC
2025-03-14,2025-03-21,10,JFIN
2025-03-14,2025-03-21,11,CURI
2025-03-14,2025-03-21,12,MP
2025-03-14,2025-03-21,13,LNSR
2025-03-14,2025-03-21,14,QFIN
2025-03-14,2025-03-21,15,FINV
2025-03-21,2025-03-28,1,TMQ
2025-03-21,2025-03-28,2,LTM
2025-03-21,2025-03-28,3,ALHC
2025-03-21,2025-03-28,4,BXBL
2025-03-21,2025-03-28,5,LX
2025-03-21,2025-03-28,6,TRVG
2025-03-21,2025-03-28,7,ROOT
2025-03-21,2025-03-28,8,XYF
2025-03-21,2025-03-28,9,SSRM
2025-03-21,2025-03-28,10,SRAD
2025-03-21,2025-03-28,11,CURI
2025-03-21,2025-03-28,12,ADPT
2025-03-21,2025-03-28,13,INSM
2025-03-21,2025-03-28,14,WGS
2025-03-21,2025-03-28,15,TGTX
2025-03-28,2025-04-04,1,JYD
2025-03-28,2025-04-04,2,ALHC
2025-03-28,2025-04-04,3,LX
2025-03-28,2025-04-04,4,BXBL
2025-03-28,2025-04-04,5,LUCD
2025-03-28,2025-04-04,6,UAMY
2025-03-28,2025-04-04,7,PRMB
2025-03-28,2025-04-04,8,SSRM
2025-03-28,2025-04-04,9,AHR
2025-03-28,2025-04-04,10,PM
2025-03-28,2025-04-04,11,PLX
2025-03-28,2025-04-04,12,ZLAB
2025-03-28,2025-04-04,13,T
2025-03-28,2025-04-04,14,TDS
2025-03-28,2025-04-04,15,SRAD
2025-04-04,2025-04-11,1,ALF
2025-04-04,2025-04-11,2,ALHC
2025-04-04,2025-04-11,3,TDUP
2025-04-04,2025-04-11,4,BJ
2025-04-04,2025-04-11,5,SENEA
2025-04-04,2025-04-11,6,ESLT
2025-04-04,2025-04-11,7,PRMB
2025-04-04,2025-04-11,8,PM
2025-04-04,2025-04-11,9,TGTX
2025-04-04,2025-04-11,10,LUCD
2025-04-04,2025-04-11,11,GILD
2025-04-04,2025-04-11,12,PPC
2025-04-04,2025-04-11,13,T
2025-04-04,2025-04-11,14,KGC
2025-04-04,2025-04-11,15,PLMR
2025-04-11,2025-04-18,1,ALF
2025-04-11,2025-04-18,2,UAMY
2025-04-11,2025-04-18,3,TDUP
2025-04-11,2025-04-18,4,RDUS
2025-04-11,2025-04-18,5,ASM
2025-04-11,2025-04-18,6,PDEX
2025-04-11,2025-04-18,7,ALHC
2025-04-11,2025-04-18,8,ESLT
2025-04-11,2025-04-18,9,PLMR
2025-04-11,2025-04-18,10,SRAD
2025-04-11,2025-04-18,11,SSRM
2025-04-11,2025-04-18,12,DRD
2025-04-11,2025-04-18,13,SKE
2025-04-11,2025-04-18,14,HNRG
2025-04-11,2025-04-18,15,STLN
2025-04-18,2025-04-25,1,ALF
2025-04-18,2025-04-25,2,RDUS
2025-04-18,2025-04-25,3,LTM
2025-04-18,2025-04-25,4,SRAD
2025-04-18,2025-04-25,5,ESLT
2025-04-18,2025-04-25,6,HNRG
2025-04-18,2025-04-25,7,ASM
2025-04-18,2025-04-25,8,TDUP
2025-04-18,2025-04-25,9,PLX
2025-04-18,2025-04-25,10,GRPN
2025-04-18,2025-04-25,11,SSRM
2025-04-18,2025-04-25,12,TATT
2025-04-18,2025-04-25,13,AHR
2025-04-18,2025-04-25,14,LRN
2025-04-18,2025-04-25,15,PDEX
2025-04-25,2025-05-02,1,ALF
2025-04-25,2025-05-02,2,TDUP
2025-04-25,2025-05-02,3,RDUS
2025-04-25,2025-05-02,4,WGS
2025-04-25,2025-05-02,5,XGN
2025-04-25,2025-05-02,6,PAAI
2025-04-25,2025-05-02,7,KINS
2025-04-25,2025-05-02,8,LTM
2025-04-25,2025-05-02,9,GRPN
2025-04-25,2025-05-02,10,TGTX
2025-04-25,2025-05-02,11,ASM
2025-04-25,2025-05-02,12,AHR
2025-04-25,2025-05-02,13,STLN
2025-04-25,2025-05-02,14,GH
2025-04-25,2025-05-02,15,HNRG
2025-05-02,2025-05-09,1,ALF
2025-05-02,2025-05-09,2,PAAI
2025-05-02,2025-05-09,3,LTM
2025-05-02,2025-05-09,4,RDUS
2025-05-02,2025-05-09,5,PLTR
2025-05-02,2025-05-09,6,AHR
2025-05-02,2025-05-09,7,SGHC
2025-05-02,2025-05-09,8,BKTI
2025-05-02,2025-05-09,9,TDUP
2025-05-02,2025-05-09,10,LRN
2025-05-02,2025-05-09,11,ASM
2025-05-02,2025-05-09,12,PLX
2025-05-02,2025-05-09,13,GRND
2025-05-02,2025-05-09,14,VRSN
2025-05-02,2025-05-09,15,HRTG
2025-05-09,2025-05-16,1,ALF
2025-05-09,2025-05-16,2,AEVA
2025-05-09,2025-05-16,3,USAU
2025-05-09,2025-05-16,4,SSRM
2025-05-09,2025-05-16,5,LTM
2025-05-09,2025-05-16,6,RDUS
2025-05-09,2025-05-16,7,ASM
2025-05-09,2025-05-16,8,CRK
2025-05-09,2025-05-16,9,KINS
2025-05-09,2025-05-16,10,ESLT
2025-05-09,2025-05-16,11,RGC
2025-05-09,2025-05-16,12,AHR
2025-05-09,2025-05-16,13,GRPN
2025-05-09,2025-05-16,14,DAVE
2025-05-09,2025-05-16,15,HRTG
2025-05-16,2025-05-23,1,PAAI
2025-05-16,2025-05-23,2,ALF
2025-05-16,2025-05-23,3,TDUP
2025-05-16,2025-05-23,4,RDUS
2025-05-16,2025-05-23,5,AHR
2025-05-16,2025-05-23,6,ASM
2025-05-16,2025-05-23,7,AEVA
2025-05-16,2025-05-23,8,SEZL
2025-05-16,2025-05-23,9,QBTS
2025-05-16,2025-05-23,10,HNRG
2025-05-16,2025-05-23,11,LTM
2025-05-16,2025-05-23,12,NAGE
2025-05-16,2025-05-23,13,PLTR
2025-05-16,2025-05-23,14,NWG
2025-05-16,2025-05-23,15,CRK
2025-05-23,2025-05-30,1,RGC
2025-05-23,2025-05-30,2,LTM
2025-05-23,2025-05-30,3,ALF
2025-05-23,2025-05-30,4,RDUS
2025-05-23,2025-05-30,5,SEZL
2025-05-23,2025-05-30,6,XNET
2025-05-23,2025-05-30,7,TDUP
2025-05-23,2025-05-30,8,ASM
2025-05-23,2025-05-30,9,SSRM
2025-05-23,2025-05-30,10,VSTM
2025-05-23,2025-05-30,11,RBRK
2025-05-23,2025-05-30,12,RBLX
2025-05-23,2025-05-30,13,DUOT
2025-05-23,2025-05-30,14,AIFC
2025-05-23,2025-05-30,15,PM
2025-05-30,2025-06-06,1,ALF
2025-05-30,2025-06-06,2,PLTR
2025-05-30,2025-06-06,3,RDUS
2025-05-30,2025-06-06,4,RBLX
2025-05-30,2025-06-06,5,CVNA
2025-05-30,2025-06-06,6,LTM
2025-05-30,2025-06-06,7,MATH
2025-05-30,2025-06-06,8,CURI
2025-05-30,2025-06-06,9,XYF
2025-05-30,2025-06-06,10,SSRM
2025-05-30,2025-06-06,11,ODD
2025-05-30,2025-06-06,12,AEVA
2025-05-30,2025-06-06,13,SPOT
2025-05-30,2025-06-06,14,AXON
2025-05-30,2025-06-06,15,PLMR
2025-06-06,2025-06-13,1,ALF
2025-06-06,2025-06-13,2,DAVE
2025-06-06,2025-06-13,3,SEZL
2025-06-06,2025-06-13,4,TDUP
2025-06-06,2025-06-13,5,AEVA
2025-06-06,2025-06-13,6,GRPN
2025-06-06,2025-06-13,7,RDUS
2025-06-06,2025-06-13,8,SGHC
2025-06-06,2025-06-13,9,XYF
2025-06-06,2025-06-13,10,JFIN
2025-06-06,2025-06-13,11,LTM
2025-06-06,2025-06-13,12,NAGE
2025-06-06,2025-06-13,13,CRMD
2025-06-06,2025-06-13,14,AKBA
2025-06-06,2025-06-13,15,AHR
2025-06-13,2025-06-20,1,ALF
2025-06-13,2025-06-20,2,PLTR
2025-06-13,2025-06-20,3,GRPN
2025-06-13,2025-06-20,4,SGHC
2025-06-13,2025-06-20,5,RBLX
2025-06-13,2025-06-20,6,RDUS
2025-06-13,2025-06-20,7,AU
2025-06-13,2025-06-20,8,AEVA
2025-06-13,2025-06-20,9,LEU
2025-06-13,2025-06-20,10,SPOT
2025-06-13,2025-06-20,11,AHR
2025-06-13,2025-06-20,12,EYE
2025-06-13,2025-06-20,13,LMB
2025-06-13,2025-06-20,14,KGC
2025-06-13,2025-06-20,15,CRS
2025-06-20,2025-06-27,1,ALF
2025-06-20,2025-06-27,2,TDUP
2025-06-20,2025-06-27,3,LGCY
2025-06-20,2025-06-27,4,HOOD
2025-06-20,2025-06-27,5,SEZL
2025-06-20,2025-06-27,6,RDUS
2025-06-20,2025-06-27,7,CRS
2025-06-20,2025-06-27,8,RBLX
2025-06-20,2025-06-27,9,AHR
2025-06-20,2025-06-27,10,NYAX
2025-06-20,2025-06-27,11,SKE
2025-06-20,2025-06-27,12,GEV
2025-06-20,2025-06-27,13,SGHC
2025-06-20,2025-06-27,14,CRK
2025-06-20,2025-06-27,15,ARIS
2025-06-27,2025-07-04,1,AEVA
2025-06-27,2025-07-04,2,SGHC
2025-06-27,2025-07-04,3,ABVC
2025-06-27,2025-07-04,4,LTM
2025-06-27,2025-07-04,5,RBLX
2025-06-27,2025-07-04,6,AXON
2025-06-27,2025-07-04,7,AS
2025-06-27,2025-07-04,8,BYAH
2025-06-27,2025-07-04,9,PHH
2025-06-27,2025-07-04,10,RDUS
2025-06-27,2025-07-04,11,NAGE
2025-06-27,2025-07-04,12,HWM
2025-06-27,2025-07-04,13,DAVE
2025-06-27,2025-07-04,14,NET
2025-06-27,2025-07-04,15,VISN
2025-07-04,2025-07-11,1,VISN
2025-07-04,2025-07-11,2,SEZL
2025-07-04,2025-07-11,3,DAVE
2025-07-04,2025-07-11,4,SGHC
2025-07-04,2025-07-11,5,CMCL
2025-07-04,2025-07-11,6,ABVC
2025-07-04,2025-07-11,7,LTM
2025-07-04,2025-07-11,8,RDUS
2025-07-04,2025-07-11,9,PAYS
2025-07-04,2025-07-11,10,SAN
2025-07-04,2025-07-11,11,WLDN
2025-07-04,2025-07-11,12,CVNA
2025-07-04,2025-07-11,13,BYAH
2025-07-04,2025-07-11,14,PHH
2025-07-04,2025-07-11,15,NEON
2025-07-11,2025-07-18,1,ALF
2025-07-11,2025-07-18,2,HSAI
2025-07-11,2025-07-18,3,LTM
2025-07-11,2025-07-18,4,USAS
2025-07-11,2025-07-18,5,AMLX
2025-07-11,2025-07-18,6,TPC
2025-07-11,2025-07-18,7,ASM
2025-07-11,2025-07-18,8,LEU
2025-07-11,2025-07-18,9,ATRO
2025-07-11,2025-07-18,10,ESP
2025-07-11,2025-07-18,11,SKE
2025-07-11,2025-07-18,12,GEV
2025-07-11,2025-07-18,13,SBSW
2025-07-11,2025-07-18,14,ATI
2025-07-11,2025-07-18,15,ALOY
2025-07-18,2025-07-25,1,LEU
2025-07-18,2025-07-25,2,ASTS
2025-07-18,2025-07-25,3,ALF
2025-07-18,2025-07-25,4,PRCH
2025-07-18,2025-07-25,5,RBLX
2025-07-18,2025-07-25,6,NET
2025-07-18,2025-07-25,7,PLTR
2025-07-18,2025-07-25,8,SMR
2025-07-18,2025-07-25,9,IA
2025-07-18,2025-07-25,10,GEV
2025-07-18,2025-07-25,11,HWM
2025-07-18,2025-07-25,12,TLN
2025-07-18,2025-07-25,13,HUCK
2025-07-18,2025-07-25,14,EYE
2025-07-18,2025-07-25,15,MP
2025-07-25,2025-08-01,1,YFOR
2025-07-25,2025-08-01,2,PLTR
2025-07-25,2025-08-01,3,ROMA
2025-07-25,2025-08-01,4,DASH
2025-07-25,2025-08-01,5,OKLO
2025-07-25,2025-08-01,6,GEV
2025-07-25,2025-08-01,7,GROY
2025-07-25,2025-08-01,8,NET
2025-07-25,2025-08-01,9,EVLV
2025-07-25,2025-08-01,10,ESP
2025-07-25,2025-08-01,11,LIF
2025-07-25,2025-08-01,12,ESEA
2025-07-25,2025-08-01,13,SAN
2025-07-25,2025-08-01,14,CLS
2025-07-25,2025-08-01,15,HWM
2025-08-01,2025-08-08,1,OKYO
2025-08-01,2025-08-08,2,TDUP
2025-08-01,2025-08-08,3,PLTR
2025-08-01,2025-08-08,4,GEV
2025-08-01,2025-08-08,5,NRG
2025-08-01,2025-08-08,6,WLDN
2025-08-01,2025-08-08,7,MP
2025-08-01,2025-08-08,8,AHR
2025-08-01,2025-08-08,9,VST
2025-08-01,2025-08-08,10,STRL
2025-08-01,2025-08-08,11,TLN
2025-08-01,2025-08-08,12,ESLT
2025-08-01,2025-08-08,13,XGN
2025-08-01,2025-08-08,14,SRAD
2025-08-01,2025-08-08,15,GROY
2025-08-08,2025-08-15,1,PLTR
2025-08-08,2025-08-15,2,CRDO
2025-08-08,2025-08-15,3,HOOD
2025-08-08,2025-08-15,4,WLDN
2025-08-08,2025-08-15,5,HNRG
2025-08-08,2025-08-15,6,VISN
2025-08-08,2025-08-15,7,OKYO
2025-08-08,2025-08-15,8,BXBL
2025-08-08,2025-08-15,9,VFF
2025-08-08,2025-08-15,10,PPIH
2025-08-08,2025-08-15,11,DB
2025-08-08,2025-08-15,12,GROY
2025-08-08,2025-08-15,13,SSRM
2025-08-08,2025-08-15,14,CLS
2025-08-08,2025-08-15,15,STLN
2025-08-15,2025-08-22,1,HOOD
2025-08-15,2025-08-22,2,UAMY
2025-08-15,2025-08-22,3,OUST
2025-08-15,2025-08-22,4,SRAD
2025-08-15,2025-08-22,5,SSRM
2025-08-15,2025-08-22,6,RDDT
2025-08-15,2025-08-22,7,IPX
2025-08-15,2025-08-22,8,TDUP
2025-08-15,2025-08-22,9,RYTM
2025-08-15,2025-08-22,10,PPIH
2025-08-15,2025-08-22,11,U
2025-08-15,2025-08-22,12,ESEA
2025-08-15,2025-08-22,13,FUTU
2025-08-15,2025-08-22,14,DB
2025-08-15,2025-08-22,15,AS
2025-08-22,2025-08-29,1,HYFT
2025-08-22,2025-08-29,2,TDUP
2025-08-22,2025-08-29,3,ONDS
2025-08-22,2025-08-29,4,AMLX
2025-08-22,2025-08-29,5,ABVX
2025-08-22,2025-08-29,6,SGHC
2025-08-22,2025-08-29,7,AS
2025-08-22,2025-08-29,8,BE
2025-08-22,2025-08-29,9,SOFI
2025-08-22,2025-08-29,10,IMRX
2025-08-22,2025-08-29,11,PVLA
2025-08-22,2025-08-29,12,UAMY
2025-08-22,2025-08-29,13,LGCY
2025-08-22,2025-08-29,14,DB
2025-08-22,2025-08-29,15,PPIH
2025-08-29,2025-09-05,1,ASM
2025-08-29,2025-09-05,2,ABVX
2025-08-29,2025-09-05,3,FWDI
2025-08-29,2025-09-05,4,WGS
2025-08-29,2025-09-05,5,GROY
2025-08-29,2025-09-05,6,PRCH
2025-08-29,2025-09-05,7,SSRM
2025-08-29,2025-09-05,8,RSI
2025-08-29,2025-09-05,9,ELVA
2025-08-29,2025-09-05,10,CNL
2025-08-29,2025-09-05,11,INBX
2025-08-29,2025-09-05,12,GFI
2025-08-29,2025-09-05,13,ARIS
2025-08-29,2025-09-05,14,CPS
2025-08-29,2025-09-05,15,IRTC
2025-09-05,2025-09-12,1,METC
2025-09-05,2025-09-12,2,BE
2025-09-05,2025-09-12,3,AMLX
2025-09-05,2025-09-12,4,SGHC
2025-09-05,2025-09-12,5,INDV
2025-09-05,2025-09-12,6,CRDO
2025-09-05,2025-09-12,7,SSRM
2025-09-05,2025-09-12,8,CYD
2025-09-05,2025-09-12,9,UI
2025-09-05,2025-09-12,10,CDE
2025-09-05,2025-09-12,11,CNL
2025-09-05,2025-09-12,12,CMCL
2025-09-05,2025-09-12,13,TLN
2025-09-05,2025-09-12,14,KGC
2025-09-05,2025-09-12,15,FWDI
2025-09-12,2025-09-19,1,IREN
2025-09-12,2025-09-19,2,FTEK
2025-09-12,2025-09-19,3,IONQ
2025-09-12,2025-09-19,4,RKLB
2025-09-12,2025-09-19,5,APP
2025-09-12,2025-09-19,6,APLD
2025-09-12,2025-09-19,7,NB
2025-09-12,2025-09-19,8,SOFI
2025-09-12,2025-09-19,9,TPB
2025-09-12,2025-09-19,10,CYD
2025-09-12,2025-09-19,11,ONDS
2025-09-12,2025-09-19,12,BE
2025-09-12,2025-09-19,13,IDR
2025-09-12,2025-09-19,14,OKLO
2025-09-12,2025-09-19,15,TPC
2025-09-19,2025-09-26,1,HOOD
2025-09-19,2025-09-26,2,BKTI
2025-09-19,2025-09-26,3,OKLO
2025-09-19,2025-09-26,4,BE
2025-09-19,2025-09-26,5,QBTS
2025-09-19,2025-09-26,6,SOFI
2025-09-19,2025-09-26,7,IONQ
2025-09-19,2025-09-26,8,RGTI
2025-09-19,2025-09-26,9,APP
2025-09-19,2025-09-26,10,PRCH
2025-09-19,2025-09-26,11,ONDS
2025-09-19,2025-09-26,12,AMLX
2025-09-19,2025-09-26,13,XMTR
2025-09-19,2025-09-26,14,AREC
2025-09-19,2025-09-26,15,LPTH
2025-09-26,2025-10-03,1,SIFY
2025-09-26,2025-10-03,2,APP
2025-09-26,2025-10-03,3,AMLX
2025-09-26,2025-10-03,4,SSRM
2025-09-26,2025-10-03,5,TNGX
2025-09-26,2025-10-03,6,HOVR
2025-09-26,2025-10-03,7,LTBR
2025-09-26,2025-10-03,8,BKTI
2025-09-26,2025-10-03,9,KTOS
2025-09-26,2025-10-03,10,CNL
2025-09-26,2025-10-03,11,PL
2025-09-26,2025-10-03,12,PZG
2025-09-26,2025-10-03,13,MOB
2025-09-26,2025-10-03,14,NG
2025-09-26,2025-10-03,15,CYD
2025-10-03,2025-10-10,1,NEUP
2025-10-03,2025-10-10,2,AREC
2025-10-03,2025-10-10,3,METC
2025-10-03,2025-10-10,4,PVLA
2025-10-03,2025-10-10,5,SUPX
2025-10-03,2025-10-10,6,RGTI
2025-10-03,2025-10-10,7,HOOD
2025-10-03,2025-10-10,8,STOK
2025-10-03,2025-10-10,9,QBTS
2025-10-03,2025-10-10,10,MNPR
2025-10-03,2025-10-10,11,RKLB
2025-10-03,2025-10-10,12,SGHC
2025-10-03,2025-10-10,13,KOPN
2025-10-03,2025-10-10,14,THM
2025-10-03,2025-10-10,15,LIF
2025-10-10,2025-10-17,1,ABVX
2025-10-10,2025-10-17,2,MLYS
2025-10-10,2025-10-17,3,XGN
2025-10-10,2025-10-17,4,SIFY
2025-10-10,2025-10-17,5,CPSH
2025-10-10,2025-10-17,6,CTMX
2025-10-10,2025-10-17,7,HYMC
2025-10-10,2025-10-17,8,INDV
2025-10-10,2025-10-17,9,AMLX
2025-10-10,2025-10-17,10,INSM
2025-10-10,2025-10-17,11,METC
2025-10-10,2025-10-17,12,TRVI
2025-10-10,2025-10-17,13,IPX
2025-10-10,2025-10-17,14,COGT
2025-10-10,2025-10-17,15,IONS
2025-10-17,2025-10-24,1,MLYS
2025-10-17,2025-10-24,2,SPAI
2025-10-17,2025-10-24,3,ABVX
2025-10-17,2025-10-24,4,XERS
2025-10-17,2025-10-24,5,XGN
2025-10-17,2025-10-24,6,TPR
2025-10-17,2025-10-24,7,INDV
2025-10-17,2025-10-24,8,IDCC
2025-10-17,2025-10-24,9,INSM
2025-10-17,2025-10-24,10,UI
2025-10-17,2025-10-24,11,PVLA
2025-10-17,2025-10-24,12,IRTC
2025-10-17,2025-10-24,13,INBX
2025-10-17,2025-10-24,14,CIEN
2025-10-17,2025-10-24,15,AMLX
2025-10-24,2025-10-31,1,XGN
2025-10-24,2025-10-31,2,CLS
2025-10-24,2025-10-31,3,VSAT
2025-10-24,2025-10-31,4,STLN
2025-10-24,2025-10-31,5,OPRX
2025-10-24,2025-10-31,6,AIRS
2025-10-24,2025-10-31,7,AXTI
2025-10-24,2025-10-31,8,LITE
2025-10-24,2025-10-31,9,LASR
2025-10-24,2025-10-31,10,CIEN
2025-10-24,2025-10-31,11,INDV
2025-10-24,2025-10-31,12,REZI
2025-10-24,2025-10-31,13,GH
2025-10-24,2025-10-31,14,PRIM
2025-10-24,2025-10-31,15,GILT
2025-10-31,2025-11-07,1,PVLA
2025-10-31,2025-11-07,2,VSAT
2025-10-31,2025-11-07,3,CLNN
2025-10-31,2025-11-07,4,TTMI
2025-10-31,2025-11-07,5,LCTX
2025-10-31,2025-11-07,6,TRVI
2025-10-31,2025-11-07,7,PLTR
2025-10-31,2025-11-07,8,QS
2025-10-31,2025-11-07,9,LASR
2025-10-31,2025-11-07,10,CRDO
2025-10-31,2025-11-07,11,WBD
2025-10-31,2025-11-07,12,HOOD
2025-10-31,2025-11-07,13,SYM
2025-10-31,2025-11-07,14,ABVX
2025-10-31,2025-11-07,15,INBX
2025-11-07,2025-11-14,1,BW
2025-11-07,2025-11-14,2,ABVX
2025-11-07,2025-11-14,3,EOSE
2025-11-07,2025-11-14,4,WDC
2025-11-07,2025-11-14,5,STX
2025-11-07,2025-11-14,6,AXTI
2025-11-07,2025-11-14,7,CIEN
2025-11-07,2025-11-14,8,ZBIO
2025-11-07,2025-11-14,9,INSM
2025-11-07,2025-11-14,10,PVLA
2025-11-07,2025-11-14,11,CTEV
2025-11-07,2025-11-14,12,W
2025-11-07,2025-11-14,13,WBD
2025-11-07,2025-11-14,14,PARR
2025-11-07,2025-11-14,15,INDV
2025-11-14,2025-11-21,1,ABVX
2025-11-14,2025-11-21,2,CELC
2025-11-14,2025-11-21,3,PVLA
2025-11-14,2025-11-21,4,ATRO
2025-11-14,2025-11-21,5,INSM
2025-11-14,2025-11-21,6,VFF
2025-11-14,2025-11-21,7,WBD
2025-11-14,2025-11-21,8,GLUE
2025-11-14,2025-11-21,9,CMPX
2025-11-14,2025-11-21,10,B
2025-11-14,2025-11-21,11,DNTH
2025-11-14,2025-11-21,12,PGEN
2025-11-14,2025-11-21,13,MU
2025-11-14,2025-11-21,14,PARR
2025-11-14,2025-11-21,15,ASMB
2025-11-21,2025-11-28,1,TNGX
2025-11-21,2025-11-28,2,CELC
2025-11-21,2025-11-28,3,INBX
2025-11-21,2025-11-28,4,URGN
2025-11-21,2025-11-28,5,ADPT
2025-11-21,2025-11-28,6,COGT
2025-11-21,2025-11-28,7,IONS
2025-11-21,2025-11-28,8,ABVX
2025-11-21,2025-11-28,9,INDV
2025-11-21,2025-11-28,10,GLUE
2025-11-21,2025-11-28,11,KOD
2025-11-21,2025-11-28,12,VISN
2025-11-21,2025-11-28,13,WBD
2025-11-21,2025-11-28,14,ORKA
2025-11-21,2025-11-28,15,BBIO
2025-11-28,2025-12-05,1,LITE
2025-11-28,2025-12-05,2,CELC
2025-11-28,2025-12-05,3,IONS
2025-11-28,2025-12-05,4,VISN
2025-11-28,2025-12-05,5,ITRG
2025-11-28,2025-12-05,6,SBSW
2025-11-28,2025-12-05,7,INSM
2025-11-28,2025-12-05,8,HL
2025-11-28,2025-12-05,9,HYMC
2025-11-28,2025-12-05,10,WBD
2025-11-28,2025-12-05,11,TGB
2025-11-28,2025-12-05,12,AVTX
2025-11-28,2025-12-05,13,RNA
2025-11-28,2025-12-05,14,BBIO
2025-11-28,2025-12-05,15,GROY
2025-12-05,2025-12-12,1,INBX
2025-12-05,2025-12-12,2,WBD
2025-12-05,2025-12-12,3,TE
2025-12-05,2025-12-12,4,INDV
2025-12-05,2025-12-12,5,CELC
2025-12-05,2025-12-12,6,TCMD
2025-12-05,2025-12-12,7,RNA
2025-12-05,2025-12-12,8,GLUE
2025-12-05,2025-12-12,9,KOD
2025-12-05,2025-12-12,10,BELFB
2025-12-05,2025-12-12,11,TTMI
2025-12-05,2025-12-12,12,PRM
2025-12-05,2025-12-12,13,SPHR
2025-12-05,2025-12-12,14,ARQT
2025-12-05,2025-12-12,15,AIP
2025-12-12,2025-12-19,1,RNA
2025-12-12,2025-12-19,2,ARIS
2025-12-12,2025-12-19,3,WBD
2025-12-12,2025-12-19,4,BBIO
2025-12-12,2025-12-19,5,ECHO
2025-12-12,2025-12-19,6,ITRG
2025-12-12,2025-12-19,7,ZBIO
2025-12-12,2025-12-19,8,PTGX
2025-12-12,2025-12-19,9,HYMC
2025-12-12,2025-12-19,10,ATRO
2025-12-12,2025-12-19,11,PRAX
2025-12-12,2025-12-19,12,COGT
2025-12-12,2025-12-19,13,NESR
2025-12-12,2025-12-19,14,DMRA
2025-12-12,2025-12-19,15,BBVA
2025-12-19,2025-12-26,1,NUVB
2025-12-19,2025-12-26,2,RNA
2025-12-19,2025-12-26,3,ITRG
2025-12-19,2025-12-26,4,LITE
2025-12-19,2025-12-26,5,XMAX
2025-12-19,2025-12-26,6,ANAB
2025-12-19,2025-12-26,7,PACS
2025-12-19,2025-12-26,8,VICR
2025-12-19,2025-12-26,9,BIOA
2025-12-19,2025-12-26,10,BBIO
2025-12-19,2025-12-26,11,MU
2025-12-19,2025-12-26,12,ATRO
2025-12-19,2025-12-26,13,AU
2025-12-19,2025-12-26,14,ARIS
2025-12-19,2025-12-26,15,SBSW
2025-12-26,2026-01-02,1,PACS
2025-12-26,2026-01-02,2,AU
2025-12-26,2026-01-02,3,SBSW
2025-12-26,2026-01-02,4,ARIS
2025-12-26,2026-01-02,5,ASM
2025-12-26,2026-01-02,6,RNA
2025-12-26,2026-01-02,7,KGC
2025-12-26,2026-01-02,8,B
2025-12-26,2026-01-02,9,VZLA
2025-12-26,2026-01-02,10,SLSR
2025-12-26,2026-01-02,11,LITE
2025-12-26,2026-01-02,12,IAG
2025-12-26,2026-01-02,13,ASA
2025-12-26,2026-01-02,14,EQX
2025-12-26,2026-01-02,15,ENTA
2026-01-02,2026-01-09,1,DBGI
2026-01-02,2026-01-09,2,WDC
2026-01-02,2026-01-09,3,ECHO
2026-01-02,2026-01-09,4,TTI
2026-01-02,2026-01-09,5,MU
2026-01-02,2026-01-09,6,LPTH
2026-01-02,2026-01-09,7,RNA
2026-01-02,2026-01-09,8,CIEN
2026-01-02,2026-01-09,9,STTK
2026-01-02,2026-01-09,10,PACS
2026-01-02,2026-01-09,11,ATRO
2026-01-02,2026-01-09,12,BBIO
2026-01-02,2026-01-09,13,XMAX
2026-01-02,2026-01-09,14,NESR
2026-01-02,2026-01-09,15,TE
2026-01-09,2026-01-16,1,ECHO
2026-01-09,2026-01-16,2,BW
2026-01-09,2026-01-16,3,HL
2026-01-09,2026-01-16,4,RNA
2026-01-09,2026-01-16,5,WRN
2026-01-09,2026-01-16,6,AG
2026-01-09,2026-01-16,7,MU
2026-01-09,2026-01-16,8,ASYS
2026-01-09,2026-01-16,9,NEM
2026-01-09,2026-01-16,10,BELFB
2026-01-09,2026-01-16,11,BVN
2026-01-09,2026-01-16,12,B
2026-01-09,2026-01-16,13,AU
2026-01-09,2026-01-16,14,FEIM
2026-01-09,2026-01-16,15,SVM
2026-01-16,2026-01-23,1,HL
2026-01-16,2026-01-23,2,ASM
2026-01-16,2026-01-23,3,BE
2026-01-16,2026-01-23,4,SVM
2026-01-16,2026-01-23,5,AG
2026-01-16,2026-01-23,6,RNA
2026-01-16,2026-01-23,7,VZLA
2026-01-16,2026-01-23,8,ARIS
2026-01-16,2026-01-23,9,DRD
2026-01-16,2026-01-23,10,EXK
2026-01-16,2026-01-23,11,VSAT
2026-01-16,2026-01-23,12,MU
2026-01-16,2026-01-23,13,IAUX
2026-01-16,2026-01-23,14,AU
2026-01-16,2026-01-23,15,KGC
2026-01-23,2026-01-30,1,TRX
2026-01-23,2026-01-30,2,SBSW
2026-01-23,2026-01-30,3,ASM
2026-01-23,2026-01-30,4,B
2026-01-23,2026-01-30,5,AG
2026-01-23,2026-01-30,6,HL
2026-01-23,2026-01-30,7,HYMC
2026-01-23,2026-01-30,8,SVM
2026-01-23,2026-01-30,9,ARIS
2026-01-23,2026-01-30,10,NEWP
2026-01-23,2026-01-30,11,IAG
2026-01-23,2026-01-30,12,ITRG
2026-01-23,2026-01-30,13,BW
2026-01-23,2026-01-30,14,RNA
2026-01-23,2026-01-30,15,PLTM
2026-01-30,2026-02-06,1,NGL
2026-01-30,2026-02-06,2,RNA
2026-01-30,2026-02-06,3,ERAS
2026-01-30,2026-02-06,4,BKD
2026-01-30,2026-02-06,5,ACMR
2026-01-30,2026-02-06,6,PRAX
2026-01-30,2026-02-06,7,EFXT
2026-01-30,2026-02-06,8,AXGN
2026-01-30,2026-02-06,9,BLTE
2026-01-30,2026-02-06,10,FET
2026-01-30,2026-02-06,11,NVRI
2026-01-30,2026-02-06,12,HLF
2026-01-30,2026-02-06,13,TSEM
2026-01-30,2026-02-06,14,SEB
2026-01-30,2026-02-06,15,CMRE
2026-02-06,2026-02-13,1,LASR
2026-02-06,2026-02-13,2,IONS
2026-02-06,2026-02-13,3,LITE
2026-02-06,2026-02-13,4,NVRI
2026-02-06,2026-02-13,5,ERAS
2026-02-06,2026-02-13,6,CENX
2026-02-06,2026-02-13,7,FIX
2026-02-06,2026-02-13,8,TER
2026-02-06,2026-02-13,9,PRAX
2026-02-06,2026-02-13,10,XMAX
2026-02-06,2026-02-13,11,RNA
2026-02-06,2026-02-13,12,NESR
2026-02-06,2026-02-13,13,SHMD
2026-02-06,2026-02-13,14,ROIV
2026-02-06,2026-02-13,15,CYD
2026-02-13,2026-02-20,1,CECO
2026-02-13,2026-02-20,2,VSAT
2026-02-13,2026-02-20,3,CIEN
2026-02-13,2026-02-20,4,ENLT
2026-02-13,2026-02-20,5,XMAX
2026-02-13,2026-02-20,6,KEN
2026-02-13,2026-02-20,7,SND
2026-02-13,2026-02-20,8,SPHR
2026-02-13,2026-02-20,9,ATI
2026-02-13,2026-02-20,10,RNA
2026-02-13,2026-02-20,11,CYD
2026-02-13,2026-02-20,12,FET
2026-02-13,2026-02-20,13,MTSI
2026-02-13,2026-02-20,14,DG
2026-02-13,2026-02-20,15,MKSI
2026-02-20,2026-02-27,1,SII
2026-02-20,2026-02-27,2,AG
2026-02-20,2026-02-27,3,LITE
2026-02-20,2026-02-27,4,AU
2026-02-20,2026-02-27,5,SKE
2026-02-20,2026-02-27,6,SSRM
2026-02-20,2026-02-27,7,FIX
2026-02-20,2026-02-27,8,XMAX
2026-02-20,2026-02-27,9,CIEN
2026-02-20,2026-02-27,10,ATI
2026-02-20,2026-02-27,11,AMAT
2026-02-20,2026-02-27,12,AEM
2026-02-20,2026-02-27,13,AXTI
2026-02-20,2026-02-27,14,TAYD
2026-02-20,2026-02-27,15,RNA
2026-02-27,2026-03-06,1,AG
2026-02-27,2026-03-06,2,IAG
2026-02-27,2026-03-06,3,CGAU
2026-02-27,2026-03-06,4,SVM
2026-02-27,2026-03-06,5,PPTA
2026-02-27,2026-03-06,6,NBTX
2026-02-27,2026-03-06,7,AU
2026-02-27,2026-03-06,8,IA
2026-02-27,2026-03-06,9,SKE
2026-02-27,2026-03-06,10,ATRO
2026-02-27,2026-03-06,11,SA
2026-02-27,2026-03-06,12,AAOI
2026-02-27,2026-03-06,13,ASA
2026-02-27,2026-03-06,14,HBM
2026-02-27,2026-03-06,15,IRD
2026-03-06,2026-03-13,1,XMAX
2026-03-06,2026-03-13,2,IMMX
2026-03-06,2026-03-13,3,ERAS
2026-03-06,2026-03-13,4,STTK
2026-03-06,2026-03-13,5,ZURA
2026-03-06,2026-03-13,6,ANRO
2026-03-06,2026-03-13,7,SLS
2026-03-06,2026-03-13,8,TNGX
2026-03-06,2026-03-13,9,CELC
2026-03-06,2026-03-13,10,TYRA
2026-03-06,2026-03-13,11,AMPX
2026-03-06,2026-03-13,12,CLYM
2026-03-06,2026-03-13,13,IRD
2026-03-06,2026-03-13,14,ENLT
2026-03-06,2026-03-13,15,IPSC
2026-03-13,2026-03-20,1,TNGX
2026-03-13,2026-03-20,2,XMAX
2026-03-13,2026-03-20,3,CNTX
2026-03-13,2026-03-20,4,CELC
2026-03-13,2026-03-20,5,AXTI
2026-03-13,2026-03-20,6,ANAB
2026-03-13,2026-03-20,7,ANRO
2026-03-13,2026-03-20,8,IRD
2026-03-13,2026-03-20,9,MAZE
2026-03-13,2026-03-20,10,ORKA
2026-03-13,2026-03-20,11,TYRA
2026-03-13,2026-03-20,12,STTK
2026-03-13,2026-03-20,13,IMMX
2026-03-13,2026-03-20,14,FSLY
2026-03-13,2026-03-20,15,MU
2026-03-20,2026-03-27,1,XMAX
2026-03-20,2026-03-27,2,TNGX
2026-03-20,2026-03-27,3,NAUT
2026-03-20,2026-03-27,4,STTK
2026-03-20,2026-03-27,5,BW
2026-03-20,2026-03-27,6,AGX
2026-03-20,2026-03-27,7,PL
2026-03-20,2026-03-27,8,TYRA
2026-03-20,2026-03-27,9,KEN
2026-03-20,2026-03-27,10,WDC
2026-03-20,2026-03-27,11,SNDK
2026-03-20,2026-03-27,12,NRXS
2026-03-20,2026-03-27,13,PRPO
2026-03-20,2026-03-27,14,OVID
2026-03-20,2026-03-27,15,PARR
2026-03-27,2026-04-03,1,XMAX
2026-03-27,2026-04-03,2,AGX
2026-03-27,2026-04-03,3,FET
2026-03-27,2026-04-03,4,VAL
2026-03-27,2026-04-03,5,SRZN
2026-03-27,2026-04-03,6,BORR
2026-03-27,2026-04-03,7,BW
2026-03-27,2026-04-03,8,SND
2026-03-27,2026-04-03,9,ERAS
2026-03-27,2026-04-03,10,SYRE
2026-03-27,2026-04-03,11,TYRA
2026-03-27,2026-04-03,12,RIG
2026-03-27,2026-04-03,13,TIGO
2026-03-27,2026-04-03,14,PARR
2026-03-27,2026-04-03,15,FTI
2026-04-03,2026-04-10,1,LITE
2026-04-03,2026-04-10,2,XMAX
2026-04-03,2026-04-10,3,ERAS
2026-04-03,2026-04-10,4,CIEN
2026-04-03,2026-04-10,5,SPHR
2026-04-03,2026-04-10,6,TNGX
2026-04-03,2026-04-10,7,VSAT
2026-04-03,2026-04-10,8,BW
2026-04-03,2026-04-10,9,ORKA
2026-04-03,2026-04-10,10,PL
2026-04-03,2026-04-10,11,TYRA
2026-04-03,2026-04-10,12,FSLY
2026-04-03,2026-04-10,13,TSEM
2026-04-03,2026-04-10,14,FIVE
2026-04-03,2026-04-10,15,ECHO
2026-04-10,2026-04-17,1,LWLG
2026-04-10,2026-04-17,2,ANAB
2026-04-10,2026-04-17,3,CLYM
2026-04-10,2026-04-17,4,COHR
2026-04-10,2026-04-17,5,WDC
2026-04-10,2026-04-17,6,VRT
2026-04-10,2026-04-17,7,TTMI
2026-04-10,2026-04-17,8,TER
2026-04-10,2026-04-17,9,SNDK
2026-04-10,2026-04-17,10,FIX
2026-04-10,2026-04-17,11,AAOI
2026-04-10,2026-04-17,12,DAN
2026-04-10,2026-04-17,13,XMAX
2026-04-10,2026-04-17,14,ICHR
2026-04-10,2026-04-17,15,AEIS
2026-04-17,2026-04-24,1,COHR
2026-04-17,2026-04-24,2,TNGX
2026-04-17,2026-04-24,3,AXTI
2026-04-17,2026-04-24,4,TSEM
2026-04-17,2026-04-24,5,TER
2026-04-17,2026-04-24,6,TTMI
2026-04-17,2026-04-24,7,VIAV
2026-04-17,2026-04-24,8,UCTT
2026-04-17,2026-04-24,9,IRD
2026-04-17,2026-04-24,10,AAOI
2026-04-17,2026-04-24,11,ANRO
2026-04-17,2026-04-24,12,STX
2026-04-17,2026-04-24,13,CIEN
2026-04-17,2026-04-24,14,CGON
2026-04-17,2026-04-24,15,FORM
2026-04-24,2026-05-01,1,ALTO
2026-04-24,2026-05-01,2,TTMI
2026-04-24,2026-05-01,3,SNDK
2026-04-24,2026-05-01,4,CIEN
2026-04-24,2026-05-01,5,EFXT
2026-04-24,2026-05-01,6,TER
2026-04-24,2026-05-01,7,GSAT
2026-04-24,2026-05-01,8,XMAX
2026-04-24,2026-05-01,9,ENLT
2026-04-24,2026-05-01,10,BTE
2026-04-24,2026-05-01,11,PUMP
2026-04-24,2026-05-01,12,MU
2026-04-24,2026-05-01,13,DAN
2026-04-24,2026-05-01,14,FTI
2026-04-24,2026-05-01,15,VIAV
2026-05-01,2026-05-08,1,SNDK
2026-05-01,2026-05-08,2,AXTI
2026-05-01,2026-05-08,3,STX
2026-05-01,2026-05-08,4,XMAX
2026-05-01,2026-05-08,5,AGX
2026-05-01,2026-05-08,6,SIF
2026-05-01,2026-05-08,7,MU
2026-05-01,2026-05-08,8,SPHR
2026-05-01,2026-05-08,9,FIX
2026-05-01,2026-05-08,10,BE
2026-05-01,2026-05-08,11,TEN
2026-05-01,2026-05-08,12,ENLT
2026-05-01,2026-05-08,13,GPRE
2026-05-01,2026-05-08,14,EFXT
2026-05-01,2026-05-08,15,LAR
2026-05-08,2026-05-15,1,SNDK
2026-05-08,2026-05-15,2,NBTX
2026-05-08,2026-05-15,3,MU
2026-05-08,2026-05-15,4,VSAT
2026-05-08,2026-05-15,5,WDC
2026-05-08,2026-05-15,6,UCTT
2026-05-08,2026-05-15,7,AP
2026-05-08,2026-05-15,8,XMAX
2026-05-08,2026-05-15,9,ICHR
2026-05-08,2026-05-15,10,ACRS
2026-05-08,2026-05-15,11,GSAT
2026-05-08,2026-05-15,12,SYRE
2026-05-08,2026-05-15,13,BWAY
2026-05-08,2026-05-15,14,CSTM
2026-05-08,2026-05-15,15,RKLB
2026-05-15,2026-05-22,1,BW
2026-05-15,2026-05-22,2,SATL
2026-05-15,2026-05-22,3,ECHO
2026-05-15,2026-05-22,4,GSAT
2026-05-15,2026-05-22,5,NGL
2026-05-15,2026-05-22,6,UCTT
2026-05-15,2026-05-22,7,TSEM
2026-05-15,2026-05-22,8,PL
2026-05-15,2026-05-22,9,PRAX
2026-05-15,2026-05-22,10,TH
2026-05-15,2026-05-22,11,MGNX
2026-05-15,2026-05-22,12,SYRE
2026-05-15,2026-05-22,13,BORR
2026-05-15,2026-05-22,14,NBR
2026-05-15,2026-05-22,15,VRT
2026-05-22,2026-05-29,1,AXTI
2026-05-22,2026-05-29,2,TTMI
2026-05-22,2026-05-29,3,SATL
2026-05-22,2026-05-29,4,GSAT
2026-05-22,2026-05-29,5,NVTS
2026-05-22,2026-05-29,6,TSEM
2026-05-22,2026-05-29,7,CIEN
2026-05-22,2026-05-29,8,LUNR
2026-05-22,2026-05-29,9,CRDO
2026-05-22,2026-05-29,10,MRVL
2026-05-22,2026-05-29,11,LPTH
2026-05-22,2026-05-29,12,PL
2026-05-22,2026-05-29,13,VATE
2026-05-22,2026-05-29,14,LCUT
2026-05-22,2026-05-29,15,LRCX
2026-05-29,2026-06-05,1,SNDK
2026-05-29,2026-06-05,2,PL
2026-05-29,2026-06-05,3,BAND
2026-05-29,2026-06-05,4,MU
2026-05-29,2026-06-05,5,ENLT
2026-05-29,2026-06-05,6,GSAT
2026-05-29,2026-06-05,7,HUT
2026-05-29,2026-06-05,8,NBIS
2026-05-29,2026-06-05,9,RVMD
2026-05-29,2026-06-05,10,STX
2026-05-29,2026-06-05,11,FEIM
2026-05-29,2026-06-05,12,XMAX
2026-05-29,2026-06-05,13,OSS
2026-05-29,2026-06-05,14,SLS
2026-05-29,2026-06-05,15,ELVA
2026-06-05,2026-06-12,1,VATE
2026-06-05,2026-06-12,2,BAND
2026-06-05,2026-06-12,3,GSAT
2026-06-05,2026-06-12,4,ATEX
2026-06-05,2026-06-12,5,TWIN
2026-06-05,2026-06-12,6,NWPX
2026-06-05,2026-06-12,7,ARCB
2026-06-05,2026-06-12,8,OGN
2026-06-05,2026-06-12,9,XMAX
2026-06-05,2026-06-12,10,DOCN
2026-06-05,2026-06-12,11,GHM
2026-06-05,2026-06-12,12,IESC
2026-06-05,2026-06-12,13,SYRE
2026-06-05,2026-06-12,14,NMAD
2026-06-05,2026-06-12,15,MEC
2026-06-12,2026-06-19,1,UCTT
2026-06-12,2026-06-19,2,ICHR
2026-06-12,2026-06-19,3,AMKR
2026-06-12,2026-06-19,4,SNDK
2026-06-12,2026-06-19,5,AIP
2026-06-12,2026-06-19,6,MKSI
2026-06-12,2026-06-19,7,UNIT
2026-06-12,2026-06-19,8,SPHR
2026-06-12,2026-06-19,9,COHU
2026-06-12,2026-06-19,10,AMAT
2026-06-12,2026-06-19,11,ONTO
2026-06-12,2026-06-19,12,VECO
2026-06-12,2026-06-19,13,LQDA
2026-06-12,2026-06-19,14,KLIC
2026-06-12,2026-06-19,15,STX
2026-06-19,2026-06-26,1,BE
2026-06-19,2026-06-26,2,SNDK
2026-06-19,2026-06-26,3,INTC
2026-06-19,2026-06-26,4,TTMI
2026-06-19,2026-06-26,5,MU
2026-06-19,2026-06-26,6,ICHR
2026-06-19,2026-06-26,7,NMAD
2026-06-19,2026-06-26,8,EVC
2026-06-19,2026-06-26,9,TER
2026-06-19,2026-06-26,10,UCTT
2026-06-19,2026-06-26,11,ALAB
2026-06-19,2026-06-26,12,MKSI
2026-06-19,2026-06-26,13,AIP
2026-06-19,2026-06-26,14,SIF
2026-06-19,2026-06-26,15,ACMR
2026-06-26,2026-07-03,1,NINE
2026-06-26,2026-07-03,2,SLS
2026-06-26,2026-07-03,3,ORKA
2026-06-26,2026-07-03,4,BBGI
2026-06-26,2026-07-03,5,CMPS
2026-06-26,2026-07-03,6,NESR
2026-06-26,2026-07-03,7,EVC
2026-06-26,2026-07-03,8,ATEX
2026-06-26,2026-07-03,9,LXRX
2026-06-26,2026-07-03,10,MTRN
2026-06-26,2026-07-03,11,XMAX
2026-06-26,2026-07-03,12,VSTS
2026-06-26,2026-07-03,13,GTX
2026-06-26,2026-07-03,14,DNTH
2026-06-26,2026-07-03,15,BB
2026-07-03,2026-07-10,1,DRTS
2026-07-03,2026-07-10,2,ARWR
2026-07-03,2026-07-10,3,LQDA
2026-07-03,2026-07-10,4,ABVX
2026-07-03,2026-07-10,5,RVMD
2026-07-03,2026-07-10,6,AMN
2026-07-03,2026-07-10,7,AXGN
2026-07-03,2026-07-10,8,OGN
2026-07-03,2026-07-10,9,JAZZ
2026-07-03,2026-07-10,10,XMAX
2026-07-03,2026-07-10,11,ACRS
2026-07-03,2026-07-10,12,MRCY
2026-07-03,2026-07-10,13,TDAY
2026-07-03,2026-07-10,14,BIOA
2026-07-03,2026-07-10,15,ELMD
2026-07-10,2026-07-17,1,CLYM
2026-07-10,2026-07-17,2,TIGO
2026-07-10,2026-07-17,3,BTSG
2026-07-10,2026-07-17,4,EXTR
2026-07-10,2026-07-17,5,DWSN
2026-07-10,2026-07-17,6,SYRE
2026-07-10,2026-07-17,7,BAND
2026-07-10,2026-07-17,8,IMOS
2026-07-10,2026-07-17,9,RVMD
2026-07-10,2026-07-17,10,RLAY
2026-07-10,2026-07-17,11,RSI
2026-07-10,2026-07-17,12,CLMT
2026-07-10,2026-07-17,13,AMD
2026-07-10,2026-07-17,14,TXG
2026-07-10,2026-07-17,15,DNTH
2026-07-17,2026-07-24,1,DNTH
2026-07-17,2026-07-24,2,ETON
2026-07-17,2026-07-24,3,BTSG
2026-07-17,2026-07-24,4,MRVI
2026-07-17,2026-07-24,5,LQDA
2026-07-17,2026-07-24,6,PVLA
2026-07-17,2026-07-24,7,ANRO
2026-07-17,2026-07-24,8,SYRE
2026-07-17,2026-07-24,9,CLMT
2026-07-17,2026-07-24,10,RLAY
2026-07-17,2026-07-24,11,ACRS
2026-07-17,2026-07-24,12,PACS
2026-07-17,2026-07-24,13,RVMD
2026-07-17,2026-07-24,14,PTGX
2026-07-17,2026-07-24,15,ALTO
2026-07-24,2026-07-31,1,BTSG
2026-07-24,2026-07-31,2,SYRE
2026-07-24,2026-07-31,3,RVMD
2026-07-24,2026-07-31,4,PACS
2026-07-24,2026-07-31,5,DNTH
2026-07-24,2026-07-31,6,SIF
2026-07-24,2026-07-31,7,CBL
2026-07-24,2026-07-31,8,TVTX
2026-07-24,2026-07-31,9,NINE
2026-07-24,2026-07-31,10,ORKA
2026-07-24,2026-07-31,11,INSW
2026-07-24,2026-07-31,12,FLXS
2026-07-24,2026-07-31,13,LQDA
2026-07-24,2026-07-31,14,PKOH
2026-07-24,2026-07-31,15,ELVN
2026-07-31,2026-08-07,1,ORKA
2026-07-31,2026-08-07,2,PGEN
2026-07-31,2026-08-07,3,GSAT
2026-07-31,2026-08-07,4,RVMD
2026-07-31,2026-08-07,5,ELVN
2026-07-31,2026-08-07,6,DK
2026-07-31,2026-08-07,7,PKOH
2026-07-31,2026-08-07,8,VSXY
2026-07-31,2026-08-07,9,ECO
2026-07-31,2026-08-07,10,DVA
2026-07-31,2026-08-07,11,PACS
2026-07-31,2026-08-07,12,INSW
2026-07-31,2026-08-07,13,CLMT
2026-07-31,2026-08-07,14,MBX
2026-07-31,2026-08-07,15,ENVA
2026-08-07,2026-08-14,1,RVMD
2026-08-07,2026-08-14,2,TXG
2026-08-07,2026-08-14,3,ORKA
2026-08-07,2026-08-14,4,VSXY
2026-08-07,2026-08-14,5,LQDA
2026-08-07,2026-08-14,6,ANRO
2026-08-07,2026-08-14,7,BOLD
2026-08-07,2026-08-14,8,SYRE
2026-08-07,2026-08-14,9,XMAX
2026-08-07,2026-08-14,10,PGEN
2026-08-07,2026-08-14,11,TWST
2026-08-07,2026-08-14,12,PVLA
2026-08-07,2026-08-14,13,PACS
2026-08-07,2026-08-14,14,SIF
2026-08-07,2026-08-14,15,ROIV
2026-08-14,2026-08-21,1,ORKA
2026-08-14,2026-08-21,2,DNTH
2026-08-14,2026-08-21,3,PTGX
2026-08-14,2026-08-21,4,NESR
2026-08-14,2026-08-21,5,PAYS
2026-08-14,2026-08-21,6,IOVA
2026-08-14,2026-08-21,7,ACHV
2026-08-14,2026-08-21,8,XNCR
2026-08-14,2026-08-21,9,RVMD
2026-08-14,2026-08-21,10,ETON
2026-08-14,2026-08-21,11,ECPG
2026-08-14,2026-08-21,12,DINO
2026-08-14,2026-08-21,13,ENVA
2026-08-14,2026-08-21,14,CLYM
2026-08-14,2026-08-21,15,NRIX
2026-08-21,2026-08-28,1,SHOT
2026-08-21,2026-08-28,2,TXG
2026-08-21,2026-08-28,3,TWST
2026-08-21,2026-08-28,4,DRTS
2026-08-21,2026-08-28,5,IMMX
2026-08-21,2026-08-28,6,TVTX
2026-08-21,2026-08-28,7,ETON
2026-08-21,2026-08-28,8,BOLD
2026-08-21,2026-08-28,9,DK
2026-08-21,2026-08-28,10,SLS
2026-08-21,2026-08-28,11,CORT
2026-08-21,2026-08-28,12,XNCR
2026-08-21,2026-08-28,13,PAYS
2026-08-21,2026-08-28,14,ACRS
2026-08-21,2026-08-28,15,CDNA
2026-08-28,2026-09-04,1,SHOT
2026-08-28,2026-09-04,2,DK
2026-08-28,2026-09-04,3,DINO
2026-08-28,2026-09-04,4,VLO
2026-08-28,2026-09-04,5,DRTS
2026-08-28,2026-09-04,6,TVTX
2026-08-28,2026-09-04,7,ECO
2026-08-28,2026-09-04,8,CHEF
2026-08-28,2026-09-04,9,MPC
2026-08-28,2026-09-04,10,AXGN
2026-08-28,2026-09-04,11,TRVG
2026-08-28,2026-09-04,12,XMAX
2026-08-28,2026-09-04,13,GSAT
2026-08-28,2026-09-04,14,INSW
2026-08-28,2026-09-04,15,RNG
2026-09-04,2026-09-11,1,SHOT
2026-09-04,2026-09-11,2,EDRY
2026-09-04,2026-09-11,3,DRTS
2026-09-04,2026-09-11,4,DELL
2026-09-04,2026-09-11,5,ECO
2026-09-04,2026-09-11,6,PLSE
2026-09-04,2026-09-11,7,ACHV
2026-09-04,2026-09-11,8,PVLA
2026-09-04,2026-09-11,9,ANRO
2026-09-04,2026-09-11,10,TVTX
2026-09-04,2026-09-11,11,RCEL
2026-09-04,2026-09-11,12,FTH
2026-09-04,2026-09-11,13,INSW
2026-09-04,2026-09-11,14,MTW
2026-09-04,2026-09-11,15,OMER
2026-09-11,2026-09-18,1,DELL
2026-09-11,2026-09-18,2,TXG
2026-09-11,2026-09-18,3,HZO
2026-09-11,2026-09-18,4,HPE
2026-09-11,2026-09-18,5,ECO
2026-09-11,2026-09-18,6,FEIM
2026-09-11,2026-09-18,7,LFST
2026-09-11,2026-09-18,8,CLMT
2026-09-11,2026-09-18,9,TVTX
2026-09-11,2026-09-18,10,DRTS
2026-09-11,2026-09-18,11,NUTX
2026-09-11,2026-09-18,12,NAT
2026-09-11,2026-09-18,13,GLBS
2026-09-11,2026-09-18,14,INSW
2026-09-11,2026-09-18,15,PARR
2026-09-18,2026-09-25,1,TWST
2026-09-18,2026-09-25,2,CDNA
2026-09-18,2026-09-25,3,CYPH
2026-09-18,2026-09-25,4,HZO
2026-09-18,2026-09-25,5,CLMT
2026-09-18,2026-09-25,6,GH
2026-09-18,2026-09-25,7,NEO
2026-09-18,2026-09-25,8,DRTS
2026-09-18,2026-09-25,9,TXG
2026-09-18,2026-09-25,10,BUUU
2026-09-18,2026-09-25,11,RCEL
2026-09-18,2026-09-25,12,GLBS
2026-09-18,2026-09-25,13,ABCL
2026-09-18,2026-09-25,14,TKNO
2026-09-18,2026-09-25,15,ADPT
2026-09-25,2026-10-02,1,TXG
2026-09-25,2026-10-02,2,MRNA
2026-09-25,2026-10-02,3,CYPH
2026-09-25,2026-10-02,4,TWST
2026-09-25,2026-10-02,5,IOVA
2026-09-25,2026-10-02,6,OESX
2026-09-25,2026-10-02,7,CDNA
2026-09-25,2026-10-02,8,AMD
2026-09-25,2026-10-02,9,ASX
2026-09-25,2026-10-02,10,RCEL
2026-09-25,2026-10-02,11,QMCO
2026-09-25,2026-10-02,12,ABCL
2026-09-25,2026-10-02,13,SILC
2026-09-25,2026-10-02,14,HZO
2026-09-25,2026-10-02,15,AGEN
