split,symbol,name,week,accepted_et,pre_date,d0,d1,r2_abn,sue
dev,NSLR,Neostellar Capital Corp. Common Stock,2022-01-21,2022-01-13 23:01:46,2022-01-13,2022-01-14,2022-01-18,-0.0042823921840414725,-0.14677757558188145
dev,ESI,Element Solutions Inc.,2020-10-30,2020-10-27 16:15:01,2020-10-27,2020-10-28,2020-10-29,-0.00020148335884062618,-0.006501716599823007
dev,SYF,SYNCHRONY FINANCIAL,2021-02-05,2021-01-29 06:30:14,2021-01-28,2021-01-29,2021-02-01,-0.0295477963720282,-0.7728097191046327
dev,TFIN,"Triumph Financial, Inc.",2020-01-24,2020-01-21 16:16:03,2020-01-21,2020-01-22,2020-01-23,0.0571714355702273,3.212393091168244
dev,HOS,"Hornbeck Offshore Services, Inc.",2019-04-26,2019-04-22 18:13:12,2019-04-22,2019-04-23,2019-04-24,-0.03101940440445472,-0.8235189420300584
dev,CSGP,"CoStar Group, Inc. Common Stock",2018-04-27,2018-04-23 16:05:38,2018-04-23,2018-04-24,2018-04-25,0.014568081652352904,0.7120140619109794
dev,HCA,"HCA Healthcare, Inc.",2022-07-29,2022-07-22 07:02:02,2022-07-21,2022-07-22,2022-07-25,0.10361771937233821,2.9321048038065967
dev,PLAY,"Dave & Buster's Entertainment, Inc. Common Stock",2023-09-08,2023-09-06 16:11:23,2023-09-06,2023-09-07,2023-09-08,-0.07063001336898378,-1.5370638274101442
dev,ACET,"Adicet Bio, Inc. Common Stock",2022-08-12,2022-08-10 07:05:30,2022-08-09,2022-08-10,2022-08-11,-0.11154556690400186,-1.5237597980010378
dev,EBAY,eBay Inc. Common Stock,2021-10-29,2021-10-27 20:11:01,2021-10-27,2021-10-28,2021-10-29,-0.023775196896760442,-0.8681619500269913
dev,HCI,"HCI Group, Inc.",2020-05-15,2020-05-07 16:30:18,2020-05-07,2020-05-08,2020-05-11,0.013831016577419142,0.2362937584573417
dev,TILE,"Interface, Inc. Common Stock",2022-03-04,2022-03-01 06:41:27,2022-02-28,2022-03-01,2022-03-02,0.12552521586880183,3.5814194511302095
dev,IART,Integra LifeSciences Holdings Corporation Common Stock,2022-02-25,2022-02-23 06:15:31,2022-02-22,2022-02-23,2022-02-24,0.012236218546180067,0.49986774002404427
dev,LKFN,Lakeland Financial Corporation Common Stock,2018-04-27,2018-04-25 08:24:17,2018-04-24,2018-04-25,2018-04-26,-0.024989899649266345,-1.2261139894667497
dev,CBL,"CBL & Associates Properties, Inc.",2017-11-10,2017-11-03 14:28:01,2017-11-02,2017-11-03,2017-11-06,-0.30878226457052504,-13.44686549629278
dev,TVTX,"Travere Therapeutics, Inc. Common Stock",2017-03-03,2017-03-01 16:12:19,2017-03-01,2017-03-02,2017-03-03,-0.017328065942812554,-0.5732305982125518
dev,CSGP,"CoStar Group, Inc. Common Stock",2022-10-28,2022-10-25 16:07:48,2022-10-25,2022-10-26,2022-10-27,0.10840396275255015,3.8537277036181443
dev,UONE,"Urban One, Inc. Class A Common Stock",2020-08-07,2020-07-30 18:11:34,2020-07-30,2020-07-31,2020-08-03,-0.10948252688172033,-0.1398695074374606
dev,PFE,Pfizer Inc.,2020-05-01,2020-04-28 08:26:48,2020-04-27,2020-04-28,2020-04-29,-0.026472305797819118,-0.5403760876945951
dev,PCTY,Paylocity Holding Corporation Common Stock,2023-11-10,2023-11-02 16:08:02,2023-11-02,2023-11-03,2023-11-06,-0.18582061465493527,-5.836191434986549
dev,HPQ,HP Inc.,2020-05-29,2020-05-27 16:07:54,2020-05-27,2020-05-28,2020-05-29,-0.11905060375817056,-1.4658212471678478
dev,CLX,Clorox Company,2022-02-11,2022-02-03 16:12:41,2022-02-03,2022-02-04,2022-02-07,-0.11717284828825658,-5.1254393438258985
dev,HPP,"Hudson Pacific Properties, Inc.",2019-08-02,2019-07-31 12:56:19,2019-07-30,2019-07-31,2019-08-01,-0.00929007359359657,-0.6349319939151165
dev,CCK,Crown Holdings Inc.,2022-02-11,2022-02-08 16:42:45,2022-02-08,2022-02-09,2022-02-10,0.01579556984067465,0.6287051049386078
dev,FWONK,Liberty Media Corporation Series C Common Stock,2021-08-13,2021-08-06 13:56:26,2021-08-05,2021-08-06,2021-08-09,0.021272698849935434,1.0331086826151676
dev,SCCO,Southern Copper Corporation,2020-05-01,2020-04-27 15:13:06,2020-04-24,2020-04-27,2020-04-28,0.0747898176469608,1.1817941885301924
dev,MFA,"MFA Financial, Inc",2018-02-16,2018-02-15 09:23:44,2018-02-14,2018-02-15,2018-02-16,0.029107815499288092,1.9635020186899217
dev,SLB,SLB Limited,2017-01-27,2017-01-20 06:01:58,2017-01-19,2017-01-20,2017-01-23,-0.034378289260444395,-2.109369119145494
dev,ANIK,Anika Therapeutics Inc. Common Stock,2021-05-14,2021-05-06 16:11:11,2021-05-06,2021-05-07,2021-05-10,0.020352100426722974,0.4559681986970835
dev,AAMI,Acadian Asset Management Inc.,2019-11-08,2019-11-05 07:42:59,2019-11-04,2019-11-05,2019-11-06,-0.048633869296595966,-1.4675431625763011
dev,MDT,Medtronic plc,2021-05-28,2021-05-27 10:46:58,2021-05-26,2021-05-27,2021-05-28,-0.00018924495994632196,-0.013152642844774338
dev,MTG,MGIC Investment Corp.,2023-08-04,2023-08-02 16:05:15,2023-08-02,2023-08-03,2023-08-04,0.07102842320649716,4.224872361381651
dev,USAC,USA COMPRESSION PARTNERS LP,2021-02-19,2021-02-16 12:00:46,2021-02-12,2021-02-16,2021-02-17,-0.04045629246350979,-0.9898646512743576
dev,AGNT,"AGNT, Inc. Common Stock",2023-08-11,2023-08-03 16:05:14,2023-08-03,2023-08-04,2023-08-07,-0.02646213406276543,-0.42344044001800757
dev,FHN,First Horizon Corporation,2019-04-19,2019-04-16 10:30:12,2019-04-15,2019-04-16,2019-04-17,0.047899553497436353,2.2661031709928507
dev,EDIT,"Editas Medicine, Inc. Common Stock",2023-08-04,2023-08-02 07:16:05,2023-08-01,2023-08-02,2023-08-03,0.09303335512855904,1.4643646248985545
dev,DOC,"Healthpeak Properties, Inc.",2022-05-06,2022-05-03 16:18:48,2022-05-03,2022-05-04,2022-05-05,-0.041197173559689326,-1.8928046784605068
dev,ETR,Entergy Corporation,2021-04-30,2021-04-28 07:18:38,2021-04-27,2021-04-28,2021-04-29,0.013029683428779304,0.700852529805087
dev,AUB,Atlantic Union Bankshares Corporation,2017-07-21,2017-07-19 13:44:17,2017-07-18,2017-07-19,2017-07-20,-0.06671817426559823,-2.821426447743758
dev,ROAD,"Construction Partners, Inc. Class A Common Stock",2022-08-12,2022-08-05 12:14:17,2022-08-04,2022-08-05,2022-08-08,0.2512730225320793,6.33710411803237
dev,FND,"Floor & Decor Holdings, Inc.",2018-05-04,2018-05-03 07:00:24,2018-05-02,2018-05-03,2018-05-04,-0.14195705070273368,-4.589057231305543
dev,IBM,International Business Machines Corporation,2021-10-22,2021-10-20 16:12:03,2021-10-20,2021-10-21,2021-10-22,-0.10037373315011167,-7.460906043746262
dev,NOW,"SERVICENOW, INC.",2018-04-27,2018-04-25 16:10:53,2018-04-25,2018-04-26,2018-04-27,0.021701015289695036,0.6765137850077748
dev,FICO,Fair Isaac Corporation,2018-11-09,2018-11-01 16:16:50,2018-11-01,2018-11-02,2018-11-05,-0.03192950683482121,-1.4919693890490273
dev,ALGT,Allegiant Travel Company Common Stock,2019-04-26,2019-04-24 16:08:45,2019-04-24,2019-04-25,2019-04-26,0.054806824269429066,2.2106276023391067
dev,EBAY,eBay Inc. Common Stock,2018-11-02,2018-10-30 21:18:45,2018-10-30,2018-10-31,2018-11-01,0.0560171913537868,2.214379157795875
dev,TCMD,"Tactile Systems Technology, Inc. Common Stock",2020-04-10,2020-04-07 16:15:53,2020-04-07,2020-04-08,2020-04-09,0.09104778612448072,1.3095445729371862
dev,LECO,"Lincoln Electric Holdings, Inc. Common Shares",2022-10-28,2022-10-27 09:05:34,2022-10-26,2022-10-27,2022-10-28,-0.0006760170363475648,-0.02980182241645031
dev,SBCF,Seacoast Banking Corporation of Florida Common Stock,2017-08-04,2017-08-01 11:48:28,2017-07-31,2017-08-01,2017-08-02,0.012110715817925222,0.53681018065591
dev,PTLO,Portillo's Inc. Class A Common Stock,2023-03-03,2023-03-02 08:05:38,2023-03-01,2023-03-02,2023-03-03,-0.029298304824941,-0.6997070197892219
dev,IRM,Iron Mountain Inc.,2023-02-24,2023-02-23 12:04:51,2023-02-22,2023-02-23,2023-02-24,0.03845304912582315,1.6736157639491351
dev,ARR,"ARMOUR Residential REIT, Inc.",2019-04-26,2019-04-24 16:21:05,2019-04-24,2019-04-25,2019-04-26,-0.02927231448622092,-2.8083527041482332
dev,RES,"RPC, Inc.",2019-07-26,2019-07-24 07:00:18,2019-07-23,2019-07-24,2019-07-25,-0.09863725910491983,-2.692647324526781
dev,RMR,The RMR Group Inc. Class A Common Stock,2020-02-07,2020-02-06 08:34:57,2020-02-05,2020-02-06,2020-02-07,-0.06063958065779651,-3.790683017092069
dev,SAIA,"Saia, Inc. Common Stock",2022-02-04,2022-02-02 08:05:20,2022-02-01,2022-02-02,2022-02-03,-0.015073920167930854,-0.34355078511768244
dev,NNBR,"NN, Inc. Common Stock",2018-05-18,2018-05-10 20:41:58,2018-05-10,2018-05-11,2018-05-14,0.023762744184204765,0.7501217348495115
dev,MTN,"Vail Resorts, Inc.",2017-09-29,2017-09-28 08:00:45,2017-09-27,2017-09-28,2017-09-29,-0.004185191279188594,-0.33543758343731833
dev,LOW,Lowe's Companies Inc.,2023-08-25,2023-08-22 08:45:28,2023-08-21,2023-08-22,2023-08-23,0.035706240057206795,2.0406245721021357
dev,CALX,"CALIX, INC.",2022-01-28,2022-01-26 17:03:30,2022-01-26,2022-01-27,2022-01-28,0.12086236688611818,1.9796757156421119
dev,HPE,Hewlett Packard Enterprise Company,2020-05-29,2020-05-21 16:14:22,2020-05-21,2020-05-22,2020-05-26,-0.1055309079075506,-1.3622457460684356
dev,RCUS,"Arcus Biosciences, Inc.",2023-05-12,2023-05-09 16:10:13,2023-05-09,2023-05-10,2023-05-11,-0.07405703106514183,-1.5179238929794059
dev,ESNT,Essent Group LTD,2022-02-18,2022-02-11 06:45:24,2022-02-10,2022-02-11,2022-02-14,0.018325505579256718,0.715876741852706
dev,KBH,KB Home,2021-03-26,2021-03-24 16:16:16,2021-03-24,2021-03-25,2021-03-26,0.06157865316348654,1.3988023310874438
dev,IMO,Imperial Oil Limited,2020-02-07,2020-01-31 08:14:42,2020-01-30,2020-01-31,2020-02-03,-0.043070059427707696,-2.085682738709382
dev,M,Macy's Inc.,2022-11-18,2022-11-17 06:58:15,2022-11-16,2022-11-17,2022-11-18,0.12652548282742204,2.776989932690845
dev,KNX,Knight-Swift Transportation Holdings Inc. Class A Common Stock,2023-07-28,2023-07-20 16:04:35,2023-07-20,2023-07-21,2023-07-24,0.024837384421057873,1.0049721324159462
dev,MORN,"Morningstar, Inc. Common Stock",2017-04-28,2017-04-24 11:42:44,2017-04-21,2017-04-24,2017-04-25,-0.07090200536871039,-5.975105189710879
dev,ADBE,Adobe Inc. Common Stock,2018-03-23,2018-03-15 16:09:22,2018-03-15,2018-03-16,2018-03-19,0.027234574251996047,1.3574698180888836
dev,PLSE,"Pulse Biosciences, Inc Common Stock (DE)",2020-05-15,2020-05-11 16:16:06,2020-05-11,2020-05-12,2020-05-13,0.012485347845676564,0.0926039063039279
dev,RIG,Transocean LTD.,2017-02-24,2017-02-23 06:35:14,2017-02-22,2017-02-23,2017-02-24,0.033380579410047684,0.7458720838337839
dev,AMPH,"Amphastar Pharmaceuticals, Inc. Common Stock",2022-03-18,2022-03-10 16:17:57,2022-03-10,2022-03-11,2022-03-14,0.1623685705719865,3.8887850017583028
dev,SXI,Standex International Corporation,2022-02-11,2022-02-07 12:04:30,2022-02-04,2022-02-07,2022-02-08,0.06329298258139548,3.0563555488731105
dev,CPF,Central Pacific Financial Corporation,2018-01-26,2018-01-24 11:04:55,2018-01-23,2018-01-24,2018-01-25,-0.04738041655055414,-2.591792269817788
dev,RBA,"RB Global, Inc.",2018-11-16,2018-11-08 17:05:23,2018-11-08,2018-11-09,2018-11-12,0.07322952498214141,4.368974764270338
dev,WSO,"Watsco, Inc.",2017-10-27,2017-10-25 07:31:55,2017-10-24,2017-10-25,2017-10-26,0.020804973380665115,1.5127712504879605
dev,EFSC,Enterprise Financial Services Corporation Common Stock,2020-04-24,2020-04-20 18:08:55,2020-04-20,2020-04-21,2020-04-22,-0.02978905414306432,-0.38075616015902924
dev,ZTS,ZOETIS INC.,2020-05-08,2020-05-06 07:16:06,2020-05-05,2020-05-06,2020-05-07,-0.05921043613500032,-0.973646482787607
dev,OXM,"Oxford Industries, Inc.",2019-09-13,2019-09-11 16:10:13,2019-09-11,2019-09-12,2019-09-13,-0.07226173780999423,-2.3586993732630344
dev,QLYS,"Qualys, Inc. Common Stock",2021-02-12,2021-02-10 16:48:05,2021-02-10,2021-02-11,2021-02-12,-0.12536688571093813,-2.034954669842202
dev,FDS,Factset Research Systems,2017-12-22,2017-12-19 09:30:11,2017-12-18,2017-12-19,2017-12-20,-0.04356345193293454,-2.8907079820629855
dev,ADBE,Adobe Inc. Common Stock,2022-03-25,2022-03-22 16:06:38,2022-03-22,2022-03-23,2022-03-24,-0.07556375382743474,-1.972521679118487
dev,TMDX,"TransMedics Group, Inc. Common Stock",2021-05-07,2021-05-04 16:15:45,2021-05-04,2021-05-05,2021-05-06,-0.1978379401057171,-1.9859616666434146
dev,IVZ,Invesco LTD,2022-10-28,2022-10-25 07:48:16,2022-10-24,2022-10-25,2022-10-26,-0.005140396978096762,-0.13976379703305095
dev,CHEF,"The Chefs' Warehouse, Inc. Common Stock",2019-11-01,2019-10-30 16:09:25,2019-10-30,2019-10-31,2019-11-01,-0.11155762860994678,-5.3626162020231325
dev,ANGO,"AngioDynamics, Inc. Common Stock",2023-07-14,2023-07-12 07:30:25,2023-07-11,2023-07-12,2023-07-13,-0.04119079348264387,-1.3222696948411947
dev,Z,"Zillow Group, Inc. Class C Capital Stock",2023-08-04,2023-08-02 16:08:25,2023-08-02,2023-08-03,2023-08-04,0.046098652994914,1.3608828035023974
dev,OPLN,"OPENLANE, Inc",2023-08-04,2023-08-02 16:15:33,2023-08-02,2023-08-03,2023-08-04,-0.006682808523562289,-0.2727638104726953
dev,IHRT,"iHeartMedia, Inc. Class A Common Stock",2023-03-03,2023-02-28 16:13:02,2023-02-28,2023-03-01,2023-03-02,-0.2766432382244417,-5.587443441831685
dev,EMR,Emerson Electric Co.,2017-05-05,2017-05-02 06:36:56,2017-05-01,2017-05-02,2017-05-03,-0.01781165930102091,-1.1227655277804063
dev,TTWO,"Take-Two Interactive Software, Inc. Common Stock",2017-02-10,2017-02-07 21:12:35,2017-02-07,2017-02-08,2017-02-09,0.03616714230181772,1.5847769997923187
dev,MD,"Pediatrix Medical Group, Inc.",2023-05-05,2023-05-02 06:50:54,2023-05-01,2023-05-02,2023-05-03,-0.006400605071313903,-0.19033892827830873
dev,SYK,Stryker Corporation,2022-11-04,2022-10-31 16:14:00,2022-10-31,2022-11-01,2022-11-02,-0.04598420795819369,-1.730308084403173
dev,PM,Philip Morris International Inc.,2017-02-03,2017-02-02 09:06:15,2017-02-01,2017-02-02,2017-02-03,0.04630721896636647,2.813423226496031
dev,CVS,CVS HEALTH CORPORATION,2022-02-11,2022-02-09 06:33:11,2022-02-08,2022-02-09,2022-02-10,-0.046124182030018,-2.365518323952387
dev,BHF,"Brighthouse Financial, Inc. Common Stock",2023-11-10,2023-11-07 16:21:51,2023-11-07,2023-11-08,2023-11-09,-0.03415189765936821,-1.0992883457639806
dev,AGIO,"Agios Pharmaceuticals, Inc. Common Stock",2018-08-03,2018-08-02 07:28:04,2018-08-01,2018-08-02,2018-08-03,-0.1000358841336546,-3.208417611565335
dev,HTO,H2O America Common Stock,2017-04-28,2017-04-26 19:23:05,2017-04-26,2017-04-27,2017-04-28,-0.05927276654763258,-2.7511308747352894
dev,UDR,"UDR, Inc.",2019-11-01,2019-10-29 17:00:08,2019-10-29,2019-10-30,2019-10-31,0.021084778433835938,1.6694026409946612
dev,ABCL,AbCellera Biologics Inc. Common Shares,2023-08-11,2023-08-03 16:15:33,2023-08-03,2023-08-04,2023-08-07,-0.1648619013588929,-3.09401505648525
dev,ARCC,Ares Capital Corporation Common Stock,2021-07-30,2021-07-27 21:48:07,2021-07-27,2021-07-28,2021-07-29,-0.016820947237868866,-1.210849157074956
dev,CME,CME Group Inc. Class A Common Stock,2021-10-29,2021-10-27 07:08:12,2021-10-26,2021-10-27,2021-10-28,-0.009378637388735123,-0.5838694639907475
dev,MCRB,"Seres Therapeutics, Inc. Common Stock",2022-11-04,2022-11-02 07:10:56,2022-11-01,2022-11-02,2022-11-03,0.028514110742706378,0.3448853771593684
dev,BBT,Beacon Financial Corporation,2021-04-30,2021-04-29 12:01:50,2021-04-28,2021-04-29,2021-04-30,-0.020429114535235104,-0.5146906840879942
dev,TSN,"Tyson Foods, Inc.",2020-11-20,2020-11-16 07:47:50,2020-11-13,2020-11-16,2020-11-17,0.015341897640373858,0.6093814098833368
dev,PH,Parker-Hannifin Corporation,2019-08-02,2019-08-01 08:26:21,2019-07-31,2019-08-01,2019-08-02,-0.01870077346877541,-0.7590925469003874
dev,CVBF,CVB Financial Corporation Common Stock,2017-01-20,2017-01-19 06:07:33,2017-01-18,2017-01-19,2017-01-20,0.026249194746111204,0.944731290744614
dev,DLB,"Dolby Laboratories, Inc.Class A",2018-07-27,2018-07-25 20:15:24,2018-07-25,2018-07-26,2018-07-27,0.026499030444354088,1.96868551116654
dev,AIN,Albany International Corp Class A,2017-07-21,2017-07-13 17:19:59,2017-07-13,2017-07-14,2017-07-17,-0.0127809745967562,-0.6656078476275481
dev,AES,AES Corporation,2017-03-03,2017-02-27 06:14:21,2017-02-24,2017-02-27,2017-02-28,-0.033319660775172455,-1.4273188334799816
dev,CE,Celanese Corporation Common Stock,2019-02-01,2019-01-28 16:54:29,2019-01-28,2019-01-29,2019-01-30,-0.012206945122230195,-0.42478950060573956
dev,FELE,"Franklin Electric Co., Inc. Common Stock",2019-02-22,2019-02-19 08:02:09,2019-02-15,2019-02-19,2019-02-20,0.07207890053584065,2.7698413575242813
dev,FFIN,"First Financial Bankshares, Inc. Common Stock",2020-01-31,2020-01-23 17:42:10,2020-01-23,2020-01-24,2020-01-27,0.01696392917405365,1.0338387080069236
dev,ELAN,Elanco Animal Health Incorporated Common Stock,2023-02-24,2023-02-21 06:30:52,2023-02-17,2023-02-21,2023-02-22,-0.047151499938461794,-1.3560882886032652
dev,SWK,"Stanley Black & Decker, Inc.",2022-01-28,2022-01-26 17:07:58,2022-01-26,2022-01-27,2022-01-28,-0.03747947645552163,-1.4081571958629402
dev,CLF,Cleveland-Cliffs Inc.,2020-10-30,2020-10-23 07:15:44,2020-10-22,2020-10-23,2020-10-26,0.0454255931678208,0.8383086783370854
dev,WELL,Welltower Inc.,2018-02-23,2018-02-22 07:34:58,2018-02-21,2018-02-22,2018-02-23,-0.009537059944414006,-0.49935672576468
dev,FTV,Fortive Corporation,2017-11-03,2017-10-26 16:25:07,2017-10-26,2017-10-27,2017-10-30,-0.019045694299891003,-1.761715994206175
dev,SNEX,StoneX Group Inc. Common Stock,2017-12-15,2017-12-13 19:00:41,2017-12-13,2017-12-14,2017-12-15,-0.03486372084787359,-3.3357440522484576
dev,CTRE,"CareTrust REIT, Inc",2022-02-18,2022-02-16 16:08:30,2022-02-16,2022-02-17,2022-02-18,-0.04867649006098418,-1.646913111715819
dev,MEDP,"Medpace Holdings, Inc. Common Stock",2022-04-29,2022-04-25 16:17:15,2022-04-25,2022-04-26,2022-04-27,-0.09404450060094305,-1.7202693410101175
dev,SAIA,"Saia, Inc. Common Stock",2017-11-03,2017-10-27 08:10:48,2017-10-26,2017-10-27,2017-10-30,0.023588678927150886,1.0861113200544836
dev,BJRI,"BJ's Restaurants, Inc. Common Stock",2017-05-05,2017-04-27 16:02:14,2017-04-27,2017-04-28,2017-05-01,0.07038631222023417,3.691553812425517
dev,AGYS,"Agilysys, Inc. Common Stock (DE)",2018-08-03,2018-08-01 16:02:11,2018-08-01,2018-08-02,2018-08-03,-0.10944989386754356,-4.313246318729753
dev,RL,Ralph Lauren Corporation,2022-02-04,2022-02-03 08:12:56,2022-02-02,2022-02-03,2022-02-04,0.06257559846321059,2.117522175890249
dev,RNR,RenaissanceRe Holdings Ltd.,2022-05-06,2022-05-03 17:07:09,2022-05-03,2022-05-04,2022-05-05,0.0022820703806931686,0.10167539952523096
dev,IEP,"Icahn Enterprises, L.P. Common Stock",2022-08-12,2022-08-04 17:30:54,2022-08-04,2022-08-05,2022-08-08,0.004699068713389765,0.2962199730652708
dev,BOOM,DMC Global Inc. Common Stock,2023-11-10,2023-11-02 16:07:33,2023-11-02,2023-11-03,2023-11-06,-0.12675834107136308,-3.572509051616352
dev,WHD,"Cactus, Inc.",2023-05-12,2023-05-09 07:01:30,2023-05-08,2023-05-09,2023-05-10,-0.03577972326944623,-0.8769718761880512
dev,RBC,RBC Bearings Incorporated,2020-11-06,2020-10-30 09:15:50,2020-10-29,2020-10-30,2020-11-02,0.07752544571140052,2.4031074649213378
dev,PDM,"Piedmont Realty Trust, Inc.",2017-02-10,2017-02-08 16:31:07,2017-02-08,2017-02-09,2017-02-10,0.008250803990623723,0.5110064744603413
dev,CALX,"CALIX, INC.",2021-01-29,2021-01-27 17:09:12,2021-01-27,2021-01-28,2021-01-29,-0.1100469137457275,-1.9825900192883867
dev,UMBF,UMB Financial Corporation Common Stock,2023-07-28,2023-07-25 16:34:14,2023-07-25,2023-07-26,2023-07-27,0.025305232528942345,0.5593310467903692
dev,CENX,Century Aluminum Company Common Stock,2017-11-03,2017-10-26 20:13:57,2017-10-26,2017-10-27,2017-10-30,-0.11819749791324285,-2.1556079195642877
dev,MRVI,"Maravai LifeSciences Holdings, Inc. Class A Common Stock",2022-08-12,2022-08-04 16:06:47,2022-08-04,2022-08-05,2022-08-08,-0.001706221792042495,-0.03382276483494344
dev,JACK,Jack In The Box Inc. Common Stock,2023-08-11,2023-08-09 08:30:33,2023-08-08,2023-08-09,2023-08-10,-0.06303964881141388,-3.1137864669164035
dev,LRN,"Stride, Inc.",2022-01-28,2022-01-25 16:30:47,2022-01-25,2022-01-26,2022-01-27,0.2648380668477782,8.044779501332373
dev,AMC,"AMC ENTERTAINMENT HOLDINGS, INC.",2018-11-16,2018-11-08 16:33:11,2018-11-08,2018-11-09,2018-11-12,-0.13371078873954978,-3.9355818665184885
dev,REG,Regency Centers Corporation Common Stock,2022-05-06,2022-05-03 18:32:45,2022-05-03,2022-05-04,2022-05-05,0.020341055381325468,0.775219520504511
dev,SPNT,SiriusPoint Ltd.,2017-11-10,2017-11-08 16:05:34,2017-11-08,2017-11-09,2017-11-10,0.03136387886193215,1.4771080097115301
dev,HLI,"Houlihan Lokey, Inc.",2017-05-12,2017-05-09 23:41:31,2017-05-09,2017-05-10,2017-05-11,0.02815602001006523,1.4144708609020955
dev,CTRN,"Citi Trends, Inc. Common Stock",2021-02-19,2021-02-18 07:03:53,2021-02-17,2021-02-18,2021-02-19,0.10227273166571715,2.650343015518262
dev,PZZA,"Papa John's International, Inc. Common Stock",2018-11-09,2018-11-06 16:20:51,2018-11-06,2018-11-07,2018-11-08,0.01673337614942838,0.462426759550415
dev,HUBS,"HUBSPOT, INC.",2021-05-07,2021-05-05 20:22:17,2021-05-05,2021-05-06,2021-05-07,-0.0021036705481540796,-0.036081508396556626
dev,HVT,"Haverty Furniture Companies, Inc.",2020-08-14,2020-08-10 16:15:57,2020-08-10,2020-08-11,2020-08-12,0.1376339401579476,3.2082319641117154
dev,NXPI,NXP Semiconductors N.V. Common Stock,2023-07-28,2023-07-25 10:05:31,2023-07-24,2023-07-25,2023-07-26,0.03316046895052116,1.089348788137626
dev,PRGS,Progress Software Corporation Common Stock (DE),2020-09-11,2020-09-08 11:22:21,2020-09-04,2020-09-08,2020-09-09,0.0350317673532512,1.506598665468508
dev,ATI,ATI Inc.,2023-05-05,2023-05-04 07:32:46,2023-05-03,2023-05-04,2023-05-05,-0.04184108130247799,-1.4554489909241854
dev,SWKS,"Skyworks Solutions, Inc. Common Stock",2018-11-16,2018-11-08 21:17:04,2018-11-08,2018-11-09,2018-11-12,-0.09815573085407048,-3.6310962423833755
dev,NNN,"NNN REIT, Inc.",2018-05-04,2018-05-01 08:37:10,2018-04-30,2018-05-01,2018-05-02,0.01670877318457631,0.8552631254077878
dev,ACMR,"ACM Research, Inc. Class A Common Stock",2023-11-03,2023-10-27 07:43:37,2023-10-26,2023-10-27,2023-10-30,-0.2778657235946169,-4.4671545971641935
dev,HUBB,Hubbell Incorporated,2018-04-27,2018-04-24 08:21:07,2018-04-23,2018-04-24,2018-04-25,-0.08105724987057417,-4.168068968904289
dev,FCX,Freeport-McMoran Inc.,2018-10-26,2018-10-24 16:27:40,2018-10-24,2018-10-25,2018-10-26,0.07457517167749783,2.23660537620999
dev,NVST,"Envista Holdings Corporation Common stock, $0.01 par value per share",2023-02-10,2023-02-08 16:22:41,2023-02-08,2023-02-09,2023-02-10,-0.012079185468050646,-0.3973787959888013
dev,VKTX,"Viking Therapeutics, Inc. Common Stock",2021-07-30,2021-07-28 16:12:54,2021-07-28,2021-07-29,2021-07-30,0.05022135372021663,1.1333135370343503
dev,TGTX,"TG Therapeutics, Inc. Common Stock",2018-11-16,2018-11-09 07:35:47,2018-11-08,2018-11-09,2018-11-12,0.05335109057005283,0.5495952888021189
dev,WM,"Waste Management, Inc.",2018-07-27,2018-07-25 07:35:08,2018-07-24,2018-07-25,2018-07-26,0.08010097164281049,6.930925593125118
dev,MTG,MGIC Investment Corp.,2019-07-26,2019-07-23 07:02:48,2019-07-22,2019-07-23,2019-07-24,0.020302211195294628,1.0500261877960033
dev,INVH,Invitation Homes Inc. Common Stock,2022-04-29,2022-04-27 16:51:04,2022-04-27,2022-04-28,2022-04-29,-0.032533463877813085,-1.3712716409357089
dev,RPD,"Rapid7, Inc. Common Stock",2017-02-17,2017-02-09 16:22:05,2017-02-09,2017-02-10,2017-02-13,0.1469029282715144,5.890522568780876
dev,SYK,Stryker Corporation,2022-02-04,2022-01-27 16:09:40,2022-01-27,2022-01-28,2022-01-31,-0.032186889901870686,-1.394578646544505
dev,TRMB,Trimble Inc. Common Stock,2023-02-10,2023-02-08 07:19:03,2023-02-07,2023-02-08,2023-02-09,-0.017038577117815645,-0.46744779114464713
dev,GWRE,"GUIDEWIRE SOFTWARE, INC.",2019-03-08,2019-03-06 21:18:06,2019-03-06,2019-03-07,2019-03-08,0.03551783471727654,1.1539764360388007
dev,MNRO,"Monro, Inc. Common Stock",2023-05-19,2023-05-18 15:23:01,2023-05-17,2023-05-18,2023-05-19,-0.09616168583937235,-5.094090732889224
dev,BCYC,Bicycle Therapeutics plc American Depositary Shares,2023-03-03,2023-02-28 07:06:08,2023-02-27,2023-02-28,2023-03-01,-0.011452468261572202,-0.2741678406949296
dev,DIOD,Diodes Incorporated Common Stock,2022-08-12,2022-08-04 17:06:14,2022-08-04,2022-08-05,2022-08-08,-0.035698268242608355,-0.8437195530635453
dev,VRRM,Verra Mobility Corporation Class A Common Stock,2020-03-06,2020-03-02 21:00:56,2020-03-02,2020-03-03,2020-03-04,-0.03288614499951492,-1.4415471002834133
dev,VEEV,Veeva Systems Inc.,2020-03-06,2020-03-03 21:05:46,2020-03-03,2020-03-04,2020-03-05,0.028293708746181645,1.1268558360932546
dev,WOLF,"Wolfspeed, Inc.",2020-04-10,2020-04-02 16:04:48,2020-04-02,2020-04-03,2020-04-06,0.07174294121010161,0.7906972878791881
dev,CLF,Cleveland-Cliffs Inc.,2019-10-25,2019-10-23 07:04:01,2019-10-22,2019-10-23,2019-10-24,-0.0033353130396063246,-0.05772794522018685
dev,FDS,Factset Research Systems,2018-06-29,2018-06-26 07:06:15,2018-06-25,2018-06-26,2018-06-27,-0.03190168761613088,-2.5978458507549473
dev,UHS,"Universal Health Services, Inc. Class B",2022-03-04,2022-02-24 16:45:54,2022-02-24,2022-02-25,2022-02-28,0.036517526953204316,1.4952710688547197
dev,OMF,"OneMain Holdings, Inc.",2022-05-06,2022-04-28 16:24:20,2022-04-28,2022-04-29,2022-05-02,0.03588065770132021,1.0722475499949882
dev,GWW,"W.W. Grainger, Inc.",2020-01-31,2020-01-30 08:12:54,2020-01-29,2020-01-30,2020-01-31,-0.06086928911852829,-3.9450134236177536
dev,SCI,Service Corporation International,2022-11-04,2022-11-01 16:52:28,2022-11-01,2022-11-02,2022-11-03,0.13425249245358828,5.636072030903791
dev,SO,The Southern Company,2019-02-22,2019-02-20 12:06:11,2019-02-19,2019-02-20,2019-02-21,0.027984645957261467,1.7310438739265674
dev,OGE,OGE Energy Corp.,2019-11-08,2019-11-07 07:09:40,2019-11-06,2019-11-07,2019-11-08,-0.004457543418582288,-0.4186774797762243
dev,FIX,"Comfort Systems USA, Inc.",2020-07-31,2020-07-27 16:19:53,2020-07-27,2020-07-28,2020-07-29,0.1291260091124291,2.4423536365983085
dev,ECL,"Ecolab, Inc.",2019-11-01,2019-10-29 08:53:52,2019-10-28,2019-10-29,2019-10-30,0.008200757646198209,0.4677081422463773
dev,MCD,McDonald's Corporation,2020-07-31,2020-07-28 06:59:13,2020-07-27,2020-07-28,2020-07-29,-0.030441264232292542,-1.3926739577360285
dev,RNR,RenaissanceRe Holdings Ltd.,2021-04-16,2021-04-14 16:28:39,2021-04-14,2021-04-15,2021-04-16,-0.023063898815754325,-1.060252376998735
dev,TRGP,Targa Resources Corp.,2020-08-07,2020-08-06 06:15:23,2020-08-05,2020-08-06,2020-08-07,-0.03505960167695665,-0.45779943821402347
dev,CENX,Century Aluminum Company Common Stock,2017-04-28,2017-04-25 20:15:10,2017-04-25,2017-04-26,2017-04-27,0.027561491787241765,0.5786789705106828
dev,AGO,"Assured Guaranty, LTD",2018-08-03,2018-08-01 16:57:36,2018-08-01,2018-08-02,2018-08-03,-0.003799778118581232,-0.2785369124255304
dev,FIBK,"First Interstate BancSystem, Inc. Common Stock (DE)",2021-10-29,2021-10-26 16:09:21,2021-10-26,2021-10-27,2021-10-28,0.006255086648263131,0.24779798678991788
dev,HP,"Helmerich & Payne, Inc.",2018-07-27,2018-07-25 18:22:23,2018-07-25,2018-07-26,2018-07-27,0.04361225429915094,1.7891363681079124
dev,OEC,Orion S.A.,2020-03-27,2020-03-23 07:00:05,2020-03-20,2020-03-23,2020-03-24,-0.08300861111329938,-1.1034625187046803
dev,BOOT,"Boot Barn Holdings, Inc.",2018-05-18,2018-05-15 16:11:26,2018-05-15,2018-05-16,2018-05-17,0.11161655732834608,2.923777726093089
dev,GDDY,GoDaddy Inc,2021-05-07,2021-05-05 20:11:34,2021-05-05,2021-05-06,2021-05-07,-0.02967233268845093,-0.9144085884495768
dev,ERII,"Energy Recovery, Inc. Common Stock",2022-05-06,2022-05-04 16:12:45,2022-05-04,2022-05-05,2022-05-06,-0.014003896247287151,-0.45121157782644183
dev,LGND,Ligand Pharmaceuticals Incorporated Common Stock,2022-02-25,2022-02-17 16:03:38,2022-02-17,2022-02-18,2022-02-22,-0.10584570982065877,-2.205957478277934
dev,GBCI,Glacier Bancorp Inc,2019-07-26,2019-07-18 16:38:00,2019-07-18,2019-07-19,2019-07-22,-0.0016451450605657891,-0.08082665299031504
dev,ADM,Archer Daniels Midland Company,2020-05-01,2020-04-30 15:33:52,2020-04-29,2020-04-30,2020-05-01,-0.050628856737143235,-0.882428983984559
dev,QSR,Restaurant Brands International Inc.,2020-05-08,2020-05-01 06:42:50,2020-04-30,2020-05-01,2020-05-04,0.017722236909595956,0.19584126371874877
dev,FDS,Factset Research Systems,2019-03-29,2019-03-26 07:05:13,2019-03-25,2019-03-26,2019-03-27,0.038530299405865165,2.526700882631016
dev,KNX,Knight-Swift Transportation Holdings Inc. Class A Common Stock,2017-02-03,2017-01-26 16:03:07,2017-01-26,2017-01-27,2017-01-30,0.028864023161642383,1.0767043138934356
dev,ZTS,ZOETIS INC.,2021-11-05,2021-11-04 07:04:55,2021-11-03,2021-11-04,2021-11-05,0.018331669165414066,1.1641652137703786
dev,IONS,"Ionis Pharmaceuticals, Inc. Common Stock",2022-05-06,2022-05-04 11:15:54,2022-05-03,2022-05-04,2022-05-05,-0.005540352504638246,-0.14761801551830864
dev,MORN,"Morningstar, Inc. Common Stock",2023-03-03,2023-02-24 12:40:13,2023-02-23,2023-02-24,2023-02-27,-0.11246700751778271,-4.129935491227884
dev,SXT,Sensient Technology Corporation,2018-02-16,2018-02-08 18:44:07,2018-02-08,2018-02-09,2018-02-12,-0.020579907827624755,-1.4470246559459963
dev,EFSC,Enterprise Financial Services Corporation Common Stock,2022-04-29,2022-04-25 17:20:37,2022-04-25,2022-04-26,2022-04-27,-0.022705346720221398,-0.990479824167322
dev,WAL,Western Alliance Bancorporation,2017-07-28,2017-07-20 16:38:40,2017-07-20,2017-07-21,2017-07-24,0.0249506166268747,1.3102712091612803
dev,SMR,NuScale Power Corporation,2023-08-11,2023-08-09 20:45:21,2023-08-09,2023-08-10,2023-08-11,0.04067253630175227,0.7764392022659612
dev,LMAT,"LeMaitre Vascular, Inc. Common Stock",2019-02-22,2019-02-19 16:19:28,2019-02-19,2019-02-20,2019-02-21,0.16611673617772293,5.80902331906221
dev,SLGN,Silgan Holdings Inc,2023-07-28,2023-07-26 16:23:19,2023-07-26,2023-07-27,2023-07-28,0.026254029117956712,0.8792170911108889
dev,PTEN,"Patterson-UTI Energy, Inc. Common Stock",2021-02-05,2021-02-04 06:00:50,2021-02-03,2021-02-04,2021-02-05,-0.0822793277334537,-1.0995340825869768
dev,VERU,Veru Inc. Common Stock,2021-05-14,2021-05-12 07:00:59,2021-05-11,2021-05-12,2021-05-13,-0.02255949465699658,-0.32577739810058143
dev,MOH,"Molina Healthcare, Inc.",2018-11-02,2018-10-31 16:18:19,2018-10-31,2018-11-01,2018-11-02,-0.03381984999297594,-1.3833099913401385
dev,MC,MOELIS & COMPANY,2022-02-11,2022-02-09 16:15:57,2022-02-09,2022-02-10,2022-02-11,-0.08620124786676031,-3.0112981844581896
dev,BRKR,Bruker Corporation Common Stock,2020-04-03,2020-03-27 17:00:31,2020-03-27,2020-03-30,2020-03-31,-0.040662300942790774,-0.6530478523693981
dev,WAT,Waters Corp,2019-01-25,2019-01-23 07:00:36,2019-01-22,2019-01-23,2019-01-24,0.09593379693148862,3.720794881742362
dev,CNP,"CenterPoint Energy, Inc.",2020-11-06,2020-11-05 11:05:57,2020-11-04,2020-11-05,2020-11-06,0.040941073802251315,1.7598044269583315
dev,MXL,"MaxLinear, Inc. Common Stock",2023-02-03,2023-02-01 16:08:14,2023-02-01,2023-02-02,2023-02-03,-0.0632130487362419,-1.2729899412439247
dev,ALNY,"Alnylam Pharmaceuticals, Inc. Common Stock",2019-02-15,2019-02-07 16:15:18,2019-02-07,2019-02-08,2019-02-11,-0.0017843179290548683,-0.03349695204268186
dev,PRTA,Prothena Corporation plc Ordinary Shares,2023-11-10,2023-11-02 16:09:15,2023-11-02,2023-11-03,2023-11-06,0.010590685213698103,0.17779684550061922
dev,WSC,WillScot Holdings Corporation Class A Common Stock,2023-11-03,2023-11-01 16:17:26,2023-11-01,2023-11-02,2023-11-03,-0.1078076710653133,-4.798866491465661
dev,MGNX,"MacroGenics, Inc. Common Stock",2021-08-06,2021-07-29 16:04:21,2021-07-29,2021-07-30,2021-08-02,-0.022970292889528565,-0.4395228878112294
dev,PLTK,Playtika Holding Corp. Common Stock,2022-11-11,2022-11-08 08:16:27,2022-11-07,2022-11-08,2022-11-09,-0.10328552578887906,-1.945174258081626
dev,JKHY,"Jack Henry & Associates, Inc. Common Stock",2021-08-20,2021-08-17 17:46:19,2021-08-17,2021-08-18,2021-08-19,-0.0034234696279338284,-0.27945836176536265
dev,BLFS,"BioLife Solutions, Inc. Common Stock",2021-05-21,2021-05-13 16:11:44,2021-05-13,2021-05-14,2021-05-17,0.02221059850574747,0.3681882314535366
dev,GEO,"The GEO Group, Inc.",2018-02-23,2018-02-21 21:31:05,2018-02-21,2018-02-22,2018-02-23,0.02783708052709888,1.0579653971572707
dev,ORGO,Organogenesis Holdings Inc. Class A Common Stock,2022-05-13,2022-05-10 16:14:44,2022-05-10,2022-05-11,2022-05-12,0.09106809750316547,1.195296561154809
dev,IQV,IQVIA Holdings Inc.,2020-02-14,2020-02-12 07:10:33,2020-02-11,2020-02-12,2020-02-13,0.019618459438780933,1.161917517609394
dev,PUMP,ProPetro Holding Corp.,2021-11-05,2021-11-02 16:29:03,2021-11-02,2021-11-03,2021-11-04,-0.02547051150037749,-0.5222164498180016
dev,MLM,Martin Marietta Materials,2023-05-05,2023-05-04 06:59:21,2023-05-03,2023-05-04,2023-05-05,0.0676872559197208,2.457483179528232
dev,RWT,"Redwood Trust, Inc.",2019-05-10,2019-05-08 16:17:46,2019-05-08,2019-05-09,2019-05-10,-0.006452404009407164,-0.7180163495404066
dev,DRI,"Darden Restaurants, Inc.",2021-12-24,2021-12-17 07:08:29,2021-12-16,2021-12-17,2021-12-20,-0.040506951752666054,-1.4137908326178907
dev,SCHL,Scholastic Corporation Common Stock,2021-07-30,2021-07-22 20:03:03,2021-07-22,2021-07-23,2021-07-26,0.0032422003960685952,0.1137237200990289
dev,AAOI,"Applied Optoelectronics, Inc. Common Stock",2019-03-01,2019-02-21 21:12:21,2019-02-21,2019-02-22,2019-02-25,0.1433531101611547,2.9624373087934486
dev,PCT,"PureCycle Technologies, Inc. Common stock",2023-05-12,2023-05-09 07:00:24,2023-05-08,2023-05-09,2023-05-10,0.04554373416997981,0.44115558437571456
dev,TDAY,"USA TODAY Co., Inc.",2017-02-24,2017-02-21 07:06:03,2017-02-17,2017-02-21,2017-02-22,-0.04732723109708026,-2.5369412189917835
dev,ICFI,"ICF International, Inc. Common Stock",2017-11-10,2017-11-02 16:15:39,2017-11-02,2017-11-03,2017-11-06,-0.030884920489659073,-1.1992669231298452
dev,MX,Magnachip Semiconductor Corp.,2022-11-04,2022-11-02 20:21:02,2022-11-02,2022-11-03,2022-11-04,-0.05750500728514851,-1.5997493201651172
dev,DCH,Dauch Corporation,2018-02-23,2018-02-16 08:01:56,2018-02-15,2018-02-16,2018-02-20,-0.017990659990751556,-0.5896303162263429
dev,AIG,"American International Group, Inc.",2018-08-10,2018-08-02 16:21:12,2018-08-02,2018-08-03,2018-08-06,-0.03948731330609867,-2.868326877012376
dev,CACC,Credit Acceptance Corporation Common Stock,2017-08-04,2017-07-31 16:08:12,2017-07-31,2017-08-01,2017-08-02,0.10759735279662319,5.655215738883587
dev,SEDG,"SolarEdge Technologies, Inc. Common Stock",2023-02-17,2023-02-13 21:09:16,2023-02-13,2023-02-14,2023-02-15,0.10430908502952563,2.2774089732624114
dev,SON,Sonoco Products Company,2017-04-21,2017-04-20 12:46:06,2017-04-19,2017-04-20,2017-04-21,0.02730278117629048,1.9904894157420179
dev,MIR,"Mirion Technologies, Inc.",2022-08-05,2022-07-29 07:06:01,2022-07-28,2022-07-29,2022-08-01,0.10499769586522878,1.7831651105219593
dev,MTSI,"MACOM Technology Solutions Holdings, Inc. Common Stock",2023-02-03,2023-02-02 12:32:18,2023-02-01,2023-02-02,2023-02-03,-0.04084140059413577,-1.1495577681182194
dev,DLTR,Dollar Tree Inc. Common Stock,2022-03-04,2022-03-02 07:35:59,2022-03-01,2022-03-02,2022-03-03,0.03512583781859191,1.426821570414737
dev,PTON,"Peloton Interactive, Inc. Class A Common Stock",2020-11-13,2020-11-05 16:01:58,2020-11-05,2020-11-06,2020-11-09,-0.2228514998001928,-3.617809442527697
dev,AMN,AMN Healthcare Services,2022-05-13,2022-05-05 16:31:57,2022-05-05,2022-05-06,2022-05-09,-0.011248433498068366,-0.23622707398062687
dev,AGM,Federal Agricultural Mortgage Corporation,2018-05-11,2018-05-10 13:21:39,2018-05-09,2018-05-10,2018-05-11,-0.018997877811492758,-0.54800249625151
dev,VCYT,"Veracyte, Inc. Common Stock",2021-08-06,2021-07-29 16:16:18,2021-07-29,2021-07-30,2021-08-02,0.12699886024074436,2.602760267309863
dev,GTY,Getty Realty Corp.,2018-10-26,2018-10-24 16:05:33,2018-10-24,2018-10-25,2018-10-26,0.0063752337392286584,0.385407701785933
dev,DECK,Deckers Outdoor Corp,2023-06-02,2023-05-25 16:07:52,2023-05-25,2023-05-26,2023-05-30,0.07358287110506567,3.1364373015945164
dev,MOS,The Mosaic Company,2017-08-04,2017-08-01 06:59:32,2017-07-31,2017-08-01,2017-08-02,-0.0806842108324416,-3.0071696378371406
dev,CLNE,Clean Energy Fuels Corp. Common Stock,2021-11-12,2021-11-04 16:11:37,2021-11-04,2021-11-05,2021-11-08,-0.002184489396313216,-0.03760385105887301
dev,SNEX,StoneX Group Inc. Common Stock,2023-11-17,2023-11-15 16:20:38,2023-11-15,2023-11-16,2023-11-17,-0.07477511995671804,-3.5151016840265292
dev,FOXA,Fox Corporation Class A Common Stock,2022-02-11,2022-02-09 08:10:05,2022-02-08,2022-02-09,2022-02-10,0.08155752952375561,3.3498405628340677
dev,WGS,GeneDx Holdings Corp. Class A Common Stock,2021-11-19,2021-11-15 16:19:19,2021-11-15,2021-11-16,2021-11-17,-0.09744054802457802,-1.7693572534489004
dev,SAH,"Sonic Automotive, Inc.",2020-05-01,2020-04-29 09:02:22,2020-04-28,2020-04-29,2020-04-30,0.12693712325117024,1.0922886777857916
dev,VREX,Varex Imaging Corporation Common Stock,2021-08-06,2021-08-03 20:22:54,2021-08-03,2021-08-04,2021-08-05,0.07046590101663419,2.5510445720086987
dev,SHEN,Shenandoah Telecommunications Co Common Stock,2022-11-04,2022-11-02 11:00:23,2022-11-01,2022-11-02,2022-11-03,-0.1489946147114456,-3.9048262414482258
dev,KMI,"Kinder Morgan, Inc.",2023-01-20,2023-01-18 16:09:07,2023-01-18,2023-01-19,2023-01-20,0.003970034553987922,0.18727931389635508
dev,ANGI,Angi Inc. Class A Common Stock,2020-10-16,2020-10-08 20:36:48,2020-10-08,2020-10-09,2020-10-12,-0.03125872676513641,-0.4704957854656532
dev,CYTK,"Cytokinetics, Incorporated Common Stock",2023-05-12,2023-05-04 16:03:09,2023-05-04,2023-05-05,2023-05-08,-0.04116624797802537,-0.8587747213472907
dev,CACI,CACI INTERNATIONAL CLA,2021-01-29,2021-01-27 21:38:20,2021-01-27,2021-01-28,2021-01-29,-0.057357077095368525,-2.8577458137734824
dev,TOL,"Toll Brothers, Inc.",2020-02-28,2020-02-25 16:54:55,2020-02-25,2020-02-26,2020-02-27,-0.09410674385103612,-3.7477977890467877
dev,HY,"Hyster-Yale, Inc.",2023-11-03,2023-10-31 16:51:55,2023-10-31,2023-11-01,2023-11-02,0.04290973947432142,1.5608014348557013
dev,RC,Ready Capital Corporation,2020-03-13,2020-03-11 16:47:00,2020-03-11,2020-03-12,2020-03-13,-0.06486953521015104,-2.0112686345589643
dev,KEX,Kirby Corporation,2021-04-30,2021-04-29 08:33:16,2021-04-28,2021-04-29,2021-04-30,-0.01734969717731405,-0.5276424274571878
dev,FIS,"Fidelity National Information Services, Inc.",2021-05-07,2021-05-06 07:05:25,2021-05-05,2021-05-06,2021-05-07,0.0066139008349104245,0.3729708691351787
dev,HE,"Hawaiian Electric Industries, Inc.",2021-05-14,2021-05-06 21:44:55,2021-05-06,2021-05-07,2021-05-10,0.04597540924489085,2.385111309272892
dev,NBR,Nabors Industries Ltd.,2017-04-28,2017-04-26 19:48:34,2017-04-26,2017-04-27,2017-04-28,-0.1178841022509679,-3.4488631651686292
dev,TER,"Teradyne, Inc. Common Stock",2021-07-30,2021-07-28 06:10:06,2021-07-27,2021-07-28,2021-07-29,0.014025827268955293,0.45456204209090395
dev,HUM,Humana Inc.,2020-08-07,2020-08-05 07:03:03,2020-08-04,2020-08-05,2020-08-06,0.02893852750814685,1.3369045568320737
dev,MTCH,"Match Group, Inc. Common Stock",2020-11-06,2020-11-04 16:13:17,2020-11-04,2020-11-05,2020-11-06,0.011018068699999883,0.30456809358545517
dev,CHRW,"C.H. Robinson Worldwide, Inc. Common Stock",2019-08-02,2019-07-30 21:08:13,2019-07-30,2019-07-31,2019-08-01,-0.02534776417468565,-1.5109384096362473
dev,PFGC,Performance Food Group Company,2020-02-07,2020-02-05 07:00:36,2020-02-04,2020-02-05,2020-02-06,-0.014581796834096439,-0.8038936691642701
dev,RAMP,"LiveRamp Holdings, Inc. Common Stock",2018-02-09,2018-02-06 16:13:35,2018-02-06,2018-02-07,2018-02-08,0.04892040504946149,2.9606792226218324
dev,XIFR,"XPLR Infrastructure, LP",2021-10-22,2021-10-20 07:38:12,2021-10-19,2021-10-20,2021-10-21,0.024268228054985297,1.5521764381196144
dev,TDW,"Tidewater, Inc.",2023-11-10,2023-11-06 21:36:53,2023-11-06,2023-11-07,2023-11-08,-0.12888764103518724,-3.668951601158132
dev,SNAP,Snap Inc.,2020-07-24,2020-07-21 16:19:27,2020-07-21,2020-07-22,2020-07-23,-0.10596677552425626,-2.2698718947129852
dev,ITGR,Integer Holdings Corporation,2022-10-07,2022-10-05 16:05:21,2022-10-05,2022-10-06,2022-10-07,-0.18762024263377852,-6.538596265317157
dev,ONB,Old National Bancorp Common Stock,2022-01-21,2022-01-18 08:00:31,2022-01-14,2022-01-18,2022-01-19,-0.00958297791949192,-0.43608525196005415
dev,FOA,Finance of America Companies Inc.,2021-08-13,2021-08-11 21:01:08,2021-08-11,2021-08-12,2021-08-13,-0.21165525453147516,-3.5132860560658363
dev,FOXF,Fox Factory Holding Corp. Common Stock,2017-05-05,2017-05-03 16:10:45,2017-05-03,2017-05-04,2017-05-05,0.047039989497560164,1.8670123131168104
dev,H,Hyatt Hotels Corporation,2019-08-02,2019-07-31 16:38:39,2019-07-31,2019-08-01,2019-08-02,0.001513713092663016,0.08739862429484549
dev,KOS,Kosmos Energy Ltd.,2022-11-11,2022-11-07 06:36:55,2022-11-04,2022-11-07,2022-11-08,0.05098142515050741,0.8147713523515231
dev,LMAT,"LeMaitre Vascular, Inc. Common Stock",2022-08-05,2022-07-28 16:19:25,2022-07-28,2022-07-29,2022-08-01,0.051256736144834836,1.5256735708377258
dev,SPCE,"Virgin Galactic Holdings, Inc.",2021-08-13,2021-08-05 16:15:54,2021-08-05,2021-08-06,2021-08-09,0.1158886770803993,0.9077383371889166
dev,SSD,"Simpson Manufacturing Co., Inc.",2020-05-01,2020-04-27 16:30:34,2020-04-27,2020-04-28,2020-04-29,0.16337747010660508,2.1901627891515854
dev,CARG,"CarGurus, Inc. Class A Common Stock",2022-05-13,2022-05-09 20:02:23,2022-05-09,2022-05-10,2022-05-11,-0.23714919499100406,-2.3156448298832433
dev,PPLI,People Incorporated Common Stock,2022-04-15,2022-04-12 16:27:26,2022-04-12,2022-04-13,2022-04-14,-0.03671393484419805,-0.7740280062813313
dev,STAG,"STAG INDUSTRIAL, INC.",2019-05-03,2019-04-30 16:11:53,2019-04-30,2019-05-01,2019-05-02,0.024130193277179135,2.0595445818870335
dev,IEP,"Icahn Enterprises, L.P. Common Stock",2023-08-11,2023-08-04 08:00:35,2023-08-03,2023-08-04,2023-08-07,-0.28027386457952397,-3.5700284027289824
dev,DTE,DTE Energy Company,2020-03-13,2020-03-06 16:17:38,2020-03-06,2020-03-09,2020-03-10,-0.03946309894320099,-1.661126707197886
dev,UFPT,"UFP Technologies, Inc. Common Stock",2020-03-13,2020-03-05 16:15:18,2020-03-05,2020-03-06,2020-03-09,0.01602803874371761,0.6976203545648736
dev,SWX,"Southwest Gas Holdings, Inc.",2018-08-10,2018-08-07 17:25:16,2018-08-07,2018-08-08,2018-08-09,0.007757606158916186,0.4383983945203578
dev,MGY,Magnolia Oil & Gas Corporation Class A Common Stock,2021-05-07,2021-05-04 16:06:23,2021-05-04,2021-05-05,2021-05-06,0.04364902874666177,0.7970328517898579
dev,FSK,FS KKR Capital Corp. Common Stock,2018-04-27,2018-04-25 16:37:11,2018-04-25,2018-04-26,2018-04-27,0.002322113628918876,0.11600419343959108
dev,NEO,"NeoGenomics, Inc. Common Stock",2022-02-25,2022-02-23 12:14:57,2022-02-22,2022-02-23,2022-02-24,0.11585039523316187,2.1762105262309377
dev,IEX,IDEX Corporation,2018-05-04,2018-04-30 10:29:12,2018-04-27,2018-04-30,2018-05-01,-0.016967105859467813,-0.7977276731784847
dev,AMN,AMN Healthcare Services,2021-02-26,2021-02-18 16:20:33,2021-02-18,2021-02-19,2021-02-22,-0.0028411967842638663,-0.10379211592463065
dev,MTX,Minerals Technologies Inc,2021-11-12,2021-11-04 17:05:18,2021-11-04,2021-11-05,2021-11-08,0.029298230842078388,1.357149352375839
dev,CNA,CNA Financial Corporation,2021-04-23,2021-04-21 16:57:59,2021-04-21,2021-04-22,2021-04-23,0.007667457925405241,0.34096245135770986
dev,INTC,Intel Corporation Common Stock,2023-08-04,2023-07-27 16:07:40,2023-07-27,2023-07-28,2023-07-31,0.023734323177320604,0.640709096822745
dev,ES,Eversource Energy,2019-02-22,2019-02-20 16:32:08,2019-02-20,2019-02-21,2019-02-22,-0.00205135519376598,-0.12525917580700593
dev,LH,Labcorp Holdings Inc.,2020-05-01,2020-04-29 07:02:41,2020-04-28,2020-04-29,2020-04-30,-0.0827628495260474,-1.0455269394148528
dev,CNMD,CONMED Corporation,2023-07-28,2023-07-26 16:17:04,2023-07-26,2023-07-27,2023-07-28,-0.034714932046274405,-1.4013070306454807
dev,DAR,DARLING INGREDIENTS INC.,2022-05-13,2022-05-10 16:40:05,2022-05-10,2022-05-11,2022-05-12,-0.0156523805082881,-0.3629326546719697
dev,LOVE,The Lovesac Company Common Stock,2020-12-11,2020-12-09 18:31:29,2020-12-09,2020-12-10,2020-12-11,-0.04084906448686931,-0.6301755705457404
dev,FNF,"Fidelity National Financial, Inc.",2022-05-13,2022-05-10 16:19:49,2022-05-10,2022-05-11,2022-05-12,0.017556177335382728,0.611022460763709
dev,SCHW,The Charles Schwab Corporation,2022-07-22,2022-07-18 20:18:28,2022-07-18,2022-07-19,2022-07-20,-0.007741643174710822,-0.24349211978735946
dev,PDFS,"PDF Solutions, Inc. Common Stock",2017-05-05,2017-04-27 16:02:21,2017-04-27,2017-04-28,2017-05-01,-0.24042166610117865,-12.04145865213296
dev,DVN,Devon Energy Corporation,2020-08-07,2020-08-04 17:02:18,2020-08-04,2020-08-05,2020-08-06,0.048170567194044,0.6836084680451491
dev,TMUS,"T-Mobile US, Inc. Common Stock",2020-05-08,2020-05-06 16:04:47,2020-05-06,2020-05-07,2020-05-08,0.10897356455994145,1.8192314752106349
dev,JCI,Johnson Controls International plc,2017-07-28,2017-07-27 07:03:35,2017-07-26,2017-07-27,2017-07-28,-0.08292379064721211,-6.094639970797802
dev,MCY,Mercury General Corp.,2018-02-09,2018-02-05 11:38:31,2018-02-02,2018-02-05,2018-02-06,-0.10680254978348569,-7.183623362950031
dev,FIZZ,National Beverage Corp. Common Stock,2022-12-16,2022-12-09 21:30:32,2022-12-09,2022-12-12,2022-12-13,0.009850083126322184,0.31801164242202434
dev,CYRX,"CryoPort, Inc. Common Stock",2019-05-10,2019-05-03 16:10:48,2019-05-03,2019-05-06,2019-05-07,0.01956589499680661,0.37192999149656214
dev,SLRC,SLR Investment Corp. Common Stock,2022-08-05,2022-08-02 16:36:25,2022-08-02,2022-08-03,2022-08-04,0.01790048102427866,0.713724441608977
dev,GOOGL,Alphabet Inc. Class A Common Stock,2019-02-08,2019-02-04 16:01:19,2019-02-04,2019-02-05,2019-02-06,-0.019105228018421072,-0.6494384993039626
dev,CVX,Chevron Corporation,2019-02-08,2019-02-01 14:00:23,2019-01-31,2019-02-01,2019-02-04,0.03636588027681875,1.4322754438428615
dev,CW,Curtiss-Wright Corp.,2022-02-25,2022-02-24 07:30:33,2022-02-23,2022-02-24,2022-02-25,-0.0029228220672596894,-0.15593869076881423
dev,XNCR,"Xencor, Inc. Common Stock",2019-03-01,2019-02-25 16:27:23,2019-02-25,2019-02-26,2019-02-27,-0.020924193337986452,-0.4831184822404917
dev,FAF,First American Financial Corporation,2023-10-27,2023-10-26 06:45:10,2023-10-25,2023-10-26,2023-10-27,0.019791037837952552,1.1080187803538049
dev,LNC,Lincoln National Corp.,2021-02-05,2021-02-03 16:17:15,2021-02-03,2021-02-04,2021-02-05,0.03474978467490031,0.5558047524708636
dev,SF,Stifel Financial Corp.,2017-05-05,2017-05-01 16:06:38,2017-05-01,2017-05-02,2017-05-03,-0.015084681794593546,-0.5879424660141499
dev,BCRX,"BioCryst Pharmaceuticals, Inc. Common Stock",2018-11-09,2018-11-06 08:20:02,2018-11-05,2018-11-06,2018-11-07,-0.019968832810588255,-0.48421468910307
dev,ATR,"AptarGroup, Inc.",2023-10-27,2023-10-25 17:05:28,2023-10-25,2023-10-26,2023-10-27,0.006642910898289056,0.4270690672107045
dev,SPNT,SiriusPoint Ltd.,2023-03-03,2023-02-23 16:19:26,2023-02-23,2023-02-24,2023-02-27,0.004482207372853653,0.13925220665789856
dev,WKC,World Kinect Corporation,2020-11-06,2020-10-29 16:22:23,2020-10-29,2020-10-30,2020-11-02,0.11676198547782768,2.909424169792567
dev,MIRM,"Mirum Pharmaceuticals, Inc. Common Stock",2022-03-11,2022-03-09 16:05:46,2022-03-09,2022-03-10,2022-03-11,-0.02887658331649534,-0.5957474027067241
dev,SFM,"Sprouts Farmers Market, Inc. Common Stock",2021-08-13,2021-08-05 20:18:27,2021-08-05,2021-08-06,2021-08-09,-0.007377569877569989,-0.28936814672895944
dev,MDB,"MongoDB, Inc. Class A Common Stock",2019-06-07,2019-06-05 20:08:49,2019-06-05,2019-06-06,2019-06-07,0.12508876960405813,1.933557743170421
dev,MGPI,"MGP Ingredients, Inc.",2017-11-03,2017-11-02 07:35:59,2017-11-01,2017-11-02,2017-11-03,0.15315585136437915,5.822382385849374
dev,RMNI,"Rimini Street, Inc. (DE) Common Stock",2022-05-06,2022-05-04 16:05:07,2022-05-04,2022-05-05,2022-05-06,0.03961540902645866,0.5589467412601801
dev,ABCB,Ameris Bancorp,2021-07-30,2021-07-22 20:07:40,2021-07-22,2021-07-23,2021-07-26,0.01666162148465533,0.5124485168639983
dev,CARS,Cars.com Inc. Common Stock,2020-05-08,2020-05-06 07:33:52,2020-05-05,2020-05-06,2020-05-07,0.22687482458127772,1.8469929949647654
dev,FULT,Fulton Financial Corporation Common Stock,2019-04-19,2019-04-16 16:42:10,2019-04-16,2019-04-17,2019-04-18,-0.011659716447155022,-0.5978603496230208
dev,CVLG,"Covenant Logistics Group, Inc.",2022-07-29,2022-07-25 16:40:26,2022-07-25,2022-07-26,2022-07-27,0.1453492297606025,2.90636207669261
dev,APTV,Aptiv PLC,2021-08-06,2021-08-05 09:06:49,2021-08-04,2021-08-05,2021-08-06,-0.02347289926393137,-0.9024630467344714
dev,SSP,E.W. Scripps Company (The) Class A Common Stock,2021-03-05,2021-02-26 13:04:21,2021-02-25,2021-02-26,2021-03-01,0.08671036034008561,2.156918939004353
dev,FNKO,"Funko, Inc. Class A Common Stock",2018-11-16,2018-11-08 16:15:56,2018-11-08,2018-11-09,2018-11-12,-0.17701929044941744,-2.4339426617113826
dev,FSP,Franklin Street Properties Corp,2021-11-12,2021-11-08 16:25:28,2021-11-08,2021-11-09,2021-11-10,0.22376498148417667,7.783307596210652
dev,ADUS,Addus HomeCare Corporation Common Stock,2019-05-10,2019-05-06 16:13:56,2019-05-06,2019-05-07,2019-05-08,0.025590063258866813,0.9519885218408878
dev,TDW,"Tidewater, Inc.",2022-05-13,2022-05-09 20:36:50,2022-05-09,2022-05-10,2022-05-11,0.042436642203782404,0.7043896807771549
dev,CARG,"CarGurus, Inc. Class A Common Stock",2022-08-12,2022-08-08 20:02:14,2022-08-08,2022-08-09,2022-08-10,-0.22068556286520735,-4.550141847381467
dev,UMBF,UMB Financial Corporation Common Stock,2019-11-01,2019-10-29 19:55:04,2019-10-29,2019-10-30,2019-10-31,-0.03272685058896996,-1.5692788804574658
dev,APD,"Air Products & Chemicals, Inc.",2017-06-09,2017-06-05 16:39:29,2017-06-05,2017-06-06,2017-06-07,-0.00982042488662871,-0.8751892075428387
dev,ED,"Consolidated Edison, Inc.",2022-11-11,2022-11-03 16:47:07,2022-11-03,2022-11-04,2022-11-07,-0.03625386681685738,-1.622132006649719
dev,NNI,"Nelnet, Inc. Class A",2020-11-13,2020-11-05 16:22:45,2020-11-05,2020-11-06,2020-11-09,0.007889329491961306,0.3258779200462671
dev,FRME,First Merchants Corporation Common Stock,2021-01-29,2021-01-28 08:22:49,2021-01-27,2021-01-28,2021-01-29,0.004626754671376743,0.09923453465554394
dev,GIS,"General Mills, Inc.",2018-12-21,2018-12-19 12:21:38,2018-12-18,2018-12-19,2018-12-20,0.09579317847414881,4.279207005969287
dev,CP,Canadian Pacific Kansas City Limited,2017-01-20,2017-01-18 16:18:09,2017-01-18,2017-01-19,2017-01-20,0.03980646336097582,2.160494935174616
dev,PII,Polaris Inc.,2022-07-29,2022-07-26 06:00:40,2022-07-25,2022-07-26,2022-07-27,-0.028490696433158158,-0.5942866554691578
dev,SSNC,"SS&C Technologies Holdings, Inc. Common Stock",2019-05-03,2019-04-30 16:11:42,2019-04-30,2019-05-01,2019-05-02,-0.09869805223223893,-4.861391507342139
dev,LMAT,"LeMaitre Vascular, Inc. Common Stock",2017-08-04,2017-07-27 16:05:03,2017-07-27,2017-07-28,2017-07-31,0.27179587772138913,6.756109538664998
dev,FUL,H.B. Fuller Company,2023-03-31,2023-03-30 09:43:19,2023-03-29,2023-03-30,2023-03-31,-0.019092104979828717,-0.7724653943673967
dev,FG,"F&G Annuities & Life, Inc.",2023-08-11,2023-08-08 20:21:19,2023-08-08,2023-08-09,2023-08-10,-0.014298992981449099,-0.4256734520158266
dev,AMT,American Tower Corporation,2021-07-30,2021-07-29 11:05:43,2021-07-28,2021-07-29,2021-07-30,-0.006899022108463271,-0.5185473980725513
dev,RES,"RPC, Inc.",2018-01-26,2018-01-24 07:00:58,2018-01-23,2018-01-24,2018-01-25,-0.15005700492045593,-4.997634931210633
dev,MTZ,"MasTec, Inc.",2022-11-11,2022-11-03 20:18:41,2022-11-03,2022-11-04,2022-11-07,0.20304692631148913,5.8080787807811305
dev,EPD,Enterprise Products Partners L.P.,2019-02-01,2019-01-30 17:47:16,2019-01-30,2019-01-31,2019-02-01,0.008372591621201853,0.33833999110588353
dev,SWK,"Stanley Black & Decker, Inc.",2018-10-26,2018-10-25 07:00:33,2018-10-24,2018-10-25,2018-10-26,-0.025522354385375867,-1.1685077188534263
dev,PGEN,"Precigen, Inc. Common Stock",2019-03-08,2019-02-28 17:20:42,2019-02-28,2019-03-01,2019-03-04,-0.4832065104179283,-9.552679112796136
dev,THRM,Gentherm Inc Common Stock,2017-07-28,2017-07-27 10:10:47,2017-07-26,2017-07-27,2017-07-28,-0.11093923789974858,-5.1285067009251515
dev,SPXC,"SPX Technologies, Inc.",2021-08-13,2021-08-05 20:17:27,2021-08-05,2021-08-06,2021-08-09,-0.02545989742871968,-1.0098620249481765
dev,GOOGL,Alphabet Inc. Class A Common Stock,2023-04-28,2023-04-20 16:24:04,2023-04-20,2023-04-21,2023-04-24,0.004597941991353993,0.13456615794074359
dev,HALO,"Halozyme Therapeutics, Inc. Common Stock",2017-11-10,2017-11-07 16:12:06,2017-11-07,2017-11-08,2017-11-09,0.10709452086987914,2.376322399384143
dev,CSCO,"Cisco Systems, Inc. Common Stock (DE)",2018-05-18,2018-05-16 16:09:03,2018-05-16,2018-05-17,2018-05-18,-0.040163748036698976,-1.715952597642031
dev,BOOT,"Boot Barn Holdings, Inc.",2018-08-10,2018-08-07 16:11:59,2018-08-07,2018-08-08,2018-08-09,0.1283050600662592,3.5429668903619116
dev,DNTH,"Dianthus Therapeutics, Inc. Common Stock",2021-03-05,2021-03-03 08:16:54,2021-03-02,2021-03-03,2021-03-04,0.13478598416402388,2.1360030239247645
dev,ATI,ATI Inc.,2023-08-04,2023-08-02 07:37:44,2023-08-01,2023-08-02,2023-08-03,-0.04209075231788795,-1.2846333649994541
dev,OMF,"OneMain Holdings, Inc.",2022-10-28,2022-10-26 16:17:57,2022-10-26,2022-10-27,2022-10-28,0.1555029925794964,3.8166600797543535
dev,CENTA,Central Garden & Pet Company Class A Common Stock Nonvoting,2017-08-04,2017-08-02 16:16:07,2017-08-02,2017-08-03,2017-08-04,0.12483160777707658,3.769500975744231
dev,AIZ,"Assurant, Inc.",2019-11-08,2019-11-05 21:23:04,2019-11-05,2019-11-06,2019-11-07,0.006488041479932205,0.4423182288470406
dev,EIG,"Employers Holdings, Inc.",2022-11-04,2022-10-27 16:17:07,2022-10-27,2022-10-28,2022-10-31,0.12338996332011987,5.3742446894213804
dev,HNI,HNI Corporation,2017-04-21,2017-04-19 16:56:59,2017-04-19,2017-04-20,2017-04-21,-0.055577420648994735,-2.1754196899407283
dev,GIII,"G-III Apparel Group, LTD. Common Stock",2023-12-08,2023-12-05 07:30:56,2023-12-04,2023-12-05,2023-12-06,-0.023820438305047653,-0.7995146294714358
dev,EHC,Encompass Health Corporation Common Stock,2022-04-29,2022-04-27 16:46:17,2022-04-27,2022-04-28,2022-04-29,0.06775832306057095,2.438870579336893
dev,TCMD,"Tactile Systems Technology, Inc. Common Stock",2022-02-25,2022-02-22 16:01:31,2022-02-22,2022-02-23,2022-02-24,0.3589340659484114,7.554634315192591
dev,UEIC,Universal Electronics Inc. Common Stock,2020-11-13,2020-11-05 16:06:06,2020-11-05,2020-11-06,2020-11-09,0.11951010487484459,3.64575938864777
dev,ASTS,"AST SpaceMobile, Inc. Class A Common Stock",2021-11-19,2021-11-15 16:45:10,2021-11-15,2021-11-16,2021-11-17,-0.03587766755915389,-0.547656176612534
dev,BBIO,"BridgeBio Pharma, Inc. Common Stock",2020-11-06,2020-11-05 08:00:52,2020-11-04,2020-11-05,2020-11-06,-0.0333871226203829,-0.735861901027015
dev,NTRA,"Natera, Inc. Common Stock",2018-08-10,2018-08-08 16:14:29,2018-08-08,2018-08-09,2018-08-10,0.08207928096161565,1.4113603124366325
dev,WGO,"Winnebago Industries, Inc.",2017-03-24,2017-03-22 07:08:06,2017-03-21,2017-03-22,2017-03-23,0.0692681948243632,2.0318324117094364
dev,KRO,"Kronos Worldwide, Inc.",2018-11-09,2018-11-07 16:18:22,2018-11-07,2018-11-08,2018-11-09,-0.1349747871749133,-3.3905085403828736
dev,PCRX,"Pacira BioSciences, Inc. Common Stock",2017-03-03,2017-03-01 07:37:05,2017-02-28,2017-03-01,2017-03-02,0.12283897745334915,2.3212650396147656
dev,CRTO,Criteo S.A. Ordinary Shares,2018-08-03,2018-08-01 07:12:55,2018-07-31,2018-08-01,2018-08-02,-0.18665257840833027,-5.188971629190004
dev,TDY,Teledyne Technologies Incorporated,2017-11-03,2017-11-02 08:02:16,2017-11-01,2017-11-02,2017-11-03,0.07014234382608397,5.961749621284518
dev,CRM,"Salesforce, Inc.",2017-08-25,2017-08-22 16:12:05,2017-08-22,2017-08-23,2017-08-24,0.01836585633861909,1.1477722727167907
dev,QCRH,"QCR Holdings, Inc. Common Stock",2021-04-30,2021-04-27 16:06:12,2021-04-27,2021-04-28,2021-04-29,-0.020770045451566133,-0.7748687477418003
dev,RJET,Republic Airways Holdings Inc. Common Stock,2019-12-20,2019-12-12 18:05:17,2019-12-12,2019-12-13,2019-12-16,-0.016659018745985188,-0.35374943695788263
dev,QSR,Restaurant Brands International Inc.,2018-08-03,2018-08-01 06:50:26,2018-07-31,2018-08-01,2018-08-02,0.0038110388457668343,0.22438647743641066
dev,ABT,Abbott Laboratories,2021-10-22,2021-10-20 07:47:37,2021-10-19,2021-10-20,2021-10-21,0.04128942230912269,3.1791977389719315
dev,DXPE,"DXP Enterprises, Inc. Common Stock",2018-03-23,2018-03-20 21:21:35,2018-03-20,2018-03-21,2018-03-22,0.2928427038428293,9.662430002395213
dev,ENTG,"Entegris, Inc. Common Stock",2023-08-04,2023-08-03 06:03:33,2023-08-02,2023-08-03,2023-08-04,-0.01694408166731154,-0.3428224044767946
dev,XNCR,"Xencor, Inc. Common Stock",2017-03-03,2017-02-28 16:11:12,2017-02-28,2017-03-01,2017-03-02,0.04411445641407008,0.9291009124974192
dev,CLFD,"Clearfield, Inc. Common Stock",2021-02-05,2021-01-28 16:00:10,2021-01-28,2021-01-29,2021-02-01,0.006966615439032875,0.1514229852129886
dev,RUSHA,"Rush Enterprises, Inc. Common Stock Cl A",2022-02-18,2022-02-16 18:22:43,2022-02-16,2022-02-17,2022-02-18,-0.0013137200646339275,-0.048545606298179306
dev,PAR,PAR Technology Corp.,2022-08-12,2022-08-09 08:10:40,2022-08-08,2022-08-09,2022-08-10,-0.1527663981803522,-3.3156789290050357
dev,HRTX,"Heron Therapeutics, Inc. Common Stock",2021-08-13,2021-08-09 08:10:38,2021-08-06,2021-08-09,2021-08-10,-0.0038019317399301533,-0.08564661865046579
dev,AWI,"Armstrong World Industries, Inc.",2020-02-28,2020-02-24 06:03:06,2020-02-21,2020-02-24,2020-02-25,0.05453231282084847,3.4181715003478303
dev,DVA,DaVita Inc.,2020-08-07,2020-07-30 18:49:36,2020-07-30,2020-07-31,2020-08-03,-0.057392974642914485,-2.025276412750218
dev,FHB,"First Hawaiian, Inc. Common Stock",2022-04-29,2022-04-22 08:08:30,2022-04-21,2022-04-22,2022-04-25,-0.04643999730358184,-1.7826428638411629
dev,PFE,Pfizer Inc.,2019-11-01,2019-10-29 08:54:32,2019-10-28,2019-10-29,2019-10-30,0.029281939519668176,1.7621481106874897
dev,TSLA,"Tesla, Inc. Common Stock",2020-05-01,2020-04-29 16:56:22,2020-04-29,2020-04-30,2020-05-01,-0.08882898043029952,-0.819976683096588
dev,MTUS,Metallus Inc.,2023-08-11,2023-08-03 20:20:29,2023-08-03,2023-08-04,2023-08-07,-0.0317376278764514,-1.0974579086642489
dev,KAI,Kadant Inc.,2017-05-05,2017-05-02 20:12:32,2017-05-02,2017-05-03,2017-05-04,0.1430488986929448,7.81804685300703
dev,NWL,Newell Brands Inc. Common Stock,2018-08-10,2018-08-06 07:30:59,2018-08-03,2018-08-06,2018-08-07,-0.1911764019823513,-8.258074821489462
dev,IRM,Iron Mountain Inc.,2019-02-15,2019-02-14 11:09:23,2019-02-13,2019-02-14,2019-02-15,-0.029126325299611122,-1.3319393835005935
dev,WKC,World Kinect Corporation,2020-05-08,2020-04-30 16:26:25,2020-04-30,2020-05-01,2020-05-04,-0.01330601098612183,-0.13826573852792634
dev,AMH,AMERICAN HOMES 4 RENT,2021-08-13,2021-08-05 16:33:24,2021-08-05,2021-08-06,2021-08-09,-0.013698748754213064,-0.8074990824896435
dev,TCBK,TriCo Bancshares Common Stock,2023-04-28,2023-04-26 16:17:16,2023-04-26,2023-04-27,2023-04-28,-0.041547191896289526,-1.3485791384435861
dev,LEVI,Levi Strauss & Co. Class A Common Stock,2021-01-29,2021-01-27 21:06:46,2021-01-27,2021-01-28,2021-01-29,-0.0921423721653063,-2.668475433301726
dev,NNI,"Nelnet, Inc. Class A",2017-05-12,2017-05-08 16:20:54,2017-05-08,2017-05-09,2017-05-10,-0.06949130050879271,-2.2947591903593576
dev,UVV,Universal Corporation,2019-02-15,2019-02-07 21:17:43,2019-02-07,2019-02-08,2019-02-11,-0.0002006244145698055,-0.008614340338466387
dev,ABEO,Abeona Therapeutics Inc. Common Stock,2018-05-18,2018-05-11 16:17:36,2018-05-11,2018-05-14,2018-05-15,0.0491544972478124,0.668568257563819
dev,EEFT,"Euronet Worldwide, Inc. Common Stock",2017-07-28,2017-07-25 19:09:51,2017-07-25,2017-07-26,2017-07-27,0.028934830683765678,1.904317956763732
dev,FOXF,Fox Factory Holding Corp. Common Stock,2017-03-03,2017-03-01 16:20:41,2017-03-01,2017-03-02,2017-03-03,0.06991935364689139,3.135529100167133
dev,AMP,"Ameriprise Financial, Inc.",2020-01-31,2020-01-29 16:15:09,2020-01-29,2020-01-30,2020-01-31,0.011140947604795892,0.7613637911228675
dev,TREX,"Trex Company, Inc.",2023-11-03,2023-10-30 20:27:40,2023-10-30,2023-10-31,2023-11-01,0.03904104897800087,1.337512070069344
dev,ADC,Agree Realty Corporation,2021-07-30,2021-07-26 16:13:10,2021-07-26,2021-07-27,2021-07-28,0.00529686961860687,0.3451555360020607
dev,ADI,"Analog Devices, Inc. Common Stock",2017-06-02,2017-05-31 12:18:24,2017-05-30,2017-05-31,2017-06-01,-0.037884767039607636,-2.3049301712925114
dev,FRT,Federal Realty Investment Trust,2020-08-07,2020-08-05 16:09:16,2020-08-05,2020-08-06,2020-08-07,0.02681247701888201,0.5859255192842421
dev,SXC,SUNCOKE ENERGY INC,2018-02-02,2018-01-31 07:02:10,2018-01-30,2018-01-31,2018-02-01,-0.13018483059828112,-4.202404376252864
dev,QS,QuantumScape Corporation Class A Common Stock,2023-02-17,2023-02-15 16:20:14,2023-02-15,2023-02-16,2023-02-17,-0.11298854890246346,-1.2320325671721
dev,WCC,Wesco International Inc.,2017-07-28,2017-07-27 06:05:18,2017-07-26,2017-07-27,2017-07-28,-0.11372734665041018,-4.670750625260034
dev,THO,"Thor Industries, Inc.",2018-06-08,2018-06-06 17:53:21,2018-06-06,2018-06-07,2018-06-08,0.030375235733128836,0.8231848782974652
dev,PSA,Public Storage,2023-11-03,2023-10-30 16:12:42,2023-10-30,2023-10-31,2023-11-01,-0.001234555712330332,-0.06738287309467486
dev,ASLE,AerSale Corporation Common Stock,2023-03-10,2023-03-06 16:05:21,2023-03-06,2023-03-07,2023-03-08,-0.1380860816499151,-6.713952972764974
dev,TMUS,"T-Mobile US, Inc. Common Stock",2020-08-14,2020-08-06 16:04:49,2020-08-06,2020-08-07,2020-08-10,0.07003761088119553,2.759196039011947
dev,KNSL,"Kinsale Capital Group, Inc.",2018-11-09,2018-11-01 16:20:58,2018-11-01,2018-11-02,2018-11-05,0.036824558895116155,1.6762080613694108
dev,META,"Meta Platforms, Inc. Class A Common Stock",2023-02-03,2023-02-01 21:22:15,2023-02-01,2023-02-02,2023-02-03,0.21439368814998327,5.23596882866822
dev,SLM,SLM Corporation Common Stock,2018-10-26,2018-10-22 17:17:00,2018-10-22,2018-10-23,2018-10-24,-0.037108833192041946,-2.373144624961485
dev,LUMN,"Lumen Technologies, Inc. Common Stock",2017-11-10,2017-11-08 21:29:42,2017-11-08,2017-11-09,2017-11-10,-0.043656586791885554,-1.2043109755079353
dev,MLKN,"MillerKnoll, Inc. Common Stock",2017-12-22,2017-12-20 16:10:26,2017-12-20,2017-12-21,2017-12-22,0.03972935418048906,2.0370648904204214
dev,ARCC,Ares Capital Corporation Common Stock,2018-02-16,2018-02-13 07:33:51,2018-02-12,2018-02-13,2018-02-14,0.01572883296795058,1.7080356572593565
dev,QNST,"QuinStreet, Inc. Common Stock",2020-05-08,2020-05-06 16:20:36,2020-05-06,2020-05-07,2020-05-08,0.0404111864470964,0.46759082499441523
dev,MRTN,"Marten Transport, Ltd. Common Stock",2020-10-23,2020-10-15 16:03:01,2020-10-15,2020-10-16,2020-10-19,-0.08999776754328914,-3.7841247025530564
dev,JKHY,"Jack Henry & Associates, Inc. Common Stock",2023-02-10,2023-02-07 16:07:36,2023-02-07,2023-02-08,2023-02-09,-0.05711281805173207,-3.3082245709794806
dev,MNST,Monster Beverage Corporation,2019-08-09,2019-08-07 16:24:43,2019-08-07,2019-08-08,2019-08-09,-0.031150427483035537,-1.4603871893467946
dev,SYNA,Synaptics Incorporated Common Stock $0.001 Par Value,2019-11-15,2019-11-07 16:16:07,2019-11-07,2019-11-08,2019-11-11,0.09254406788282399,2.060321800618935
dev,SKT,Tanger Inc.,2023-05-05,2023-04-27 20:12:51,2023-04-27,2023-04-28,2023-05-01,0.06814923879262835,2.7781326009754594
dev,CHWY,"Chewy, Inc.",2022-04-01,2022-03-29 16:04:29,2022-03-29,2022-03-30,2022-03-31,-0.17896572248839226,-2.2277909908330105
dev,EW,Edwards Lifesciences Corp,2020-10-23,2020-10-21 17:36:02,2020-10-21,2020-10-22,2020-10-23,-0.04694354554908964,-1.9518077443173318
dev,BWA,BorgWarner Inc.,2020-10-30,2020-10-29 07:27:15,2020-10-28,2020-10-29,2020-10-30,-0.045559515655059,-1.5132508483032714
dev,MCK,McKesson Corporation,2022-05-13,2022-05-05 16:09:13,2022-05-05,2022-05-06,2022-05-09,0.0734792556009427,3.6279879210653814
dev,URI,"United Rentals, Inc.",2019-01-25,2019-01-23 16:58:49,2019-01-23,2019-01-24,2019-01-25,0.08764084428438834,1.888558614289613
dev,UVSP,Univest Financial Corporation Common Stock,2017-04-28,2017-04-27 14:36:25,2017-04-26,2017-04-27,2017-04-28,0.026937536870203616,1.3951374630768765
dev,CACI,CACI INTERNATIONAL CLA,2017-02-03,2017-02-01 21:38:04,2017-02-01,2017-02-02,2017-02-03,0.04895677911573526,2.1879033097310394
dev,GT,The Goodyear Tire & Rubber Company Common Stock,2019-02-15,2019-02-08 07:56:31,2019-02-07,2019-02-08,2019-02-11,-0.09424699456201513,-2.6865437518940074
dev,HQY,"HealthEquity, Inc. Common Stock",2018-03-23,2018-03-19 16:17:28,2018-03-19,2018-03-20,2018-03-21,0.13136496053014102,3.9882800431632597
dev,OGS,"ONE GAS, INC.",2017-02-24,2017-02-22 17:19:45,2017-02-22,2017-02-23,2017-02-24,0.02850593238933019,1.5105044729093036
dev,BAH,Booz Allen Hamilton Holding Corporation,2018-06-01,2018-05-29 06:46:59,2018-05-25,2018-05-29,2018-05-30,0.07619425213929154,5.280332340237534
dev,ARVN,"Arvinas, Inc. Common Stock",2021-05-07,2021-05-04 16:02:00,2021-05-04,2021-05-05,2021-05-06,-0.07977183496715212,-1.69733192886458
dev,ALLY,Ally Financial Inc.,2017-04-28,2017-04-27 08:00:45,2017-04-26,2017-04-27,2017-04-28,-0.05816134988731725,-2.36129273340727
dev,MX,Magnachip Semiconductor Corp.,2017-02-17,2017-02-09 21:18:03,2017-02-09,2017-02-10,2017-02-13,-0.09451388080103473,-2.151337861133005
dev,BKH,Black Hills Corporation,2017-02-03,2017-02-01 18:15:11,2017-02-01,2017-02-02,2017-02-03,-0.004420625024150748,-0.21775642851005064
dev,TWI,"Titan International, Inc.(Delaware)",2022-08-05,2022-08-01 17:01:35,2022-08-01,2022-08-02,2022-08-03,-0.14685046072750685,-1.9104048244519558
dev,UNFI,United Natural Foods Inc,2020-05-15,2020-05-12 20:41:51,2020-05-12,2020-05-13,2020-05-14,0.17096531736602716,1.2683519288264158
dev,WRB,W.R. Berkley Corporation,2022-07-29,2022-07-21 16:14:58,2022-07-21,2022-07-22,2022-07-25,-0.0018908453721673268,-0.07945498092841577
dev,AVY,Avery Dennison Corp.,2018-02-02,2018-01-31 11:45:37,2018-01-30,2018-01-31,2018-02-01,0.02571265976182624,1.8300204522704195
dev,KMX,CarMax Inc.,2022-04-15,2022-04-12 06:55:03,2022-04-11,2022-04-12,2022-04-13,-0.10637424589167666,-3.1020922958851767
dev,NOVT,Novanta Inc. Common Stock,2023-11-10,2023-11-07 08:00:10,2023-11-06,2023-11-07,2023-11-08,-0.11315619747260108,-3.937248843376462
dev,APOG,"Apogee Enterprises, Inc. Common Stock",2022-09-23,2022-09-19 18:15:12,2022-09-19,2022-09-20,2022-09-21,0.05981885596730119,2.296756486965208
dev,PRI,"PRIMERICA, INC.",2019-02-15,2019-02-07 19:05:19,2019-02-07,2019-02-08,2019-02-11,0.010589478765201443,0.33903457167425294
dev,VSH,"Vishay Intertechnology, Inc.",2020-08-07,2020-08-04 07:27:56,2020-08-03,2020-08-04,2020-08-05,0.04954012664144236,1.021412680416703
dev,LZB,La-Z-Boy Incorporated,2018-08-24,2018-08-21 16:19:58,2018-08-21,2018-08-22,2018-08-23,0.015248051885603742,0.6008983747553354
dev,LDOS,"Leidos Holdings, Inc.",2023-11-03,2023-10-31 10:11:52,2023-10-30,2023-10-31,2023-11-01,0.08528151537579665,6.237587056468367
dev,TWLO,Twilio Inc.,2019-08-02,2019-07-31 20:19:24,2019-07-31,2019-08-01,2019-08-02,-0.022835726169100456,-0.6090226794009052
dev,PMVP,"PMV Pharmaceuticals, Inc. Common Stock",2021-11-19,2021-11-12 12:15:53,2021-11-11,2021-11-12,2021-11-15,-0.0036637176337206423,-0.0696300457340784
dev,A,Agilent Technologies Inc.,2018-02-16,2018-02-14 16:27:02,2018-02-14,2018-02-15,2018-02-16,0.0196915567040723,0.9387525888617277
dev,CWEN,"Clearway Energy, Inc. Class C Common Stock",2020-05-08,2020-05-07 10:05:29,2020-05-06,2020-05-07,2020-05-08,0.03018256300650113,0.4464101043841627
dev,STT,State Street Corporation,2020-01-24,2020-01-17 07:26:02,2020-01-16,2020-01-17,2020-01-21,0.00083314510766197,0.047138792898733885
dev,ALG,"Alamo Group, Inc.",2022-03-04,2022-02-24 16:25:32,2022-02-24,2022-02-25,2022-02-28,0.013555911493059236,0.5550614204887855
dev,JPM,JPMorgan Chase & Co.,2020-01-17,2020-01-14 11:46:00,2020-01-13,2020-01-14,2020-01-15,-0.004221900687313429,-0.34678252512032237
dev,BFS,"Saul Centers, Inc.",2020-03-06,2020-02-27 16:32:46,2020-02-27,2020-02-28,2020-03-02,-0.0800910495178273,-3.1292229073532205
dev,XIFR,"XPLR Infrastructure, LP",2017-07-28,2017-07-26 07:31:51,2017-07-25,2017-07-26,2017-07-27,0.019129290181847503,1.052929341020204
dev,CNNE,"Cannae Holdings, Inc. Common Stock",2021-05-14,2021-05-10 20:02:54,2021-05-10,2021-05-11,2021-05-12,-0.00738075042562103,-0.2636730888669147
dev,XNCR,"Xencor, Inc. Common Stock",2021-08-06,2021-08-04 16:04:01,2021-08-04,2021-08-05,2021-08-06,-0.002863536781984477,-0.10529887045874402
dev,DHI,D.R. Horton Inc.,2021-01-29,2021-01-26 11:26:58,2021-01-25,2021-01-26,2021-01-27,-0.028926764350228673,-0.7165745150151468
dev,NSSC,"NAPCO Security Technologies, Inc. Common Stock",2023-11-10,2023-11-06 16:00:17,2023-11-06,2023-11-07,2023-11-08,0.11238786615753282,1.1547526581608276
dev,JRVR,"James River Group Holdings, Inc. Common Stock",2022-03-04,2022-02-28 16:23:18,2022-02-28,2022-03-01,2022-03-02,-0.23196311873054398,-8.317418469791635
dev,CCI,Crown Castle Inc.,2022-01-28,2022-01-26 16:20:54,2022-01-26,2022-01-27,2022-01-28,0.0015835694798220779,0.06908401647467712
dev,IBP,"INSTALLED BUILDING PRODUCTS, INC.",2021-11-05,2021-11-04 07:00:58,2021-11-03,2021-11-04,2021-11-05,-0.004894081129160455,-0.1792615578638966
dev,COLB,"Columbia Banking System, Inc. Common Stock",2021-08-06,2021-07-29 16:28:07,2021-07-29,2021-07-30,2021-08-02,0.014112909156696718,0.48799041783602753
dev,MERC,Mercer International Inc. Common Stock,2023-05-12,2023-05-04 16:38:40,2023-05-04,2023-05-05,2023-05-08,-0.054145223747138926,-1.8958978119112933
dev,GDOT,Green Dot Corporation,2022-11-11,2022-11-09 16:23:30,2022-11-09,2022-11-10,2022-11-11,0.009063677597264785,0.23226618890324774
dev,ADT,ADT Inc.,2023-05-05,2023-05-02 11:24:27,2023-05-01,2023-05-02,2023-05-03,-0.18907887594637063,-7.778173337433112
dev,RDNT,"RadNet, Inc. Common Stock",2019-03-22,2019-03-15 16:00:55,2019-03-15,2019-03-18,2019-03-19,-0.07100560344861184,-1.643245240860921
dev,RL,Ralph Lauren Corporation,2021-02-05,2021-02-04 08:07:09,2021-02-03,2021-02-04,2021-02-05,0.01633942864044524,0.2975585619166961
dev,RL,Ralph Lauren Corporation,2020-05-29,2020-05-27 08:12:35,2020-05-26,2020-05-27,2020-05-28,-0.030035184784239055,-0.39054720138606913
dev,CTSH,Cognizant Technology Solutions Corporation Class A Common Stock,2021-02-05,2021-02-03 21:06:27,2021-02-03,2021-02-04,2021-02-05,-0.07615676982529751,-3.662235346111331
dev,PEGA,Pegasystems Inc. Common Stock,2018-06-08,2018-06-04 20:08:11,2018-06-04,2018-06-05,2018-06-06,0.03643526023748378,1.5489749192594517
dev,AMZN,"Amazon.com, Inc. Common Stock",2022-08-05,2022-07-28 20:09:30,2022-07-28,2022-07-29,2022-08-01,0.09556990324080039,2.050435017700101
dev,ATEN,A10 NETWORKS INC,2017-10-06,2017-09-28 16:19:10,2017-09-28,2017-09-29,2017-10-02,0.14252529469455277,3.0843683600124727
dev,OC,Owens Corning,2023-02-17,2023-02-15 06:04:18,2023-02-14,2023-02-15,2023-02-16,-0.006101217610140375,-0.22016129275667834
dev,BX,Blackstone Inc.,2022-01-28,2022-01-27 06:55:36,2022-01-26,2022-01-27,2022-01-28,0.09513709908282686,2.6935100306103346
dev,VLY,Valley National Bancorp Common Stock,2023-10-27,2023-10-26 13:58:16,2023-10-25,2023-10-26,2023-10-27,0.01764695396006799,0.6299937471289696
dev,SLP,"Simulations Plus, Inc. Common Stock",2022-04-08,2022-04-06 17:06:56,2022-04-06,2022-04-07,2022-04-08,0.02267680797842897,0.583718402181504
dev,TCMD,"Tactile Systems Technology, Inc. Common Stock",2020-05-08,2020-05-04 07:07:54,2020-05-01,2020-05-04,2020-05-05,-0.021399842462040852,-0.2886427919195952
dev,PDM,"Piedmont Realty Trust, Inc.",2019-08-02,2019-07-31 16:45:47,2019-07-31,2019-08-01,2019-08-02,-0.009973036447848749,-0.7412343232509054
dev,SIG,Signet Jewelers Limited,2018-06-08,2018-06-06 07:00:25,2018-06-05,2018-06-06,2018-06-07,0.21278899101139537,4.559418499490101
dev,DINO,HF Sinclair Corporation,2022-08-12,2022-08-08 06:33:06,2022-08-05,2022-08-08,2022-08-09,0.06996084453464246,1.5993694346248553
dev,SM,SM Energy Company,2019-04-26,2019-04-17 16:47:40,2019-04-17,2019-04-18,2019-04-22,0.052524393021256,1.0027336013443553
dev,INGN,"Inogen, Inc Common Stock",2018-03-02,2018-02-27 16:06:34,2018-02-27,2018-02-28,2018-03-01,-0.06744542312301616,-2.705992167805389
dev,BSX,Boston Scientific Corp.,2020-05-01,2020-04-29 06:37:28,2020-04-28,2020-04-29,2020-04-30,0.025839988928597846,0.4291419584892761
dev,CVI,"CVR ENERGY, INC.",2022-05-06,2022-05-02 17:17:12,2022-05-02,2022-05-03,2022-05-04,0.25070873913573055,4.058836118968355
dev,MED,"Medifast, Inc.",2023-02-24,2023-02-21 16:15:10,2023-02-21,2023-02-22,2023-02-23,0.02616463739102004,0.6829738950203276
dev,ABBV,ABBVIE INC.,2022-04-29,2022-04-21 21:12:34,2022-04-21,2022-04-22,2022-04-25,0.007859012853372094,0.4116092749600165
dev,AXGN,"Axogen, Inc. Common Stock",2022-02-25,2022-02-22 16:40:03,2022-02-22,2022-02-23,2022-02-24,0.2350758667313605,3.464075963548425
dev,PLUS,ePlus inc. Common Stock,2020-11-13,2020-11-09 22:03:24,2020-11-09,2020-11-10,2020-11-11,0.032650041392872975,1.1774479390130803
dev,DOV,Dover Corporation,2018-04-20,2018-04-16 06:55:32,2018-04-13,2018-04-16,2018-04-17,-0.017422984861798607,-0.7134252815500374
dev,AOSL,Alpha and Omega Semiconductor Limited Common Shares,2022-08-12,2022-08-10 16:09:07,2022-08-10,2022-08-11,2022-08-12,0.13065774193688262,2.0903303364006494
dev,TREE,"LendingTree, Inc. Common Stock",2019-11-01,2019-10-30 16:18:26,2019-10-30,2019-10-31,2019-11-01,0.18047121938000732,6.223074193509282
dev,MPAA,"Motorcar Parts  of America, Inc. Common Stock",2017-08-11,2017-08-09 07:58:34,2017-08-08,2017-08-09,2017-08-10,0.06282185740749324,3.0669096749824707
dev,ZS,"Zscaler, Inc. Common Stock",2020-06-05,2020-05-28 16:07:12,2020-05-28,2020-05-29,2020-06-01,0.4430582737721427,7.1469869371912935
dev,LCII,LCI Industries,2017-08-11,2017-08-04 08:20:22,2017-08-03,2017-08-04,2017-08-07,-0.04427013306839289,-2.1416383034231066
dev,PZZA,"Papa John's International, Inc. Common Stock",2020-05-08,2020-05-06 07:00:41,2020-05-05,2020-05-06,2020-05-07,0.05566271166387993,0.5574190881586414
dev,HQY,"HealthEquity, Inc. Common Stock",2019-03-22,2019-03-18 16:20:55,2019-03-18,2019-03-19,2019-03-20,-0.03581830432323829,-0.8316049895003044
dev,BR,Broadridge Financial Solutions Inc,2018-08-10,2018-08-07 12:28:47,2018-08-06,2018-08-07,2018-08-08,0.1113305145825998,7.556244656249132
dev,ONTO,Onto Innovation Inc.,2022-11-04,2022-10-27 16:09:32,2022-10-27,2022-10-28,2022-10-31,0.010661556327886013,0.22161781768453329
dev,CENTA,Central Garden & Pet Company Class A Common Stock Nonvoting,2021-11-26,2021-11-22 16:16:43,2021-11-22,2021-11-23,2021-11-24,-0.06835586762893053,-3.037255827291882
dev,KAI,Kadant Inc.,2018-11-02,2018-10-29 20:37:34,2018-10-29,2018-10-30,2018-10-31,0.014677001485259966,0.6810773507927331
dev,TTD,"The Trade Desk, Inc. Class A Common Stock",2020-05-15,2020-05-07 20:06:05,2020-05-07,2020-05-08,2020-05-11,-0.0704357960879699,-0.6763765439816556
dev,SR,Spire Inc.,2018-02-02,2018-02-01 07:45:39,2018-01-31,2018-02-01,2018-02-02,-0.005202617345871796,-0.34415122865169306
dev,DOC,"Healthpeak Properties, Inc.",2019-02-15,2019-02-13 16:23:15,2019-02-13,2019-02-14,2019-02-15,0.006749673564362624,0.2878582907409792
dev,CMI,Cummins Inc.,2018-08-03,2018-07-31 07:42:06,2018-07-30,2018-07-31,2018-08-01,0.01474528032990352,0.9351561975659592
dev,AGIO,"Agios Pharmaceuticals, Inc. Common Stock",2018-11-02,2018-11-01 07:45:05,2018-10-31,2018-11-01,2018-11-02,0.1116818128424979,2.372438363576612
dev,NTAP,"NetApp, Inc. Common Stock",2019-08-09,2019-08-01 20:05:29,2019-08-01,2019-08-02,2019-08-05,-0.18031524332337334,-6.838733193937779
dev,WK,Workiva Inc.,2019-05-03,2019-05-01 16:17:31,2019-05-01,2019-05-02,2019-05-03,0.038912234515033894,1.3999034598751532
dev,EHC,Encompass Health Corporation Common Stock,2021-10-29,2021-10-27 16:25:35,2021-10-27,2021-10-28,2021-10-29,-0.043416238201624435,-2.3667024225996394
dev,BJRI,"BJ's Restaurants, Inc. Common Stock",2017-03-03,2017-02-23 16:03:14,2017-02-23,2017-02-24,2017-02-27,0.04337783847803678,1.752669188204847
dev,SSD,"Simpson Manufacturing Co., Inc.",2020-02-07,2020-02-03 16:28:54,2020-02-03,2020-02-04,2020-02-05,0.0024686110506049186,0.17465083603922274
dev,NNI,"Nelnet, Inc. Class A",2021-05-14,2021-05-10 16:17:03,2021-05-10,2021-05-11,2021-05-12,0.00047741231449627275,0.021909732063004263
dev,HTH,HILLTOP HOLDINGS INC.,2020-08-07,2020-07-30 23:35:27,2020-07-30,2020-07-31,2020-08-03,-0.025339669738863257,-0.4168690474388615
dev,HLT,Hilton Worldwide Holdings Inc.,2022-05-06,2022-05-03 06:02:29,2022-05-02,2022-05-03,2022-05-04,-0.060996412189964766,-1.6874422333051962
dev,BCRX,"BioCryst Pharmaceuticals, Inc. Common Stock",2023-08-04,2023-08-03 07:04:08,2023-08-02,2023-08-03,2023-08-04,0.10089987931977318,2.7109075817137462
dev,URI,"United Rentals, Inc.",2021-04-30,2021-04-28 16:41:49,2021-04-28,2021-04-29,2021-04-30,-0.014829354287111074,-0.4588320720283544
dev,ADNT,Adient plc Ordinary Shares,2021-08-06,2021-08-05 07:00:42,2021-08-04,2021-08-05,2021-08-06,-0.038165610576585296,-0.8493229822495757
dev,PWR,"Quanta Services, Inc.",2021-11-05,2021-11-04 06:58:57,2021-11-03,2021-11-04,2021-11-05,-0.0030157844330389594,-0.09827049924453593
dev,UHS,"Universal Health Services, Inc. Class B",2018-04-27,2018-04-25 16:20:35,2018-04-25,2018-04-26,2018-04-27,-0.07429031241799866,-3.327437510584194
dev,CRL,"Charles River Laboratories International, Inc.",2020-05-08,2020-05-07 11:32:43,2020-05-06,2020-05-07,2020-05-08,0.08191318428334626,1.0732023333581409
dev,NRIX,"Nurix Therapeutics, Inc. Common stock",2023-07-21,2023-07-13 16:18:23,2023-07-13,2023-07-14,2023-07-17,-0.024672553141222964,-0.4321906391415993
dev,ALT,"Altimmune, Inc. Common Stock",2020-07-24,2020-07-16 20:38:59,2020-07-16,2020-07-17,2020-07-20,0.24069725045700974,1.6643749410049127
dev,LSTR,"Landstar System, Inc. Common Stock",2020-04-24,2020-04-22 16:35:22,2020-04-22,2020-04-23,2020-04-24,0.026193147697461727,0.4310422885654722
dev,PPL,PPL Corporation,2020-11-06,2020-11-05 08:10:52,2020-11-04,2020-11-05,2020-11-06,-0.029819571164825254,-1.4241807201959522
dev,FOXF,Fox Factory Holding Corp. Common Stock,2022-08-12,2022-08-05 10:27:19,2022-08-04,2022-08-05,2022-08-08,0.1353748062045087,2.894183497017562
dev,IBP,"INSTALLED BUILDING PRODUCTS, INC.",2021-05-14,2021-05-07 07:30:34,2021-05-06,2021-05-07,2021-05-10,-0.06503965699224379,-1.5549267091840797
dev,DX,"Dynex Capital, Inc.",2023-07-28,2023-07-24 12:14:22,2023-07-21,2023-07-24,2023-07-25,0.051612951684435915,2.2326569300653474
dev,IP,International Paper Co.,2022-01-28,2022-01-27 12:29:44,2022-01-26,2022-01-27,2022-01-28,-0.022388360547898944,-1.1788316209624476
dev,DECK,Deckers Outdoor Corp,2022-05-27,2022-05-19 16:06:28,2022-05-19,2022-05-20,2022-05-23,0.07503409152893692,1.485746105197078
dev,BX,Blackstone Inc.,2017-10-20,2017-10-19 06:56:04,2017-10-18,2017-10-19,2017-10-20,0.023484184141728814,1.773090084162416
dev,VLO,Valero Energy Corporation,2020-10-23,2020-10-22 08:17:29,2020-10-21,2020-10-22,2020-10-23,0.02648683251716122,0.6628239566762385
dev,SBCF,Seacoast Banking Corporation of Florida Common Stock,2017-11-03,2017-10-31 16:37:14,2017-10-31,2017-11-01,2017-11-02,0.006387813937055453,0.2620618091886668
dev,EE,"Excelerate Energy, Inc.",2023-11-10,2023-11-08 17:16:07,2023-11-08,2023-11-09,2023-11-10,0.14669255848684215,4.612658101005354
dev,MATX,"Matsons, Inc.",2021-02-26,2021-02-23 16:05:48,2021-02-23,2021-02-24,2021-02-25,-0.03873409648791459,-1.1207386036911438
dev,ORLY,"O'Reilly Automotive, Inc. Common Stock",2020-02-07,2020-02-05 16:31:18,2020-02-05,2020-02-06,2020-02-07,-0.0733497520580253,-5.656596815342972
dev,FWRD,Forward Air Corporation Common Stock,2019-04-26,2019-04-24 16:07:17,2019-04-24,2019-04-25,2019-04-26,-0.06344852803160039,-2.605643497987412
dev,ACHC,"Acadia Healthcare Company, Inc. Common Stock",2018-02-23,2018-02-21 16:28:22,2018-02-21,2018-02-22,2018-02-23,0.04668576989273765,1.7273041601091683
dev,VSXY,Victorias Secret & Co.,2023-09-01,2023-08-30 20:18:40,2023-08-30,2023-08-31,2023-09-01,0.10384410507047659,2.2102386604650777
dev,T,AT&T Inc.,2023-07-28,2023-07-26 06:35:49,2023-07-25,2023-07-26,2023-07-27,-0.013312274368230903,-0.4691495017241539
dev,ANIK,Anika Therapeutics Inc. Common Stock,2018-07-27,2018-07-25 16:06:31,2018-07-25,2018-07-26,2018-07-27,0.1880395042273234,2.130007611445827
dev,ELV,"Elevance Health, Inc.",2017-07-28,2017-07-26 06:05:05,2017-07-25,2017-07-26,2017-07-27,-0.03641152414272575,-3.02790095224215
dev,SBSI,"Southside Bancshares, Inc.",2017-05-05,2017-04-27 17:49:10,2017-04-27,2017-04-28,2017-05-01,0.018280371890566416,0.8615694632876244
dev,WRB,W.R. Berkley Corporation,2018-07-27,2018-07-24 16:10:37,2018-07-24,2018-07-25,2018-07-26,0.018289689240287066,1.4838473670452315
dev,VEEV,Veeva Systems Inc.,2023-11-10,2023-11-09 11:50:01,2023-11-08,2023-11-09,2023-11-10,-0.15732572620469154,-5.853092059504861
dev,CPK,Chesapeake Utilities,2021-08-06,2021-08-04 17:04:05,2021-08-04,2021-08-05,2021-08-06,0.019789553547004735,1.0439616775990979
dev,SPWH,"Sportsman's Warehouse Holdings, Inc. Common Stock",2023-04-14,2023-04-12 16:10:34,2023-04-12,2023-04-13,2023-04-14,-0.14678270170376262,-3.799674160952675
dev,FN,Fabrinet,2023-05-12,2023-05-08 16:23:07,2023-05-08,2023-05-09,2023-05-10,-0.01279307571123911,-0.4639133688732995
dev,FLYW,Flywire Corporation Voting Common Stock,2022-11-11,2022-11-08 16:49:09,2022-11-08,2022-11-09,2022-11-10,0.18512688348224038,3.7692963550012815
dev,PANW,"Palo Alto Networks, Inc. Common Stock",2020-02-28,2020-02-24 21:20:48,2020-02-24,2020-02-25,2020-02-26,-0.1676810254777653,-6.447480899410081
dev,ABOS,"Acumen Pharmaceuticals, Inc. Common Stock",2023-08-11,2023-08-08 07:33:02,2023-08-07,2023-08-08,2023-08-09,-0.02041545728006755,-0.15533690783223414
dev,ENTA,"Enanta Pharmaceuticals, Inc. Common Stock",2023-05-12,2023-05-08 16:06:14,2023-05-08,2023-05-09,2023-05-10,-0.22806747399431737,-6.548209854988259
dev,SSB,SouthState Bank Corporation,2022-05-06,2022-04-28 16:19:55,2022-04-28,2022-04-29,2022-05-02,0.029858832267948943,0.9390461336376922
dev,HY,"Hyster-Yale, Inc.",2021-05-07,2021-05-04 17:01:54,2021-05-04,2021-05-05,2021-05-06,-0.07095326500102606,-1.6692494465827543
dev,BCC,Boise Cascade Company,2023-05-12,2023-05-04 16:19:43,2023-05-04,2023-05-05,2023-05-08,0.06268826229454438,2.0478904903631405
dev,NVDA,NVIDIA Corporation Common Stock,2018-02-16,2018-02-08 16:23:23,2018-02-08,2018-02-09,2018-02-12,0.01899121886529609,0.5272926084827749
dev,MUR,Murphy Oil Corp.,2022-05-06,2022-05-04 06:14:21,2022-05-03,2022-05-04,2022-05-05,-0.037199421912051944,-0.868588673927772
dev,VLO,Valero Energy Corporation,2022-07-29,2022-07-28 08:23:09,2022-07-27,2022-07-28,2022-07-29,-0.033911014422320473,-0.6822475077078556
dev,TNL,Travel + Leisure Co.,2023-02-24,2023-02-22 06:31:47,2023-02-21,2023-02-22,2023-02-23,0.033469340542698234,1.1442238638812137
dev,JCI,Johnson Controls International plc,2019-05-03,2019-05-01 06:55:38,2019-04-30,2019-05-01,2019-05-02,0.048995819369829,4.1266440837151155
dev,BRKR,Bruker Corporation Common Stock,2022-08-05,2022-08-03 16:21:53,2022-08-03,2022-08-04,2022-08-05,-0.08314142924005652,-2.334561505437541
dev,TNET,"TRINET GROUP, INC.",2022-07-29,2022-07-26 16:22:05,2022-07-26,2022-07-27,2022-07-28,0.005131339145124869,0.1751189628591641
dev,POOL,Pool Corporation Common Stock,2017-07-21,2017-07-20 09:54:52,2017-07-19,2017-07-20,2017-07-21,-0.10151978972327691,-6.344959905231235
dev,SBCF,Seacoast Banking Corporation of Florida Common Stock,2020-10-30,2020-10-27 16:35:52,2020-10-27,2020-10-28,2020-10-29,0.028760265275038943,0.9018548975502194
dev,WSO,"Watsco, Inc.",2018-04-27,2018-04-24 07:30:55,2018-04-23,2018-04-24,2018-04-25,-0.08917723934004618,-4.517122566255142
dev,VAC,MARRIOTT VACATIONS WORLDWIDE CORPORATION,2022-08-12,2022-08-08 16:20:41,2022-08-08,2022-08-09,2022-08-10,0.018938850837141086,0.4240142587084704
dev,KEYS,"Keysight Technologies, Inc.",2023-05-19,2023-05-16 16:07:34,2023-05-16,2023-05-17,2023-05-18,0.05454486792640445,1.842856817177765
dev,MLTX,MoonLake Immunotherapeutics Class A Ordinary Shares,2023-08-11,2023-08-10 08:15:59,2023-08-09,2023-08-10,2023-08-11,0.035430466291658136,0.23401202022843223
dev,PRKS,United Parks & Resorts Inc.,2019-05-10,2019-05-07 06:47:52,2019-05-06,2019-05-07,2019-05-08,0.0549697449416624,1.5186985752900402
dev,ADTN,"ADTRAN Holdings, Inc. Common Stock",2019-01-25,2019-01-24 06:22:58,2019-01-23,2019-01-24,2019-01-25,0.13467700360649726,4.11872818374413
dev,MCFT,"MasterCraft Boat Holdings, Inc. Common Stock",2020-02-07,2020-02-05 07:35:25,2020-02-04,2020-02-05,2020-02-06,0.1017768955200018,3.1120650774475362
dev,ESNT,Essent Group LTD,2022-11-11,2022-11-04 06:57:01,2022-11-03,2022-11-04,2022-11-07,-0.014711876998026563,-0.5364452692542789
dev,VERI,"Veritone, Inc. Common Stock",2022-08-12,2022-08-09 16:21:34,2022-08-09,2022-08-10,2022-08-11,-0.19806594429517366,-2.543632135471214
dev,STC,Stewart Information Services Corporation,2021-04-23,2021-04-21 16:58:20,2021-04-21,2021-04-22,2021-04-23,0.01826950828686802,0.593230072116868
dev,HRTX,"Heron Therapeutics, Inc. Common Stock",2018-03-02,2018-02-27 16:22:40,2018-02-27,2018-02-28,2018-03-01,-0.03467682494584745,-0.7579203300645093
dev,V,VISA Inc.,2019-04-26,2019-04-24 16:04:01,2019-04-24,2019-04-25,2019-04-26,0.004756314027415387,0.36723548986123844
dev,ESS,"Essex Property Trust, Inc",2018-02-09,2018-02-07 17:11:12,2018-02-07,2018-02-08,2018-02-09,0.06862144557584371,4.299751591983302
dev,SSTK,"SHUTTERSTOCK, INC.",2019-11-08,2019-11-05 12:03:51,2019-11-04,2019-11-05,2019-11-06,-0.011676438659697252,-0.3909796401887583
dev,RS,"Reliance, Inc.",2018-04-27,2018-04-26 06:55:13,2018-04-25,2018-04-26,2018-04-27,-0.008047488343623233,-0.2606213444248129
dev,SSTK,"SHUTTERSTOCK, INC.",2023-08-04,2023-08-01 11:04:54,2023-07-31,2023-08-01,2023-08-02,-0.14974631025481366,-3.9709287691640616
dev,TDC,TERADATA CORPORATION,2022-11-11,2022-11-07 16:11:53,2022-11-07,2022-11-08,2022-11-09,0.010003793535545258,0.3731431256109988
dev,TGT,Target Corporation,2018-05-25,2018-05-23 06:45:33,2018-05-22,2018-05-23,2018-05-24,-0.06102905508685075,-2.794886288251892
dev,ALB,Albemarle Corporation,2023-05-05,2023-05-03 16:25:28,2023-05-03,2023-05-04,2023-05-05,0.0279450798823333,0.6079085790508221
dev,PRIM,Primoris Services Corporation,2021-08-06,2021-08-03 18:08:22,2021-08-03,2021-08-04,2021-08-05,-0.09409891696590533,-2.9975307082352503
dev,EXPE,"Expedia Group, Inc. Common Stock",2023-02-17,2023-02-09 21:03:30,2023-02-09,2023-02-10,2023-02-13,-0.06811905777759686,-1.9528837240386656
dev,SAIC,Science Applications International Corporation Common Stock,2020-09-04,2020-09-02 16:13:23,2020-09-02,2020-09-03,2020-09-04,0.010107813651570763,0.32913889636312615
dev,SPG,"Simon Property Group, Inc.",2021-08-06,2021-08-02 17:01:44,2021-08-02,2021-08-03,2021-08-04,0.015739267992672223,0.5303940256840377
dev,CC,The Chemours Company,2023-08-04,2023-07-27 21:01:50,2023-07-27,2023-07-28,2023-07-31,-0.03737701354199496,-0.7014610116254673
dev,WABC,Westamerica Bancorporation Common Stock,2019-04-26,2019-04-18 11:51:15,2019-04-17,2019-04-18,2019-04-22,-0.017640466720056036,-1.0174931679810595
dev,SPCE,"Virgin Galactic Holdings, Inc.",2023-03-03,2023-02-28 16:22:34,2023-02-28,2023-03-01,2023-03-02,-0.1084455822219077,-1.4277854493534372
dev,DOC,"Healthpeak Properties, Inc.",2018-05-04,2018-05-03 08:03:48,2018-05-02,2018-05-03,2018-05-04,0.005387071667782406,0.2432886642089026
dev,AAPL,Apple Inc. Common Stock,2018-02-09,2018-02-01 21:30:17,2018-02-01,2018-02-02,2018-02-05,-0.005007906041152199,-0.35980828157884687
dev,FAST,Fastenal Company Common Stock,2020-01-24,2020-01-17 08:30:35,2020-01-16,2020-01-17,2020-01-21,-0.041321869313245996,-2.6256209871746754
dev,PRK,Park National Corporation,2017-04-28,2017-04-21 20:15:50,2017-04-21,2017-04-24,2017-04-25,0.005174541532686705,0.24637986345900373
dev,EAF,GrafTech International Ltd.,2022-08-12,2022-08-05 06:48:37,2022-08-04,2022-08-05,2022-08-08,-0.12746055825189795,-3.2180706644158756
dev,PII,Polaris Inc.,2020-01-31,2020-01-28 06:01:12,2020-01-27,2020-01-28,2020-01-29,0.02955707429900123,1.318425667166455
dev,AHRT,"AH Realty Trust, Inc.",2022-02-11,2022-02-09 19:36:05,2022-02-09,2022-02-10,2022-02-11,0.03087174819008076,1.2818423366774097
dev,HSY,The Hershey Company,2019-10-25,2019-10-24 11:10:58,2019-10-23,2019-10-24,2019-10-25,-0.048597495999514906,-3.0525594800132674
dev,AIRG,"Airgain, Inc. Common Stock",2021-02-26,2021-02-18 21:11:35,2021-02-18,2021-02-19,2021-02-22,0.020794758271916014,0.24105796496534493
dev,ZD,"Ziff Davis, Inc. Common Stock",2018-08-17,2018-08-09 19:12:51,2018-08-09,2018-08-10,2018-08-13,-0.054635352940537674,-3.545550792311143
dev,ARWR,"Arrowhead Pharmaceuticals, Inc. Common Stock",2021-05-07,2021-05-04 16:05:43,2021-05-04,2021-05-05,2021-05-06,-0.020646292269831612,-0.41976273542736364
dev,ATR,"AptarGroup, Inc.",2022-11-04,2022-10-27 17:02:09,2022-10-27,2022-10-28,2022-10-31,-0.015746354362306647,-0.6881656508635209
dev,ARW,"Arrow Electronics, Inc.",2018-05-04,2018-05-03 08:02:49,2018-05-02,2018-05-03,2018-05-04,-0.024337914280764816,-0.963512512845082
dev,AXP,American Express Company,2023-10-27,2023-10-20 07:01:53,2023-10-19,2023-10-20,2023-10-23,-0.019627535747052005,-1.2293185841110947
dev,KIM,Kimco Realty Corp.,2023-02-10,2023-02-09 06:52:50,2023-02-08,2023-02-09,2023-02-10,-0.015780836238643903,-0.6578535366496684
dev,TRU,TransUnion,2020-05-01,2020-04-28 06:49:08,2020-04-27,2020-04-28,2020-04-29,0.059863805104765744,0.8825293762284668
dev,ZD,"Ziff Davis, Inc. Common Stock",2023-02-17,2023-02-15 20:45:16,2023-02-15,2023-02-16,2023-02-17,-0.05270394749944096,-2.1214601755008946
dev,GDDY,GoDaddy Inc,2017-02-03,2017-01-27 11:02:47,2017-01-26,2017-01-27,2017-01-30,0.010917392885161137,0.3904157682848216
dev,CDNS,"Cadence Design Systems, Inc. Common Stock",2022-07-29,2022-07-25 20:06:05,2022-07-25,2022-07-26,2022-07-27,0.03961869850206434,0.9426284150346114
dev,RIG,Transocean LTD.,2018-02-23,2018-02-20 16:20:34,2018-02-20,2018-02-21,2018-02-22,0.0340588087959407,0.8967825217630542
dev,TSLA,"Tesla, Inc. Common Stock",2022-01-28,2022-01-26 16:26:43,2022-01-26,2022-01-27,2022-01-28,-0.11689576571815552,-1.9450015352061831
dev,HFWA,Heritage Financial Corporation Common Stock,2020-10-30,2020-10-22 17:05:15,2020-10-22,2020-10-23,2020-10-26,0.008906538921587104,0.2732454679229474
dev,R,"Ryder System, Inc.",2018-11-02,2018-10-26 14:10:38,2018-10-25,2018-10-26,2018-10-29,-0.07897708412669013,-3.716578878163111
dev,CG,The Carlyle Group Inc. Common Stock,2022-02-04,2022-02-02 18:42:23,2022-02-02,2022-02-03,2022-02-04,-0.05561565591749007,-1.6456289488857472
dev,GLP,Global Partners LP,2023-03-03,2023-02-27 08:05:28,2023-02-24,2023-02-27,2023-02-28,0.012789897095605962,0.35286405467900445
dev,DLB,"Dolby Laboratories, Inc.Class A",2022-08-12,2022-08-09 20:15:37,2022-08-09,2022-08-10,2022-08-11,0.030082847368416044,1.331533651177963
dev,CHRS,"Coherus Oncology, Inc. Common Stock",2018-01-12,2018-01-05 16:02:57,2018-01-05,2018-01-08,2018-01-09,-0.0081651782805785,-0.12084934016358087
dev,VOYA,"VOYA FINANCIAL, INC.",2023-05-05,2023-05-02 16:17:56,2023-05-02,2023-05-03,2023-05-04,-0.08250966061367626,-2.6083399807463747
dev,HELE,Helen of Troy Limited Common Stock,2020-01-17,2020-01-14 17:42:59,2020-01-14,2020-01-15,2020-01-16,-0.006178720012875782,-0.3235889181097347
dev,BEEM,Beam Global Common Stock,2022-05-27,2022-05-24 21:55:00,2022-05-24,2022-05-25,2022-05-26,0.10024659397687463,1.0479264985308676
dev,EAF,GrafTech International Ltd.,2020-11-06,2020-11-03 06:47:23,2020-11-02,2020-11-03,2020-11-04,-0.13408728763625433,-3.0189011234160974
dev,CLB,Core Laboratories Inc.,2023-07-28,2023-07-26 20:32:59,2023-07-26,2023-07-27,2023-07-28,0.04894674229102436,0.85957219896661
dev,MWA,"Mueller Water Products, Inc.",2020-05-08,2020-05-04 19:44:56,2020-05-04,2020-05-05,2020-05-06,-0.07220457900674782,-0.9279548279839993
dev,SMG,The Scotts Miracle-Gro Company,2022-05-06,2022-05-03 11:47:41,2022-05-02,2022-05-03,2022-05-04,0.06420369344711974,1.430197343660336
dev,XPEL,"XPEL, Inc. Common Stock",2021-05-14,2021-05-10 11:30:28,2021-05-07,2021-05-10,2021-05-11,0.1262159047936705,1.9658062762104695
dev,WD,"Walker & Dunlop, Inc.",2018-08-03,2018-08-01 06:03:27,2018-07-31,2018-08-01,2018-08-02,-0.07324139430339771,-3.5665971375369674
dev,RPD,"Rapid7, Inc. Common Stock",2017-05-12,2017-05-09 16:15:04,2017-05-09,2017-05-10,2017-05-11,0.019407060147203836,0.5812087517326128
dev,PIPR,Piper Sandler Companies,2017-04-28,2017-04-27 08:02:09,2017-04-26,2017-04-27,2017-04-28,0.04149780883256171,1.6237411061747014
dev,CBIO,"Crescent Biopharma, Inc. Common Stock",2018-03-09,2018-03-06 08:30:24,2018-03-05,2018-03-06,2018-03-07,-0.20771516101619858,-3.5120913694382874
dev,TILE,"Interface, Inc. Common Stock",2020-05-15,2020-05-08 07:13:11,2020-05-07,2020-05-08,2020-05-11,-0.01710246275463656,-0.14586740876085563
dev,SLB,SLB Limited,2021-07-30,2021-07-23 07:01:32,2021-07-22,2021-07-23,2021-07-26,0.0401425140704228,0.9837516552451521
dev,FMC,FMC Corporation,2022-05-06,2022-05-02 17:00:28,2022-05-02,2022-05-03,2022-05-04,-0.10538636270341561,-4.3128688562093815
dev,BBW,"Build-A-Bear Workshop, Inc.",2023-05-26,2023-05-25 07:00:16,2023-05-24,2023-05-25,2023-05-26,-0.09805563203348155,-1.8382361015961701
dev,NHI,National Health Investors,2017-05-12,2017-05-08 19:09:46,2017-05-08,2017-05-09,2017-05-10,0.023929897968961944,1.861632788377042
dev,AZO,"AutoZone, Inc.",2020-12-11,2020-12-08 06:55:14,2020-12-07,2020-12-08,2020-12-09,-0.011262276697457052,-0.6167206723221427
dev,JBL,Jabil Inc.,2022-12-16,2022-12-15 08:08:56,2022-12-14,2022-12-15,2022-12-16,-0.012646450843939117,-0.43657942567945934
dev,SWK,"Stanley Black & Decker, Inc.",2023-05-05,2023-05-04 06:29:14,2023-05-03,2023-05-04,2023-05-05,-0.023671927351962774,-0.7184563898973106
dev,ROST,"Ross Stores, Inc. Common Stock",2020-08-28,2020-08-20 20:13:00,2020-08-20,2020-08-21,2020-08-24,0.007615737957147761,0.21182275106438014
dev,UNM,Unum Group,2018-10-26,2018-10-24 16:38:03,2018-10-24,2018-10-25,2018-10-26,0.02269367933930222,0.7587138981445675
dev,NLY,Annaly Capital Management. Inc.,2023-10-27,2023-10-25 16:17:26,2023-10-25,2023-10-26,2023-10-27,-0.005867905509388871,-0.2674249354758493
dev,YEXT,"Yext, Inc.",2019-09-06,2019-08-29 16:20:16,2019-08-29,2019-08-30,2019-09-03,-0.09733683180240815,-2.940736142618836
dev,AGNC,AGNC Investment Corp. Common Stock,2020-01-31,2020-01-29 16:06:40,2020-01-29,2020-01-30,2020-01-31,0.015427600883994086,2.052262745845265
dev,CNA,CNA Financial Corporation,2023-08-04,2023-07-31 08:35:10,2023-07-28,2023-07-31,2023-08-01,-0.009669298227609202,-0.6018414602088501
dev,CDW,CDW Corporation Common Stock,2022-08-05,2022-08-03 11:06:27,2022-08-02,2022-08-03,2022-08-04,-0.01668828092077601,-0.5926659601402254
dev,OHI,Omega Healthcare Investors Inc.,2020-11-06,2020-10-29 20:51:32,2020-10-29,2020-10-30,2020-11-02,0.023917196126495233,0.8913404386279786
dev,JPM,JPMorgan Chase & Co.,2019-04-19,2019-04-12 10:46:08,2019-04-11,2019-04-12,2019-04-15,0.028899725217359507,1.944163910168283
dev,ALGT,Allegiant Travel Company Common Stock,2020-05-15,2020-05-12 16:04:16,2020-05-12,2020-05-13,2020-05-14,0.021520185648885914,0.17848048551290413
dev,ERIE,Erie Indemnity Company Class A Common Stock,2023-11-03,2023-10-26 16:20:27,2023-10-26,2023-10-27,2023-10-30,-0.05415221856619301,-2.7971794686622777
dev,ONEW,OneWater Marine Inc. Class A Common Stock,2022-05-06,2022-05-05 11:10:32,2022-05-04,2022-05-05,2022-05-06,0.0640139976423485,1.2063997599326348
dev,CHH,Choice Hotels Intnl.,2022-05-13,2022-05-10 08:25:29,2022-05-09,2022-05-10,2022-05-11,0.03156019144903055,0.9742644984878099
dev,MU,"Micron Technology, Inc. Common Stock",2019-06-28,2019-06-25 16:01:09,2019-06-25,2019-06-26,2019-06-27,0.1622114843460829,5.05547135012816
dev,GTN,"Gray Media, Inc.",2020-05-08,2020-05-07 07:55:13,2020-05-06,2020-05-07,2020-05-08,0.10897996163473955,0.8712557545596954
dev,MLAB,"Mesa Laboratories, Inc. Common Stock",2021-02-05,2021-02-03 08:00:20,2021-02-02,2021-02-03,2021-02-04,-0.0036431064863626794,-0.14826419680202324
dev,UNM,Unum Group,2022-08-05,2022-08-02 16:30:54,2022-08-02,2022-08-03,2022-08-04,0.10766417215755086,2.74553519003197
dev,WTI,"W&T Offshore, Inc.",2018-08-03,2018-08-01 17:47:38,2018-08-01,2018-08-02,2018-08-03,0.052160910545108186,0.8662295145282698
dev,NABL,"N-able, Inc.",2022-08-12,2022-08-11 07:12:25,2022-08-10,2022-08-11,2022-08-12,-0.03824009281008767,-0.841125463653405
dev,MANH,"Manhattan Associates, Inc. Common Stock",2022-10-28,2022-10-25 16:06:14,2022-10-25,2022-10-26,2022-10-27,-0.09765381897065284,-3.4842813230073046
dev,AUPH,Aurinia Pharmaceuticals Inc Ordinary Shares,2021-11-05,2021-11-02 18:02:02,2021-11-02,2021-11-03,2021-11-04,-0.013981732794740687,-0.17494078799583623
dev,TTEK,"Tetra Tech, Inc. Common Stock",2022-05-06,2022-05-04 17:18:54,2022-05-04,2022-05-05,2022-05-06,-0.04555266885710629,-1.532020188102408
dev,SCHL,Scholastic Corporation Common Stock,2020-10-02,2020-09-24 20:01:22,2020-09-24,2020-09-25,2020-09-28,0.009835535405882334,0.3257261959531474
dev,HOPE,"Hope Bancorp, Inc. Common Stock",2022-07-22,2022-07-19 16:25:32,2022-07-19,2022-07-20,2022-07-21,-0.0157805107926432,-0.626325084918173
dev,BAND,Bandwidth Inc. Class A Common Stock,2022-08-05,2022-08-03 16:10:24,2022-08-03,2022-08-04,2022-08-05,-0.18178249627649423,-2.0217630336203203
dev,WU,The Western Union Company,2019-11-08,2019-10-31 16:10:11,2019-10-31,2019-11-01,2019-11-04,0.048212394922296786,2.9528518106358943
dev,PSMT,"PriceSmart, Inc. Common Stock",2021-07-16,2021-07-08 16:34:35,2021-07-08,2021-07-09,2021-07-12,0.006139812044425597,0.3008878617779012
dev,TISI,"Team, Inc.",2020-03-20,2020-03-12 21:22:11,2020-03-12,2020-03-13,2020-03-16,0.03473734411442475,0.7040325180295555
dev,AX,"Axos Financial, Inc. Common Stock",2019-11-01,2019-10-29 19:56:38,2019-10-29,2019-10-30,2019-10-31,-0.05467388123165284,-1.745805804642949
dev,SIGA,SIGA Technologies Inc. Common Stock,2023-08-11,2023-08-08 16:05:20,2023-08-08,2023-08-09,2023-08-10,-0.08382021952008645,-1.7656799274798074
dev,GLP,Global Partners LP,2023-11-10,2023-11-09 07:10:35,2023-11-08,2023-11-09,2023-11-10,0.024818155919321683,0.6227161368432168
dev,NWPX,"NWPX Infrastructure, Inc. Common Stock",2022-05-06,2022-05-04 20:26:01,2022-05-04,2022-05-05,2022-05-06,0.08747575671995833,3.1214448169595226
dev,PFGC,Performance Food Group Company,2023-11-10,2023-11-08 07:00:09,2023-11-07,2023-11-08,2023-11-09,0.0012843431472138178,0.04739470808468637
dev,WABC,Westamerica Bancorporation Common Stock,2022-01-21,2022-01-20 12:09:08,2022-01-19,2022-01-20,2022-01-21,0.023894682000151435,1.0426120330770083
dev,SWBI,"Smith & Wesson Brands, Inc. Common Stock",2018-09-07,2018-08-30 16:06:01,2018-08-30,2018-08-31,2018-09-04,0.48237091526187614,19.73773432744385
dev,MXL,"MaxLinear, Inc. Common Stock",2023-07-28,2023-07-26 16:20:26,2023-07-26,2023-07-27,2023-07-28,-0.16285026802294067,-3.6462760028746506
dev,SWX,"Southwest Gas Holdings, Inc.",2018-05-11,2018-05-07 17:05:44,2018-05-07,2018-05-08,2018-05-09,-0.031054049269229722,-1.4278650563950481
dev,BLMN,"Bloomin' Brands, Inc. Common Stock",2021-04-09,2021-04-06 11:43:53,2021-04-05,2021-04-06,2021-04-07,0.042728104035728576,0.9989303715231975
dev,AVT,"Avnet, Inc. Common Stock",2019-05-03,2019-04-25 20:06:40,2019-04-25,2019-04-26,2019-04-29,0.03698292039207929,2.0737129229763083
dev,KEX,Kirby Corporation,2023-02-03,2023-01-31 11:15:42,2023-01-30,2023-01-31,2023-02-01,0.08608072120197297,2.9093999461264106
dev,COHU,"Cohu, Inc. Common Stock",2018-05-11,2018-05-08 11:30:43,2018-05-07,2018-05-08,2018-05-09,-0.03502812226641905,-0.7886878790527637
dev,KHC,The Kraft Heinz Company,2018-02-23,2018-02-16 07:07:20,2018-02-15,2018-02-16,2018-02-20,-0.04987503688923889,-3.470515448589151
dev,HCSG,"Healthcare Services Group, Inc. Common Stock",2021-07-23,2021-07-21 07:05:38,2021-07-20,2021-07-21,2021-07-22,-0.13445668235893682,-6.681550609752509
dev,PEN,"Penumbra, Inc.",2017-05-12,2017-05-09 16:15:26,2017-05-09,2017-05-10,2017-05-11,0.06466121405935299,2.016652535728046
dev,UGI,UGI Corporation,2022-11-25,2022-11-18 08:01:58,2022-11-17,2022-11-18,2022-11-21,0.11404173867168077,4.266253439283815
dev,PTC,PTC Inc. Common Stock,2018-07-20,2018-07-18 20:02:23,2018-07-18,2018-07-19,2018-07-20,-0.015243930830606378,-0.7106368392537797
dev,AMD,"Advanced Micro Devices, Inc. Common Stock",2023-05-05,2023-05-02 16:17:31,2023-05-02,2023-05-03,2023-05-04,-0.022822249377731474,-0.6586112167964189
dev,CPB,The Campbell's Company Common Stock,2021-12-10,2021-12-08 12:25:32,2021-12-07,2021-12-08,2021-12-09,0.030017950743960742,1.9134834065111763
dev,PCTY,Paylocity Holding Corporation Common Stock,2021-02-12,2021-02-04 16:06:02,2021-02-04,2021-02-05,2021-02-08,-0.036875883869478376,-0.9838285588121347
dev,NGVC,"NATURAL GROCERS BY VITAMIN COTTAGE, INC",2021-02-12,2021-02-04 16:11:24,2021-02-04,2021-02-05,2021-02-08,-0.013641301923593696,-0.23959893308884297
dev,IRM,Iron Mountain Inc.,2021-11-05,2021-11-04 10:11:21,2021-11-03,2021-11-04,2021-11-05,-0.020217935884119687,-1.1380502222527558
dev,DCH,Dauch Corporation,2022-08-12,2022-08-05 08:01:06,2022-08-04,2022-08-05,2022-08-08,0.1475658706065609,2.336650437149154
dev,BSM,"Black Stone Minerals, L.P.",2020-11-06,2020-11-02 23:29:49,2020-11-02,2020-11-03,2020-11-04,-0.029504040577942092,-0.9284582340155949
dev,ETR,Entergy Corporation,2019-11-01,2019-10-30 10:03:34,2019-10-29,2019-10-30,2019-10-31,0.019770814591020924,1.7496559144307615
dev,SEIC,SEI Investments Company Common Stock,2023-07-28,2023-07-26 16:19:14,2023-07-26,2023-07-27,2023-07-28,-0.017420535984866703,-1.2304173346525022
dev,LXU,LSB INDUSTRIES INC,2021-07-30,2021-07-28 16:16:00,2021-07-28,2021-07-29,2021-07-30,0.10210004170951914,0.9837701636388666
dev,DV,"DoubleVerify Holdings, Inc.",2023-08-04,2023-07-31 16:17:25,2023-07-31,2023-08-01,2023-08-02,-0.1699680226895064,-5.710875367626855
dev,IP,International Paper Co.,2018-07-27,2018-07-26 11:20:12,2018-07-25,2018-07-26,2018-07-27,-0.00972066970977259,-0.5102657126242941
dev,GEF,"Greif, Inc.",2019-09-06,2019-09-03 15:30:20,2019-08-30,2019-09-03,2019-09-04,-0.02246198442814662,-0.5457105784475625
dev,CMS,CMS Energy Corporation,2021-07-30,2021-07-29 08:16:09,2021-07-28,2021-07-29,2021-07-30,-0.006820997393429784,-0.4305186554994592
dev,HLNE,Hamilton Lane Incorporated Class A Common Stock,2019-02-08,2019-02-05 06:58:59,2019-02-04,2019-02-05,2019-02-06,0.11691861851050955,3.8745954295596654
dev,VMI,"Valmont Industries, Inc.",2018-04-20,2018-04-18 19:39:36,2018-04-18,2018-04-19,2018-04-20,0.009903366276329928,0.4684642251202597
dev,RCL,Royal Caribbean Group,2017-01-27,2017-01-26 08:18:59,2017-01-25,2017-01-26,2017-01-27,0.08106258768662622,3.156549021404494
dev,AMPH,"Amphastar Pharmaceuticals, Inc. Common Stock",2017-05-12,2017-05-08 16:25:51,2017-05-08,2017-05-09,2017-05-10,0.010608506889054903,0.1725922854746016
dev,BMY,Bristol-Myers Squibb Co.,2022-04-22,2022-04-18 20:30:40,2022-04-18,2022-04-19,2022-04-20,-0.008459128267203742,-0.5981682761123857
dev,UVV,Universal Corporation,2019-11-15,2019-11-12 12:00:53,2019-11-11,2019-11-12,2019-11-13,-0.11285911025185436,-6.037846072851599
dev,ASH,Ashland Inc.,2021-11-12,2021-11-09 17:03:43,2021-11-09,2021-11-10,2021-11-11,0.02731627378313317,1.3699768061143214
dev,SOFI,"SoFi Technologies, Inc. Common Stock",2022-11-04,2022-11-01 07:06:33,2022-10-31,2022-11-01,2022-11-02,-0.029478341640744476,-0.5020863521930733
dev,RICK,"RCI Hospitality Holdings, Inc. Common Stock",2021-07-16,2021-07-08 16:38:42,2021-07-08,2021-07-09,2021-07-12,0.049638737119492404,0.9926226183604132
dev,VRNS,"Varonis Systems, Inc. Common Stock",2018-11-02,2018-10-29 16:10:18,2018-10-29,2018-10-30,2018-10-31,-0.019124334487031103,-0.5741641369031284
dev,MSTR,Strategy Inc Common Stock Class A,2019-11-08,2019-10-31 20:39:10,2019-10-31,2019-11-01,2019-11-04,-0.011376744767874314,-0.5857192524940599
dev,SCSC,"ScanSource, Inc. Common Stock",2018-02-09,2018-02-06 16:07:44,2018-02-06,2018-02-07,2018-02-08,0.06956451749621084,2.924853201711715
dev,PRU,"Prudential Financial, Inc.",2023-11-03,2023-11-01 16:22:46,2023-11-01,2023-11-02,2023-11-03,0.002473789082483746,0.14221713905205274
dev,CLVT,Clarivate Plc,2022-08-12,2022-08-09 06:08:30,2022-08-08,2022-08-09,2022-08-10,-0.09164185565768035,-2.1846959590164428
dev,IIIN,"Insteel Industries, Inc.",2018-07-20,2018-07-19 06:30:38,2018-07-18,2018-07-19,2018-07-20,0.23600665726805026,10.34337813590206
dev,BBY,"Best Buy Company, Inc.",2019-08-30,2019-08-29 07:01:02,2019-08-28,2019-08-29,2019-08-30,-0.08993940529735145,-2.548446799690356
dev,ON,ON Semiconductor Corporation Common Stock,2017-11-10,2017-11-06 06:07:03,2017-11-03,2017-11-06,2017-11-07,-0.0028202516869699767,-0.13958687003649392
dev,CNK,"Cinemark Holdings, Inc.",2019-08-09,2019-08-02 06:45:10,2019-08-01,2019-08-02,2019-08-05,0.043560461725579924,2.2533992961143414
dev,VCEL,Vericel Corporation Common Stock,2021-01-15,2021-01-11 07:30:29,2021-01-08,2021-01-11,2021-01-12,0.040915327751880004,0.8848130878932624
dev,CAKE,Cheesecake Factory Incorporated (The) Common Stock,2018-08-03,2018-07-31 16:19:51,2018-07-31,2018-08-01,2018-08-02,-0.1093194474574023,-4.588882466991637
dev,ADAM,"Adamas Trust, Inc. Common Stock",2018-11-09,2018-11-05 16:06:49,2018-11-05,2018-11-06,2018-11-07,-0.029171028918144937,-2.5371344549486445
dev,FRME,First Merchants Corporation Common Stock,2017-04-28,2017-04-27 09:34:16,2017-04-26,2017-04-27,2017-04-28,-0.01588079703009604,-0.7008376438827908
dev,AMKR,"Amkor Technology, Inc. Common Stock",2023-11-03,2023-10-30 16:09:27,2023-10-30,2023-10-31,2023-11-01,0.059393439203808684,1.5436803933875083
dev,ALNY,"Alnylam Pharmaceuticals, Inc. Common Stock",2021-02-12,2021-02-11 08:10:21,2021-02-10,2021-02-11,2021-02-12,-0.04457007097907317,-1.056696276723665
dev,META,"Meta Platforms, Inc. Class A Common Stock",2019-07-26,2019-07-24 20:27:15,2019-07-24,2019-07-25,2019-07-26,-0.02585282248075149,-1.023722766233848
dev,BWIN,"The Baldwin Insurance Group, Inc. Class A Common Stock",2022-11-11,2022-11-07 16:18:10,2022-11-07,2022-11-08,2022-11-09,0.002258129801787301,0.051266292599091164
dev,BDN,Brandywine Realty Trust,2021-10-29,2021-10-25 21:14:53,2021-10-25,2021-10-26,2021-10-27,-0.044832300763317234,-2.427038073809261
dev,RARE,Ultragenyx Pharmaceutical Inc. Common Stock,2023-01-13,2023-01-06 16:19:13,2023-01-06,2023-01-09,2023-01-10,-0.07522554167998097,-1.4730061945384405
dev,OLED,Universal Display Corporation Common Stock,2022-11-11,2022-11-03 16:12:01,2022-11-03,2022-11-04,2022-11-07,0.1329364046581898,3.4991150092694885
dev,JACK,Jack In The Box Inc. Common Stock,2017-02-24,2017-02-22 16:10:42,2017-02-22,2017-02-23,2017-02-24,-0.0860736307978961,-5.239287257858245
dev,EHC,Encompass Health Corporation Common Stock,2017-08-04,2017-07-31 16:24:12,2017-07-31,2017-08-01,2017-08-02,-0.004223104343256789,-0.25870378613366196
dev,NSP,"Insperity, Inc",2020-02-14,2020-02-11 16:39:48,2020-02-11,2020-02-12,2020-02-13,-0.1858947654449722,-10.533319591620065
dev,REG,Regency Centers Corporation Common Stock,2019-08-09,2019-08-02 09:25:52,2019-08-01,2019-08-02,2019-08-05,0.004986266866965905,0.3603983955300501
dev,UVE,"UNIVERSAL INSURANCE HLDG, INC.",2021-04-30,2021-04-28 16:26:42,2021-04-28,2021-04-29,2021-04-30,0.0038618065548939873,0.12636579374365658
dev,HSIC,"Henry Schein, Inc. Common Stock",2023-05-12,2023-05-09 06:36:15,2023-05-08,2023-05-09,2023-05-10,-0.04514052364436738,-2.0803729413437284
dev,MTN,"Vail Resorts, Inc.",2023-10-06,2023-09-28 16:06:33,2023-09-28,2023-09-29,2023-10-02,-0.12067745427006593,-7.113889408183477
dev,FIVN,"Five9, Inc. Common Stock",2020-05-08,2020-05-04 16:14:03,2020-05-04,2020-05-05,2020-05-06,0.09354003063154459,1.6151476023862066
dev,IHRT,"iHeartMedia, Inc. Class A Common Stock",2021-03-05,2021-02-25 16:10:08,2021-02-25,2021-02-26,2021-03-01,0.0836640348100921,2.7477210843452955
dev,VRNS,"Varonis Systems, Inc. Common Stock",2018-08-03,2018-07-30 16:10:18,2018-07-30,2018-07-31,2018-08-01,-0.1724807613546221,-5.304324237715673
dev,USLM,"United States Lime & Minerals, Inc. Common Stock",2023-08-04,2023-08-02 16:49:34,2023-08-02,2023-08-03,2023-08-04,0.04099433136549868,1.7157851832196434
dev,IONS,"Ionis Pharmaceuticals, Inc. Common Stock",2018-08-10,2018-08-07 12:06:44,2018-08-06,2018-08-07,2018-08-08,0.041241515045761235,1.22885193701339
dev,BEAM,Beam Therapeutics Inc. Common Stock,2023-05-12,2023-05-10 07:00:46,2023-05-09,2023-05-10,2023-05-11,0.016491651970105714,0.35167878661539986
dev,KAI,Kadant Inc.,2020-05-01,2020-04-29 20:58:12,2020-04-29,2020-04-30,2020-05-01,-0.026523415751085855,-0.32459984791297936
dev,MUSA,MURPHY USA INC.,2023-02-03,2023-02-01 16:31:37,2023-02-01,2023-02-02,2023-02-03,-0.06563262303994455,-2.945137038492117
dev,OCUL,"Ocular Therapeutix, Inc. Common Stock",2020-03-06,2020-03-03 08:50:34,2020-03-02,2020-03-03,2020-03-04,0.5281547674087219,8.951452747450224
dev,CCI,Crown Castle Inc.,2018-01-26,2018-01-24 16:22:04,2018-01-24,2018-01-25,2018-01-26,-0.0027063723024665087,-0.15884296397541092
dev,CRVL,CorVel Corp. Common Stock,2022-05-27,2022-05-25 20:00:27,2022-05-25,2022-05-26,2022-05-27,-0.02857733915257743,-0.9073618934168066
dev,PFE,Pfizer Inc.,2018-11-02,2018-10-30 08:38:31,2018-10-29,2018-10-30,2018-10-31,-0.030599087673808034,-1.8166411384052252
dev,AMSF,"AMERISAFE, Inc. Common Stock",2019-11-08,2019-10-31 20:41:03,2019-10-31,2019-11-01,2019-11-04,0.0885999703185183,5.902924687316638
dev,FIVN,"Five9, Inc. Common Stock",2022-08-05,2022-07-28 16:10:50,2022-07-28,2022-07-29,2022-08-01,0.07780602437969808,1.2789811683508496
dev,EYE,"National Vision Holdings, Inc. Common Stock",2021-08-13,2021-08-12 08:51:25,2021-08-11,2021-08-12,2021-08-13,-0.01253060467153122,-0.6269013397618973
dev,CAPR,"Capricor Therapeutics, Inc. Common Stock",2021-03-19,2021-03-11 16:01:13,2021-03-11,2021-03-12,2021-03-15,-0.06905528333733235,-0.6433383864252009
dev,VC,Visteon Corporation Common Stock,2022-04-29,2022-04-28 07:01:13,2022-04-27,2022-04-28,2022-04-29,0.13064314401669908,2.2810430277763576
dev,SXT,Sensient Technology Corporation,2018-07-27,2018-07-20 07:06:32,2018-07-19,2018-07-20,2018-07-23,-0.07747787385524596,-5.8898822380600855
dev,COLD,"Americold Realty Trust, Inc.",2020-05-15,2020-05-07 16:06:45,2020-05-07,2020-05-08,2020-05-11,0.11686291234841373,1.642375506364926
dev,SYF,SYNCHRONY FINANCIAL,2020-04-24,2020-04-21 06:30:22,2020-04-20,2020-04-21,2020-04-22,0.03889815540830621,0.3762681362467945
dev,OGN,Organon & Co.,2023-08-11,2023-08-08 07:58:21,2023-08-07,2023-08-08,2023-08-09,0.07361092322518614,3.473234367134323
dev,MTRN,Materion Corporation,2018-10-26,2018-10-25 08:02:10,2018-10-24,2018-10-25,2018-10-26,0.14980205703533933,7.247357450549764
dev,PLD,"PROLOGIS, INC.",2022-01-21,2022-01-19 08:06:01,2022-01-18,2022-01-19,2022-01-20,0.026020307428152978,1.5326739456456278
dev,DFIN,"Donnelley Financial Solutions, Inc.",2021-05-07,2021-05-05 07:02:44,2021-05-04,2021-05-05,2021-05-06,-0.17274894969430676,-4.168458791971199
dev,CNX,CNX Resources Corporation,2021-01-29,2021-01-28 06:48:55,2021-01-27,2021-01-28,2021-01-29,0.03135423501290224,0.5468434405761096
dev,LEN,Lennar Corporation Class A,2018-04-06,2018-04-04 10:03:12,2018-04-03,2018-04-04,2018-04-05,0.10247175054728563,3.9438176631166315
dev,PSMT,"PriceSmart, Inc. Common Stock",2022-01-14,2022-01-06 16:12:22,2022-01-06,2022-01-07,2022-01-10,0.014171325417582481,0.510103289691427
dev,BLFS,"BioLife Solutions, Inc. Common Stock",2020-11-13,2020-11-05 16:06:49,2020-11-05,2020-11-06,2020-11-09,0.009985916097709158,0.20878501651096298
dev,DAL,"Delta Air Lines, Inc.",2017-04-14,2017-04-12 07:00:11,2017-04-11,2017-04-12,2017-04-13,-0.01711354480759919,-0.8262829709142117
dev,CLH,"Clean Harbors, Inc",2017-08-04,2017-08-02 12:25:32,2017-08-01,2017-08-02,2017-08-03,-0.059162893738874955,-3.6530364489053753
dev,VAC,MARRIOTT VACATIONS WORLDWIDE CORPORATION,2021-05-07,2021-05-05 16:20:18,2021-05-05,2021-05-06,2021-05-07,0.002732317231462389,0.0937680096601129
dev,CAG,"Conagra Brands, Inc.",2021-07-16,2021-07-13 07:30:43,2021-07-12,2021-07-13,2021-07-14,-0.05473062881836377,-4.2999997555289715
dev,FLO,"Flowers Foods, Inc.",2019-11-08,2019-11-07 06:32:10,2019-11-06,2019-11-07,2019-11-08,-0.030484162225090206,-2.392276304812442
dev,AOS,A.O. Smith Corporation,2021-10-29,2021-10-28 06:57:26,2021-10-27,2021-10-28,2021-10-29,0.13061223569007185,7.119721399523861
dev,PNC,PNC Financial Services Group,2019-04-19,2019-04-12 10:57:15,2019-04-11,2019-04-12,2019-04-15,0.019456387618586035,1.0829738007409342
dev,GRC,The Gorman-Rupp Company Common Shares,2022-04-29,2022-04-27 07:15:56,2022-04-26,2022-04-27,2022-04-28,-0.02385606640844995,-0.7770739295545332
dev,NEM,Newmont Corporation,2023-10-27,2023-10-26 07:00:37,2023-10-25,2023-10-26,2023-10-27,0.07640745860001197,3.2290907011470953
dev,CXW,"CoreCivic, Inc.",2020-06-19,2020-06-17 12:15:40,2020-06-16,2020-06-17,2020-06-18,-0.18292075196205337,-2.1964457935806916
dev,POST,"POST HOLDINGS, INC.",2019-05-10,2019-05-02 17:05:23,2019-05-02,2019-05-03,2019-05-06,-0.03263819696091208,-2.1234727056836133
dev,FCNCA,"First Citizens BancShares, Inc. Class A Common Stock",2021-01-29,2021-01-26 16:30:03,2021-01-26,2021-01-27,2021-01-28,0.009375306865970878,0.2305609776895225
dev,RNR,RenaissanceRe Holdings Ltd.,2019-07-26,2019-07-23 16:38:43,2019-07-23,2019-07-24,2019-07-25,0.030643812658363245,1.9479207997863712
dev,NHI,National Health Investors,2021-02-26,2021-02-22 16:50:06,2021-02-22,2021-02-23,2021-02-24,0.0036448722248179077,0.1735224840747239
dev,AMBA,"Ambarella, Inc. Ordinary Shares",2020-06-05,2020-06-02 16:23:04,2020-06-02,2020-06-03,2020-06-04,-0.12105566219252684,-1.6284590475208265
dev,AIR,AAR Corp.,2022-07-22,2022-07-21 08:13:04,2022-07-20,2022-07-21,2022-07-22,-0.0825719685259938,-2.284485772940041
dev,HIG,"The Hartford Insurance Group, Inc.",2019-08-09,2019-08-01 16:17:06,2019-08-01,2019-08-02,2019-08-05,0.031152595057941324,2.541844882841758
dev,ARCT,Arcturus Therapeutics Holdings Inc. Common Stock,2023-08-11,2023-08-07 16:23:22,2023-08-07,2023-08-08,2023-08-09,-0.09667919354380383,-1.7192582848536277
dev,IIPR,"Innovative Industrial Properties, Inc. Common stock",2023-11-03,2023-11-02 07:00:32,2023-11-01,2023-11-02,2023-11-03,0.08181496335936278,2.789245217719219
dev,ADPT,Adaptive Biotechnologies Corporation Common Stock,2022-02-18,2022-02-15 21:16:05,2022-02-15,2022-02-16,2022-02-17,-0.007656010920379042,-0.10870078370438621
dev,CCI,Crown Castle Inc.,2023-04-21,2023-04-19 16:17:55,2023-04-19,2023-04-20,2023-04-21,-0.052063259778730164,-2.1683159702030155
dev,DLB,"Dolby Laboratories, Inc.Class A",2022-11-25,2022-11-17 21:15:26,2022-11-17,2022-11-18,2022-11-21,-0.022684194487368692,-0.9607121142392544
dev,ABCB,Ameris Bancorp,2019-10-25,2019-10-18 07:03:15,2019-10-17,2019-10-18,2019-10-21,0.006284101465982905,0.22634351821878065
dev,MTRX,Matrix Service Company Common Stock,2017-02-10,2017-02-08 16:44:15,2017-02-08,2017-02-09,2017-02-10,-0.16510200440135603,-6.019105869422557
dev,CRM,"Salesforce, Inc.",2018-03-02,2018-02-28 16:09:39,2018-02-28,2018-03-01,2018-03-02,0.05741641308344825,2.7384401481365113
dev,VAL,Valaris Limited,2017-07-14,2017-07-11 17:35:20,2017-07-11,2017-07-12,2017-07-13,0.006153812452345697,0.12746587945097715
dev,NRG,"NRG Energy, Inc.",2023-02-17,2023-02-16 06:40:17,2023-02-15,2023-02-16,2023-02-17,-0.028658616001801418,-0.7778675552503658
dev,EMN,Eastman Chemical Company,2023-05-05,2023-04-27 16:21:14,2023-04-27,2023-04-28,2023-05-01,0.016712048443071392,0.6465875206931898
dev,RLI,RLI Corp.,2021-04-23,2021-04-21 16:24:26,2021-04-21,2021-04-22,2021-04-23,-0.027034676301598948,-1.2210825889544097
dev,NVT,nVent Electric plc Ordinary Shares,2020-05-01,2020-04-29 06:47:42,2020-04-28,2020-04-29,2020-04-30,-0.040568791508186375,-0.4504609672545337
dev,AMPL,"Amplitude, Inc. Class A Common Stock",2023-08-11,2023-08-08 16:07:00,2023-08-08,2023-08-09,2023-08-10,0.03998387192187036,0.9633501621302564
dev,NVCR,NovoCure Limited Ordinary Shares,2022-01-14,2022-01-10 07:05:07,2022-01-07,2022-01-10,2022-01-11,0.024204823408389586,0.42047111038831464
dev,MDLZ,"Mondelez International, Inc. Class A Common Stock",2023-02-03,2023-01-31 16:34:02,2023-01-31,2023-02-01,2023-02-02,-0.006804702797947426,-0.4425787021009939
dev,AROC,Archrock Inc,2022-08-05,2022-08-02 19:22:54,2022-08-02,2022-08-03,2022-08-04,-0.11109085565705135,-2.949802284368189
dev,CHGG,"CHEGG, INC.",2017-11-03,2017-10-30 16:10:16,2017-10-30,2017-10-31,2017-11-01,-0.1063952291700676,-3.827771972723317
dev,NVR,"NVR, Inc.",2020-10-23,2020-10-20 13:16:13,2020-10-19,2020-10-20,2020-10-21,-0.003033771189784207,-0.1015455692563498
dev,TCBK,TriCo Bancshares Common Stock,2021-01-29,2021-01-26 19:44:26,2021-01-26,2021-01-27,2021-01-28,0.008069358034541452,0.17584226118301635
dev,FLO,"Flowers Foods, Inc.",2017-05-19,2017-05-18 06:01:57,2017-05-17,2017-05-18,2017-05-19,-0.05565159928171215,-4.445206570625246
dev,ETSY,"Etsy, Inc.",2018-03-02,2018-02-27 21:08:17,2018-02-27,2018-02-28,2018-03-01,0.22827438501983166,6.759781405970212
dev,HTO,H2O America Common Stock,2022-07-29,2022-07-27 19:14:54,2022-07-27,2022-07-28,2022-07-29,-0.02095196885483186,-0.9596960727006655
dev,HLIO,"Helios Technologies, Inc.",2017-03-03,2017-02-27 22:27:41,2017-02-27,2017-02-28,2017-03-01,-0.043596446886957074,-2.168569438881911
dev,CVSA,Covista Inc.,2023-11-03,2023-10-26 16:11:37,2023-10-26,2023-10-27,2023-10-30,0.18313367723471963,8.100596649263524
dev,AXS,Axis Capital Holders Limited,2017-02-03,2017-02-01 17:44:29,2017-02-01,2017-02-02,2017-02-03,0.024890969799951534,2.237668653034135
dev,SVC,Service Properties Trust Common Shares of Beneficial Interest,2018-08-10,2018-08-09 07:09:32,2018-08-08,2018-08-09,2018-08-10,0.005489589601876066,0.4897274968865585
dev,KRYS,"Krystal Biotech, Inc. Common Stock",2022-05-13,2022-05-09 16:19:43,2022-05-09,2022-05-10,2022-05-11,0.006502806502306391,0.09811190868445266
dev,LOW,Lowe's Companies Inc.,2018-05-25,2018-05-23 09:43:04,2018-05-22,2018-05-23,2018-05-24,0.12436774597870781,4.467746121445484
dev,NTNX,"Nutanix, Inc. Class A Common Stock",2019-03-08,2019-02-28 16:09:39,2019-02-28,2019-03-01,2019-03-04,-0.33365863260802375,-7.336480723540356
dev,CF,"CF Industries Holding, Inc.",2017-08-04,2017-08-02 16:29:59,2017-08-02,2017-08-03,2017-08-04,0.12156466592986837,3.733976817324058
dev,DDOG,"Datadog, Inc. Class A Common Stock",2022-11-04,2022-11-03 07:06:21,2022-11-02,2022-11-03,2022-11-04,-0.05898191383724305,-1.1458700331746803
dev,BKNG,Booking Holdings Inc. Common Stock,2023-03-03,2023-02-23 16:03:09,2023-02-23,2023-02-24,2023-02-27,0.046352576845796745,1.9362802255855844
dev,STRO,"Sutro Biopharma, Inc. Common Stock",2022-03-04,2022-02-28 16:36:33,2022-02-28,2022-03-01,2022-03-02,-0.024179901822391936,-0.35891626792708053
dev,MDT,Medtronic plc,2017-11-10,2017-11-08 21:47:28,2017-11-08,2017-11-09,2017-11-10,0.02346674138503113,1.5849420283800213
dev,BMRN,BioMarin Pharmaceutical Inc. Common Stock,2021-05-07,2021-04-29 16:08:55,2021-04-29,2021-04-30,2021-05-03,-0.014275760051246977,-0.6335150999178474
dev,GMED,GLOBUS MEDICAL INC,2017-03-03,2017-02-27 16:47:33,2017-02-27,2017-02-28,2017-03-01,-0.030767787922927226,-1.6038040071650892
dev,MUR,Murphy Oil Corp.,2019-05-03,2019-05-02 07:34:42,2019-05-01,2019-05-02,2019-05-03,0.008238962230703528,0.24852780451063397
dev,PRKS,United Parks & Resorts Inc.,2019-03-01,2019-02-28 07:09:21,2019-02-27,2019-02-28,2019-03-01,0.06123724680837017,1.649590326346662
dev,RYN,Rayonier Inc.,2018-11-02,2018-10-31 16:26:58,2018-10-31,2018-11-01,2018-11-02,0.03695248187290945,2.166576687859579
dev,SLG,SL Green Realty Corp.,2023-10-20,2023-10-19 13:45:19,2023-10-18,2023-10-19,2023-10-20,-0.06748134934508399,-1.5921969423262279
dev,NWBI,"Northwest Bancshares, Inc. Common Stock",2017-07-28,2017-07-24 13:20:30,2017-07-21,2017-07-24,2017-07-25,0.048165856582999655,3.252247352126183
dev,DLTH,Duluth Holdings Inc. Class B Common Stock,2018-03-23,2018-03-20 09:11:53,2018-03-19,2018-03-20,2018-03-21,-0.044828329831453795,-1.4954405995304736
dev,GSBD,"Goldman Sachs BDC, Inc.",2023-11-10,2023-11-07 22:18:55,2023-11-07,2023-11-08,2023-11-09,0.011938780364606716,0.778047792940882
dev,NVAX,"Novavax, Inc. Common Stock",2020-05-15,2020-05-12 16:12:24,2020-05-12,2020-05-13,2020-05-14,-0.03290600429064772,-0.16170295625256859
dev,INTU,Intuit Inc. Common Stock,2020-05-15,2020-05-07 20:03:38,2020-05-07,2020-05-08,2020-05-11,0.007985008398493587,0.10786344005640065
dev,ATRA,"Atara Biotherapeutics, Inc. Common Stock",2020-05-08,2020-05-06 16:11:01,2020-05-06,2020-05-07,2020-05-08,0.16417637105603666,1.4316420920285087
dev,FULT,Fulton Financial Corporation Common Stock,2018-10-19,2018-10-16 16:37:18,2018-10-16,2018-10-17,2018-10-18,0.030665414961422832,1.737987599684243
dev,NOVT,Novanta Inc. Common Stock,2020-11-13,2020-11-10 07:50:26,2020-11-09,2020-11-10,2020-11-11,-0.029345095829763634,-1.0781674377671668
dev,XEL,Xcel Energy Inc. Common Stock,2017-10-27,2017-10-25 18:02:32,2017-10-25,2017-10-26,2017-10-27,-0.012496990629282556,-1.4177546187223538
dev,WHD,"Cactus, Inc.",2022-11-11,2022-11-07 06:55:05,2022-11-04,2022-11-07,2022-11-08,0.053301277573243766,1.0269562638028602
dev,CHE,Chemed Corporation,2022-04-29,2022-04-26 16:44:07,2022-04-26,2022-04-27,2022-04-28,0.009732923503541935,0.42711835870343823
dev,MGRC,McGrath RentCorp Common Stock,2019-11-01,2019-10-29 17:17:12,2019-10-29,2019-10-30,2019-10-31,0.07334658109113512,3.4192044069612426
dev,WM,"Waste Management, Inc.",2019-10-25,2019-10-23 08:11:52,2019-10-22,2019-10-23,2019-10-24,-0.0368131107530153,-2.3300333537051343
dev,FTDR,"frontdoor, inc. Common Stock",2020-05-08,2020-05-06 11:34:40,2020-05-05,2020-05-06,2020-05-07,0.049275225231776965,0.9470177621515038
dev,WTM,White Mountains Insurance Group Ltd.,2021-08-13,2021-08-06 08:29:11,2021-08-05,2021-08-06,2021-08-09,0.015740849364362042,1.1089319027810478
dev,TWI,"Titan International, Inc.(Delaware)",2017-08-04,2017-08-03 09:02:39,2017-08-02,2017-08-03,2017-08-04,-0.10322614763404248,-3.3424290747725274
dev,CPRI,Capri Holdings Limited,2018-02-09,2018-02-07 06:59:52,2018-02-06,2018-02-07,2018-02-08,-0.04071399361123362,-2.5899110821811484
dev,KSS,Kohls Corporation,2022-08-19,2022-08-18 07:01:16,2022-08-17,2022-08-18,2022-08-19,-0.10907000169572423,-1.5098722736355203
dev,CLX,Clorox Company,2022-11-04,2022-11-01 16:11:54,2022-11-01,2022-11-02,2022-11-03,-0.022441533447716266,-1.0414087798732874
dev,XHR,"Xenia Hotels & Resorts, Inc.",2022-05-06,2022-05-03 06:37:54,2022-05-02,2022-05-03,2022-05-04,-0.026560144929270058,-0.7908649275819756
dev,DIN,"Dine Brands Global, Inc.",2023-11-03,2023-11-01 07:15:52,2023-10-31,2023-11-01,2023-11-02,-0.12339562535247806,-4.210172574603509
dev,AMAT,"Applied Materials, Inc. Common Stock",2021-11-26,2021-11-18 21:03:57,2021-11-18,2021-11-19,2021-11-22,-0.06589330555462458,-2.31589966592587
dev,MTZ,"MasTec, Inc.",2022-07-29,2022-07-25 07:00:03,2022-07-22,2022-07-25,2022-07-26,-0.0006800339019582546,-0.018927522909187384
dev,IEX,IDEX Corporation,2019-05-03,2019-04-26 09:32:34,2019-04-25,2019-04-26,2019-04-29,0.020277443922401828,1.3188592748020942
dev,EME,"EMCOR Group, Inc.",2021-04-30,2021-04-29 12:21:25,2021-04-28,2021-04-29,2021-04-30,-0.006180377355193611,-0.24986661825481754
dev,EMN,Eastman Chemical Company,2020-05-08,2020-04-30 16:40:03,2020-04-30,2020-05-01,2020-05-04,0.02652951731277664,0.3541259983260106
dev,ENR,"Energizer Holdings, Inc",2021-05-14,2021-05-10 07:29:32,2021-05-07,2021-05-10,2021-05-11,0.0053290414624797,0.2183677495928775
dev,ANF,Abercrombie & Fitch Co.,2017-09-01,2017-08-25 16:33:23,2017-08-25,2017-08-28,2017-08-29,0.014173121102914799,0.2294528499503598
dev,LOGI,Logitech International S.A. Ordinary Shares,2018-08-03,2018-07-30 21:08:27,2018-07-30,2018-07-31,2018-08-01,-0.05331894621101718,-3.659319823483976
dev,IDCC,"InterDigital, Inc. Common Stock",2018-08-03,2018-08-02 12:43:11,2018-08-01,2018-08-02,2018-08-03,-0.022700227735936274,-1.5706462942256403
dev,CHRS,"Coherus Oncology, Inc. Common Stock",2019-03-08,2019-02-28 16:11:03,2019-02-28,2019-03-01,2019-03-04,0.04546271465727525,0.7428536106501722
dev,SMCI,"Super Micro Computer, Inc. Common Stock",2023-11-03,2023-11-01 16:23:05,2023-11-01,2023-11-02,2023-11-03,-0.017757728019006214,-0.2544476583728801
dev,TRMB,Trimble Inc. Common Stock,2020-08-07,2020-08-05 16:20:24,2020-08-05,2020-08-06,2020-08-07,0.0631359170617467,1.6938071178332164
dev,POWL,"Powell Industries, Inc. Common Stock",2023-02-03,2023-01-31 16:37:02,2023-01-31,2023-02-01,2023-02-02,0.11541698492731234,2.420738679786518
dev,EFSC,Enterprise Financial Services Corporation Common Stock,2021-07-30,2021-07-26 19:55:07,2021-07-26,2021-07-27,2021-07-28,0.03635065436136409,1.5167492907781803
dev,ACN,Accenture PLC,2018-06-29,2018-06-28 06:52:02,2018-06-27,2018-06-28,2018-06-29,0.0473798679482631,3.125234870980728
dev,CNR,"Core Natural Resources, Inc.",2022-02-11,2022-02-08 06:49:56,2022-02-07,2022-02-08,2022-02-09,0.18313183249144172,3.6102434040924094
dev,RLI,RLI Corp.,2022-10-21,2022-10-19 16:47:05,2022-10-19,2022-10-20,2022-10-21,0.06193159955098393,3.06075515365723
dev,ASUR,"Asure Software, Inc Common Stock",2023-05-12,2023-05-08 20:10:34,2023-05-08,2023-05-09,2023-05-10,0.025705299153161,0.4677125662155065
dev,UE,UBRAN EDGE PROPERTIES,2020-02-14,2020-02-12 17:18:35,2020-02-12,2020-02-13,2020-02-14,-0.008868806129955553,-0.49092630890483674
dev,PNC,PNC Financial Services Group,2021-04-23,2021-04-16 11:08:57,2021-04-15,2021-04-16,2021-04-19,0.018349475964794082,0.6906710733053619
dev,GIS,"General Mills, Inc.",2021-07-02,2021-06-30 11:07:19,2021-06-29,2021-06-30,2021-07-01,-0.0031009161074557756,-0.22152077198912326
dev,NWSA,News Corporation Class A Common Stock,2019-05-17,2019-05-09 20:24:04,2019-05-09,2019-05-10,2019-05-13,0.021697635873216936,1.492103506356606
dev,A,Agilent Technologies Inc.,2017-08-18,2017-08-15 16:12:29,2017-08-15,2017-08-16,2017-08-17,0.03866462615656152,2.6640863092207123
dev,CUBE,CubeSmart,2017-06-09,2017-06-05 08:01:41,2017-06-02,2017-06-05,2017-06-06,-0.01915783158105233,-1.1761089567872098
dev,TRN,"Trinity Industries, Inc.",2018-03-02,2018-02-22 17:30:19,2018-02-22,2018-02-23,2018-02-26,-0.049824457228890284,-2.3599100945006986
dev,MLKN,"MillerKnoll, Inc. Common Stock",2022-07-01,2022-06-29 16:06:24,2022-06-29,2022-06-30,2022-07-01,-0.05925729373622701,-1.439540064572415
dev,ENS,"EnerSys, Inc.",2017-08-11,2017-08-09 16:20:19,2017-08-09,2017-08-10,2017-08-11,-0.11096817889641142,-4.1702695530293115
dev,EQIX,"Equinix, Inc. Common Stock REIT",2021-07-30,2021-07-28 16:05:52,2021-07-28,2021-07-29,2021-07-30,-0.01828844001772667,-1.0468061675515858
dev,AWR,American States Water Company,2019-11-08,2019-11-04 16:32:44,2019-11-04,2019-11-05,2019-11-06,-0.01383550434571057,-0.9171319175008802
dev,VRTX,Vertex Pharmaceuticals Incorporated Common Stock,2020-11-06,2020-10-29 16:04:56,2020-10-29,2020-10-30,2020-11-02,0.0016520871196004094,0.03587695909727965
dev,CROX,"Crocs, Inc. Common Stock",2021-04-30,2021-04-27 07:20:36,2021-04-26,2021-04-27,2021-04-28,0.16043776529621578,3.8896746971317815
dev,RGR,"Sturm, Ruger & Company, Inc.",2023-05-05,2023-05-03 17:04:08,2023-05-03,2023-05-04,2023-05-05,-0.07679532310654802,-3.49077596065257
dev,DEA,"Easterly Government Properties, Inc.",2020-05-08,2020-05-05 06:45:47,2020-05-04,2020-05-05,2020-05-06,0.015523824069588965,0.2468099483032751
dev,ALLY,Ally Financial Inc.,2022-07-22,2022-07-19 07:45:10,2022-07-18,2022-07-19,2022-07-20,-0.053352408193688805,-1.221548788022751
dev,TCBK,TriCo Bancshares Common Stock,2021-04-30,2021-04-27 19:38:25,2021-04-27,2021-04-28,2021-04-29,0.003358239417935227,0.11016808811330221
dev,KOS,Kosmos Energy Ltd.,2019-11-08,2019-11-04 09:24:56,2019-11-01,2019-11-04,2019-11-05,0.08260295767538772,1.9951702130742688
dev,REXR,"REXFORD INDUSTRIAL REALTY, INC.",2020-07-24,2020-07-21 16:37:45,2020-07-21,2020-07-22,2020-07-23,0.02800836246045757,0.8671491469224322
dev,KPTI,Karyopharm Therapeutics Inc. Common Stock,2019-08-09,2019-08-06 07:13:02,2019-08-05,2019-08-06,2019-08-07,0.09381696027312203,1.014292277125343
dev,EMBC,Embecta Corp. Common Stock,2023-05-19,2023-05-12 07:13:09,2023-05-11,2023-05-12,2023-05-15,-0.00921546003465068,-0.2790344904467902
dev,SR,Spire Inc.,2017-08-04,2017-08-02 07:45:18,2017-08-01,2017-08-02,2017-08-03,0.021844293518312408,2.069137539626459
dev,SITM,SiTime Corporation Common Stock,2023-02-03,2023-02-01 16:08:29,2023-02-01,2023-02-02,2023-02-03,0.03969737346059432,0.5781646213695151
dev,EMN,Eastman Chemical Company,2021-05-07,2021-04-29 16:49:00,2021-04-29,2021-04-30,2021-05-03,0.019376369426529205,0.7724276494813566
dev,DMC,Del Monte Corporation,2023-11-03,2023-11-01 06:08:32,2023-10-31,2023-11-01,2023-11-02,-0.11995045689126826,-6.074222430636907
dev,AIZ,"Assurant, Inc.",2018-02-16,2018-02-08 22:02:32,2018-02-08,2018-02-09,2018-02-12,-0.0016335993767648826,-0.09616351757906122
dev,EDIT,"Editas Medicine, Inc. Common Stock",2017-03-10,2017-03-07 16:06:11,2017-03-07,2017-03-08,2017-03-09,0.11440643456653754,1.459177812884603
dev,HCKT,Hackett Group Inc (The). Common Stock,2018-11-09,2018-11-06 16:42:01,2018-11-06,2018-11-07,2018-11-08,-0.1864358835250376,-8.688755001728445
dev,ETN,"Eaton Corporation, plc Ordinary Shares",2019-08-02,2019-07-30 11:00:10,2019-07-29,2019-07-30,2019-07-31,0.027321241739757585,1.4164420820446086
dev,DLTH,Duluth Holdings Inc. Class B Common Stock,2018-12-07,2018-12-06 09:08:08,2018-12-04,2018-12-06,2018-12-07,-0.1911231166774614,-4.824668332667502
dev,VNDA,Vanda Pharmaceuticals Inc. Common Stock,2022-02-25,2022-02-23 16:10:00,2022-02-23,2022-02-24,2022-02-25,-0.18176548620527944,-3.564830478446407
dev,BIO,"Bio-Rad Laboratories, Inc.Class A",2021-02-19,2021-02-11 17:27:32,2021-02-11,2021-02-12,2021-02-16,0.004741095449499966,0.15753137906924503
dev,AMRN,Amarin Corporation plc,2019-01-11,2019-01-04 16:41:05,2019-01-04,2019-01-07,2019-01-08,0.03700354416685836,0.45796029111069675
dev,TTMI,"TTM Technologies, Inc. Common Stock",2019-01-18,2019-01-14 19:08:34,2019-01-14,2019-01-15,2019-01-16,0.003023507149530369,0.06834350983409941
dev,ICFI,"ICF International, Inc. Common Stock",2021-03-05,2021-02-25 16:11:23,2021-02-25,2021-02-26,2021-03-01,-0.005845392153234652,-0.23926561935621946
dev,UVE,"UNIVERSAL INSURANCE HLDG, INC.",2020-10-30,2020-10-27 16:35:25,2020-10-27,2020-10-28,2020-10-29,-0.08149935031244537,-2.75117210177845
dev,MZTI,The Marzetti Company Common Stock,2017-04-28,2017-04-27 07:26:51,2017-04-26,2017-04-27,2017-04-28,-0.025805645159039048,-1.9183792914914468
dev,AOSL,Alpha and Omega Semiconductor Limited Common Shares,2020-11-13,2020-11-05 16:02:40,2020-11-05,2020-11-06,2020-11-09,0.11042647717419563,2.0869537366663575
dev,PFS,"Provident Financial Services, Inc.",2023-11-03,2023-10-27 11:35:50,2023-10-26,2023-10-27,2023-10-30,-0.0301473348458704,-1.320638541326225
dev,YUM,"Yum! Brands, Inc.",2017-04-21,2017-04-12 18:38:50,2017-04-12,2017-04-13,2017-04-17,-0.004041583135435012,-0.4189431834975316
dev,JBL,Jabil Inc.,2019-12-20,2019-12-17 08:08:56,2019-12-16,2019-12-17,2019-12-18,0.017492824342380198,0.7278756291256679
dev,D,"Dominion Energy, Inc Common Stock",2023-08-11,2023-08-04 07:33:21,2023-08-03,2023-08-04,2023-08-07,-0.03569647540940579,-1.8840503015328685
dev,CMG,"Chipotle Mexican Grill, Inc.",2020-02-07,2020-02-04 16:11:22,2020-02-04,2020-02-05,2020-02-06,-0.046411639109210756,-3.1922448346643084
dev,HEI,HEICO Corporation,2021-12-17,2021-12-15 16:49:56,2021-12-15,2021-12-16,2021-12-17,-0.01741255262828001,-0.733358995438257
dev,CMP,"Compass Minerals International, Inc.",2021-02-19,2021-02-16 16:06:08,2021-02-16,2021-02-17,2021-02-18,-0.05231210939030795,-1.9350708970371167
dev,SYY,Sysco Corporation,2018-11-09,2018-11-05 08:16:59,2018-11-02,2018-11-05,2018-11-06,-0.10803365346465199,-5.907387133251228
dev,FIZZ,National Beverage Corp. Common Stock,2021-09-17,2021-09-10 20:30:45,2021-09-10,2021-09-13,2021-09-14,-0.02760604260903854,-0.7944723327103637
dev,OTIS,Otis Worldwide Corporation,2022-04-29,2022-04-25 06:04:38,2022-04-22,2022-04-25,2022-04-26,0.009062724652585064,0.3830084371318329
dev,FFBC,First Financial Bancorp. Common Stock,2018-01-26,2018-01-18 16:17:50,2018-01-18,2018-01-19,2018-01-22,0.036303760179956734,1.7032230509885382
dev,STLD,"Steel Dynamics, Inc.",2023-07-21,2023-07-20 09:32:30,2023-07-19,2023-07-20,2023-07-21,-0.04081924613085708,-1.3450085715760294
dev,UTZ,"Utz Brands, Inc.",2023-08-11,2023-08-10 06:43:28,2023-08-09,2023-08-10,2023-08-11,0.023826842699137374,0.9381687611985903
dev,AMC,"AMC ENTERTAINMENT HOLDINGS, INC.",2018-05-11,2018-05-07 16:21:17,2018-05-07,2018-05-08,2018-05-09,-0.07640408359774364,-2.01622197865584
dev,ENS,"EnerSys, Inc.",2018-05-18,2018-05-16 16:15:20,2018-05-16,2018-05-17,2018-05-18,0.06823533229453571,2.6021208962544997
dev,FIZZ,National Beverage Corp. Common Stock,2020-07-10,2020-07-02 20:49:22,2020-07-02,2020-07-06,2020-07-07,0.027875037450904472,0.7190180877181654
dev,PPL,PPL Corporation,2019-11-08,2019-11-05 08:41:25,2019-11-04,2019-11-05,2019-11-06,-0.003792921370400326,-0.25381415642560595
dev,MCO,Moody's Corporation,2019-08-02,2019-07-31 11:30:12,2019-07-30,2019-07-31,2019-08-01,0.08746609036256292,5.192870051739686
dev,TGT,Target Corporation,2017-05-19,2017-05-17 06:51:22,2017-05-16,2017-05-17,2017-05-18,0.03795761266218112,1.3891484655237483
dev,NKTX,"Nkarta, Inc. Common Stock",2021-08-20,2021-08-12 16:19:16,2021-08-12,2021-08-13,2021-08-16,-0.06088234480444554,-0.9142746372592955
dev,PDM,"Piedmont Realty Trust, Inc.",2017-11-03,2017-11-01 16:33:54,2017-11-01,2017-11-02,2017-11-03,0.016725003735685418,1.907613165196575
dev,CXW,"CoreCivic, Inc.",2017-02-17,2017-02-09 22:09:55,2017-02-09,2017-02-10,2017-02-13,0.014286144139990187,0.46375405585169244
dev,ALGN,"Align Technology, Inc. Common Stock",2018-10-26,2018-10-24 16:15:59,2018-10-24,2018-10-25,2018-10-26,-0.2087554963953545,-6.077145914820577
dev,RNR,RenaissanceRe Holdings Ltd.,2018-07-27,2018-07-24 16:32:20,2018-07-24,2018-07-25,2018-07-26,0.04892737404220315,2.95567487404494
dev,EBAY,eBay Inc. Common Stock,2017-01-27,2017-01-25 21:38:24,2017-01-25,2017-01-26,2017-01-27,0.07786772133534203,4.425255571458554
dev,HLI,"Houlihan Lokey, Inc.",2018-02-02,2018-01-30 00:58:08,2018-01-29,2018-01-30,2018-01-31,-0.05631743542576373,-4.110827428321732
dev,SNPS,"Synopsys, Inc. Common Stock",2023-05-19,2023-05-17 20:32:56,2023-05-17,2023-05-18,2023-05-19,0.07517457522690862,4.31995812963662
dev,INGR,Ingredion Incorporated,2018-02-02,2018-02-01 08:00:33,2018-01-31,2018-02-01,2018-02-02,-0.03548394939240407,-2.6368327828665277
dev,GDYN,"Grid Dynamics Holdings, Inc. Class A Common Stock",2022-08-12,2022-08-04 20:13:31,2022-08-04,2022-08-05,2022-08-08,-0.044526430896355884,-0.9390976812363279
dev,RPM,"RPM International, Inc.",2022-01-07,2022-01-05 06:59:02,2022-01-04,2022-01-05,2022-01-06,-0.008208763896502491,-0.42425456423440566
dev,DBD,"Diebold Nixdorf, Incorporated",2021-07-30,2021-07-29 07:09:02,2021-07-28,2021-07-29,2021-07-30,-0.0995259921578191,-2.3859355658554966
dev,CUBI,CUSTOMERS BANCORP INC,2022-10-28,2022-10-26 16:27:32,2022-10-26,2022-10-27,2022-10-28,0.026150417443788765,0.71718879866597
dev,OMF,"OneMain Holdings, Inc.",2021-04-30,2021-04-26 16:32:38,2021-04-26,2021-04-27,2021-04-28,0.03262292128790645,0.9455643271151533
dev,QSR,Restaurant Brands International Inc.,2021-08-06,2021-07-30 06:34:20,2021-07-29,2021-07-30,2021-08-02,0.038073880676930516,2.7179120113563697
dev,CIM,Chimera Investment Corp.,2019-08-02,2019-07-31 07:00:18,2019-07-30,2019-07-31,2019-08-01,0.02337883594443635,3.0211092310034413
dev,FE,FirstEnergy Corp.,2023-08-04,2023-08-01 20:22:32,2023-08-01,2023-08-02,2023-08-03,-0.029949548214402766,-2.089554656923635
dev,HR,Healthcare Realty Trust Incorporated,2023-08-04,2023-08-01 16:15:14,2023-08-01,2023-08-02,2023-08-03,0.020549570987006605,0.9639965973223791
dev,ADM,Archer Daniels Midland Company,2023-01-27,2023-01-26 14:57:44,2023-01-25,2023-01-26,2023-01-27,-0.03605746338304494,-1.568952418880062
dev,CORT,Corcept Therapeutics Incorporated Common Stock,2018-11-09,2018-11-01 20:10:20,2018-11-01,2018-11-02,2018-11-05,0.07162434125519601,1.600448011745777
dev,LOPE,"Grand Canyon Education, Inc. Common Stock",2021-08-13,2021-08-05 16:06:41,2021-08-05,2021-08-06,2021-08-09,-0.014306226308988812,-0.7975437781066204
dev,BBSI,"Barrett Business Services, Inc. Common Stock",2023-11-03,2023-11-01 16:10:50,2023-11-01,2023-11-02,2023-11-03,0.05521699506361322,3.3202374960130334
dev,SKYW,"SkyWest, Inc. Common Stock",2022-11-04,2022-10-27 16:01:23,2022-10-27,2022-10-28,2022-10-31,-0.07495503221751376,-2.0219109963033346
dev,WWW,"Wolverine World Wide, Inc.",2022-11-11,2022-11-09 07:27:07,2022-11-08,2022-11-09,2022-11-10,-0.37069478018728086,-8.88093718148351
dev,AR,ANTERO RESOURCES CORPORATION,2022-02-18,2022-02-16 17:21:21,2022-02-16,2022-02-17,2022-02-18,0.09990465136392435,1.947072431054437
dev,ACCO,Acco Brands Corporation,2022-11-11,2022-11-07 21:22:02,2022-11-07,2022-11-08,2022-11-09,0.09843629225659656,2.805763117340543
dev,APRE,"Aprea Therapeutics, Inc. Common stock",2021-01-15,2021-01-12 08:00:06,2021-01-11,2021-01-12,2021-01-13,-0.010256538605931786,-0.06413160730541047
dev,SMPL,The Simply Good Foods Company Common Stock,2019-11-01,2019-10-29 07:01:00,2019-10-28,2019-10-29,2019-10-30,0.014312291440131908,0.4337564632997823
dev,PPLI,People Incorporated Common Stock,2022-07-15,2022-07-13 16:45:13,2022-07-13,2022-07-14,2022-07-15,-0.042779739965591035,-0.9142364642890884
dev,WEN,Wendy's Company (The) Common Stock,2023-08-11,2023-08-09 07:08:29,2023-08-08,2023-08-09,2023-08-10,-0.002007316975476514,-0.13582425959404296
dev,WES,"Western Midstream Partners, LP",2022-08-05,2022-08-03 16:09:11,2022-08-03,2022-08-04,2022-08-05,-0.03319854505980946,-0.8874628135002279
dev,ALG,"Alamo Group, Inc.",2019-11-01,2019-10-30 17:09:50,2019-10-30,2019-10-31,2019-11-01,-0.16155629108520575,-5.832145605738119
dev,NDAQ,"Nasdaq, Inc. Common Stock",2022-10-21,2022-10-19 11:16:10,2022-10-18,2022-10-19,2022-10-20,0.008942507807952249,0.35805781762084177
dev,CDNA,"CareDx, Inc. Common Stock",2022-03-04,2022-02-24 21:07:06,2022-02-24,2022-02-25,2022-02-28,-0.059488822428618415,-0.8465379481747739
dev,IIIN,"Insteel Industries, Inc.",2019-01-18,2019-01-17 06:30:23,2019-01-16,2019-01-17,2019-01-18,-0.126939346285879,-4.548939394396974
dev,NTGR,"NETGEAR, Inc. Common Stock",2020-07-24,2020-07-22 16:17:19,2020-07-22,2020-07-23,2020-07-24,0.04496002949094524,1.0268644912054476
dev,HAE,Haemonetics Corporation,2019-05-10,2019-05-07 06:23:28,2019-05-06,2019-05-07,2019-05-08,0.045539838197139026,2.0767047223049446
dev,TTD,"The Trade Desk, Inc. Class A Common Stock",2018-05-18,2018-05-10 20:15:25,2018-05-10,2018-05-11,2018-05-14,0.4173261206988168,7.564125419430385
dev,ELS,"Equity Lifestyle Properties, Inc.",2023-04-21,2023-04-18 13:21:04,2023-04-17,2023-04-18,2023-04-19,0.033430377258011346,1.4215181019723864
dev,DLB,"Dolby Laboratories, Inc.Class A",2020-11-20,2020-11-12 21:30:17,2020-11-12,2020-11-13,2020-11-16,0.06199927974762853,2.3403764666328377
dev,ONTO,Onto Innovation Inc.,2022-05-06,2022-05-03 16:07:17,2022-05-03,2022-05-04,2022-05-05,0.019676396511116856,0.3905616499857349
dev,RYN,Rayonier Inc.,2021-08-06,2021-08-04 16:14:42,2021-08-04,2021-08-05,2021-08-06,0.029611209910645142,1.4499266043628363
dev,UCTT,"Ultra Clean Holdings, Inc. Common Stock",2023-08-04,2023-07-27 16:11:05,2023-07-27,2023-07-28,2023-07-31,0.042236184637617136,1.1071012753158362
dev,ALIT,"Alight, Inc.",2021-11-12,2021-11-09 06:34:07,2021-11-08,2021-11-09,2021-11-10,0.07211274488547881,1.9266005413772591
dev,AMD,"Advanced Micro Devices, Inc. Common Stock",2018-10-26,2018-10-24 16:32:31,2018-10-24,2018-10-25,2018-10-26,-0.22645759688977563,-3.6899906333779873
dev,CTKB,"Cytek Biosciences, Inc. Common Stock",2022-11-11,2022-11-09 16:24:10,2022-11-09,2022-11-10,2022-11-11,0.004168516143880918,0.08586615382685327
dev,RVMD,"Revolution Medicines, Inc. Common Stock",2022-11-11,2022-11-07 16:08:05,2022-11-07,2022-11-08,2022-11-09,-0.0251353263161177,-0.4720814128527649
dev,WLK,Westlake Corporation,2021-05-07,2021-05-04 07:31:27,2021-05-03,2021-05-04,2021-05-05,0.0819881749785466,2.7038802581552264
dev,IMO,Imperial Oil Limited,2022-08-05,2022-07-29 08:26:42,2022-07-28,2022-07-29,2022-08-01,0.011408280162930051,0.275144418411487
dev,CBRE,"CBRE GROUP, INC.",2022-08-05,2022-08-04 06:40:22,2022-08-03,2022-08-04,2022-08-05,0.006773554675819526,0.22289539715870663
dev,ARCT,Arcturus Therapeutics Holdings Inc. Common Stock,2021-05-14,2021-05-10 16:21:09,2021-05-10,2021-05-11,2021-05-12,-0.06013503858156133,-0.8619975856376804
dev,BAX,Baxter International Inc.,2023-07-28,2023-07-27 07:33:06,2023-07-26,2023-07-27,2023-07-28,-0.04269797570008382,-1.972724675057486
dev,ACCO,Acco Brands Corporation,2018-08-03,2018-07-31 11:52:03,2018-07-30,2018-07-31,2018-08-01,-0.06968948867836777,-3.8548662041410107
dev,ECL,"Ecolab, Inc.",2018-04-20,2018-04-18 08:01:37,2018-04-17,2018-04-18,2018-04-19,0.010788340331760127,0.5758619495396182
dev,SON,Sonoco Products Company,2018-02-16,2018-02-15 13:47:54,2018-02-14,2018-02-15,2018-02-16,-0.031065786175088372,-2.0847526409789623
dev,BSX,Boston Scientific Corp.,2023-04-28,2023-04-26 06:34:02,2023-04-25,2023-04-26,2023-04-27,0.0024135706641752463,0.15696526045907866
dev,FLNT,"Fluent, Inc. Common Stock",2019-03-15,2019-03-13 20:05:44,2019-03-13,2019-03-14,2019-03-15,-0.07730296205075027,-1.5085932907451556
dev,AAT,"AMERICAN ASSETS TRUST, INC.",2017-11-03,2017-10-31 16:15:27,2017-10-31,2017-11-01,2017-11-02,0.003459216019225053,0.2828799244128964
dev,PCAR,PACCAR Inc. Common Stock,2019-02-01,2019-01-29 08:05:24,2019-01-28,2019-01-29,2019-01-30,0.04229040610703416,1.7750280622228254
dev,MASS,908 Devices Inc. Common Stock,2022-11-18,2022-11-14 07:15:23,2022-11-11,2022-11-14,2022-11-15,-0.3441070389550207,-4.483191086240147
dev,AKAM,"Akamai Technologies, Inc. Common Stock",2019-11-01,2019-10-28 16:13:57,2019-10-28,2019-10-29,2019-10-30,-0.026235659028871816,-1.1397513041110914
dev,FBP,First BanCorp.,2019-03-29,2019-03-26 07:03:51,2019-03-25,2019-03-26,2019-03-27,0.029415213036273924,1.3094423731984781
dev,CBSH,"Commerce Bancshares, Inc. Common Stock",2021-01-22,2021-01-20 13:36:23,2021-01-19,2021-01-20,2021-01-21,-0.05570890709096299,-1.855043500223074
dev,SLB,SLB Limited,2019-01-25,2019-01-18 07:04:39,2019-01-17,2019-01-18,2019-01-22,0.06301209913856032,2.1623213242061894
dev,OIS,"OIL STATES INTERNATIONAL, INC.",2022-02-18,2022-02-16 20:15:14,2022-02-16,2022-02-17,2022-02-18,-0.1315660166175293,-2.473946395914095
dev,REXR,"REXFORD INDUSTRIAL REALTY, INC.",2018-05-04,2018-05-01 16:33:36,2018-05-01,2018-05-02,2018-05-03,0.029281031166650706,1.433683589817907
dev,CCC,CCC Intelligent Solutions Holdings Inc. Common Stock,2022-11-11,2022-11-04 07:11:07,2022-11-03,2022-11-04,2022-11-07,-0.0005866469949864506,-0.019988828755428983
dev,FCF,First Commonwealth Financial Corporation,2022-04-29,2022-04-26 09:11:19,2022-04-25,2022-04-26,2022-04-27,-0.014129355431560464,-0.6326240414971402
dev,MSFT,Microsoft Corporation Common Stock,2017-05-05,2017-04-27 16:08:56,2017-04-27,2017-04-28,2017-05-01,0.016630155553724713,1.831182717348402
dev,PKG,Packaging Corp of America,2019-10-25,2019-10-23 18:55:50,2019-10-23,2019-10-24,2019-10-25,0.0019653729302389067,0.09394409419006125
dev,MAGN,Magnera Corporation,2017-08-04,2017-08-01 14:08:40,2017-07-31,2017-08-01,2017-08-02,-0.16670499670943462,-7.837741398667692
dev,OLN,Olin Corp.,2021-04-30,2021-04-27 18:56:01,2021-04-27,2021-04-28,2021-04-29,0.04110204203760559,0.8624026237125927
dev,DVN,Devon Energy Corporation,2018-11-09,2018-11-06 16:17:12,2018-11-06,2018-11-07,2018-11-08,-0.025532685902133756,-0.8409402077432335
dev,KNSL,"Kinsale Capital Group, Inc.",2019-11-08,2019-10-31 16:14:14,2019-10-31,2019-11-01,2019-11-04,-0.1964713212689696,-9.321655111207402
dev,NUS,"NuSkin Enterprises, Inc.",2022-07-15,2022-07-08 16:05:22,2022-07-08,2022-07-11,2022-07-12,0.0445599859666167,1.2029025336268844
dev,AMZN,"Amazon.com, Inc. Common Stock",2020-02-07,2020-01-30 21:46:49,2020-01-30,2020-01-31,2020-02-03,0.08212994479926572,5.513286966755258
dev,HRB,"H&R Block, Inc.",2022-05-13,2022-05-10 16:08:00,2022-05-10,2022-05-11,2022-05-12,0.297645844210384,11.139362280288923
dev,FC,Franklin Covey Company,2020-04-10,2020-04-02 16:08:05,2020-04-02,2020-04-03,2020-04-06,0.11764202902479592,1.28871929963051
dev,ENOV,Enovis Corporation,2022-02-25,2022-02-22 06:04:06,2022-02-18,2022-02-22,2022-02-23,0.03719154166558958,1.47555971724781
dev,NVCR,NovoCure Limited Ordinary Shares,2017-04-28,2017-04-27 06:05:18,2017-04-26,2017-04-27,2017-04-28,0.03331854944657664,0.3948453348704748
dev,PGR,Progressive Corporation,2017-04-21,2017-04-18 08:33:11,2017-04-17,2017-04-18,2017-04-19,-0.012724445122897832,-1.1777762846860846
dev,PENN,"PENN Entertainment, Inc. Common Stock",2017-02-10,2017-02-02 18:32:21,2017-02-02,2017-02-03,2017-02-06,-0.056183009691276986,-2.1055831707205024
dev,CUBE,CubeSmart,2018-02-23,2018-02-16 07:50:08,2018-02-15,2018-02-16,2018-02-20,-0.017747678105856424,-0.9424318822917225
dev,QTWO,Q2 Holdings Inc,2019-08-09,2019-08-07 16:38:46,2019-08-07,2019-08-08,2019-08-09,0.15367275779758138,5.465215791890188
dev,WING,Wingstop Inc. Common Stock,2018-08-10,2018-08-02 16:05:54,2018-08-02,2018-08-03,2018-08-06,0.15946466491062283,6.156859475710337
dev,VC,Visteon Corporation Common Stock,2018-04-27,2018-04-26 07:15:55,2018-04-25,2018-04-26,2018-04-27,0.03936753198344123,1.4405720512403046
dev,KTB,"Kontoor Brands, Inc. Common Stock",2023-08-04,2023-08-03 06:52:12,2023-08-02,2023-08-03,2023-08-04,0.17304390512198264,5.610801816568428
dev,ACAD,ACADIA Pharmaceuticals Inc. Common Stock,2020-02-28,2020-02-26 18:21:13,2020-02-26,2020-02-27,2020-02-28,0.11196359806466105,2.224893156988857
dev,JLL,"Jones Lang LaSalle, Inc.",2022-11-04,2022-11-02 07:33:08,2022-11-01,2022-11-02,2022-11-03,-0.11043974864119821,-3.43936577120455
dev,ON,ON Semiconductor Corporation Common Stock,2020-08-14,2020-08-10 06:11:03,2020-08-07,2020-08-10,2020-08-11,0.07001793916559396,1.4059352270734116
dev,KAI,Kadant Inc.,2017-08-04,2017-08-01 20:13:13,2017-08-01,2017-08-02,2017-08-03,0.10037271565906936,3.5188481613809164
dev,INVH,Invitation Homes Inc. Common Stock,2021-07-30,2021-07-28 16:18:00,2021-07-28,2021-07-29,2021-07-30,0.004265827814503909,0.26986451636305375
dev,CINF,Cincinnati Financial Corporation Common Stock,2023-11-03,2023-10-26 16:15:55,2023-10-26,2023-10-27,2023-10-30,-0.001107167445344448,-0.07670938992000033
dev,DEI,"Douglas Emmett, Inc.",2017-11-10,2017-11-07 16:15:06,2017-11-07,2017-11-08,2017-11-09,-0.006139445437231661,-0.6016156516768857
dev,AES,AES Corporation,2017-05-12,2017-05-08 06:05:06,2017-05-05,2017-05-08,2017-05-09,0.0027634345499097934,0.12636287723323025
dev,CDNS,"Cadence Design Systems, Inc. Common Stock",2020-07-24,2020-07-20 20:07:46,2020-07-20,2020-07-21,2020-07-22,-0.008145072055955827,-0.2890141033694662
dev,OSK,Oshkosh Corp.,2022-01-28,2022-01-26 08:30:26,2022-01-25,2022-01-26,2022-01-27,-0.029224871368835004,-1.2494846643921007
dev,ENPH,"Enphase Energy, Inc. Common Stock",2023-02-10,2023-02-07 16:08:25,2023-02-07,2023-02-08,2023-02-09,-0.0630325424427236,-1.2589618033766825
dev,ARCB,ArcBest Corporation Common Stock,2023-05-05,2023-04-28 06:01:09,2023-04-27,2023-04-28,2023-05-01,0.011629783828952744,0.2596258935651597
dev,VERI,"Veritone, Inc. Common Stock",2020-05-15,2020-05-11 16:22:34,2020-05-11,2020-05-12,2020-05-13,0.07157559590318285,0.5730833670238787
dev,DUK,Duke Energy Corporation,2018-11-09,2018-11-02 06:46:01,2018-11-01,2018-11-02,2018-11-05,0.023231220840437272,1.5094677128597045
dev,STC,Stewart Information Services Corporation,2019-04-26,2019-04-25 07:00:31,2019-04-24,2019-04-25,2019-04-26,-0.03240669708270616,-1.9968390068227637
dev,HNI,HNI Corporation,2019-03-01,2019-02-25 16:25:13,2019-02-25,2019-02-26,2019-02-27,-0.11787693673319655,-4.390267971971626
dev,WM,"Waste Management, Inc.",2020-05-08,2020-05-06 07:39:10,2020-05-05,2020-05-06,2020-05-07,0.019046323999122095,0.34884523733832856
dev,OCUL,"Ocular Therapeutix, Inc. Common Stock",2020-05-15,2020-05-08 07:05:30,2020-05-07,2020-05-08,2020-05-11,-0.03442173986307018,-0.2899690449049564
dev,SCHL,Scholastic Corporation Common Stock,2019-08-02,2019-07-25 20:02:03,2019-07-25,2019-07-26,2019-07-29,0.00781349633299766,0.33506883672889143
dev,CPAY,"Corpay, Inc.",2020-11-13,2020-11-05 16:16:18,2020-11-05,2020-11-06,2020-11-09,0.10870058106532077,3.7710674601488323
dev,WNC,Wabash National Corp.,2021-04-30,2021-04-28 06:58:52,2021-04-27,2021-04-28,2021-04-29,-0.025926600600863936,-0.8088047117988743
dev,FNGR,"FingerMotion, Inc. Common Stock",2023-10-20,2023-10-16 17:25:14,2023-10-16,2023-10-17,2023-10-18,-0.044498459866557094,-0.36058034993154064
dev,CSR,Centerspace,2017-12-15,2017-12-11 17:24:53,2017-12-11,2017-12-12,2017-12-13,-0.02353025444333401,-1.5206208602355762
dev,FNKO,"Funko, Inc. Class A Common Stock",2019-03-08,2019-02-28 16:15:34,2019-02-28,2019-03-01,2019-03-04,-0.002654440154440163,-0.056019110789931534
dev,ARVN,"Arvinas, Inc. Common Stock",2022-03-04,2022-02-28 16:56:16,2022-02-28,2022-03-01,2022-03-02,0.04695853457292176,0.9672696448946033
dev,CSX,CSX Corporation Common Stock,2018-10-19,2018-10-16 20:02:17,2018-10-16,2018-10-17,2018-10-18,-0.03526710172143066,-1.9983078995494945
dev,CB,Chubb Limited,2019-01-25,2019-01-18 16:26:04,2019-01-18,2019-01-22,2019-01-23,8.442356312277077e-05,0.0042857616040038815
dev,DHR,Danaher Corporation,2017-01-13,2017-01-10 08:00:32,2017-01-09,2017-01-10,2017-01-11,0.007167233053996691,0.49610777193440697
dev,ZION,Zions Bancorporation N.A. Common Stock,2021-04-23,2021-04-19 16:58:57,2021-04-19,2021-04-20,2021-04-21,-0.04399096063802288,-1.3726299857633921
dev,TNET,"TRINET GROUP, INC.",2017-11-10,2017-11-02 16:26:07,2017-11-02,2017-11-03,2017-11-06,0.14309990397393424,5.309976065847157
dev,ULCC,"Frontier Group Holdings, Inc. Common Stock",2023-05-05,2023-05-03 16:08:39,2023-05-03,2023-05-04,2023-05-05,-0.1633063797687695,-3.5943837263740646
dev,VAC,MARRIOTT VACATIONS WORLDWIDE CORPORATION,2023-02-24,2023-02-22 16:23:53,2023-02-22,2023-02-23,2023-02-24,-0.013672850998464492,-0.5761315051159218
dev,SCHL,Scholastic Corporation Common Stock,2017-09-22,2017-09-21 11:01:13,2017-09-20,2017-09-21,2017-09-22,-0.05695822878704171,-3.5513331689916168
dev,UAL,"United Airlines Holdings, Inc. Common Stock",2023-10-20,2023-10-17 16:00:07,2023-10-17,2023-10-18,2023-10-19,-0.0799454993087707,-3.3567352088536837
dev,HLIT,Harmonic Inc. Common Stock,2023-08-04,2023-07-31 16:11:23,2023-07-31,2023-08-01,2023-08-02,-0.2208702215903744,-5.042935703813156
dev,KMX,CarMax Inc.,2020-12-25,2020-12-22 06:56:46,2020-12-21,2020-12-22,2020-12-23,-0.07205550541047934,-2.6330649431095656
dev,PRTA,Prothena Corporation plc Ordinary Shares,2020-08-14,2020-08-06 16:09:36,2020-08-06,2020-08-07,2020-08-10,-0.018429419312268935,-0.3370380330989372
dev,CVBF,CVB Financial Corporation Common Stock,2019-07-26,2019-07-25 06:07:34,2019-07-24,2019-07-25,2019-07-26,0.03175057336618692,1.7884173452244752
dev,CWST,"Casella Waste Systems, Inc. Class A Common Stock",2019-05-03,2019-04-30 17:01:13,2019-04-30,2019-05-01,2019-05-02,0.020594136233905935,0.6900030853186888
dev,AAPL,Apple Inc. Common Stock,2017-11-10,2017-11-02 20:30:16,2017-11-02,2017-11-03,2017-11-06,0.03189684026629758,1.9183998141722804
dev,SAM,Boston Beer Company,2020-02-21,2020-02-19 16:22:21,2020-02-19,2020-02-20,2020-02-21,-0.06106192463799742,-2.008162493351279
dev,ABBV,ABBVIE INC.,2020-07-31,2020-07-29 20:57:26,2020-07-29,2020-07-30,2020-07-31,-0.025992613897593664,-1.144438054754283
dev,PHM,"Pultegroup, Inc.",2018-07-27,2018-07-26 07:37:53,2018-07-25,2018-07-26,2018-07-27,-0.020017845948041124,-0.8204380672374034
dev,WKHS,"Workhorse Group, Inc. Common Stock",2020-08-14,2020-08-10 09:00:29,2020-08-07,2020-08-10,2020-08-11,-0.06800588352591486,-0.47267111800719463
dev,CLW,Clearwater Paper Corporation,2019-05-03,2019-05-01 20:10:23,2019-05-01,2019-05-02,2019-05-03,-0.10360998819540135,-2.680762381093318
dev,MCO,Moody's Corporation,2022-07-29,2022-07-26 11:16:34,2022-07-25,2022-07-26,2022-07-27,-0.003330659323298235,-0.10136841705645172
dev,GSHD,"Goosehead Insurance, Inc. Class A Common Stock",2022-04-29,2022-04-26 16:06:05,2022-04-26,2022-04-27,2022-04-28,0.13319855067271447,1.9067783564051124
dev,KRNY,Kearny Financial Corp Common Stock,2019-11-08,2019-10-31 16:00:34,2019-10-31,2019-11-01,2019-11-04,-0.002224024914507128,-0.15711918422298723
dev,UNFI,United Natural Foods Inc,2017-06-09,2017-06-06 20:23:49,2017-06-06,2017-06-07,2017-06-08,-0.0406421163250984,-1.4651214020790715
dev,BXC,BlueLinx Holdings Inc.,2023-08-04,2023-08-01 16:22:50,2023-08-01,2023-08-02,2023-08-03,-0.08902149973349482,-3.174211178185821
dev,ERIE,Erie Indemnity Company Class A Common Stock,2021-08-06,2021-07-29 16:21:18,2021-07-29,2021-07-30,2021-08-02,0.004078497438356754,0.2676529523227427
dev,FRT,Federal Realty Investment Trust,2018-05-04,2018-05-02 16:22:03,2018-05-02,2018-05-03,2018-05-04,0.01735492968555863,0.9484187743647077
dev,BWA,BorgWarner Inc.,2019-04-26,2019-04-25 08:50:23,2019-04-24,2019-04-25,2019-04-26,-0.027821937846103872,-1.0960857750323683
dev,NNN,"NNN REIT, Inc.",2019-02-15,2019-02-12 08:34:28,2019-02-11,2019-02-12,2019-02-13,-0.04860909619893361,-2.214869630531442
dev,ED,"Consolidated Edison, Inc.",2020-11-13,2020-11-05 17:08:50,2020-11-05,2020-11-06,2020-11-09,-0.018219344446783414,-0.9322122106732436
dev,RHI,Robert Half Inc.,2023-04-28,2023-04-26 16:03:29,2023-04-26,2023-04-27,2023-04-28,0.004948174095942504,0.20943914384562212
dev,IMXI,"International Money Express, Inc. Common Stock",2023-11-10,2023-11-07 07:29:52,2023-11-06,2023-11-07,2023-11-08,0.1499796690957662,6.682641533256501
dev,FICO,Fair Isaac Corporation,2020-11-13,2020-11-10 16:23:02,2020-11-10,2020-11-11,2020-11-12,0.06868128139251506,2.0225787237093416
dev,ETSY,"Etsy, Inc.",2023-05-05,2023-05-03 20:10:26,2023-05-03,2023-05-04,2023-05-05,-0.10190234698120026,-2.7012514526260656
dev,MRK,"Merck & Co., Inc.",2019-08-02,2019-07-30 06:50:37,2019-07-29,2019-07-30,2019-07-31,0.01961761078748825,1.2021631640987034
dev,CNOB,"ConnectOne Bancorp, Inc. Common Stock",2023-07-28,2023-07-27 07:30:13,2023-07-26,2023-07-27,2023-07-28,0.014240571726104267,0.3587962147972803
dev,LADR,LADDER CAPITAL CORP,2023-05-05,2023-04-27 16:16:40,2023-04-27,2023-04-28,2023-05-01,0.00013931199732541977,0.004774180440234931
dev,CNM,"Core & Main, Inc.",2022-09-16,2022-09-13 07:28:13,2022-09-12,2022-09-13,2022-09-14,0.049633274896246804,1.6720089157726776
dev,MATX,"Matsons, Inc.",2021-01-15,2021-01-11 17:04:06,2021-01-11,2021-01-12,2021-01-13,0.027534691401026823,0.7420925404771757
dev,OLED,Universal Display Corporation Common Stock,2018-11-09,2018-11-01 16:12:12,2018-11-01,2018-11-02,2018-11-05,-0.23242108675509088,-4.234533680893307
dev,SBRA,"Sabra Health Care REIT, Inc. Common Stock",2020-08-07,2020-08-05 16:04:49,2020-08-05,2020-08-06,2020-08-07,0.05029628281872611,0.8845421394830981
dev,ASTE,"Astec Industries, Inc. Common Stock",2020-05-08,2020-05-06 09:42:46,2020-05-05,2020-05-06,2020-05-07,0.04552754053642771,0.7182167174295832
dev,SUN,SUNOCO L.P.,2022-02-18,2022-02-16 07:34:45,2022-02-15,2022-02-16,2022-02-17,0.025752191542420366,1.3251702386167246
dev,PETS,"PetMed Express, Inc. Common Stock",2022-01-28,2022-01-25 15:07:12,2022-01-24,2022-01-25,2022-01-26,0.08634575259355215,2.5792683307637647
dev,STRA,"Strategic Education, Inc. Common Stock",2022-04-29,2022-04-28 06:30:25,2022-04-27,2022-04-28,2022-04-29,-0.06296865074139579,-1.2371212575251476
dev,AXON,"Axon Enterprise, Inc. Common Stock",2018-03-02,2018-02-27 16:03:24,2018-02-27,2018-02-28,2018-03-01,0.4073993572089716,16.626672682779482
dev,CTMX,"CytomX Therapeutics, Inc. Common Stock",2020-11-13,2020-11-05 16:13:01,2020-11-05,2020-11-06,2020-11-09,-0.04516457687904507,-1.0879665713749003
dev,TROX,TRONOX LIMITED CL A ORDINARY SHARES,2017-02-24,2017-02-21 08:04:41,2017-02-17,2017-02-21,2017-02-22,0.33293703310765754,8.526268534552894
dev,A,Agilent Technologies Inc.,2018-08-17,2018-08-14 16:09:51,2018-08-14,2018-08-15,2018-08-16,-0.01954818745147957,-1.141683805019879
dev,UCB,"United Community Banks, Inc.",2020-04-24,2020-04-21 18:10:39,2020-04-21,2020-04-22,2020-04-23,-0.024112385470716813,-0.2772896289241786
dev,CMS,CMS Energy Corporation,2021-10-29,2021-10-28 08:12:25,2021-10-27,2021-10-28,2021-10-29,-0.01168295842656919,-0.8561647501207992
dev,CAH,"Cardinal Health, Inc.",2018-02-09,2018-02-08 07:03:46,2018-02-07,2018-02-08,2018-02-09,0.04644595821360753,1.6571910185694652
dev,EPD,Enterprise Products Partners L.P.,2023-02-03,2023-02-01 06:01:55,2023-01-31,2023-02-01,2023-02-02,-0.017365354576026837,-1.2235302778505943
dev,TBCH,Turtle Beach Corporation Common Stock,2023-03-17,2023-03-13 16:25:30,2023-03-13,2023-03-14,2023-03-15,0.1458283972391452,3.065989680105315
dev,JBLU,JetBlue Airways Corporation Common Stock,2022-08-05,2022-08-02 07:09:47,2022-08-01,2022-08-02,2022-08-03,-0.00896006591312859,-0.17276855290384027
dev,AAOI,"Applied Optoelectronics, Inc. Common Stock",2023-08-11,2023-08-03 20:10:13,2023-08-03,2023-08-04,2023-08-07,0.8744307097230692,6.850293062043738
dev,PODD,Insulet Corporation Common Stock,2022-11-11,2022-11-03 20:02:41,2022-11-03,2022-11-04,2022-11-07,0.16403104941932845,4.195353328163217
dev,TRIP,"TripAdvisor, Inc. Common Stock",2019-05-10,2019-05-07 16:02:01,2019-05-07,2019-05-08,2019-05-09,-0.10657403107555063,-4.268157362979824
dev,TRMK,Trustmark Corporation Common Stock,2020-05-01,2020-04-28 16:46:39,2020-04-28,2020-04-29,2020-04-30,0.0051304576749402475,0.0758635653777032
dev,PARR,"Par Pacific Holdings, Inc. Common Stock",2019-08-09,2019-08-05 19:24:43,2019-08-05,2019-08-06,2019-08-07,-0.039395298130421086,-1.9161088279505891
dev,TDOC,"Teladoc Health, Inc.",2019-11-01,2019-10-30 20:07:40,2019-10-30,2019-10-31,2019-11-01,0.12593919085225025,3.010426976940657
dev,SITE,"SiteOne Landscape Supply, Inc.",2018-08-03,2018-08-01 06:10:47,2018-07-31,2018-08-01,2018-08-02,-0.0046049874263713875,-0.1655184840105391
dev,FSLR,"First Solar, Inc. Common Stock",2022-05-06,2022-04-28 16:10:22,2022-04-28,2022-04-29,2022-05-02,0.05025692512508906,1.1045343546455377
dev,TRTX,"TPG RE Finance Trust, Inc. Common Stock",2022-01-07,2022-01-06 08:38:56,2022-01-05,2022-01-06,2022-01-07,0.04072898404222647,1.6965657764867967
dev,BRKR,Bruker Corporation Common Stock,2017-02-17,2017-02-13 16:08:10,2017-02-13,2017-02-14,2017-02-15,-0.050820058243092214,-2.418463359187163
dev,WSBC,"WesBanco, Inc. Common Stock",2019-01-11,2019-01-03 21:36:02,2019-01-03,2019-01-04,2019-01-07,-0.009173107236950528,-0.3770474121610802
dev,RNR,RenaissanceRe Holdings Ltd.,2017-04-21,2017-04-13 16:02:37,2017-04-13,2017-04-17,2017-04-18,0.0012000720664475661,0.10502867424126079
dev,BALL,Ball Corporation,2022-08-05,2022-08-04 08:38:03,2022-08-03,2022-08-04,2022-08-05,-0.22359980451064376,-6.925626018068071
dev,VOYA,"VOYA FINANCIAL, INC.",2017-02-10,2017-02-08 06:08:14,2017-02-07,2017-02-08,2017-02-09,-0.03388333237039076,-1.5392686705560215
dev,IBP,"INSTALLED BUILDING PRODUCTS, INC.",2017-11-10,2017-11-03 07:05:56,2017-11-02,2017-11-03,2017-11-06,-0.03965326365530064,-1.7431668764473682
dev,WKHS,"Workhorse Group, Inc. Common Stock",2020-11-13,2020-11-09 08:53:56,2020-11-06,2020-11-09,2020-11-10,0.08720680223261601,0.8694573376711723
dev,FORR,"Forrester Research, Inc. Common Stock",2021-11-05,2021-11-03 16:11:07,2021-11-03,2021-11-04,2021-11-05,0.06475464670186026,3.0445549271964394
dev,STOK,"Stoke Therapeutics, Inc. Common Stock",2021-11-12,2021-11-08 07:05:16,2021-11-05,2021-11-08,2021-11-09,0.032091458806069895,0.5816750067816391
dev,LSCC,Lattice Semiconductor Corporation Common Stock,2022-11-04,2022-10-31 16:07:03,2022-10-31,2022-11-01,2022-11-02,0.06500793771948454,1.530396313642565
dev,GEO,"The GEO Group, Inc.",2020-02-21,2020-02-19 21:30:44,2020-02-19,2020-02-20,2020-02-21,0.038677210860759925,1.429186260789448
dev,MCS,The Marcus Corporation,2017-07-28,2017-07-27 08:00:16,2017-07-26,2017-07-27,2017-07-28,-0.030975005361108532,-1.266579200560892
dev,GFF,Griffon Corp,2018-05-11,2018-05-03 16:46:23,2018-05-03,2018-05-04,2018-05-07,0.08901836599119917,3.2070538544779112
dev,FC,Franklin Covey Company,2022-11-04,2022-11-02 16:17:33,2022-11-02,2022-11-03,2022-11-04,-0.0221700516596115,-0.8852685611772068
dev,AEP,"American Electric Power Company, Inc. Common Stock",2017-07-28,2017-07-27 11:38:24,2017-07-26,2017-07-27,2017-07-28,0.016253081980634243,1.780005468484327
dev,PRSU,"Pursuit Attractions and Hospitality, Inc.",2018-11-02,2018-10-25 16:10:38,2018-10-25,2018-10-26,2018-10-29,-0.08284819288399836,-5.245527904450729
dev,HLT,Hilton Worldwide Holdings Inc.,2022-02-18,2022-02-16 06:02:28,2022-02-15,2022-02-16,2022-02-17,-0.011190390843483056,-0.33730948702169145
dev,CDW,CDW Corporation Common Stock,2023-11-03,2023-11-01 11:06:14,2023-10-31,2023-11-01,2023-11-02,0.001208600827009354,0.08137790216243262
dev,WSM,"Williams-Sonoma, Inc.",2020-06-05,2020-05-28 16:18:13,2020-05-28,2020-05-29,2020-06-01,0.10478483709058994,1.015023513527996
dev,SNA,Snap-on Incorporated,2018-10-19,2018-10-18 06:35:48,2018-10-17,2018-10-18,2018-10-19,-0.08664904659359018,-5.754261981430973
dev,CMG,"Chipotle Mexican Grill, Inc.",2023-07-28,2023-07-26 16:10:54,2023-07-26,2023-07-27,2023-07-28,-0.08715866220477564,-5.872243777921802
dev,RPM,"RPM International, Inc.",2022-04-08,2022-04-06 07:05:55,2022-04-05,2022-04-06,2022-04-07,0.044644695646128496,1.977554064304683
dev,SCCO,Southern Copper Corporation,2018-07-27,2018-07-25 12:07:23,2018-07-24,2018-07-25,2018-07-26,0.019230284212714777,0.7807676912462187
dev,MCY,Mercury General Corp.,2020-08-07,2020-08-03 06:05:12,2020-07-31,2020-08-03,2020-08-04,-0.010433170964979421,-0.3295837543298435
dev,CWST,"Casella Waste Systems, Inc. Class A Common Stock",2020-08-07,2020-08-03 16:27:55,2020-08-03,2020-08-04,2020-08-05,-0.04291802217151042,-1.5372527689349913
dev,OCSL,Oaktree Specialty Lending Corporation Common Stock,2022-02-04,2022-02-03 06:08:08,2022-02-02,2022-02-03,2022-02-04,0.029415843567499378,2.691981127278264
dev,SFIX,"Stitch Fix, Inc. Class A Common Stock",2020-03-13,2020-03-09 16:19:12,2020-03-09,2020-03-10,2020-03-11,-0.3319793349394249,-7.538037288410632
dev,AXS,Axis Capital Holders Limited,2023-01-27,2023-01-25 16:24:18,2023-01-25,2023-01-26,2023-01-27,0.04235854251774818,2.2367177040609287
dev,ANGI,Angi Inc. Class A Common Stock,2019-08-09,2019-08-07 20:59:29,2019-08-07,2019-08-08,2019-08-09,-0.30559592312058415,-10.170739404455547
dev,PFG,Principal Financial Group Inc Common Stock,2023-02-03,2023-01-30 16:30:46,2023-01-30,2023-01-31,2023-02-01,-0.039559989047270205,-1.7611926627477783
dev,INSW,"International Seaways, Inc. Common Stock",2019-11-08,2019-11-07 07:01:54,2019-11-06,2019-11-07,2019-11-08,0.0045914346826201324,0.11606343037202939
dev,EVR,Evercore Inc.,2022-04-29,2022-04-27 06:46:06,2022-04-26,2022-04-27,2022-04-28,0.004108139184257675,0.11211167952515319
dev,WFC,Wells Fargo & Co.,2018-07-20,2018-07-13 12:00:37,2018-07-12,2018-07-13,2018-07-16,0.01685720844509908,0.9725657105083252
dev,VC,Visteon Corporation Common Stock,2020-10-30,2020-10-29 07:08:23,2020-10-28,2020-10-29,2020-10-30,0.08793850328353559,2.455916325276526
dev,MSGS,Madison Square Garden Sports Corp.,2023-05-12,2023-05-04 16:15:58,2023-05-04,2023-05-05,2023-05-08,-0.039295284796595054,-2.46234407925057
dev,LPLA,LPL Financial Holdings Inc. Common Stock,2018-08-03,2018-07-26 16:49:10,2018-07-26,2018-07-27,2018-07-30,-0.011160138555729393,-0.48820662977041984
dev,SRG,"Seritage Growth Properties Class A common shares of beneficial interest, par value $0.01",2020-08-14,2020-08-06 17:26:14,2020-08-06,2020-08-07,2020-08-10,0.3289726790219032,2.4375179340708604
dev,BTU,Peabody Energy Corporation,2019-02-08,2019-02-06 08:02:42,2019-02-05,2019-02-06,2019-02-07,-0.1273848119931188,-3.6588350389360667
dev,WES,"Western Midstream Partners, LP",2021-05-14,2021-05-10 16:10:36,2021-05-10,2021-05-11,2021-05-12,-0.011075226092745472,-0.2564816959631424
dev,FND,"Floor & Decor Holdings, Inc.",2020-02-28,2020-02-20 16:10:46,2020-02-20,2020-02-21,2020-02-24,0.09233503441727986,3.128985603370041
dev,BOKF,BOK Financial Corporation Common Stock,2018-04-27,2018-04-25 11:01:39,2018-04-24,2018-04-25,2018-04-26,-0.020540380163358574,-0.9740955739347557
dev,CALX,"CALIX, INC.",2020-10-23,2020-10-20 17:05:42,2020-10-20,2020-10-21,2020-10-22,0.21293957028674027,3.667460211198023
dev,UONE,"Urban One, Inc. Class A Common Stock",2021-08-13,2021-08-09 15:50:53,2021-08-06,2021-08-09,2021-08-10,0.10352048303820727,0.5471828853317772
dev,BX,Blackstone Inc.,2021-07-23,2021-07-22 06:56:01,2021-07-21,2021-07-22,2021-07-23,0.03970374003245447,1.9861980226824727
dev,MCHB,Mechanics Bancorp Class A Common Stock,2022-10-28,2022-10-24 16:06:01,2022-10-24,2022-10-25,2022-10-26,-0.10257477770637635,-3.4805466901262765
dev,MET,"MetLife, Inc.",2020-11-06,2020-11-04 21:32:03,2020-11-04,2020-11-05,2020-11-06,0.018880028667535687,0.620351561887729
dev,TDOC,"Teladoc Health, Inc.",2021-04-30,2021-04-28 20:07:42,2021-04-28,2021-04-29,2021-04-30,-0.07469683948135053,-1.4181672408743378
dev,CUBE,CubeSmart,2020-09-18,2020-09-15 07:31:25,2020-09-14,2020-09-15,2020-09-16,0.0002921176403041237,0.012692817508099776
dev,CUBE,CubeSmart,2017-08-04,2017-07-28 08:16:43,2017-07-27,2017-07-28,2017-07-31,0.050080382122996925,2.9311527117381257
dev,THRM,Gentherm Inc Common Stock,2020-02-21,2020-02-19 11:10:54,2020-02-18,2020-02-19,2020-02-20,0.049770112779369935,2.704551860226047
dev,KURA,"Kura Oncology, Inc. Common Stock",2017-11-10,2017-11-07 16:16:55,2017-11-07,2017-11-08,2017-11-09,0.08055906108026256,0.5704889665773598
dev,SUPN,"Supernus Pharmaceuticals, Inc. Common Stock",2018-04-27,2018-04-25 16:33:31,2018-04-25,2018-04-26,2018-04-27,-0.00381861365179903,-0.12300808595501493
dev,CLF,Cleveland-Cliffs Inc.,2021-10-29,2021-10-22 07:05:24,2021-10-21,2021-10-22,2021-10-25,0.1970094519740846,4.576436204914341
dev,IDYA,"IDEAYA Biosciences, Inc. Common Stock",2023-03-10,2023-03-07 06:01:55,2023-03-06,2023-03-07,2023-03-08,0.034472027429173546,1.079106570922816
dev,ANIK,Anika Therapeutics Inc. Common Stock,2021-08-13,2021-08-05 16:11:36,2021-08-05,2021-08-06,2021-08-09,-0.01104702840222438,-0.41369402396343613
dev,CAH,"Cardinal Health, Inc.",2017-08-04,2017-08-02 07:03:50,2017-08-01,2017-08-02,2017-08-03,-0.10179072355932772,-8.08577477431328
dev,PNR,Pentair plc,2019-07-26,2019-07-23 07:02:45,2019-07-22,2019-07-23,2019-07-24,0.03257122765656817,1.6379692199390854
dev,CUBE,CubeSmart,2021-09-17,2021-09-14 07:36:41,2021-09-13,2021-09-14,2021-09-15,-0.011728475177328113,-0.7528315401375153
dev,CATY,Cathay General Bancorp Common Stock,2023-01-27,2023-01-25 16:31:44,2023-01-25,2023-01-26,2023-01-27,-0.02883202985703337,-1.2395501450538198
dev,OTEX,Open Text Corporation Common Shares,2019-08-09,2019-08-01 16:32:56,2019-08-01,2019-08-02,2019-08-05,-0.07760019852484612,-5.601866472829124
dev,CRBP,"Corbus Pharmaceuticals Holdings, Inc. Common Stock",2018-03-16,2018-03-12 08:15:36,2018-03-09,2018-03-12,2018-03-13,-0.041995611515750375,-0.7218575614354695
dev,UI,Ubiquiti Inc. Common Stock,2018-08-31,2018-08-24 07:30:58,2018-08-23,2018-08-24,2018-08-27,0.010757269593594465,0.5174550590285455
dev,PWR,"Quanta Services, Inc.",2019-05-03,2019-05-02 06:57:56,2019-05-01,2019-05-02,2019-05-03,-0.04770972128030693,-3.237780822414899
dev,VRDN,"Viridian Therapeutics, Inc. Common Stock",2022-08-19,2022-08-15 07:07:25,2022-08-12,2022-08-15,2022-08-16,0.725069223892028,12.98943688174473
dev,RCUS,"Arcus Biosciences, Inc.",2023-08-11,2023-08-07 08:08:30,2023-08-04,2023-08-07,2023-08-08,-0.03482614478792645,-0.5420490966732561
dev,TPG,TPG Inc. Class A Common Stock,2023-05-19,2023-05-15 06:32:35,2023-05-12,2023-05-15,2023-05-16,0.006195604730244164,0.1613818991672683
dev,APPN,Appian Corporation Class A Common Stock,2021-11-12,2021-11-04 16:12:50,2021-11-04,2021-11-05,2021-11-08,-0.055396880858437414,-1.2441874432822984
dev,MATX,"Matsons, Inc.",2023-07-28,2023-07-20 16:10:18,2023-07-20,2023-07-21,2023-07-24,0.08325470431654125,2.762040455875914
dev,BLMN,"Bloomin' Brands, Inc. Common Stock",2017-02-24,2017-02-17 12:05:20,2017-02-16,2017-02-17,2017-02-21,0.04358963201242538,2.0954326309036637
dev,SRCE,1st Source Corporation Common Stock,2022-01-28,2022-01-20 16:12:45,2022-01-20,2022-01-21,2022-01-24,0.032514180952413874,1.3670530314998863
dev,CYH,"Community Health Systems, Inc.",2021-01-15,2021-01-14 07:00:54,2021-01-13,2021-01-14,2021-01-15,0.2402260997526091,2.455749235049812
dev,ERIE,Erie Indemnity Company Class A Common Stock,2019-11-01,2019-10-24 18:52:31,2019-10-24,2019-10-25,2019-10-28,0.00027911197961882905,0.009770979636822077
dev,HTLD,"Heartland Express, Inc. Common Stock",2020-01-31,2020-01-24 18:07:45,2020-01-24,2020-01-27,2020-01-28,-0.02281928034096503,-1.2252654920640438
dev,WING,Wingstop Inc. Common Stock,2021-11-05,2021-11-03 07:32:31,2021-11-02,2021-11-03,2021-11-04,-0.0366432531906804,-1.4494394511871245
dev,NXRT,NexPoint Residential Trust Inc,2018-11-02,2018-10-30 12:16:00,2018-10-29,2018-10-30,2018-10-31,-0.009346402770059381,-0.4008192754796705
dev,NXH,"Neighborhood Intelligence, Inc. Common Stock",2017-11-10,2017-11-08 21:11:19,2017-11-08,2017-11-09,2017-11-10,0.3293612634492442,4.453881893470594
dev,VCEL,Vericel Corporation Common Stock,2018-08-10,2018-08-06 16:21:19,2018-08-06,2018-08-07,2018-08-08,0.24725526075022852,4.515703325618127
dev,CLW,Clearwater Paper Corporation,2023-11-03,2023-10-30 20:10:27,2023-10-30,2023-10-31,2023-11-01,-0.03044538863501889,-1.310784126941153
dev,REXR,"REXFORD INDUSTRIAL REALTY, INC.",2019-08-02,2019-07-30 16:35:57,2019-07-30,2019-07-31,2019-08-01,0.03739847370955174,2.8656403507232118
dev,CB,Chubb Limited,2022-02-04,2022-02-01 16:21:01,2022-02-01,2022-02-02,2022-02-03,0.05147167955712206,2.529363493101041
dev,UHAL,U-Haul Holding Company,2023-06-02,2023-05-30 17:21:01,2023-05-30,2023-05-31,2023-06-01,-0.18628360966798418,-7.80222603433142
dev,APEI,"American Public Education, Inc. Common Stock",2019-05-10,2019-05-07 16:06:18,2019-05-07,2019-05-08,2019-05-09,-0.09897495797483746,-3.785831221862093
dev,STBA,"S&T Bancorp, Inc. Common Stock",2020-05-01,2020-04-30 08:00:11,2020-04-29,2020-04-30,2020-05-01,-0.08885106789417474,-1.3156434490415376
dev,JRVR,"James River Group Holdings, Inc. Common Stock",2020-10-30,2020-10-28 16:05:53,2020-10-28,2020-10-29,2020-10-30,-0.10678547208805467,-3.758339970420889
dev,TTD,"The Trade Desk, Inc. Class A Common Stock",2020-08-14,2020-08-06 20:06:20,2020-08-06,2020-08-07,2020-08-10,-0.03511813589745938,-0.7831812951775249
dev,VMI,"Valmont Industries, Inc.",2018-10-26,2018-10-23 19:11:16,2018-10-23,2018-10-24,2018-10-25,-0.08890396212694929,-5.013990679345477
dev,CNH,CNH INDUSTRIAL N.V.,2023-02-03,2023-02-02 08:17:24,2023-02-01,2023-02-02,2023-02-03,-0.10346964875047371,-4.385588287163753
dev,DUK,Duke Energy Corporation,2022-02-11,2022-02-09 17:59:58,2022-02-09,2022-02-10,2022-02-11,-0.010032964241505238,-0.7193123895243465
dev,MDLZ,"Mondelez International, Inc. Class A Common Stock",2023-11-03,2023-11-01 16:08:06,2023-11-01,2023-11-02,2023-11-03,0.0014916263658253381,0.08268374556284984
dev,FITB,Fifth Third Bancorp,2022-07-22,2022-07-21 06:31:25,2022-07-20,2022-07-21,2022-07-22,-0.031474034070350765,-1.0086517418697674
dev,MPWR,"Monolithic Power Systems, Inc. Common Stock",2020-07-31,2020-07-28 16:28:48,2020-07-28,2020-07-29,2020-07-30,0.08164469543474828,2.338465830246746
dev,CDXS,"Codexis, Inc. Common Stock",2022-03-04,2022-02-24 16:09:09,2022-02-24,2022-02-25,2022-02-28,0.008190074438078954,0.13079571650386923
dev,CENTA,Central Garden & Pet Company Class A Common Stock Nonvoting,2022-02-04,2022-02-02 16:15:37,2022-02-02,2022-02-03,2022-02-04,-0.022606326341674476,-0.8734392910193459
dev,DUK,Duke Energy Corporation,2021-02-12,2021-02-11 06:40:43,2021-02-10,2021-02-11,2021-02-12,-0.0379998885285423,-2.212969708199823
dev,NEM,Newmont Corporation,2023-07-21,2023-07-20 07:00:29,2023-07-19,2023-07-20,2023-07-21,-0.036972263564878594,-1.3668214963193333
dev,AMN,AMN Healthcare Services,2023-11-10,2023-11-02 16:17:25,2023-11-02,2023-11-03,2023-11-06,-0.11315269946943496,-3.8221709274639886
dev,APEI,"American Public Education, Inc. Common Stock",2020-10-30,2020-10-29 06:44:03,2020-10-28,2020-10-29,2020-10-30,0.0254231060881025,0.5515058719085607
dev,TTC,Toro Company (The),2020-09-04,2020-09-03 08:39:05,2020-09-02,2020-09-03,2020-09-04,0.06924304172742057,3.4531656699961992
dev,RPM,"RPM International, Inc.",2019-01-11,2019-01-04 06:57:35,2019-01-03,2019-01-04,2019-01-07,-0.07936000357199868,-3.3039302779495743
dev,TPC,Tutor Perini Corporation,2017-11-17,2017-11-09 16:07:08,2017-11-09,2017-11-10,2017-11-13,-0.03191211965100604,-1.4221900996634267
dev,PLCE,"Children's Place, Inc. (The) Common Stock",2021-05-21,2021-05-20 07:02:10,2021-05-19,2021-05-20,2021-05-21,0.027501622354076938,0.49301943559982575
dev,KALU,Kaiser Aluminum Corporation Common Stock,2017-02-24,2017-02-21 16:32:12,2017-02-21,2017-02-22,2017-02-23,-0.07838014369693014,-3.1556887078265725
dev,OI,"O-I Glass, Inc.",2018-02-09,2018-02-06 16:38:22,2018-02-06,2018-02-07,2018-02-08,0.029727616492568942,1.4067504048254431
dev,PLCE,"Children's Place, Inc. (The) Common Stock",2020-06-12,2020-06-11 07:05:37,2020-06-10,2020-06-11,2020-06-12,0.04741531421029355,0.32899470386548857
dev,NEWT,"NewtekOne, Inc. Common Stock",2020-03-06,2020-03-04 16:13:10,2020-03-04,2020-03-05,2020-03-06,-0.052565215447167524,-2.444896455083596
dev,HWKN,"Hawkins, Inc. Common Stock",2021-05-28,2021-05-20 16:28:12,2021-05-20,2021-05-21,2021-05-24,0.03453175739908376,0.9000654050227523
dev,CNDT,Conduent Incorporated Common Stock,2021-11-12,2021-11-04 16:06:55,2021-11-04,2021-11-05,2021-11-08,-0.1366182970404779,-4.13464477320968
dev,SYK,Stryker Corporation,2021-07-30,2021-07-27 16:47:45,2021-07-27,2021-07-28,2021-07-29,-0.0006277598129662554,-0.03715000567518481
dev,EFX,"Equifax, Incorporated",2022-10-21,2022-10-19 16:32:48,2022-10-19,2022-10-20,2022-10-21,-0.06626284833558194,-2.153001556947686
dev,JAZZ,Jazz Pharmaceuticals plc Common Stock (Ireland),2021-02-26,2021-02-23 21:08:58,2021-02-23,2021-02-24,2021-02-25,0.09755988929511616,3.5569777850866027
dev,CPF,Central Pacific Financial Corporation,2021-01-29,2021-01-27 10:22:47,2021-01-26,2021-01-27,2021-01-28,0.05814610381540475,1.0861075224435042
dev,CAH,"Cardinal Health, Inc.",2021-02-12,2021-02-05 07:25:21,2021-02-04,2021-02-05,2021-02-08,-0.06623712153652606,-2.431881768022094
dev,POWI,"Power Integrations, Inc. Common Stock",2020-08-07,2020-07-30 18:41:24,2020-07-30,2020-07-31,2020-08-03,-0.048759470947204675,-1.4691190156860936
dev,EFOR,"Everforth, Inc.",2022-10-28,2022-10-26 17:06:35,2022-10-26,2022-10-27,2022-10-28,-0.0989079893631124,-3.2948350903919756
dev,KURA,"Kura Oncology, Inc. Common Stock",2023-05-12,2023-05-10 16:07:13,2023-05-10,2023-05-11,2023-05-12,0.07205683186209688,1.6982696145691851
dev,PBF,PBF ENERGY INC.,2019-02-15,2019-02-14 12:55:08,2019-02-13,2019-02-14,2019-02-15,-0.0376312602334401,-0.9974894922103061
dev,LNTH,"Lantheus Holdings, Inc. Common Stock",2022-02-25,2022-02-24 08:05:06,2022-02-23,2022-02-24,2022-02-25,0.5785715973911769,17.67910168135489
dev,GAP,"The Gap, Inc.",2021-06-04,2021-05-27 20:38:17,2021-05-27,2021-05-28,2021-06-01,-0.05924773035155739,-1.315966357304352
dev,NTLA,"Intellia Therapeutics, Inc. Common Stock",2017-05-05,2017-05-02 11:38:02,2017-05-01,2017-05-02,2017-05-03,-0.08983057713145703,-1.6805686577785481
dev,RJF,"Raymond James Financial, Inc.",2019-01-25,2019-01-23 17:06:10,2019-01-23,2019-01-24,2019-01-25,0.0047043184519792725,0.15709398335487865
dev,ENOV,Enovis Corporation,2019-02-01,2019-01-28 07:50:04,2019-01-25,2019-01-28,2019-01-29,0.008517456569404613,0.18567009953935337
dev,TDC,TERADATA CORPORATION,2023-02-17,2023-02-13 07:09:26,2023-02-10,2023-02-13,2023-02-14,0.1752060286483248,7.172315144073734
dev,WLDN,"Willdan Group, Inc. Common Stock",2022-03-18,2022-03-10 16:15:18,2022-03-10,2022-03-11,2022-03-14,0.0015847645724018644,0.03872013663373665
dev,MOS,The Mosaic Company,2018-08-10,2018-08-06 16:40:22,2018-08-06,2018-08-07,2018-08-08,0.045298654783549,2.255140880358161
dev,CATY,Cathay General Bancorp Common Stock,2017-01-27,2017-01-25 16:32:25,2017-01-25,2017-01-26,2017-01-27,-0.003712444448462082,-0.1532465271551177
dev,BBT,Beacon Financial Corporation,2018-02-02,2018-01-26 13:22:25,2018-01-25,2018-01-26,2018-01-29,-0.019182528604391846,-1.1383468902030502
dev,CMI,Cummins Inc.,2023-11-03,2023-11-02 07:47:13,2023-11-01,2023-11-02,2023-11-03,0.0074569055393911565,0.5040926152338723
dev,AMRN,Amarin Corporation plc,2019-07-05,2019-07-02 08:14:32,2019-07-01,2019-07-02,2019-07-03,0.17725562353661495,4.141240196263362
dev,BIO,"Bio-Rad Laboratories, Inc.Class A",2022-11-04,2022-10-27 16:12:31,2022-10-27,2022-10-28,2022-10-31,-0.10289706850524316,-2.7959017996433992
dev,AVO,"Mission Produce, Inc. Common Stock",2023-06-16,2023-06-08 16:15:36,2023-06-08,2023-06-09,2023-06-12,0.0002778856737823965,0.014747776853111379
dev,EQIX,"Equinix, Inc. Common Stock REIT",2018-02-16,2018-02-14 17:24:01,2018-02-14,2018-02-15,2018-02-16,-0.0875848012605992,-3.9654009076557717
dev,NEM,Newmont Corporation,2017-10-27,2017-10-26 06:55:35,2017-10-25,2017-10-26,2017-10-27,-0.03486976834077282,-2.12373043720107
dev,AWR,American States Water Company,2022-05-06,2022-05-02 16:39:26,2022-05-02,2022-05-03,2022-05-04,-0.03899433610227665,-1.6744650334157174
dev,GFF,Griffon Corp,2019-11-15,2019-11-13 16:21:56,2019-11-13,2019-11-14,2019-11-15,0.024733871922119066,0.9072283956930162
dev,ARCC,Ares Capital Corporation Common Stock,2021-04-30,2021-04-28 06:10:21,2021-04-27,2021-04-28,2021-04-29,-0.0052260465284341695,-0.33754821041498123
dev,TALO,"Talos Energy, Inc. Common Stock",2020-11-06,2020-11-05 00:10:55,2020-11-04,2020-11-05,2020-11-06,-0.07274005972009623,-1.110172157810846
dev,ROG,Rogers Corporation,2023-05-05,2023-04-27 16:07:16,2023-04-27,2023-04-28,2023-05-01,0.01833895791347029,0.6725289814010739
dev,ORIC,"Oric Pharmaceuticals, Inc. Common Stock",2023-08-18,2023-08-10 16:11:14,2023-08-10,2023-08-11,2023-08-14,0.0039031992231624013,0.05423363213951431
dev,T,AT&T Inc.,2022-01-07,2022-01-05 06:46:04,2022-01-04,2022-01-05,2022-01-06,0.038173072563575716,1.6053083297339015
dev,AIN,Albany International Corp Class A,2021-10-29,2021-10-25 16:51:04,2021-10-25,2021-10-26,2021-10-27,-0.02003811774011155,-0.7800556671891186
dev,EXTR,"Extreme Networks, Inc. Common Stock",2019-08-02,2019-07-31 07:29:12,2019-07-30,2019-07-31,2019-08-01,0.1564611598322435,4.896676505748902
dev,SEDG,"SolarEdge Technologies, Inc. Common Stock",2021-11-05,2021-11-02 20:13:05,2021-11-02,2021-11-03,2021-11-04,-0.02586405343895748,-0.6342442176537091
dev,MTD,Mettler-Toledo International,2019-05-17,2019-05-09 16:24:57,2019-05-09,2019-05-10,2019-05-13,-0.0339866676020355,-1.9056591266127074
dev,SSB,SouthState Bank Corporation,2023-05-05,2023-04-27 16:07:55,2023-04-27,2023-04-28,2023-05-01,-0.013162698658946037,-0.3568994968890794
dev,FNB,F.N.B. Corp,2023-10-20,2023-10-19 07:30:50,2023-10-18,2023-10-19,2023-10-20,-0.009668803542163817,-0.47130794167884094
dev,PARR,"Par Pacific Holdings, Inc. Common Stock",2017-11-10,2017-11-06 20:20:13,2017-11-06,2017-11-07,2017-11-08,-0.06210028382213817,-3.788519608407912
dev,NNBR,"NN, Inc. Common Stock",2019-11-15,2019-11-08 11:07:03,2019-11-07,2019-11-08,2019-11-11,0.19459233380714913,3.372848214141153
dev,PEG,Public Service Enterprise Group Incorporated,2023-11-03,2023-10-31 09:00:41,2023-10-30,2023-10-31,2023-11-01,0.019843626585960283,1.1312019331247705
dev,CNOB,"ConnectOne Bancorp, Inc. Common Stock",2023-04-28,2023-04-27 07:32:11,2023-04-26,2023-04-27,2023-04-28,-0.025066477147910327,-0.6332735936673453
dev,HEI,HEICO Corporation,2019-12-20,2019-12-16 16:33:02,2019-12-16,2019-12-17,2019-12-18,-0.08694003052132926,-4.440398576215077
dev,SRG,"Seritage Growth Properties Class A common shares of beneficial interest, par value $0.01",2023-03-17,2023-03-14 16:36:57,2023-03-14,2023-03-15,2023-03-16,-0.10713244720790116,-3.5237642373168763
dev,BGS,"B&G Foods, Inc.",2020-11-13,2020-11-05 16:07:28,2020-11-05,2020-11-06,2020-11-09,-0.06365951020205107,-2.114696888861945
dev,AVAV,"AeroVironment, Inc. Common Stock",2022-07-01,2022-06-28 16:16:34,2022-06-28,2022-06-29,2022-06-30,0.014915714405695502,0.2850381620468234
dev,FIBK,"First Interstate BancSystem, Inc. Common Stock (DE)",2018-10-26,2018-10-24 18:35:33,2018-10-24,2018-10-25,2018-10-26,0.01913042978067403,1.107140624982308
dev,AIN,Albany International Corp Class A,2017-05-12,2017-05-04 17:11:15,2017-05-04,2017-05-05,2017-05-08,-0.025704646463858616,-1.1862855629726115
dev,BDC,Belden Inc.,2021-11-05,2021-11-03 07:57:34,2021-11-02,2021-11-03,2021-11-04,-0.03166399186858293,-1.2521251125415447
dev,MCD,McDonald's Corporation,2023-04-28,2023-04-25 07:01:38,2023-04-24,2023-04-25,2023-04-26,0.008299885366067739,0.7194106649386169
dev,PPL,PPL Corporation,2021-08-06,2021-08-05 08:08:31,2021-08-04,2021-08-05,2021-08-06,0.020399053285558244,1.4518804725872305
dev,KLIC,"Kulicke and Soffa Industries, Inc. Common Stock",2022-08-05,2022-08-03 16:35:36,2022-08-03,2022-08-04,2022-08-05,0.050157368233608834,1.0634283186711702
dev,ALL,The Allstate Corporation,2021-08-06,2021-08-04 20:20:10,2021-08-04,2021-08-05,2021-08-06,0.006661301026866351,0.36805292092339853
dev,OFG,OFG BANCORP,2020-07-31,2020-07-24 10:28:59,2020-07-23,2020-07-24,2020-07-27,-0.052632110186441095,-0.756476374460335
dev,TKR,The Timken Company,2023-02-10,2023-02-06 06:51:34,2023-02-03,2023-02-06,2023-02-07,-0.021216535520991675,-0.8356121293268266
dev,UIS,Unisys Corporation,2022-08-05,2022-08-03 16:20:44,2022-08-03,2022-08-04,2022-08-05,-0.18227871942636376,-4.275553873066867
dev,AJG,Arthur J. Gallagher & Co.,2019-02-08,2019-01-31 16:22:07,2019-01-31,2019-02-01,2019-02-04,0.025399301934732277,1.3748316938218672
dev,TRS,TriMas Corporation Common Stock,2021-02-26,2021-02-25 09:24:11,2021-02-24,2021-02-25,2021-02-26,-0.02996170446568458,-1.0969056881678172
dev,MRNA,"Moderna, Inc. Common Stock",2020-10-30,2020-10-29 11:07:01,2020-10-28,2020-10-29,2020-10-30,0.026348978985798466,0.5388537503758144
dev,AFRM,"Affirm Holdings, Inc. Class A Common Stock",2022-05-20,2022-05-12 16:08:48,2022-05-12,2022-05-13,2022-05-16,0.2524095681104286,2.16811826663797
dev,CQP,"Cheniere Energy Partners, LP",2022-08-05,2022-08-04 07:34:10,2022-08-03,2022-08-04,2022-08-05,-0.03627412204458791,-0.9330411194026201
dev,CINF,Cincinnati Financial Corporation Common Stock,2019-08-02,2019-07-30 16:06:56,2019-07-30,2019-07-31,2019-08-01,0.023205206305772275,1.9387044284514254
dev,ICUI,"ICU Medical, Inc. Common Stock",2019-03-08,2019-02-28 16:09:13,2019-02-28,2019-03-01,2019-03-04,-0.04155417973777353,-1.6475741341891998
dev,CROX,"Crocs, Inc. Common Stock",2019-11-01,2019-10-30 07:22:07,2019-10-29,2019-10-30,2019-10-31,0.04934266344505689,1.5871537439402106
dev,ASH,Ashland Inc.,2020-07-24,2020-07-17 06:48:41,2020-07-16,2020-07-17,2020-07-20,0.04030205792758723,1.11638834565278
dev,PRSU,"Pursuit Attractions and Hospitality, Inc.",2023-08-11,2023-08-03 16:15:11,2023-08-03,2023-08-04,2023-08-07,0.061147865268724955,1.7770595086041217
dev,MVBF,MVB Financial Corp. Common Stock,2021-05-07,2021-05-03 08:45:50,2021-04-30,2021-05-03,2021-05-04,0.018109050059219256,0.3324258563031763
dev,CRUS,"Cirrus Logic, Inc. Common Stock",2018-11-09,2018-11-01 16:45:27,2018-11-01,2018-11-02,2018-11-05,-0.005298813800846736,-0.16825588554380813
dev,LFCR,"Lifecore Biomedical, Inc. Common Stock",2020-04-03,2020-03-31 16:53:21,2020-03-31,2020-04-01,2020-04-02,0.13273824485044317,2.9753859528278954
dev,RBC,RBC Bearings Incorporated,2022-05-27,2022-05-26 09:03:01,2022-05-25,2022-05-26,2022-05-27,0.12388629371007309,3.992844939405037
dev,OIS,"OIL STATES INTERNATIONAL, INC.",2021-11-05,2021-11-01 06:15:15,2021-10-29,2021-11-01,2021-11-02,0.007427298572561636,0.12635637891602122
dev,MU,"Micron Technology, Inc. Common Stock",2021-04-09,2021-03-31 16:00:40,2021-03-31,2021-04-01,2021-04-05,0.037469266823280334,0.8100037883146803
dev,PTCT,"PTC Therapeutics, Inc. Common Stock",2017-05-12,2017-05-08 11:42:35,2017-05-05,2017-05-08,2017-05-09,-0.037356321952015104,-0.558043209777991
dev,PH,Parker-Hannifin Corporation,2017-11-03,2017-11-02 09:08:30,2017-11-01,2017-11-02,2017-11-03,0.014925863026770347,1.0500872425009398
dev,CCI,Crown Castle Inc.,2020-02-28,2020-02-26 16:27:08,2020-02-26,2020-02-27,2020-02-28,-0.06994109139823423,-3.9805883287884454
dev,MDT,Medtronic plc,2020-05-22,2020-05-21 10:48:43,2020-05-20,2020-05-21,2020-05-22,-0.028936044035796304,-0.4699554116494549
dev,CLSK,"CleanSpark, Inc. Common Stock",2021-12-17,2021-12-14 19:35:37,2021-12-14,2021-12-15,2021-12-16,-0.05126006728366983,-0.6518237337005001
dev,MERC,Mercer International Inc. Common Stock,2023-11-10,2023-11-02 16:33:24,2023-11-02,2023-11-03,2023-11-06,0.10370270670963544,2.473288246049749
dev,WSBC,"WesBanco, Inc. Common Stock",2019-10-25,2019-10-23 20:46:51,2019-10-23,2019-10-24,2019-10-25,-0.06370082417384826,-3.659266150701868
dev,HALO,"Halozyme Therapeutics, Inc. Common Stock",2021-02-26,2021-02-23 16:03:34,2021-02-23,2021-02-24,2021-02-25,0.015408064906432983,0.4427148338902792
dev,ACAD,ACADIA Pharmaceuticals Inc. Common Stock,2022-05-06,2022-05-04 16:26:06,2022-05-04,2022-05-05,2022-05-06,-0.0597625455627081,-1.0743863365213204
dev,DDOG,"Datadog, Inc. Class A Common Stock",2023-05-05,2023-05-04 07:05:00,2023-05-03,2023-05-04,2023-05-05,0.15165607288310734,3.231502549791916
dev,EAT,"Brinker International, Inc.",2019-02-01,2019-01-29 08:13:21,2019-01-28,2019-01-29,2019-01-30,-0.12638587225191855,-3.367333313846018
dev,TXG,"10x Genomics, Inc. Class A Common Stock",2023-05-05,2023-05-03 16:05:02,2023-05-03,2023-05-04,2023-05-05,-0.00631476551300425,-0.1316808913875014
dev,OKTA,"Okta, Inc. Class A Common Stock",2021-12-03,2021-12-01 16:03:26,2021-12-01,2021-12-02,2021-12-03,0.07687067990941965,1.9576339189259737
dev,AMG,Affiliated Managers Group,2019-11-01,2019-10-28 07:34:46,2019-10-25,2019-10-28,2019-10-29,0.0817918262556665,2.868131589728809
dev,PAG,"Penske Automotive Group, Inc.",2020-02-07,2020-02-05 11:57:40,2020-02-04,2020-02-05,2020-02-06,0.04707734799512031,3.0250450058749836
dev,ROST,"Ross Stores, Inc. Common Stock",2021-11-26,2021-11-18 21:05:16,2021-11-18,2021-11-19,2021-11-22,-0.06519187708295737,-3.101545418855093
dev,VECO,Veeco Instruments Inc. Common Stock,2022-02-18,2022-02-16 16:15:27,2022-02-16,2022-02-17,2022-02-18,-0.05230108553023982,-1.220476020615194
dev,INTC,Intel Corporation Common Stock,2017-11-03,2017-10-26 16:07:05,2017-10-26,2017-10-27,2017-10-30,0.06783401288310986,6.003117643342781
dev,TPL,Texas Pacific Land Corporation,2022-11-04,2022-11-02 16:17:05,2022-11-02,2022-11-03,2022-11-04,0.09782743769026858,2.150075196150774
dev,PENN,"PENN Entertainment, Inc. Common Stock",2019-02-15,2019-02-07 17:07:02,2019-02-07,2019-02-08,2019-02-11,-0.02404400263538975,-0.5484800197215602
dev,SWK,"Stanley Black & Decker, Inc.",2020-01-31,2020-01-29 07:07:56,2020-01-28,2020-01-29,2020-01-30,-0.009433005160399688,-0.49388920010995413
dev,DOCU,"DocuSign, Inc. Common Stock",2020-12-11,2020-12-03 16:08:24,2020-12-03,2020-12-04,2020-12-07,-0.00026500050533573294,-0.0051720138808305175
dev,AMBA,"Ambarella, Inc. Ordinary Shares",2023-03-03,2023-02-28 16:15:02,2023-02-28,2023-03-01,2023-03-02,-0.12553615423643316,-3.047216575319634
dev,RBC,RBC Bearings Incorporated,2019-08-02,2019-08-01 08:53:24,2019-07-31,2019-08-01,2019-08-02,0.01145854111965261,0.5286066701583749
dev,ACN,Accenture PLC,2017-03-24,2017-03-23 07:04:15,2017-03-22,2017-03-23,2017-03-24,-0.057701995835661046,-5.4976926447829895
dev,FLWS,"1-800-FLOWERS.COM, Inc. Common Stock",2022-09-02,2022-09-01 10:04:57,2022-08-31,2022-09-01,2022-09-02,-0.1388732462980401,-2.644301069197415
dev,HWKN,"Hawkins, Inc. Common Stock",2023-08-04,2023-08-02 16:13:23,2023-08-02,2023-08-03,2023-08-04,0.07761253009268676,2.533321716352318
dev,FCX,Freeport-McMoran Inc.,2017-10-27,2017-10-25 16:14:57,2017-10-25,2017-10-26,2017-10-27,-0.04772577047013138,-1.5452784495826293
dev,ZM,"Zoom Communications, Inc. Class A Common Stock",2020-12-04,2020-11-30 16:06:14,2020-11-30,2020-12-01,2020-12-02,-0.1496488107054489,-2.199392049175793
dev,FBP,First BanCorp.,2017-01-27,2017-01-26 09:43:04,2017-01-25,2017-01-26,2017-01-27,-0.019434510251886583,-0.44392028454145777
dev,MNRO,"Monro, Inc. Common Stock",2020-10-30,2020-10-29 15:13:55,2020-10-28,2020-10-29,2020-10-30,0.03605803423261089,1.077158496283353
dev,TDOC,"Teladoc Health, Inc.",2019-05-03,2019-04-30 20:01:20,2019-04-30,2019-05-01,2019-05-02,0.02903069359390331,0.6327403741823876
dev,AMBA,"Ambarella, Inc. Ordinary Shares",2021-09-03,2021-08-31 16:18:36,2021-08-31,2021-09-01,2021-09-02,0.2773586840797153,7.704717101705775
dev,JRVR,"James River Group Holdings, Inc. Common Stock",2020-02-28,2020-02-20 16:13:45,2020-02-20,2020-02-21,2020-02-24,0.08901785744600665,4.78870376907885
dev,BKNG,Booking Holdings Inc. Common Stock,2019-11-15,2019-11-07 16:03:43,2019-11-07,2019-11-08,2019-11-11,0.024575321509215486,1.2046939676237478
dev,IIIN,"Insteel Industries, Inc.",2017-10-20,2017-10-19 06:30:15,2017-10-18,2017-10-19,2017-10-20,-0.010298883897343458,-0.4627313968928564
dev,TARS,"Tarsus Pharmaceuticals, Inc. Common Stock",2022-05-13,2022-05-10 16:16:37,2022-05-10,2022-05-11,2022-05-12,0.033713619421977814,0.4881735930927443
dev,AIG,"American International Group, Inc.",2023-05-12,2023-05-04 16:32:55,2023-05-04,2023-05-05,2023-05-08,0.05870526698549372,1.7838469921906912
dev,COIN,"Coinbase Global, Inc. Class A Common Stock",2022-05-13,2022-05-10 20:06:30,2022-05-10,2022-05-11,2022-05-12,-0.18159329657420187,-2.205067262477768
dev,INSP,"Inspire Medical Systems, Inc.",2023-05-05,2023-05-02 16:03:25,2023-05-02,2023-05-03,2023-05-04,0.05216328156064287,1.4135276470823441
dev,GSBD,"Goldman Sachs BDC, Inc.",2021-08-13,2021-08-05 21:21:51,2021-08-05,2021-08-06,2021-08-09,0.003829448570578098,0.2760233698746554
dev,KDP,Keurig Dr Pepper Inc. Common Stock,2021-04-30,2021-04-29 06:34:15,2021-04-28,2021-04-29,2021-04-30,0.01859269822726317,1.265824236648324
dev,AGM,Federal Agricultural Mortgage Corporation,2021-03-05,2021-02-25 21:08:48,2021-02-25,2021-02-26,2021-03-01,0.030071426312933802,1.148860760609172
dev,KNTK,Kinetik Holdings Inc.,2022-11-11,2022-11-10 01:09:43,2022-11-09,2022-11-10,2022-11-11,-0.040478351979969185,-0.9587526023993184
dev,ADNT,Adient plc Ordinary Shares,2023-02-10,2023-02-07 06:51:25,2023-02-06,2023-02-07,2023-02-08,-0.03858775460396324,-0.9083044189571691
dev,AXTI,AXT Inc Common Stock,2021-02-26,2021-02-18 21:10:54,2021-02-18,2021-02-19,2021-02-22,0.20310719031251045,3.3885600969177907
dev,GRBK,"Green Brick Partners, Inc",2021-03-12,2021-03-08 16:18:56,2021-03-08,2021-03-09,2021-03-10,0.060651010983270304,1.558924618115289
dev,TILE,"Interface, Inc. Common Stock",2018-02-23,2018-02-21 16:34:49,2018-02-21,2018-02-22,2018-02-23,0.05003588479952126,2.2725068864701745
dev,GXO,"GXO Logistics, Inc.",2023-08-04,2023-08-02 16:09:37,2023-08-02,2023-08-03,2023-08-04,-0.001284647992658483,-0.056545871519474745
dev,ROP,"Roper Technologies, Inc. Common Stock",2018-07-27,2018-07-26 12:04:11,2018-07-25,2018-07-26,2018-07-27,0.044918759430698674,3.3811900660513734
dev,KKR,KKR & Co. Inc.,2022-11-04,2022-11-01 06:49:50,2022-10-31,2022-11-01,2022-11-02,0.054180679174119506,1.5099124663882864
dev,TNL,Travel + Leisure Co.,2020-05-08,2020-05-06 06:35:50,2020-05-05,2020-05-06,2020-05-07,-0.036625630035582724,-0.29674281035108135
dev,DX,"Dynex Capital, Inc.",2021-04-30,2021-04-28 12:12:24,2021-04-27,2021-04-28,2021-04-29,0.02257621613843952,1.3473443525772033
dev,AHCO,AdaptHealth Corp. Common Stock,2023-11-10,2023-11-07 07:02:37,2023-11-06,2023-11-07,2023-11-08,-0.23436309977151548,-4.115601854476616
dev,ZUMZ,Zumiez Inc. Common Stock,2018-12-14,2018-12-06 16:30:17,2018-12-06,2018-12-07,2018-12-10,-0.007974350656732798,-0.23443230448745225
dev,CSTL,"Castle Biosciences, Inc. Common Stock",2021-08-13,2021-08-09 20:14:27,2021-08-09,2021-08-10,2021-08-11,-0.12287332290555641,-2.6303155507076266
dev,SYY,Sysco Corporation,2022-05-13,2022-05-10 08:23:36,2022-05-09,2022-05-10,2022-05-11,0.050255023488218975,1.7344964067879745
dev,EBS,"Emergent Biosolutions, Inc.",2020-08-07,2020-07-31 20:28:49,2020-07-31,2020-08-03,2020-08-04,0.09138498931007555,1.3961985956688892
dev,TCMD,"Tactile Systems Technology, Inc. Common Stock",2021-11-12,2021-11-08 16:01:15,2021-11-08,2021-11-09,2021-11-10,-0.20030235622493786,-5.506753546765625
dev,MAT,"Mattel, Inc. Common Stock",2020-02-21,2020-02-13 16:07:27,2020-02-13,2020-02-14,2020-02-18,-0.0754313094409651,-2.8446501274736744
dev,SR,Spire Inc.,2022-08-05,2022-08-04 08:25:37,2022-08-03,2022-08-04,2022-08-05,-0.016421664071227693,-0.7824052118592376
dev,AXS,Axis Capital Holders Limited,2021-04-16,2021-04-14 16:23:24,2021-04-14,2021-04-15,2021-04-16,0.0029700927354785467,0.11817584163154403
dev,RXT,"Rackspace Technology, Inc. Common Stock",2022-11-11,2022-11-09 16:14:54,2022-11-09,2022-11-10,2022-11-11,0.21922912017522078,2.7074832484855675
dev,PBYI,Puma Biotechnology Inc Common Stock,2019-03-08,2019-02-28 16:10:33,2019-02-28,2019-03-01,2019-03-04,0.4385537583353116,8.396901416284939
dev,NDSN,Nordson Corporation Common Stock,2020-02-21,2020-02-19 16:30:38,2020-02-19,2020-02-20,2020-02-21,0.006838245147449018,0.4379660924297584
dev,SLB,SLB Limited,2019-07-26,2019-07-19 07:14:04,2019-07-18,2019-07-19,2019-07-22,0.02187527032692116,0.8471963397780444
dev,MSM,"MSC Industrial Direct Co., Inc. Class A",2019-10-25,2019-10-24 06:40:40,2019-10-23,2019-10-24,2019-10-25,0.007052221283207372,0.2621418532021763
dev,FISV,"Fiserv, Inc. Common Stock",2020-05-15,2020-05-07 16:29:38,2020-05-07,2020-05-08,2020-05-11,-0.06918967855784186,-0.9753026694621181
dev,CRWD,"CrowdStrike Holdings, Inc. Class A Common Stock",2023-03-10,2023-03-07 21:06:44,2023-03-07,2023-03-08,2023-03-09,-0.009088286887433461,-0.2177258095340995
dev,MCFT,"MasterCraft Boat Holdings, Inc. Common Stock",2021-05-14,2021-05-12 07:44:45,2021-05-11,2021-05-12,2021-05-13,0.12140032742010787,2.8150871124388837
dev,EOLS,"Evolus, Inc. Common Stock",2023-07-28,2023-07-27 08:55:29,2023-07-26,2023-07-27,2023-07-28,0.2922894813704955,6.307945463691379
dev,KFRC,Kforce Inc.,2020-04-24,2020-04-20 09:10:19,2020-04-17,2020-04-20,2020-04-21,0.05787559837573397,0.8699338899455886
dev,LW,"Lamb Weston Holdings, Inc.",2023-07-28,2023-07-25 08:40:21,2023-07-24,2023-07-25,2023-07-26,-0.09983679156281944,-8.123709381924662
dev,CARR,Carrier Global Corporation,2022-07-29,2022-07-28 07:11:00,2022-07-27,2022-07-28,2022-07-29,-0.0021338286182142063,-0.06999754893061232
dev,EXLS,"ExlService Holdings, Inc. Common Stock",2022-10-28,2022-10-27 06:01:18,2022-10-26,2022-10-27,2022-10-28,0.016026016076884142,0.45806377926742303
dev,EXR,"Extra Space Storage, Inc.",2022-08-05,2022-08-02 16:38:19,2022-08-02,2022-08-03,2022-08-04,0.029136013093926216,1.008877380238964
dev,MRNA,"Moderna, Inc. Common Stock",2021-05-07,2021-05-06 11:29:31,2021-05-05,2021-05-06,2021-05-07,-0.0134203744988457,-0.19922246981076702
dev,NFLX,"Netflix, Inc. Common Stock",2019-12-20,2019-12-16 16:09:23,2019-12-16,2019-12-17,2019-12-18,0.0543271980051141,1.9465607884347196
dev,TTC,Toro Company (The),2021-03-05,2021-03-04 08:35:37,2021-03-03,2021-03-04,2021-03-05,-0.02300653649267026,-1.2174600879037882
dev,RUSHA,"Rush Enterprises, Inc. Common Stock Cl A",2023-04-28,2023-04-25 16:36:49,2023-04-25,2023-04-26,2023-04-27,-0.027910764310651093,-1.0849187060951222
dev,AES,AES Corporation,2023-05-12,2023-05-04 17:01:00,2023-05-04,2023-05-05,2023-05-08,-0.05303660412042521,-2.2467722294814405
dev,ETSY,"Etsy, Inc.",2021-11-05,2021-11-03 20:08:23,2021-11-03,2021-11-04,2021-11-05,0.07736124919952059,2.256890928642822
dev,ZBRA,Zebra Technologies Corporation Class A Common Stock,2023-08-04,2023-08-01 07:33:23,2023-07-31,2023-08-01,2023-08-02,-0.200213444327076,-6.932847249344992
dev,EQT,EQT CORP,2022-07-15,2022-07-11 20:16:02,2022-07-11,2022-07-12,2022-07-13,0.07471821995690864,1.2054357383165923
dev,MCRI,"Monarch Casino & Resort, Inc. Common Stock",2022-02-11,2022-02-09 16:20:21,2022-02-09,2022-02-10,2022-02-11,0.09549601019081022,2.7651151159349237
dev,CBL,"CBL & Associates Properties, Inc.",2017-08-11,2017-08-04 15:52:46,2017-08-03,2017-08-04,2017-08-07,0.07910713186851881,2.241934852033679
dev,SMTC,Semtech Corporation Common Stock,2017-03-10,2017-03-08 21:30:14,2017-03-08,2017-03-09,2017-03-10,-0.003048985133109028,-0.1434286308234593
dev,KFY,Korn Ferry,2023-03-10,2023-03-08 06:50:41,2023-03-07,2023-03-08,2023-03-09,0.04320060102440848,1.7315767609787323
dev,TTC,Toro Company (The),2021-12-17,2021-12-15 08:46:53,2021-12-14,2021-12-15,2021-12-16,0.00280985260549782,0.13722407996348102
dev,AEIS,"Advanced Energy Industries, Inc. Common Stock",2023-05-05,2023-05-03 20:05:34,2023-05-03,2023-05-04,2023-05-05,-0.01755393362392277,-0.684315665449192
dev,EOG,"EOG Resources, Inc.",2017-03-03,2017-02-27 16:28:05,2017-02-27,2017-02-28,2017-03-01,0.010590749099176344,0.40439142666630856
dev,CNNE,"Cannae Holdings, Inc. Common Stock",2020-11-13,2020-11-09 11:29:51,2020-11-06,2020-11-09,2020-11-10,0.044760758265428136,1.606313258539477
dev,CBRL,"Cracker Barrel Old Country Store, Inc Common Stock",2023-03-03,2023-02-28 08:14:01,2023-02-27,2023-02-28,2023-03-01,0.03561187201023852,0.9743172577503326
dev,UCTT,"Ultra Clean Holdings, Inc. Common Stock",2019-11-01,2019-10-30 16:15:08,2019-10-30,2019-10-31,2019-11-01,0.21622118235737586,4.500900427232806
dev,UE,UBRAN EDGE PROPERTIES,2018-02-16,2018-02-14 16:25:59,2018-02-14,2018-02-15,2018-02-16,0.02748914804867142,1.4051512535007677
dev,PJT,PJT Partners Inc.,2017-05-05,2017-05-02 07:00:34,2017-05-01,2017-05-02,2017-05-03,0.05516856059317399,2.0331652159365214
dev,TRMK,Trustmark Corporation Common Stock,2017-10-27,2017-10-24 16:45:35,2017-10-24,2017-10-25,2017-10-26,0.004186709424550128,0.23349051441066307
dev,AVGO,Broadcom Inc. Common Stock,2021-06-11,2021-06-03 16:19:10,2021-06-03,2021-06-04,2021-06-07,-0.010318275151171563,-0.36651212578251974
dev,DLX,Deluxe Corporation,2023-12-08,2023-12-05 07:18:51,2023-12-04,2023-12-05,2023-12-06,-0.0348248627772787,-1.0139243752075833
dev,SNDX,"Syndax Pharmaceuticals, Inc. Common Stock",2023-08-11,2023-08-03 16:04:05,2023-08-03,2023-08-04,2023-08-07,-0.09606512754059826,-2.85065153413628
dev,MOD,Modine Manufacturing Co,2021-11-05,2021-11-02 20:45:18,2021-11-02,2021-11-03,2021-11-04,-0.01672757428202054,-0.4940219504652574
dev,ZS,"Zscaler, Inc. Common Stock",2023-09-08,2023-09-05 16:07:09,2023-09-05,2023-09-06,2023-09-07,-0.0007939252822345422,-0.018035879169932458
dev,COHR,Coherent Corp.,2022-08-26,2022-08-24 11:30:46,2022-08-23,2022-08-24,2022-08-25,-0.039470270135916974,-1.0401260428244834
dev,AMPH,"Amphastar Pharmaceuticals, Inc. Common Stock",2019-08-09,2019-08-07 16:18:47,2019-08-07,2019-08-08,2019-08-09,0.036302712074140375,1.475952604331125
dev,LYB,LyondellBasell Industries N.V. Class A,2018-05-04,2018-04-27 06:46:32,2018-04-26,2018-04-27,2018-04-30,-0.0007621531073366272,-0.02801409041983772
dev,VMI,"Valmont Industries, Inc.",2021-07-23,2021-07-21 20:42:12,2021-07-21,2021-07-22,2021-07-23,0.002474273294196916,0.10064889198357797
dev,CRBP,"Corbus Pharmaceuticals Holdings, Inc. Common Stock",2017-11-10,2017-11-08 08:26:03,2017-11-07,2017-11-08,2017-11-09,0.031184712800804815,0.6902870261253935
dev,VSEC,VSE Corporation Common Stock,2023-07-21,2023-07-19 16:22:58,2023-07-19,2023-07-20,2023-07-21,-0.0383601428814061,-0.6777828051345898
dev,ZBH,"Zimmer Biomet Holdings, Inc.",2020-08-07,2020-08-04 10:45:23,2020-08-03,2020-08-04,2020-08-05,-0.025682750011749134,-0.6386838172928674
dev,MAC,The Macerich Company,2019-11-01,2019-10-31 06:46:43,2019-10-30,2019-10-31,2019-11-01,0.024092504469672038,0.8236804309718139
dev,EWBC,"East West Bancorp, Inc. Common Stock",2020-04-24,2020-04-23 10:28:32,2020-04-22,2020-04-23,2020-04-24,0.11186363910864161,1.3663755724234836
dev,GHC,GRAHAM HOLDINGS COMPANY,2018-03-02,2018-02-23 17:23:53,2018-02-23,2018-02-26,2018-02-27,-0.026605244813751816,-1.7038807079420992
dev,SIRI,SiriusXM Holdings Inc. Common Stock,2022-02-04,2022-02-01 07:59:59,2022-01-31,2022-02-01,2022-02-02,0.03382007988364433,1.6362891703395366
dev,PRKS,United Parks & Resorts Inc.,2020-11-06,2020-11-05 06:37:26,2020-11-04,2020-11-05,2020-11-06,-0.00015851494297769442,-0.0039027743710316784
holdout,MCK,McKesson Corporation,2025-02-07,2025-02-05 16:05:22,2025-02-05,2025-02-06,2025-02-07,-0.012767949286068392,-0.517321601922022
holdout,CDRE,"Cadre Holdings, Inc.",2024-05-10,2024-05-07 16:15:25,2024-05-07,2024-05-08,2024-05-09,-0.10552493215807501,-3.75690008824561
holdout,IREN,IREN Limited Ordinary Shares,2025-09-05,2025-08-28 16:03:13,2025-08-28,2025-08-29,2025-09-02,0.2767790304983244,4.21954936612802
holdout,ALGM,"Allegro MicroSystems, Inc. Common Stock",2026-05-08,2026-05-07 07:09:38,2026-05-06,2026-05-07,2026-05-08,-0.05227267174942973,-0.9274927563767997
holdout,SITC,SITE Centers Corp. Common Shares,2024-08-02,2024-07-30 06:45:14,2024-07-29,2024-07-30,2024-07-31,-0.02082067201194271,-1.30137955502236
holdout,THRM,Gentherm Inc Common Stock,2024-08-02,2024-07-31 10:10:37,2024-07-30,2024-07-31,2024-08-01,0.07355214886086014,2.717061726342276
holdout,IPGP,IPG Photonics Corporation Common Stock,2025-11-07,2025-11-04 08:01:55,2025-11-03,2025-11-04,2025-11-05,0.04392343804490417,1.3618110569309538
holdout,HROW,"Harrow, Inc. Common Stock",2026-03-06,2026-03-02 21:15:59,2026-03-02,2026-03-03,2026-03-04,-0.26632627088015326,-5.241840817911135
holdout,TDC,TERADATA CORPORATION,2025-05-09,2025-05-06 16:07:21,2025-05-06,2025-05-07,2025-05-08,0.020701925737981686,0.38884012193519263
holdout,REFI,"Chicago Atlantic Real Estate Finance, Inc. Common Stock",2025-03-14,2025-03-12 07:00:43,2025-03-11,2025-03-12,2025-03-13,-0.02812492027022606,-2.2323344758809336
holdout,ARW,"Arrow Electronics, Inc.",2025-02-07,2025-02-06 08:01:26,2025-02-05,2025-02-06,2025-02-07,-0.06330636999348527,-3.430363197917207
holdout,BLKB,"Blackbaud, Inc. Common Stock",2024-08-02,2024-07-30 16:23:45,2024-07-30,2024-07-31,2024-08-01,-0.02923240811421801,-2.096121606711327
holdout,IPGP,IPG Photonics Corporation Common Stock,2024-11-01,2024-10-29 08:01:58,2024-10-28,2024-10-29,2024-10-30,0.05237425113461047,1.7969844051548163
holdout,PEBO,Peoples Bancorp Inc. Common Stock,2025-04-25,2025-04-22 12:13:29,2025-04-21,2025-04-22,2025-04-23,-0.008182659034602136,-0.33195432786479057
holdout,AIG,"American International Group, Inc.",2024-08-02,2024-07-31 16:21:43,2024-07-31,2024-08-01,2024-08-02,-0.059139059439676234,-3.2575930196916785
holdout,CENTA,Central Garden & Pet Company Class A Common Stock Nonvoting,2025-08-08,2025-08-06 16:18:44,2025-08-06,2025-08-07,2025-08-08,-0.14783068750769846,-5.001337715359448
holdout,BLKB,"Blackbaud, Inc. Common Stock",2026-05-01,2026-04-29 07:09:05,2026-04-28,2026-04-29,2026-04-30,-0.018865125116002357,-0.4417816039782655
holdout,APAM,ARTISAN PARTNERS ASSET MANAGEMENT INC.,2026-02-06,2026-02-03 16:20:36,2026-02-03,2026-02-04,2026-02-05,0.011930255562653702,0.5637688719130299
holdout,VIAV,Viavi Solutions Inc. Common Stock,2025-08-15,2025-08-07 20:20:02,2025-08-07,2025-08-08,2025-08-11,0.06309393753555192,3.8620548645993655
holdout,FWRG,"First Watch Restaurant Group, Inc. Common Stock",2024-01-12,2024-01-08 07:12:54,2024-01-05,2024-01-08,2024-01-09,0.00388664500410707,0.14336343021576298
holdout,AHRT,"AH Realty Trust, Inc.",2025-02-21,2025-02-19 16:01:24,2025-02-19,2025-02-20,2025-02-21,-0.006023805877018451,-0.2957339660584802
holdout,LASR,"nLIGHT, Inc. Common Stock",2025-08-15,2025-08-07 16:36:42,2025-08-07,2025-08-08,2025-08-11,0.2877966905561047,6.150674537258564
holdout,AX,"Axos Financial, Inc. Common Stock",2024-05-03,2024-04-30 16:09:43,2024-04-30,2024-05-01,2024-05-02,0.12591867768479292,4.608746293729218
holdout,HCC,"Warrior Met Coal, Inc.",2024-05-03,2024-05-01 16:05:06,2024-05-01,2024-05-02,2024-05-03,-0.045257640825981715,-1.195874164007404
holdout,BIIB,Biogen Inc. Common Stock,2026-02-13,2026-02-06 11:55:01,2026-02-05,2026-02-06,2026-02-09,0.021492013945356048,0.7858151633188799
holdout,VRSK,"Verisk Analytics, Inc. Common Stock",2024-05-03,2024-05-01 07:17:18,2024-04-30,2024-05-01,2024-05-02,0.06645642486154446,4.803368881573855
holdout,VIAV,Viavi Solutions Inc. Common Stock,2024-02-09,2024-02-01 21:05:21,2024-02-01,2024-02-02,2024-02-05,-0.10140746522709987,-3.8426681218765344
holdout,CSX,CSX Corporation Common Stock,2026-01-30,2026-01-22 21:01:20,2026-01-22,2026-01-23,2026-01-26,0.041653619454458335,2.627763567673369
holdout,CMI,Cummins Inc.,2024-05-03,2024-05-02 07:46:34,2024-05-01,2024-05-02,2024-05-03,-0.03289044171753275,-1.5690754907694178
holdout,HWKN,"Hawkins, Inc. Common Stock",2024-11-01,2024-10-30 16:13:56,2024-10-30,2024-10-31,2024-11-01,-0.0773747270393732,-2.8418902635538754
holdout,HWC,Hancock Whitney Corporation Common Stock,2026-04-24,2026-04-21 16:01:39,2026-04-21,2026-04-22,2026-04-23,-0.004433122291895186,-0.1909370928954999
holdout,AXTA,Axalta Coating Systems Ltd.,2024-11-01,2024-10-30 10:01:47,2024-10-29,2024-10-30,2024-10-31,0.09344733019952078,4.8242703775386016
holdout,VNT,Vontier Corporation,2025-05-02,2025-05-01 06:43:51,2025-04-30,2025-05-01,2025-05-02,0.024695880643343937,0.6372057008981886
holdout,SPB,"Spectrum Brands Holdings, Inc.",2025-11-14,2025-11-13 07:01:28,2025-11-12,2025-11-13,2025-11-14,0.08959072950324776,3.137726349399967
holdout,GEN,Gen Digital Inc. Common Stock,2025-11-14,2025-11-06 16:07:45,2025-11-06,2025-11-07,2025-11-10,0.018667211368085468,1.1985587232440755
holdout,ERII,"Energy Recovery, Inc. Common Stock",2026-05-08,2026-05-06 16:05:39,2026-05-06,2026-05-07,2026-05-08,-0.2187724218356546,-2.991969811745197
holdout,BCC,Boise Cascade Company,2025-08-08,2025-08-04 16:19:21,2025-08-04,2025-08-05,2025-08-06,2.194459298698881e-05,0.0007227589923458726
holdout,LTH,"Life Time Group Holdings, Inc.",2025-01-17,2025-01-16 06:47:10,2025-01-15,2025-01-16,2025-01-17,0.09560750240612648,3.2430963764814487
holdout,NJR,New Jersey Resources Corp,2024-08-09,2024-08-06 06:55:48,2024-08-05,2024-08-06,2024-08-07,-0.016526454730563578,-0.9889970299124056
holdout,S,"SentinelOne, Inc.",2024-12-06,2024-12-04 21:19:12,2024-12-04,2024-12-05,2024-12-06,-0.1013514781254834,-2.774936217533071
holdout,NMFC,New Mountain Finance Corporation Common Stock,2024-08-02,2024-07-31 17:02:57,2024-07-31,2024-08-01,2024-08-02,0.016316465302104177,2.5716022920128325
holdout,MLTX,MoonLake Immunotherapeutics Class A Ordinary Shares,2025-11-07,2025-11-05 07:00:58,2025-11-04,2025-11-05,2025-11-06,0.02310005852066821,0.13078978644717998
holdout,LFST,"LifeStance Health Group, Inc. Common Stock",2025-02-28,2025-02-26 23:51:08,2025-02-26,2025-02-27,2025-02-28,0.03790105400576582,1.370690296983122
holdout,DE,Deere & Company,2026-02-20,2026-02-19 06:03:46,2026-02-18,2026-02-19,2026-02-20,0.11208278310679454,4.216773010202752
holdout,HNST,"The Honest Company, Inc. Common Stock",2025-02-28,2025-02-26 16:15:30,2025-02-26,2025-02-27,2025-02-28,-0.04867834247967151,-1.0518713040310743
holdout,CCB,Coastal Financial Corporation Common Stock,2024-05-03,2024-04-29 12:43:53,2024-04-26,2024-04-29,2024-04-30,-0.03493395765698215,-1.25936069110379
holdout,TMO,"Thermo Fisher Scientific, Inc.",2025-07-25,2025-07-23 06:03:44,2025-07-22,2025-07-23,2025-07-24,0.10203277566966729,3.3809291698841917
holdout,RNG,"RINGCENTRAL, INC.",2024-02-23,2024-02-20 16:46:54,2024-02-20,2024-02-21,2024-02-22,-0.04246852715908089,-1.0063643178009027
holdout,IP,International Paper Co.,2024-11-01,2024-10-31 11:37:01,2024-10-30,2024-10-31,2024-11-01,0.1527815468644913,7.586082850704435
holdout,APLE,"Apple Hospitality REIT, Inc.",2025-02-28,2025-02-24 16:15:31,2025-02-24,2025-02-25,2025-02-26,-0.005580705073170322,-0.30269028995381747
holdout,INOD,Innodata Inc. Common Stock,2024-05-10,2024-05-07 16:39:01,2024-05-07,2024-05-08,2024-05-09,0.70037826162703,7.7100677280365195
holdout,CCSI,"Consensus Cloud Solutions, Inc. Common Stock",2024-11-15,2024-11-07 21:00:42,2024-11-07,2024-11-08,2024-11-11,-0.033664965757881915,-0.7654847561505386
holdout,CRBG,"Corebridge Financial, Inc.",2025-11-07,2025-11-03 21:24:18,2025-11-03,2025-11-04,2025-11-05,-0.01297333908059306,-0.5428272290079178
holdout,VRDN,"Viridian Therapeutics, Inc. Common Stock",2026-05-08,2026-05-05 07:05:07,2026-05-04,2026-05-05,2026-05-06,0.2247666477963064,2.690676781281613
holdout,HASI,"HA Sustainable Infrastructure Capital, Inc.",2026-05-15,2026-05-07 16:18:27,2026-05-07,2026-05-08,2026-05-11,-0.04572329245189399,-1.5446569189668138
holdout,AEVA,"Aeva Technologies, Inc. Common Stock",2025-11-07,2025-11-05 16:15:56,2025-11-05,2025-11-06,2025-11-07,-0.042493102962672835,-0.5209978998724253
holdout,SMMT,Summit Therapeutics Inc. Common Stock,2026-01-16,2026-01-12 07:43:04,2026-01-09,2026-01-12,2026-01-13,-0.14539770472124625,-3.0722611935688446
holdout,HPK,"HighPeak Energy, Inc. Common Stock",2025-07-04,2025-06-30 08:08:37,2025-06-27,2025-06-30,2025-07-01,-0.002513945903190651,-0.03178059527079911
holdout,KEX,Kirby Corporation,2024-05-03,2024-04-25 16:10:36,2024-04-25,2024-04-26,2024-04-29,-0.03239359529533026,-1.2165678316402557
holdout,AIZ,"Assurant, Inc.",2025-08-08,2025-08-05 20:18:22,2025-08-05,2025-08-06,2025-08-07,0.061947375262568105,3.09197099711054
holdout,MSM,"MSC Industrial Direct Co., Inc. Class A",2025-07-04,2025-07-01 06:39:16,2025-06-30,2025-07-01,2025-07-02,0.04976758322045338,1.650222247209595
holdout,CHCT,"Community Healthcare Trust Incorporated Common Stock, $0.01 par value per share",2024-05-03,2024-04-30 16:31:36,2024-04-30,2024-05-01,2024-05-02,-0.06697478047535843,-2.7612174384969315
holdout,BCPC,Balchem Corporation Common Stock,2025-10-24,2025-10-21 07:17:12,2025-10-20,2025-10-21,2025-10-22,0.04665150016753694,2.546353133355333
holdout,BRX,BRIXMOR PROPERTY GROUP INC.,2025-08-01,2025-07-28 16:11:52,2025-07-28,2025-07-29,2025-07-30,0.043998191269006726,2.2745763324220256
holdout,GPGI,"GPGI, Inc.",2026-03-13,2026-03-12 07:06:13,2026-03-11,2026-03-12,2026-03-13,-0.1429518827238685,-2.863925799674535
holdout,ISRG,"Intuitive Surgical, Inc. Common Stock",2025-04-25,2025-04-22 16:03:30,2025-04-22,2025-04-23,2025-04-24,0.02452324594485944,0.5642201373223948
holdout,DNUT,"Krispy Kreme, Inc. Common Stock",2024-02-16,2024-02-13 07:55:14,2024-02-12,2024-02-13,2024-02-14,-0.06757480743860611,-2.7428866712340483
holdout,ENR,"Energizer Holdings, Inc",2024-05-10,2024-05-07 07:11:32,2024-05-06,2024-05-07,2024-05-08,-0.0065701425467115104,-0.3166606459354224
holdout,BKKT,"Bakkt, Inc.",2026-05-15,2026-05-11 16:36:28,2026-05-11,2026-05-12,2026-05-13,-0.19561072782266298,-2.8603128301727065
holdout,AON,Aon plc Class A,2026-05-08,2026-05-01 06:34:38,2026-04-30,2026-05-01,2026-05-04,0.013405014288808026,0.4462628040178725
holdout,NPCE,"Neuropace, Inc. Common Stock",2026-05-15,2026-05-12 16:07:17,2026-05-12,2026-05-13,2026-05-14,-0.014166664081455616,-0.2961248070746686
holdout,IIPR,"Innovative Industrial Properties, Inc. Common stock",2025-11-07,2025-11-03 18:26:42,2025-11-03,2025-11-04,2025-11-05,0.07927950611342849,2.304952916211097
holdout,SLP,"Simulations Plus, Inc. Common Stock",2025-01-10,2025-01-07 16:06:57,2025-01-07,2025-01-08,2025-01-10,-0.05659397379847253,-1.24913115825904
holdout,POR,Portland General Electric Company,2024-11-01,2024-10-25 08:59:02,2024-10-24,2024-10-25,2024-10-28,-0.004983467409886866,-0.3758453373735896
holdout,BUSE,First Busey Corporation Class A Common Stock,2024-04-26,2024-04-23 17:04:12,2024-04-23,2024-04-24,2024-04-25,-0.0037279128347045276,-0.13249390139192807
holdout,FLNA,"Filana Therapeutics, Inc. Common Stock",2024-05-17,2024-05-10 16:07:16,2024-05-10,2024-05-13,2024-05-14,0.14851332511571957,2.350468897517391
holdout,BMRC,Bank of Marin Bancorp Common Stock,2024-08-02,2024-07-29 08:59:16,2024-07-26,2024-07-29,2024-07-30,-0.041682709661559625,-1.2093540539660192
holdout,CUZ,Cousins Properties Inc.,2024-11-01,2024-10-24 16:19:40,2024-10-24,2024-10-25,2024-10-28,-0.01007531654370053,-0.6001491456269306
holdout,NVCR,NovoCure Limited Ordinary Shares,2024-01-12,2024-01-08 07:10:20,2024-01-05,2024-01-08,2024-01-09,0.09395136281792182,1.56299034800624
holdout,PATH,"UiPath, Inc.",2025-03-14,2025-03-12 20:23:00,2025-03-12,2025-03-13,2025-03-14,-0.08734707855274193,-2.0092420436000995
holdout,ATO,Atmos Energy Corporation,2025-02-07,2025-02-04 21:37:46,2025-02-04,2025-02-05,2025-02-06,-0.002499784544549355,-0.14593710952337943
holdout,UAA,"Under Armour, Inc.",2024-05-17,2024-05-16 07:52:16,2024-05-15,2024-05-16,2024-05-17,-0.0023192859233246432,-0.08362841286027023
holdout,CCOI,"Cogent Communications Holdings, Inc.",2025-11-07,2025-11-06 12:16:10,2025-11-05,2025-11-06,2025-11-07,-0.3768576390357219,-9.770842293999417
holdout,SLM,SLM Corporation Common Stock,2025-08-01,2025-07-24 16:35:51,2025-07-24,2025-07-25,2025-07-28,0.02039620068695691,0.9145790355345402
holdout,ACEL,"Accel Entertainment, Inc.",2025-05-09,2025-05-05 16:17:39,2025-05-05,2025-05-06,2025-05-07,0.08046460441536962,2.3814638877616807
holdout,AAOI,"Applied Optoelectronics, Inc. Common Stock",2025-08-15,2025-08-07 20:11:01,2025-08-07,2025-08-08,2025-08-11,-0.07163442126285824,-0.8444640690122001
holdout,FXNC,First National Corporation Common Stock,2026-05-01,2026-04-30 13:02:32,2026-04-29,2026-04-30,2026-05-01,-0.04170845290396796,-2.0582877136469646
holdout,ATI,ATI Inc.,2026-02-06,2026-02-03 07:37:29,2026-02-02,2026-02-03,2026-02-04,0.06031698685922371,2.642995103978228
holdout,ETN,"Eaton Corporation, plc Ordinary Shares",2025-11-07,2025-11-04 12:01:04,2025-11-03,2025-11-04,2025-11-05,0.005495727965947661,0.2493263443867363
holdout,EFX,"Equifax, Incorporated",2025-07-25,2025-07-22 06:33:09,2025-07-21,2025-07-22,2025-07-23,-0.061705599518293464,-2.7885917868469354
holdout,CECO,CECO Environmental Corp. Common Stock,2025-05-02,2025-04-29 11:02:15,2025-04-28,2025-04-29,2025-04-30,0.23236310534475124,5.254672270747776
holdout,UBER,"Uber Technologies, Inc.",2024-02-09,2024-02-07 06:56:27,2024-02-06,2024-02-07,2024-02-08,0.0073961804946161,0.32149783363414525
holdout,ULS,UL Solutions Inc.,2026-05-08,2026-05-05 07:02:00,2026-05-04,2026-05-05,2026-05-06,0.14212803647673766,3.4653145050496437
holdout,HR,Healthcare Realty Trust Incorporated,2025-05-09,2025-05-01 16:17:31,2025-05-01,2025-05-02,2025-05-05,-0.06180505488853516,-2.8464117582233928
holdout,BXMT,"Blackstone Mortgage Trust, Inc. (NEW)",2024-04-26,2024-04-24 06:49:04,2024-04-23,2024-04-24,2024-04-25,-0.07280604587459993,-2.365188372651492
holdout,LFST,"LifeStance Health Group, Inc. Common Stock",2024-08-09,2024-08-07 22:42:18,2024-08-07,2024-08-08,2024-08-09,-0.011288294041413405,-0.20887548182978669
holdout,RGTI,"Rigetti Computing, Inc. Common Stock",2025-08-15,2025-08-12 16:05:33,2025-08-12,2025-08-13,2025-08-14,0.10635941495298429,1.066916690434136
holdout,OPLN,"OPENLANE, Inc",2025-08-08,2025-08-06 07:45:21,2025-08-05,2025-08-06,2025-08-07,0.11139913741319685,5.483774632450624
holdout,ARDX,"Ardelyx, Inc. Common Stock",2025-11-07,2025-10-30 16:09:10,2025-10-30,2025-10-31,2025-11-03,0.1764771821331912,5.872579660686278
holdout,BPOP,"Popular, Inc. Common Stock",2025-07-25,2025-07-23 11:01:39,2025-07-22,2025-07-23,2025-07-24,-0.016214069208780768,-0.915586530665755
holdout,MIRM,"Mirum Pharmaceuticals, Inc. Common Stock",2024-11-15,2024-11-12 08:04:41,2024-11-11,2024-11-12,2024-11-13,0.05814694512911034,1.876447098547056
holdout,MCHP,Microchip Technology Incorporated Common Stock,2024-11-08,2024-11-05 21:17:17,2024-11-05,2024-11-06,2024-11-07,-0.04277388531760151,-1.324518360380661
holdout,TREE,"LendingTree, Inc. Common Stock",2025-07-25,2025-07-23 16:29:27,2025-07-23,2025-07-24,2025-07-25,0.19057284870163582,3.554229012102352
holdout,D,"Dominion Energy, Inc Common Stock",2024-02-23,2024-02-22 07:37:30,2024-02-21,2024-02-22,2024-02-23,0.012424750984777022,0.6467533955359605
holdout,ROP,"Roper Technologies, Inc. Common Stock",2025-10-24,2025-10-23 11:02:55,2025-10-22,2025-10-23,2025-10-24,-0.07338957170760518,-4.564396848400054
holdout,SSRM,SSR Mining Inc. Common Stock,2025-02-21,2025-02-18 21:14:45,2025-02-18,2025-02-19,2025-02-20,0.1269919361905596,2.6174263535593587
holdout,TXRH,"Texas Roadhouse, Inc. Common Stock",2025-02-28,2025-02-20 16:05:20,2025-02-20,2025-02-21,2025-02-24,0.024324317274953988,1.1924819584530375
holdout,DELL,Dell Technologies Inc.,2024-03-08,2024-02-29 21:11:07,2024-02-29,2024-03-01,2024-03-04,0.27818897768592077,8.459114249369053
holdout,SYRE,"Spyre Therapeutics, Inc. Common Stock",2025-01-17,2025-01-13 13:08:20,2025-01-10,2025-01-13,2025-01-14,-0.0768427019341612,-1.4306846569604283
holdout,BHF,"Brighthouse Financial, Inc. Common Stock",2025-11-07,2025-11-06 08:00:54,2025-11-05,2025-11-06,2025-11-07,0.2840808585169491,3.621975479766022
holdout,SAIA,"Saia, Inc. Common Stock",2025-10-31,2025-10-30 07:45:25,2025-10-29,2025-10-30,2025-10-31,0.06233586955615322,1.4714241401205344
holdout,DDS,Dillards Inc.,2024-05-24,2024-05-16 20:16:32,2024-05-16,2024-05-17,2024-05-20,0.0006096707248690603,0.016346297970000943
holdout,IT,"Gartner, Inc.",2024-05-03,2024-04-30 10:02:50,2024-04-29,2024-04-30,2024-05-01,-0.03949641009943239,-2.1729929878394225
holdout,EYE,"National Vision Holdings, Inc. Common Stock",2025-11-07,2025-11-05 06:06:29,2025-11-04,2025-11-05,2025-11-06,-0.07570242327844312,-2.0550186272918043
holdout,CBZ,"CBIZ, Inc.",2026-02-27,2026-02-25 16:14:25,2026-02-25,2026-02-26,2026-02-27,0.0601914313216948,1.1975550169276106
holdout,FSUN,FirstSun Capital Bancorp Common Stock,2026-05-01,2026-04-27 16:47:33,2026-04-27,2026-04-28,2026-04-29,-0.0760359527170944,-2.7508515501002577
holdout,BG,Bunge Global SA,2026-02-06,2026-02-04 11:21:04,2026-02-03,2026-02-04,2026-02-05,-0.007826997212409093,-0.35082665211111047
holdout,METC,"Ramaco Resources, Inc. Class A Common Stock",2026-05-15,2026-05-11 16:05:32,2026-05-11,2026-05-12,2026-05-13,0.005150271177911225,0.0788873523596851
holdout,MIRM,"Mirum Pharmaceuticals, Inc. Common Stock",2024-05-10,2024-05-08 16:04:29,2024-05-08,2024-05-09,2024-05-10,-0.018249176091808317,-0.5577921862414446
holdout,DCTH,"Delcath Systems, Inc. Common Stock",2024-10-18,2024-10-17 08:53:59,2024-10-16,2024-10-17,2024-10-18,0.18218411108730215,3.2948264590429854
holdout,EXEL,"Exelixis, Inc. Common Stock",2025-05-16,2025-05-13 16:10:01,2025-05-13,2025-05-14,2025-05-15,0.24579483218589804,8.144913675802218
holdout,RLI,RLI Corp.,2025-10-24,2025-10-20 16:15:40,2025-10-20,2025-10-21,2025-10-22,0.03635759970970209,1.9464941728618628
holdout,CMI,Cummins Inc.,2025-02-07,2025-02-04 07:41:08,2025-02-03,2025-02-04,2025-02-05,0.0515435359500398,2.1110380974171776
holdout,MU,"Micron Technology, Inc. Common Stock",2025-06-27,2025-06-25 16:03:10,2025-06-25,2025-06-26,2025-06-27,-0.03245624694708693,-0.4931737287478669
holdout,GBX,"The Greenbrier Companies, Inc.",2025-10-31,2025-10-28 16:19:03,2025-10-28,2025-10-29,2025-10-30,-0.07716791327398376,-3.4939002749580435
holdout,NVR,"NVR, Inc.",2026-01-30,2026-01-28 13:47:49,2026-01-27,2026-01-28,2026-01-29,0.018620607239919762,0.9694880605025394
holdout,ELVN,"Enliven Therapeutics, Inc. Common Stock",2025-08-15,2025-08-13 20:15:34,2025-08-13,2025-08-14,2025-08-15,0.014006504626980942,0.2121548408510614
holdout,ZBRA,Zebra Technologies Corporation Class A Common Stock,2025-08-08,2025-08-05 07:36:59,2025-08-04,2025-08-05,2025-08-06,-0.0993720864334936,-3.1869779436463275
holdout,ANGO,"AngioDynamics, Inc. Common Stock",2025-04-04,2025-04-02 07:23:25,2025-04-01,2025-04-02,2025-04-03,0.05982235792962476,0.7281157499057437
holdout,FBIN,"Fortune Brands Innovations, Inc.",2025-11-07,2025-10-30 16:12:04,2025-10-30,2025-10-31,2025-11-03,0.03239815596396012,0.9941602964569886
holdout,OFIX,Orthofix Medical Inc. Common Stock (DE),2025-11-07,2025-11-04 12:02:23,2025-11-03,2025-11-04,2025-11-05,-0.05945345042774708,-1.9764980340053089
holdout,EGBN,"Eagle Bancorp, Inc. Common Stock",2024-07-26,2024-07-24 16:29:42,2024-07-24,2024-07-25,2024-07-26,0.0014416718459360212,0.03765674186399716
holdout,FORM,"FormFactor, Inc. FormFactor, Inc. Common Stock",2025-10-31,2025-10-29 16:02:09,2025-10-29,2025-10-30,2025-10-31,0.15925857340668415,2.934046984732022
holdout,ZUMZ,Zumiez Inc. Common Stock,2024-09-13,2024-09-05 16:15:13,2024-09-05,2024-09-06,2024-09-09,-0.08416252663152768,-2.5677810447200557
holdout,OSG,"Octave Specialty Group, Inc.",2026-02-27,2026-02-23 21:19:53,2026-02-23,2026-02-24,2026-02-25,-0.037050444829708984,-1.2072436171963097
holdout,ENVX,Enovix Corporation Common Stock,2025-08-08,2025-07-31 20:27:39,2025-07-31,2025-08-01,2025-08-04,-0.17840746713847278,-2.4262028177229573
holdout,SCCO,Southern Copper Corporation,2025-05-02,2025-04-25 11:56:12,2025-04-24,2025-04-25,2025-04-28,-0.02859568119522704,-0.6407489922857972
holdout,CMRC,"Commerce.com, Inc. Series 1 Common Stock",2024-10-04,2024-10-02 17:01:00,2024-10-02,2024-10-03,2024-10-04,0.022734161876847736,0.4480134481541035
holdout,EXLS,"ExlService Holdings, Inc. Common Stock",2024-08-02,2024-08-01 06:00:30,2024-07-31,2024-08-01,2024-08-02,-0.0023527923268638062,-0.14501450959304843
holdout,ALKS,Alkermes plc Ordinary Shares,2024-07-26,2024-07-24 07:05:12,2024-07-23,2024-07-24,2024-07-25,0.14936079020032988,6.6842864833478135
holdout,QTWO,Q2 Holdings Inc,2025-05-09,2025-05-07 16:25:24,2025-05-07,2025-05-08,2025-05-09,0.11023707260676097,2.474471102518254
holdout,EOLS,"Evolus, Inc. Common Stock",2025-01-24,2025-01-21 08:03:52,2025-01-17,2025-01-21,2025-01-22,0.3296055331398777,6.731159126768345
holdout,XIFR,"XPLR Infrastructure, LP",2024-10-25,2024-10-23 07:35:41,2024-10-22,2024-10-23,2024-10-24,-0.15647127684103634,-5.469708321787326
holdout,CLSK,"CleanSpark, Inc. Common Stock",2024-05-10,2024-05-09 09:05:13,2024-05-08,2024-05-09,2024-05-10,-0.05593695139963606,-0.47455559505892486
holdout,BUR,Burford Capital Limited,2025-05-09,2025-05-07 08:00:37,2025-05-06,2025-05-07,2025-05-08,-0.0037813274468661007,-0.09472797754578512
holdout,ARWR,"Arrowhead Pharmaceuticals, Inc. Common Stock",2024-11-29,2024-11-26 16:19:50,2024-11-26,2024-11-27,2024-11-29,0.2334112960910959,4.7493594966504915
holdout,DAR,DARLING INGREDIENTS INC.,2025-10-24,2025-10-23 07:50:45,2025-10-22,2025-10-23,2025-10-24,0.09606556639631503,2.4347168806040065
holdout,SCI,Service Corporation International,2026-02-13,2026-02-11 16:22:10,2026-02-11,2026-02-12,2026-02-13,-0.04154697283494624,-2.7163149050645083
holdout,TTWO,"Take-Two Interactive Software, Inc. Common Stock",2025-08-15,2025-08-07 20:24:58,2025-08-07,2025-08-08,2025-08-11,-0.022669787062672975,-1.2039696388635701
holdout,COLD,"Americold Realty Trust, Inc.",2025-11-07,2025-11-06 07:08:45,2025-11-05,2025-11-06,2025-11-07,-0.06987464770175933,-2.2066211835840766
holdout,GO,Grocery Outlet Holding Corp. Common Stock,2025-11-07,2025-11-04 16:03:36,2025-11-04,2025-11-05,2025-11-06,-0.135602161942875,-4.290245637092122
holdout,AXP,American Express Company,2024-10-25,2024-10-18 07:08:40,2024-10-17,2024-10-18,2024-10-21,-0.054825805498639024,-2.2381303297169945
holdout,VFC,V.F. Corporation,2024-05-24,2024-05-22 16:07:16,2024-05-22,2024-05-23,2024-05-24,0.0015960562050970628,0.04500697463837428
holdout,PTCT,"PTC Therapeutics, Inc. Common Stock",2025-03-07,2025-02-27 21:10:37,2025-02-27,2025-02-28,2025-03-03,0.04766016001461326,0.9802840661939943
holdout,OMC,Omnicom Group Inc.,2024-10-18,2024-10-15 20:09:31,2024-10-15,2024-10-16,2024-10-17,0.0070804394472441246,0.3890229776540819
holdout,SPGI,S&P Global Inc.,2024-04-26,2024-04-25 11:10:29,2024-04-24,2024-04-25,2024-04-26,0.0004116257110047261,0.025317414700950183
holdout,GOLD,"Gold.com, Inc.",2025-09-12,2025-09-10 21:20:42,2025-09-10,2025-09-11,2025-09-12,0.11431678383356303,3.5661961402467792
holdout,PNNT,Pennant Investment Corp,2025-05-16,2025-05-12 16:05:33,2025-05-12,2025-05-13,2025-05-14,0.03886798250364021,1.2603267721230897
holdout,CCSI,"Consensus Cloud Solutions, Inc. Common Stock",2025-02-21,2025-02-19 21:01:57,2025-02-19,2025-02-20,2025-02-21,-0.06264391480937115,-1.7421381181892355
holdout,TRU,TransUnion,2025-10-24,2025-10-23 06:15:36,2025-10-22,2025-10-23,2025-10-24,0.04697480190986392,1.2672200707612953
holdout,MYE,"Myers Industries, Inc.",2025-08-01,2025-07-31 07:05:11,2025-07-30,2025-07-31,2025-08-01,0.0348815929843449,1.1628884836384588
holdout,UPBD,"Upbound Group, Inc. Common Stock",2026-02-20,2026-02-19 07:37:39,2026-02-18,2026-02-19,2026-02-20,0.0867469851193996,2.433220221312161
holdout,WAFD,"WaFd, Inc. Common Stock",2024-04-26,2024-04-23 18:43:41,2024-04-23,2024-04-24,2024-04-25,-0.018909247078520708,-0.6170057005606036
holdout,INCY,Incyte Corp. Common Stock,2024-11-01,2024-10-29 11:05:41,2024-10-28,2024-10-29,2024-10-30,0.12684685674191576,5.62378824184194
holdout,PHAT,"Phathom Pharmaceuticals, Inc. Common Stock",2024-08-09,2024-08-08 08:06:00,2024-08-07,2024-08-08,2024-08-09,0.05933428940370611,1.0511764739996186
holdout,SSNC,"SS&C Technologies Holdings, Inc. Common Stock",2024-11-01,2024-10-24 16:08:59,2024-10-24,2024-10-25,2024-10-28,-0.06955932627703076,-5.291262991726917
holdout,MRCY,Mercury Systems Inc Common Stock,2025-04-04,2025-04-01 06:46:11,2025-03-31,2025-04-01,2025-04-02,0.03795105910787688,0.8066526854605168
holdout,GEF,"Greif, Inc.",2026-05-08,2026-05-01 09:16:11,2026-04-30,2026-05-01,2026-05-04,0.013529794182715271,0.6417965205242959
holdout,DG,Dollar General Corp.,2026-03-13,2026-03-12 07:00:18,2026-03-11,2026-03-12,2026-03-13,-0.06899796247994772,-2.8360582153702256
holdout,JBGS,JBG SMITH Properties Common Shares,2024-11-01,2024-10-29 16:15:33,2024-10-29,2024-10-30,2024-10-31,-0.028077235426642866,-1.5468285715983416
holdout,BELFB,Bel Fuse Inc. Class B Common Stock,2026-05-01,2026-04-29 16:22:45,2026-04-29,2026-04-30,2026-05-01,0.08534782888540704,1.803304830649472
holdout,CHH,Choice Hotels Intnl.,2024-08-09,2024-08-08 07:46:04,2024-08-07,2024-08-08,2024-08-09,-0.04786682000688358,-2.2107538435606178
holdout,NTNX,"Nutanix, Inc. Class A Common Stock",2025-08-29,2025-08-27 16:01:30,2025-08-27,2025-08-28,2025-08-29,-0.031893671088836006,-1.285834492988444
holdout,EGP,EastGroup Properties Inc.,2025-07-25,2025-07-23 16:13:43,2025-07-23,2025-07-24,2025-07-25,-0.034276292035210765,-2.1274538796694724
holdout,GO,Grocery Outlet Holding Corp. Common Stock,2025-08-08,2025-08-05 16:06:05,2025-08-05,2025-08-06,2025-08-07,0.4087028677273363,12.253377745547864
holdout,VZ,Verizon Communications,2024-04-26,2024-04-22 07:01:11,2024-04-19,2024-04-22,2024-04-23,-0.040941467439033485,-3.0465133772811144
holdout,ITRI,"Itron, Inc. Common Stock",2025-08-01,2025-07-31 12:35:28,2025-07-30,2025-07-31,2025-08-01,-0.09001725792533255,-5.576158580688742
holdout,SBSI,"Southside Bancshares, Inc.",2025-10-31,2025-10-23 17:47:19,2025-10-23,2025-10-24,2025-10-27,-0.007539416361468376,-0.30637564884789364
holdout,STLD,"Steel Dynamics, Inc.",2026-01-30,2026-01-27 12:01:49,2026-01-26,2026-01-27,2026-01-28,0.0022207641699880654,0.08582589480405806
holdout,KVUE,Kenvue Inc.,2025-07-18,2025-07-14 10:56:05,2025-07-11,2025-07-14,2025-07-15,0.004881876972994581,0.19681860108848762
holdout,MBLY,Mobileye Global Inc. Class A Common Stock,2025-04-25,2025-04-24 07:22:38,2025-04-23,2025-04-24,2025-04-25,0.11854528653412189,1.7173976130093598
holdout,CSV,"Carriage Services, Inc.",2025-08-08,2025-08-06 22:39:30,2025-08-06,2025-08-07,2025-08-08,0.03524289522764246,1.9063340470798515
holdout,NSC,Norfolk Southern Corp.,2025-10-31,2025-10-23 16:15:26,2025-10-23,2025-10-24,2025-10-27,-0.02776696432362291,-2.1041367653091503
holdout,ONT,"Onterris, Inc.",2025-11-07,2025-11-04 16:30:31,2025-11-04,2025-11-05,2025-11-06,0.03085390728895443,0.7531599541002914
holdout,LULU,lululemon athletica inc. Common Stock,2024-03-29,2024-03-21 16:09:39,2024-03-21,2024-03-22,2024-03-25,-0.18317592304430763,-9.073294296399132
holdout,PIPR,Piper Sandler Companies,2026-05-08,2026-05-01 07:34:31,2026-04-30,2026-05-01,2026-05-04,-0.10837049885119587,-2.851899942707917
holdout,RS,"Reliance, Inc.",2025-02-21,2025-02-19 16:10:09,2025-02-19,2025-02-20,2025-02-21,0.046536983476366034,2.2804320088989622
holdout,AMTM,"Amentum Holdings, Inc.",2026-05-15,2026-05-11 17:05:44,2026-05-11,2026-05-12,2026-05-13,-0.03707763433625888,-1.1462519159171891
holdout,BRSP,"BrightSpire Capital, Inc.",2024-05-03,2024-05-01 08:35:43,2024-04-30,2024-05-01,2024-05-02,-0.02509807469295533,-0.9050951365429362
holdout,TRUP,"Trupanion, Inc. Common Stock",2025-11-14,2025-11-06 16:02:53,2025-11-06,2025-11-07,2025-11-10,-0.0821771002058822,-3.2760621572765003
holdout,MSEX,Middlesex Water Company Common Stock,2026-05-08,2026-04-30 16:05:58,2026-04-30,2026-05-01,2026-05-04,0.00847574654514105,0.305673656161841
holdout,ZYME,Zymeworks Inc. Common Stock,2025-03-07,2025-03-05 16:08:20,2025-03-05,2025-03-06,2025-03-07,-0.07728754761605261,-1.6078916129191627
holdout,GIII,"G-III Apparel Group, LTD. Common Stock",2024-12-13,2024-12-10 07:30:43,2024-12-09,2024-12-10,2024-12-11,0.11028859475757846,3.6902059833216283
holdout,MKL,Markel Group Inc.,2026-02-06,2026-02-04 16:40:24,2026-02-04,2026-02-05,2026-02-06,0.016939599375876302,1.533225424667376
holdout,DASH,"DoorDash, Inc. Class A Common Stock",2026-05-08,2026-05-06 20:10:12,2026-05-06,2026-05-07,2026-05-08,-0.029215378072917964,-0.6361993646847699
holdout,IP,International Paper Co.,2024-04-26,2024-04-25 11:05:05,2024-04-24,2024-04-25,2024-04-26,-0.0230677878339276,-0.7018450233610873
holdout,HSTM,"HealthStream, Inc. Common Stock",2025-11-07,2025-11-03 16:36:53,2025-11-03,2025-11-04,2025-11-05,0.0239055181739124,1.126834226786195
holdout,LIN,Linde plc Ordinary Shares,2025-02-07,2025-02-06 11:44:18,2025-02-05,2025-02-06,2025-02-07,0.008681760311328168,0.6569470884769747
holdout,RCKT,"Rocket Pharmaceuticals, Inc. Common Stock",2024-11-15,2024-11-07 16:20:00,2024-11-07,2024-11-08,2024-11-11,-0.027899428281221605,-0.5166693762573168
holdout,JOBY,"Joby Aviation, Inc.",2026-05-08,2026-05-05 20:09:47,2026-05-05,2026-05-06,2026-05-07,0.14243593809633892,3.303107989496644
holdout,CHCO,City Holding Company Common Stock,2025-10-24,2025-10-22 10:45:47,2025-10-21,2025-10-22,2025-10-23,0.01659359612673339,0.840180765768768
holdout,DOCU,"DocuSign, Inc. Common Stock",2024-03-15,2024-03-07 16:08:11,2024-03-07,2024-03-08,2024-03-11,0.0893652051004229,2.023101327757112
holdout,PLUS,ePlus inc. Common Stock,2025-02-07,2025-02-05 21:10:40,2025-02-05,2025-02-06,2025-02-07,-0.12397196353848217,-3.457460577412318
holdout,EFX,"Equifax, Incorporated",2024-07-19,2024-07-17 16:11:34,2024-07-17,2024-07-18,2024-07-19,0.018293459116591526,0.7084261174804356
holdout,IDYA,"IDEAYA Biosciences, Inc. Common Stock",2025-05-09,2025-05-06 06:05:15,2025-05-05,2025-05-06,2025-05-07,-0.12478368860561395,-2.2741036385878024
holdout,SIRI,SiriusXM Holdings Inc. Common Stock,2024-02-02,2024-02-01 07:58:53,2024-01-31,2024-02-01,2024-02-02,-0.008125577623566915,-0.19578410736985336
holdout,GMED,GLOBUS MEDICAL INC,2026-01-09,2026-01-07 16:32:24,2026-01-07,2026-01-08,2026-01-09,0.03688766746689298,0.5338109392660647
holdout,CYRX,"CryoPort, Inc. Common Stock",2025-11-07,2025-11-04 17:18:14,2025-11-04,2025-11-05,2025-11-06,-0.08922389494330218,-1.372977683596755
holdout,RMD,ResMed Inc.,2024-08-09,2024-08-01 16:05:55,2024-08-01,2024-08-02,2024-08-05,0.05243104940687504,1.5822953366218346
holdout,DAKT,"Daktronics, Inc. Common Stock",2026-06-26,2026-06-24 07:43:40,2026-06-23,2026-06-24,2026-06-25,-0.033306156904490014,-1.0026784591825924
holdout,TMCI,"Treace Medical Concepts, Inc. Common Stock",2025-05-16,2025-05-08 16:05:29,2025-05-08,2025-05-09,2025-05-12,-0.07749343241113893,-1.9293954117815952
holdout,ETON,"Eton Pharmaceuticals, Inc. Common Stock",2025-05-16,2025-05-13 16:16:15,2025-05-13,2025-05-14,2025-05-15,0.1479041916410746,2.473330353238989
holdout,FSCO,FS Credit Opportunities Corp.,2025-10-24,2025-10-22 16:47:07,2025-10-22,2025-10-23,2025-10-24,-0.006891531812732499,-0.3065064913750733
holdout,NB,NioCorp Developments Ltd. Common Stock,2026-01-16,2026-01-12 06:31:44,2026-01-09,2026-01-12,2026-01-13,0.057578485754944286,0.5689377746672409
holdout,INGN,"Inogen, Inc Common Stock",2024-08-09,2024-08-06 16:10:10,2024-08-06,2024-08-07,2024-08-08,0.4156279357363801,8.385195963236908
holdout,MCFT,"MasterCraft Boat Holdings, Inc. Common Stock",2026-05-08,2026-05-07 07:34:32,2026-05-06,2026-05-07,2026-05-08,0.12905360306788305,3.9252785657476603
holdout,INSP,"Inspire Medical Systems, Inc.",2024-11-08,2024-11-04 16:03:44,2024-11-04,2024-11-05,2024-11-06,0.06092078620408348,1.6019034740225928
holdout,REZI,"Resideo Technologies, Inc. Common Stock",2026-02-27,2026-02-24 21:15:44,2026-02-24,2026-02-25,2026-02-26,0.13035457868104827,3.8576065391895153
holdout,BWMN,Bowman Consulting Group Ltd. Common Stock,2024-08-09,2024-08-07 12:16:00,2024-08-06,2024-08-07,2024-08-08,-0.25926161354735777,-6.758688831617645
holdout,GWRE,"GUIDEWIRE SOFTWARE, INC.",2025-09-12,2025-09-04 20:16:41,2025-09-04,2025-09-05,2025-09-08,0.20732874194340323,11.479478901551223
holdout,BGC,"BGC Group, Inc. Class A Common Stock",2024-11-01,2024-10-31 12:03:07,2024-10-30,2024-10-31,2024-11-01,0.054214113319585255,2.117743358620061
holdout,CBOE,"Cboe Global Markets, Inc.",2024-05-10,2024-05-03 07:30:12,2024-05-02,2024-05-03,2024-05-06,0.02735343506865351,1.4832921373467884
holdout,CENT,Central Garden & Pet Company Common Stock,2024-11-29,2024-11-25 16:17:08,2024-11-25,2024-11-26,2024-11-27,0.03259314350215181,1.4226305900125649
holdout,UVSP,Univest Financial Corporation Common Stock,2026-04-24,2026-04-23 08:46:07,2026-04-22,2026-04-23,2026-04-24,0.01929806829908909,0.8769134192527737
holdout,VOYA,"VOYA FINANCIAL, INC.",2024-02-09,2024-02-06 16:16:08,2024-02-06,2024-02-07,2024-02-08,-0.044383478335011106,-2.828731256774165
holdout,KNTK,Kinetik Holdings Inc.,2024-11-08,2024-11-06 22:20:34,2024-11-06,2024-11-07,2024-11-08,0.09241600439578113,3.580632765394638
holdout,BATRK,"Atlanta Braves Holdings, Inc. Series C Common Stock",2025-02-28,2025-02-26 08:50:09,2025-02-25,2025-02-26,2025-02-27,0.026993457563275647,1.6960829932867323
holdout,PFE,Pfizer Inc.,2026-02-06,2026-02-03 07:01:37,2026-02-02,2026-02-03,2026-02-04,0.017527935299902042,0.8718510126586656
holdout,HPE,Hewlett Packard Enterprise Company,2024-09-06,2024-09-04 16:07:58,2024-09-04,2024-09-05,2024-09-06,-0.04643331893960556,-1.4997416648125421
holdout,BSY,"Bentley Systems, Incorporated Class B Common Stock",2024-05-10,2024-05-07 07:06:17,2024-05-06,2024-05-07,2024-05-08,0.014171240700120213,0.48158054660247923
holdout,LII,Lennox International Inc.,2025-10-24,2025-10-22 06:51:10,2025-10-21,2025-10-22,2025-10-23,-0.0990711103834877,-3.5953368166968924
holdout,ROK,"Rockwell Automation, Inc.",2025-11-07,2025-11-06 12:02:23,2025-11-05,2025-11-06,2025-11-07,0.03980041222845354,2.1547146015281182
holdout,MANH,"Manhattan Associates, Inc. Common Stock",2025-04-25,2025-04-22 16:04:20,2025-04-22,2025-04-23,2025-04-24,0.03684633493687395,0.5520073554876844
holdout,JPM,JPMorgan Chase & Co.,2025-04-18,2025-04-11 10:45:50,2025-04-10,2025-04-11,2025-04-14,0.005819538761797638,0.17740859835898287
holdout,OGS,"ONE GAS, INC.",2024-08-09,2024-08-05 16:36:07,2024-08-05,2024-08-06,2024-08-07,0.006128618366222804,0.28996208015410174
holdout,KOP,"Koppers Holdings, Inc.",2025-11-14,2025-11-07 08:22:14,2025-11-06,2025-11-07,2025-11-10,-0.021677631997514935,-0.8488156515966552
holdout,SW,Smurfit WestRock plc,2024-08-02,2024-07-30 16:31:06,2024-07-30,2024-07-31,2024-08-01,-0.07489314639604527,-2.3153445011716904
holdout,AEP,"American Electric Power Company, Inc. Common Stock",2024-05-03,2024-04-30 11:01:38,2024-04-29,2024-04-30,2024-05-01,0.03612660769790288,1.8981056232489495
holdout,GPCR,Structure Therapeutics Inc. American Depositary Shares,2024-08-16,2024-08-08 16:14:09,2024-08-08,2024-08-09,2024-08-12,-0.0429136577897441,-0.3784300745992975
holdout,ASTS,"AST SpaceMobile, Inc. Class A Common Stock",2025-10-24,2025-10-21 16:20:12,2025-10-21,2025-10-22,2025-10-23,-0.08835561734617192,-1.10177283818378
holdout,ROIV,Roivant Sciences Ltd. Common Shares,2024-05-31,2024-05-30 11:15:23,2024-05-29,2024-05-30,2024-05-31,-0.03688985073599538,-1.1758023397550088
holdout,LGND,Ligand Pharmaceuticals Incorporated Common Stock,2025-08-08,2025-08-07 07:04:26,2025-08-06,2025-08-07,2025-08-08,0.04684001475521171,1.431068961579914
holdout,WDAY,"Workday, Inc. Class A Common Stock",2025-05-30,2025-05-22 20:04:39,2025-05-22,2025-05-23,2025-05-27,-0.1342731141438308,-3.931354277901586
holdout,AIP,"Arteris, Inc. Common Stock",2025-11-07,2025-11-04 21:18:54,2025-11-04,2025-11-05,2025-11-06,0.21590928532545295,2.862793723157045
holdout,ZBH,"Zimmer Biomet Holdings, Inc.",2024-11-01,2024-10-30 10:30:10,2024-10-29,2024-10-30,2024-10-31,0.051830733618492775,2.295165433659604
holdout,XIFR,"XPLR Infrastructure, LP",2026-02-13,2026-02-10 07:40:43,2026-02-09,2026-02-10,2026-02-11,0.09126977084224164,3.257726816894112
holdout,ROP,"Roper Technologies, Inc. Common Stock",2024-02-02,2024-01-31 12:02:24,2024-01-30,2024-01-31,2024-02-01,-0.02463503464829364,-2.095155777163796
holdout,BH,Biglari Holdings Inc. Class B Common Stock,2026-03-06,2026-03-02 06:35:07,2026-02-27,2026-03-02,2026-03-03,-0.12830425284035163,-2.7373262637145475
holdout,IBKR,"Interactive Brokers Group, Inc. Class A Common Stock",2025-07-25,2025-07-17 20:01:26,2025-07-17,2025-07-18,2025-07-21,0.04215435407875345,1.6429499958751377
holdout,EWTX,"Edgewise Therapeutics, Inc. Common Stock",2025-08-08,2025-08-07 08:01:44,2025-08-06,2025-08-07,2025-08-08,-0.06873532392382586,-1.783865341279525
holdout,NN,NextNav Inc. Common Stock,2024-08-09,2024-08-07 16:10:37,2024-08-07,2024-08-08,2024-08-09,-0.030354472772582852,-0.5040043680389232
holdout,SUN,SUNOCO L.P.,2025-02-14,2025-02-11 07:21:39,2025-02-10,2025-02-11,2025-02-12,-0.0021988424543399887,-0.10952399281962126
holdout,EARN,Ellington Credit Company,2025-03-14,2025-03-12 17:09:18,2025-03-12,2025-03-13,2025-03-14,-0.054430909423216045,-3.5438837208727034
holdout,BTU,Peabody Energy Corporation,2026-05-08,2026-05-05 07:46:44,2026-05-04,2026-05-05,2026-05-06,-0.0812133598449103,-1.463302138966176
holdout,QTRX,Quanterix Corporation Common Stock,2024-05-10,2024-05-07 16:15:48,2024-05-07,2024-05-08,2024-05-09,-0.01967807717153136,-0.3917748021033904
holdout,HCA,"HCA Healthcare, Inc.",2026-01-30,2026-01-27 07:12:53,2026-01-26,2026-01-27,2026-01-28,0.03602005756038773,1.7111656668050845
holdout,EFX,"Equifax, Incorporated",2026-04-24,2026-04-21 06:32:01,2026-04-20,2026-04-21,2026-04-22,-0.10326343250662795,-2.5577071573101247
holdout,MTD,Mettler-Toledo International,2025-05-09,2025-05-01 17:02:22,2025-05-01,2025-05-02,2025-05-05,0.023670661887010613,0.6051866386004346
holdout,LFMD,"LifeMD, Inc. Common Stock",2025-05-09,2025-05-06 16:10:25,2025-05-06,2025-05-07,2025-05-08,0.04035765689830395,0.31709146551304457
holdout,HDSN,"Hudson Technologies, Inc. Common Stock",2026-03-06,2026-03-04 16:15:30,2026-03-04,2026-03-05,2026-03-06,-0.10815187540311222,-4.011168392917315
holdout,OTTR,Otter Tail Corporation Common Stock,2024-08-09,2024-08-06 09:15:41,2024-08-05,2024-08-06,2024-08-07,-0.04024780887036894,-1.7646002666390905
holdout,PLTK,Playtika Holding Corp. Common Stock,2024-11-08,2024-11-07 08:01:54,2024-11-06,2024-11-07,2024-11-08,4.175803746564455e-05,0.0016455448237232113
holdout,ZG,"Zillow Group, Inc. Class A Common Stock",2025-08-08,2025-08-06 16:07:31,2025-08-06,2025-08-07,2025-08-08,-0.05602585336050858,-2.110822044868333
holdout,IIIV,"i3 Verticals, Inc. Class A Common Stock",2025-08-15,2025-08-07 16:25:50,2025-08-07,2025-08-08,2025-08-11,0.09805594886308344,2.9502292773401195
holdout,SBUX,Starbucks Corporation Common Stock,2024-05-03,2024-04-30 20:07:40,2024-04-30,2024-05-01,2024-05-02,-0.15930559772013853,-10.367647834792601
holdout,CVBF,CVB Financial Corporation Common Stock,2024-10-25,2024-10-24 06:06:01,2024-10-23,2024-10-24,2024-10-25,0.010737225978149079,0.38503376438698245
holdout,AAL,American Airlines Group Inc. Common Stock,2026-04-24,2026-04-23 07:01:15,2026-04-22,2026-04-23,2026-04-24,0.04834422803860261,1.0091387675540737
holdout,LE,"Lands' End, Inc. Common Stock",2025-06-06,2025-06-05 06:48:34,2025-06-04,2025-06-05,2025-06-06,0.004722944445769484,0.07462858330675949
holdout,CGBD,"Carlyle Secured Lending, Inc. Common Stock",2025-08-08,2025-08-05 16:00:22,2025-08-05,2025-08-06,2025-08-07,-0.01281515573834402,-0.8425830051777413
holdout,INGN,"Inogen, Inc Common Stock",2026-02-27,2026-02-24 16:06:52,2026-02-24,2026-02-25,2026-02-26,0.09989510953741965,2.5465584017585394
holdout,OPFI,OppFi Inc.,2026-03-13,2026-03-11 11:20:23,2026-03-10,2026-03-11,2026-03-12,-0.08140995360334413,-2.732560180056731
holdout,BCYC,Bicycle Therapeutics plc American Depositary Shares,2024-11-01,2024-10-31 07:05:37,2024-10-30,2024-10-31,2024-11-01,-0.03946123528337864,-0.6192262485420784
holdout,EOLS,"Evolus, Inc. Common Stock",2025-08-08,2025-08-05 16:06:47,2025-08-05,2025-08-06,2025-08-07,-0.3255547106162636,-9.023003932847013
holdout,BATRK,"Atlanta Braves Holdings, Inc. Series C Common Stock",2024-05-10,2024-05-08 15:27:07,2024-05-07,2024-05-08,2024-05-09,0.0026235607677687067,0.16132837369249708
holdout,AVBP,"ArriVent BioPharma, Inc. Common Stock",2025-05-16,2025-05-12 08:00:19,2025-05-09,2025-05-12,2025-05-13,-0.09197515365139208,-2.0124458753035355
holdout,OSW,OneSpaWorld Holdings Limited Common Shares,2025-02-21,2025-02-19 07:00:08,2025-02-18,2025-02-19,2025-02-20,-0.0724045861496504,-3.1470765893122095
holdout,AMAL,Amalgamated Financial Corp. Common Stock (DE),2026-01-23,2026-01-22 11:26:47,2026-01-21,2026-01-22,2026-01-23,0.0497493363936492,1.8372161448557989
holdout,CXDO,"Crexendo, Inc. Common Stock",2026-05-08,2026-05-05 16:00:54,2026-05-05,2026-05-06,2026-05-07,0.16610543850393156,3.2101052380407618
holdout,FMBH,"First Mid Bancshares, Inc. Common Stock",2026-05-01,2026-04-29 16:30:20,2026-04-29,2026-04-30,2026-05-01,-0.0026439072072002023,-0.14168262506114068
holdout,LAMR,Lamar Advertising Company Class A Common Stock,2024-03-01,2024-02-23 07:02:21,2024-02-22,2024-02-23,2024-02-26,-0.02629216236977916,-1.1822160089925355
holdout,RICK,"RCI Hospitality Holdings, Inc. Common Stock",2026-03-27,2026-03-19 16:13:04,2026-03-19,2026-03-20,2026-03-23,0.06876856320258884,1.9112518460052343
holdout,MTN,"Vail Resorts, Inc.",2026-06-12,2026-06-08 16:06:01,2026-06-08,2026-06-09,2026-06-10,0.009031728662510452,0.2656419198985611
holdout,TXRH,"Texas Roadhouse, Inc. Common Stock",2026-05-15,2026-05-07 16:06:00,2026-05-07,2026-05-08,2026-05-11,0.15159386423215038,7.0134163524934765
holdout,UHT,Universal Health Realty Income Trust,2024-11-01,2024-10-24 16:20:09,2024-10-24,2024-10-25,2024-10-28,-0.041534529163102185,-2.268587414295108
holdout,CASY,"Casey's General Stores, Inc. Common Stock",2024-11-08,2024-11-05 08:04:58,2024-11-04,2024-11-05,2024-11-06,0.036484513629071014,1.4798191170594357
holdout,JACK,Jack In The Box Inc. Common Stock,2025-04-25,2025-04-23 16:13:22,2025-04-23,2025-04-24,2025-04-25,-0.06402629871252241,-1.1156517043217415
holdout,BEAM,Beam Therapeutics Inc. Common Stock,2026-01-16,2026-01-12 07:00:31,2026-01-09,2026-01-12,2026-01-13,0.2545191131855896,3.864711097415793
holdout,AGNC,AGNC Investment Corp. Common Stock,2024-07-26,2024-07-22 16:05:37,2024-07-22,2024-07-23,2024-07-24,-0.006089185560053889,-0.4118670690144964
holdout,CUBE,CubeSmart,2025-05-09,2025-05-02 07:23:48,2025-05-01,2025-05-02,2025-05-05,0.03630485929461291,1.3133402041318372
holdout,XRN,Chiron Real Estate Inc.,2024-05-10,2024-05-07 20:48:09,2024-05-07,2024-05-08,2024-05-09,0.06035091285382155,2.2859441240444145
holdout,CCK,Crown Holdings Inc.,2024-10-25,2024-10-17 16:35:00,2024-10-17,2024-10-18,2024-10-21,0.02430624162325179,1.7642733464691016
holdout,ARI,"APOLLO COMMERCIAL REAL ESTATE FINANCE, INC.",2026-05-01,2026-04-28 21:11:42,2026-04-28,2026-04-29,2026-04-30,-0.020626690988512886,-1.2280267090556325
holdout,GKOS,Glaukos Corporation,2024-02-23,2024-02-21 21:10:48,2024-02-21,2024-02-22,2024-02-23,-0.05611738202335348,-0.9625969108791638
holdout,GLW,Corning Incorporated,2024-02-02,2024-01-30 07:13:03,2024-01-29,2024-01-30,2024-01-31,0.06006285183214022,3.582147932416722
holdout,ARQT,"Arcutis Biotherapeutics, Inc. Common Stock",2024-08-16,2024-08-14 20:03:34,2024-08-14,2024-08-15,2024-08-16,-0.13319966290686236,-2.0715478602844537
holdout,ROL,"Rollins, Inc.",2026-04-24,2026-04-22 16:06:50,2026-04-22,2026-04-23,2026-04-24,0.01931593190782732,0.7290514585588529
holdout,PAHC,Phibro Animal Health Corporation Class A Common Stock,2024-11-08,2024-11-06 16:56:49,2024-11-06,2024-11-07,2024-11-08,0.020950344322879788,0.5665693590269681
holdout,CRI,Carter's Inc.,2025-02-28,2025-02-25 06:18:05,2025-02-24,2025-02-25,2025-02-26,-0.18262864175673932,-6.853853834371135
holdout,LBRT,Liberty Energy Inc.,2025-08-01,2025-07-24 22:13:03,2025-07-24,2025-07-25,2025-07-28,0.0031249954286936,0.05411845522098748
holdout,CRWD,"CrowdStrike Holdings, Inc. Class A Common Stock",2024-08-30,2024-08-28 20:07:19,2024-08-28,2024-08-29,2024-08-30,0.03985739062968907,0.7552456917477549
holdout,CRUS,"Cirrus Logic, Inc. Common Stock",2024-11-08,2024-11-04 16:02:54,2024-11-04,2024-11-05,2024-11-06,-0.0961930135130421,-2.913117976066144
holdout,CLH,"Clean Harbors, Inc",2026-05-08,2026-05-06 12:12:28,2026-05-05,2026-05-06,2026-05-07,-0.1106623579950573,-5.21838917489274
holdout,POST,"POST HOLDINGS, INC.",2024-05-10,2024-05-02 17:07:04,2024-05-02,2024-05-03,2024-05-06,-0.018277512077026437,-1.4126896193373137
holdout,FWRG,"First Watch Restaurant Group, Inc. Common Stock",2025-11-07,2025-11-04 07:02:52,2025-11-03,2025-11-04,2025-11-05,0.1402782339891281,3.9610707144520143
holdout,DUK,Duke Energy Corporation,2024-11-08,2024-11-06 17:55:23,2024-11-06,2024-11-07,2024-11-08,-0.015689771339669756,-1.077344036431861
holdout,KLIC,"Kulicke and Soffa Industries, Inc. Common Stock",2026-05-08,2026-05-06 16:06:08,2026-05-06,2026-05-07,2026-05-08,0.0896207278839507,2.0525204098529453
holdout,CNXN,"PC Connection, Inc. Common Stock",2026-02-06,2026-02-04 16:05:09,2026-02-04,2026-02-05,2026-02-06,0.12264537620332572,5.744729153302424
holdout,EXPE,"Expedia Group, Inc. Common Stock",2025-08-15,2025-08-07 20:04:10,2025-08-07,2025-08-08,2025-08-11,0.020933979964076643,0.8655247445336878
holdout,NVTS,Navitas Semiconductor Corporation Common Stock,2025-08-08,2025-08-04 16:08:36,2025-08-04,2025-08-05,2025-08-06,-0.21373360273583997,-0.6563108492659375
holdout,UCB,"United Community Banks, Inc.",2026-04-24,2026-04-21 07:40:36,2026-04-20,2026-04-21,2026-04-22,-0.04492484969719257,-1.8548301996392214
holdout,AUPH,Aurinia Pharmaceuticals Inc Ordinary Shares,2024-02-16,2024-02-15 06:06:50,2024-02-14,2024-02-15,2024-02-16,-0.2678825242510269,-5.483920774509602
holdout,PLXS,Plexus Corp. Common Stock,2024-10-25,2024-10-23 16:34:44,2024-10-23,2024-10-24,2024-10-25,0.03964906567117521,1.5784597157624252
holdout,FTI,TechnipFMC plc Ordinary Share,2024-04-26,2024-04-25 06:48:53,2024-04-24,2024-04-25,2024-04-26,0.028255493049462732,1.0662187129854728
holdout,GNTX,Gentex Corporation Common Stock,2025-10-31,2025-10-24 08:00:45,2025-10-23,2025-10-24,2025-10-27,-0.11886193524760935,-6.558532055865879
holdout,BAH,Booz Allen Hamilton Holding Corporation,2025-08-01,2025-07-25 06:47:06,2025-07-24,2025-07-25,2025-07-28,-0.07354517892914281,-1.934901532362083
holdout,LYV,Live Nation Entertainment Inc.,2025-05-09,2025-05-01 16:14:19,2025-05-01,2025-05-02,2025-05-05,0.027364910668161935,0.6963843385353611
holdout,AVNW,"Aviat Networks, Inc. Common Stock",2024-10-11,2024-10-04 20:06:52,2024-10-04,2024-10-07,2024-10-08,0.12775990601448006,3.04293966541169
holdout,KRYS,"Krystal Biotech, Inc. Common Stock",2025-11-07,2025-11-03 07:04:49,2025-10-31,2025-11-03,2025-11-04,0.03911615507848554,1.1296469899849548
holdout,ECL,"Ecolab, Inc.",2026-03-27,2026-03-20 08:05:25,2026-03-19,2026-03-20,2026-03-23,0.013345974858192888,0.7225461444576616
holdout,LAMR,Lamar Advertising Company Class A Common Stock,2025-02-21,2025-02-20 07:06:28,2025-02-19,2025-02-20,2025-02-21,-0.055213009852575934,-3.318350895818645
holdout,BSX,Boston Scientific Corp.,2024-07-26,2024-07-24 06:35:23,2024-07-23,2024-07-24,2024-07-25,-0.0273352780017313,-2.1874305307777275
holdout,NUS,"NuSkin Enterprises, Inc.",2024-05-10,2024-05-08 16:20:30,2024-05-08,2024-05-09,2024-05-10,0.05711333149362652,1.106072788417013
holdout,POWL,"Powell Industries, Inc. Common Stock",2025-08-08,2025-08-05 16:21:21,2025-08-05,2025-08-06,2025-08-07,-0.018786247499605113,-0.40477582264408973
holdout,KFRC,Kforce Inc.,2025-05-02,2025-04-28 16:05:12,2025-04-28,2025-04-29,2025-04-30,-0.11331612374388778,-4.087141722842539
holdout,NATL,NCR Atleos Corporation,2024-05-17,2024-05-13 16:33:02,2024-05-13,2024-05-14,2024-05-15,0.15548805139023036,5.112000037548744
holdout,MPAA,"Motorcar Parts  of America, Inc. Common Stock",2025-06-13,2025-06-09 07:58:34,2025-06-06,2025-06-09,2025-06-10,-0.13492237249586203,-2.6488496690155485
holdout,TPL,Texas Pacific Land Corporation,2024-02-23,2024-02-21 16:20:15,2024-02-21,2024-02-22,2024-02-23,0.0041865839048294,0.13836710490135154
holdout,TSN,"Tyson Foods, Inc.",2025-11-14,2025-11-10 07:32:37,2025-11-07,2025-11-10,2025-11-11,0.0357174902955657,2.2769520070385703
holdout,ACLS,"Axcelis Technologies, Inc. Common Stock",2025-02-14,2025-02-10 16:10:05,2025-02-10,2025-02-11,2025-02-12,-0.10763039139884878,-3.0941364259908513
holdout,W,Wayfair Inc.,2024-05-03,2024-05-02 11:03:48,2024-05-01,2024-05-02,2024-05-03,0.2366075694596006,4.463723297002611
holdout,GHM,Graham Corporation,2025-06-13,2025-06-09 06:46:14,2025-06-06,2025-06-09,2025-06-10,0.10057618934498169,2.1823214223655443
holdout,KROS,"Keros Therapeutics, Inc. Common Stock",2024-08-09,2024-08-07 16:02:44,2024-08-07,2024-08-08,2024-08-09,-0.02806276096978544,-0.6597846018643332
holdout,HII,"Huntington Ingalls Industries, Inc.",2025-10-31,2025-10-30 07:13:51,2025-10-29,2025-10-30,2025-10-31,0.08685313106259762,4.9484358019106365
holdout,NPK,"National Presto Industries, Inc.",2026-05-08,2026-05-05 16:07:09,2026-05-05,2026-05-06,2026-05-07,-0.0331243160400313,-0.884220101546763
holdout,OMER,Omeros Corporation Common Stock,2025-11-21,2025-11-13 16:09:52,2025-11-13,2025-11-14,2025-11-17,0.4553508779661367,1.5786136014497036
holdout,U,Unity Software Inc.,2024-05-17,2024-05-09 16:10:58,2024-05-09,2024-05-10,2024-05-13,-0.06226946438268943,-1.623871555645738
holdout,DIOD,Diodes Incorporated Common Stock,2025-02-14,2025-02-11 17:10:20,2025-02-11,2025-02-12,2025-02-13,0.03272146379729257,0.8094930286020249
holdout,PSNL,"Personalis, Inc. Common Stock",2025-11-07,2025-11-04 16:09:54,2025-11-04,2025-11-05,2025-11-06,-0.1696705557956253,-2.284052956725789
holdout,DASH,"DoorDash, Inc. Class A Common Stock",2024-08-09,2024-08-01 20:06:42,2024-08-01,2024-08-02,2024-08-05,0.16826454397963497,5.8903744079951945
holdout,CLMT,"Calumet, Inc. Common Stock",2024-08-16,2024-08-09 08:48:09,2024-08-08,2024-08-09,2024-08-12,0.19863070695218443,4.549166740710324
holdout,CYTK,"Cytokinetics, Incorporated Common Stock",2024-03-01,2024-02-27 16:05:22,2024-02-27,2024-02-28,2024-02-29,-0.11031983201041695,-0.663210033732279
holdout,EBC,"Eastern Bankshares, Inc. Common Stock",2024-08-02,2024-07-25 16:17:53,2024-07-25,2024-07-26,2024-07-29,0.0025709014818353637,0.10121168987443196
holdout,PWP,Perella Weinberg Partners Class A Common Stock,2025-11-14,2025-11-07 07:22:07,2025-11-06,2025-11-07,2025-11-10,-0.007982640058906476,-0.23181562282464518
holdout,MO,"Altria Group, Inc.",2025-08-01,2025-07-30 07:03:56,2025-07-29,2025-07-30,2025-07-31,0.048496437490400446,2.8030469605828454
holdout,CSL,"Carlisle Companies, Inc.",2025-02-07,2025-02-04 16:21:10,2025-02-04,2025-02-05,2025-02-06,-0.07911624683497087,-3.50620620537253
holdout,NEE,"NextEra Energy, Inc.",2025-10-31,2025-10-28 11:35:11,2025-10-27,2025-10-28,2025-10-29,-0.05276544360740132,-2.7901839988074064
holdout,OKE,"Oneok, Inc.",2025-02-28,2025-02-24 21:53:09,2025-02-24,2025-02-25,2025-02-26,-0.019656139907722303,-0.8538437130283518
holdout,MSI,"Motorola Solutions, Inc. New",2024-08-09,2024-08-01 16:12:55,2024-08-01,2024-08-02,2024-08-05,0.04986412273520624,4.084151851231852
holdout,FULC,"Fulcrum Therapeutics, Inc. Common Stock",2024-03-01,2024-02-27 07:01:45,2024-02-26,2024-02-27,2024-02-28,0.06008610538548531,0.9491096924694586
holdout,SLG,SL Green Realty Corp.,2024-01-26,2024-01-25 13:46:02,2024-01-24,2024-01-25,2024-01-26,0.03175489464243131,0.5232568014290767
holdout,HSIC,"Henry Schein, Inc. Common Stock",2024-08-09,2024-08-06 06:13:15,2024-08-05,2024-08-06,2024-08-07,-0.056964806388725475,-2.8264682492731463
holdout,REPX,"Riley Exploration Permian, Inc.",2024-11-08,2024-11-06 16:46:24,2024-11-06,2024-11-07,2024-11-08,0.0983628720824441,2.697416466345457
holdout,EVR,Evercore Inc.,2025-02-07,2025-02-05 06:45:18,2025-02-04,2025-02-05,2025-02-06,0.0013718133930222809,0.035795977083371656
holdout,MHO,"M/I Homes, Inc.",2025-01-31,2025-01-29 08:23:18,2025-01-28,2025-01-29,2025-01-30,-0.04004404550251228,-1.288664693799642
holdout,ZS,"Zscaler, Inc. Common Stock",2026-03-06,2026-02-26 16:07:54,2026-02-26,2026-02-27,2026-03-02,-0.10797299309616493,-2.5400965835380735
holdout,PRTA,Prothena Corporation plc Ordinary Shares,2024-11-15,2024-11-12 16:09:05,2024-11-12,2024-11-13,2024-11-14,-0.06663285544222486,-1.1689217652638715
holdout,ANVS,"Annovis Bio, Inc.",2024-05-17,2024-05-13 16:05:46,2024-05-13,2024-05-14,2024-05-15,0.2559752088829068,1.5202387654130223
holdout,RMBS,Rambus Inc. Common Stock,2025-08-01,2025-07-28 20:08:11,2025-07-28,2025-07-29,2025-07-30,0.17279685965651803,5.661069071622641
holdout,UI,Ubiquiti Inc. Common Stock,2025-02-14,2025-02-07 07:06:00,2025-02-06,2025-02-07,2025-02-10,-0.1375815582515615,-2.540966914896299
holdout,DVA,DaVita Inc.,2024-11-01,2024-10-29 16:08:37,2024-10-29,2024-10-30,2024-10-31,-0.09429592753100069,-4.398831954501966
holdout,ABNB,"Airbnb, Inc. Class A Common Stock",2026-05-15,2026-05-07 16:00:27,2026-05-07,2026-05-08,2026-05-11,-0.03482841914217505,-1.13376280130245
holdout,ICFI,"ICF International, Inc. Common Stock",2024-02-02,2024-01-25 16:10:39,2024-01-25,2024-01-26,2024-01-29,0.02588376168481199,1.2646123466601769
holdout,CVSA,Covista Inc.,2026-01-30,2026-01-28 16:17:43,2026-01-28,2026-01-29,2026-01-30,-0.10175500345065569,-1.6100588821953632
holdout,NE,Noble Corporation plc,2026-05-01,2026-04-27 06:59:36,2026-04-24,2026-04-27,2026-04-28,0.032225584437712174,0.8641431050137366
holdout,CAPR,"Capricor Therapeutics, Inc. Common Stock",2026-03-20,2026-03-12 16:01:07,2026-03-12,2026-03-13,2026-03-16,-0.09002617978765226,-1.3483686776255415
holdout,CPAY,"Corpay, Inc.",2025-05-09,2025-05-06 17:02:38,2025-05-06,2025-05-07,2025-05-08,-0.009074051597048216,-0.1925457780691766
holdout,NEU,NewMarket Corporation,2025-11-07,2025-10-30 17:27:27,2025-10-30,2025-10-31,2025-11-03,0.021175197606368767,0.8078089167381209
holdout,CACC,Credit Acceptance Corporation Common Stock,2024-02-02,2024-01-31 16:04:19,2024-01-31,2024-02-01,2024-02-02,0.052682375391556846,1.725945335838883
holdout,GBDC,"Golub Capital BDC, Inc. Common Stock",2025-02-07,2025-02-04 16:11:34,2025-02-04,2025-02-05,2025-02-06,-0.022889522213937696,-1.9221757860724464
holdout,OTTR,Otter Tail Corporation Common Stock,2024-11-08,2024-11-05 08:36:32,2024-11-04,2024-11-05,2024-11-06,0.051872319269341105,2.1994693222828263
holdout,CVI,"CVR ENERGY, INC.",2025-05-02,2025-04-28 17:22:07,2025-04-28,2025-04-29,2025-04-30,0.001369459567451603,0.027848648576438092
holdout,IMNM,"Immunome, Inc. Common Stock",2024-02-16,2024-02-13 21:10:43,2024-02-13,2024-02-14,2024-02-15,-0.01024734823985285,-0.1105168858368997
holdout,AMPL,"Amplitude, Inc. Class A Common Stock",2025-11-07,2025-11-05 16:10:11,2025-11-05,2025-11-06,2025-11-07,0.04813827693121364,1.1878655990239981
holdout,CRTO,Criteo S.A. Ordinary Shares,2024-08-02,2024-08-01 07:11:23,2024-07-31,2024-08-01,2024-08-02,0.08035311091140651,2.9839653076263306
holdout,LPTH,"LightPath Technologies, Inc. Class A Common Stock",2026-02-13,2026-02-11 16:06:50,2026-02-11,2026-02-12,2026-02-13,0.13648279874077074,1.4006773851112408
holdout,AWR,American States Water Company,2025-08-08,2025-08-06 16:43:33,2025-08-06,2025-08-07,2025-08-08,0.010284465967676626,0.5477685166921281
holdout,UNH,UNITEDHEALTH GROUP INCORPORATED (Delaware),2025-01-17,2025-01-16 11:02:08,2025-01-15,2025-01-16,2025-01-17,-0.0700541180607196,-2.3847426722737888
holdout,FORM,"FormFactor, Inc. FormFactor, Inc. Common Stock",2024-08-02,2024-07-31 16:02:02,2024-07-31,2024-08-01,2024-08-02,-0.20383949708744542,-5.0758336295860875
holdout,AMN,AMN Healthcare Services,2024-05-17,2024-05-09 16:15:38,2024-05-09,2024-05-10,2024-05-13,-0.031663384400973604,-0.6320630542226342
holdout,MSGE,Madison Square Garden Entertainment Corp.,2025-08-15,2025-08-13 07:41:35,2025-08-12,2025-08-13,2025-08-14,-0.10023517897792678,-3.8698681912574138
holdout,RIOT,"Riot Platforms, Inc. Common Stock",2025-05-09,2025-05-01 16:43:53,2025-05-01,2025-05-02,2025-05-05,0.0077018357287050865,0.0985580556544595
holdout,MCK,McKesson Corporation,2026-05-15,2026-05-07 16:07:24,2026-05-07,2026-05-08,2026-05-11,-0.04976074299360056,-2.1108881413202405
holdout,ORIC,"Oric Pharmaceuticals, Inc. Common Stock",2025-08-15,2025-08-12 16:10:30,2025-08-12,2025-08-13,2025-08-14,0.03955009863386394,0.49451500593814557
holdout,CRMD,CorMedix Inc. Common Stock,2025-10-24,2025-10-20 08:10:42,2025-10-17,2025-10-20,2025-10-21,0.13402453256449265,2.477922385641859
holdout,MLKN,"MillerKnoll, Inc. Common Stock",2024-04-05,2024-03-27 16:06:53,2024-03-27,2024-03-28,2024-04-01,-0.14174749940196119,-4.948999451791211
holdout,FOR,Forestar Group Inc.,2024-07-19,2024-07-18 13:54:19,2024-07-17,2024-07-18,2024-07-19,-0.13405262058756684,-3.941027404369183
holdout,BAND,Bandwidth Inc. Class A Common Stock,2026-02-20,2026-02-19 07:04:23,2026-02-18,2026-02-19,2026-02-20,0.15939038488501622,4.924072680066376
holdout,NNN,"NNN REIT, Inc.",2025-05-02,2025-05-01 08:30:29,2025-04-30,2025-05-01,2025-05-02,-0.0063743351860579,-0.28115938626745235
holdout,CHWY,"Chewy, Inc.",2024-12-06,2024-12-04 07:04:45,2024-12-03,2024-12-04,2024-12-05,-0.08040502342276379,-1.9789272555409767
holdout,ESS,"Essex Property Trust, Inc",2025-02-07,2025-02-04 16:38:26,2025-02-04,2025-02-05,2025-02-06,0.030520539577447714,1.562678065527861
holdout,GDOT,Green Dot Corporation,2025-08-15,2025-08-11 16:17:32,2025-08-11,2025-08-12,2025-08-13,0.40381874537215756,11.369222082468713
holdout,HELE,Helen of Troy Limited Common Stock,2025-10-10,2025-10-09 06:50:15,2025-10-08,2025-10-09,2025-10-10,-0.22405375351745116,-4.866161462981125
holdout,WTTR,"Select Water Solutions, Inc.",2024-08-02,2024-07-30 17:53:29,2024-07-30,2024-07-31,2024-08-01,0.03954853668011227,1.3859307565283696
holdout,KHC,The Kraft Heinz Company,2025-10-31,2025-10-29 07:01:23,2025-10-28,2025-10-29,2025-10-30,-0.025912659266554283,-1.1527902554804925
holdout,VMC,Vulcan Materials Company(Holding Company),2025-08-01,2025-07-31 07:00:40,2025-07-30,2025-07-31,2025-08-01,0.02803656369655161,1.6176951210944988
holdout,AM,Antero Midstream Corporation Common Stock,2025-05-02,2025-04-30 17:26:27,2025-04-30,2025-05-01,2025-05-02,0.037541151794207694,1.248462071188262
holdout,VRSN,"VeriSign, Inc. Common Stock",2026-02-13,2026-02-05 16:07:52,2026-02-05,2026-02-06,2026-02-09,-0.11786705330259195,-6.570884926341479
holdout,NWN,Northwest Natural Holding Company,2024-11-15,2024-11-12 06:01:33,2024-11-11,2024-11-12,2024-11-13,-0.0010134400971144597,-0.05855608540816381
holdout,PGR,Progressive Corporation,2025-10-17,2025-10-15 08:40:55,2025-10-14,2025-10-15,2025-10-16,-0.07522181721517007,-4.798692558243085
holdout,ESE,"ESCO Technologies, Inc.",2025-05-09,2025-05-07 16:15:26,2025-05-07,2025-05-08,2025-05-09,0.06845344189635205,1.9145316129170513
holdout,MKC,"McCormick & Company, Incorporated Non-VTG CS",2026-01-23,2026-01-22 12:30:22,2026-01-21,2026-01-22,2026-01-23,-0.09218504947957828,-4.906994508407904
holdout,TYRA,"Tyra Biosciences, Inc. Common Stock",2025-04-04,2025-03-27 16:08:37,2025-03-27,2025-03-28,2025-03-31,-0.023713835854699883,-0.48301117378032177
holdout,OTEX,Open Text Corporation Common Shares,2025-02-14,2025-02-06 16:02:13,2025-02-06,2025-02-07,2025-02-10,-0.01913771276344789,-0.78933658310787
holdout,PACB,"Pacific Biosciences of California, Inc. Common Stock",2024-02-23,2024-02-15 16:07:28,2024-02-15,2024-02-16,2024-02-20,-0.19644559714875942,-2.8061150833123767
holdout,CSL,"Carlisle Companies, Inc.",2025-04-25,2025-04-23 16:10:24,2025-04-23,2025-04-24,2025-04-25,0.013782462689035713,0.4091506476080072
holdout,SRRK,Scholar Rock Holding Corporation Common Stock,2025-08-08,2025-08-06 07:15:15,2025-08-05,2025-08-06,2025-08-07,-0.15783930768362608,-2.758600261822389
holdout,PB,Prosperity Bancshares Inc,2026-01-30,2026-01-28 06:45:26,2026-01-27,2026-01-28,2026-01-29,-0.0591549840239769,-3.1548441338841933
holdout,AMAL,Amalgamated Financial Corp. Common Stock (DE),2024-10-25,2024-10-24 10:25:24,2024-10-23,2024-10-24,2024-10-25,-0.008504680810163201,-0.2880852532928623
holdout,TBBK,The Bancorp Inc Common Stock,2025-08-01,2025-07-24 16:09:33,2025-07-24,2025-07-25,2025-07-28,-0.08355323323261288,-2.8781912329869215
holdout,RKT,"Rocket Companies, Inc.",2025-08-08,2025-07-31 21:17:07,2025-07-31,2025-08-01,2025-08-04,0.14430042198732673,3.1365291258563666
holdout,TDW,"Tidewater, Inc.",2025-05-09,2025-05-05 20:45:18,2025-05-05,2025-05-06,2025-05-07,0.0415441244927055,0.6896843533549633
holdout,ARE,"Alexandria Real Estate Equities, Inc.",2025-07-25,2025-07-21 16:15:02,2025-07-21,2025-07-22,2025-07-23,0.05105685213742639,1.8967881074759105
holdout,HLIT,Harmonic Inc. Common Stock,2025-02-14,2025-02-10 16:28:14,2025-02-10,2025-02-11,2025-02-12,-0.1423228209414532,-5.615989446274914
holdout,KIDS,OrthoPediatrics Corp. Common Stock,2025-01-17,2025-01-13 16:07:52,2025-01-13,2025-01-14,2025-01-15,0.023609007997754894,0.5165061780303308
holdout,BL,"BlackLine, Inc. Common Stock",2026-02-13,2026-02-10 16:05:28,2026-02-10,2026-02-11,2026-02-12,-0.11516821910314667,-3.1461348100914166
holdout,VRT,Vertiv Holdings Co Class A Common Stock,2025-02-14,2025-02-12 11:06:37,2025-02-11,2025-02-12,2025-02-13,-0.12063677680575913,-1.5936528556854113
holdout,KE,"Kimball Electronics, Inc. Common Stock",2025-02-07,2025-02-04 17:10:35,2025-02-04,2025-02-05,2025-02-06,-0.03328179419100763,-1.1849877377063325
holdout,CCSI,"Consensus Cloud Solutions, Inc. Common Stock",2024-08-16,2024-08-08 20:24:51,2024-08-08,2024-08-09,2024-08-12,-0.003391592946974775,-0.07125335507215498
holdout,APAM,ARTISAN PARTNERS ASSET MANAGEMENT INC.,2025-02-07,2025-02-04 16:27:53,2025-02-04,2025-02-05,2025-02-06,0.0006111313275467545,0.023371283696667126
holdout,CQP,"Cheniere Energy Partners, LP",2025-08-08,2025-08-07 07:33:54,2025-08-06,2025-08-07,2025-08-08,-0.01637882265416346,-0.6599902812102348
holdout,BA,Boeing Company,2026-04-24,2026-04-22 07:40:05,2026-04-21,2026-04-22,2026-04-23,0.06218793362323405,2.121044563443967
holdout,SPNT,SiriusPoint Ltd.,2025-02-21,2025-02-18 16:17:29,2025-02-18,2025-02-19,2025-02-20,-0.0010354309745036483,-0.027418187523891514
holdout,BLMN,"Bloomin' Brands, Inc. Common Stock",2024-08-09,2024-08-06 10:56:55,2024-08-05,2024-08-06,2024-08-07,-0.0752718327569919,-1.9019507197047116
holdout,LGIH,"LGI Homes, Inc. Common Stock",2024-02-23,2024-02-20 08:30:12,2024-02-16,2024-02-20,2024-02-21,-0.09283693612372879,-2.391055235537265
holdout,EE,"Excelerate Energy, Inc.",2024-11-08,2024-11-06 16:45:55,2024-11-06,2024-11-07,2024-11-08,-0.004761383809902986,-0.14235130881281224
holdout,KNF,Knife River Corporation,2025-02-14,2025-02-13 07:58:01,2025-02-12,2025-02-13,2025-02-14,0.03873752833519717,1.2477412647273947
holdout,NBIX,"Neurocrine Biosciences, Inc. Common Stock",2025-05-09,2025-05-05 16:02:56,2025-05-05,2025-05-06,2025-05-07,0.11224931596911225,2.255942438228064
holdout,STGW,Stagwell Inc. Class A Common Stock,2024-08-02,2024-08-01 11:49:14,2024-07-31,2024-08-01,2024-08-02,-0.04681038876190069,-1.8892724007257131
holdout,KOP,"Koppers Holdings, Inc.",2025-05-16,2025-05-09 08:19:21,2025-05-08,2025-05-09,2025-05-12,0.09432925414496829,2.1593824588078743
holdout,APTV,Aptiv PLC,2026-05-08,2026-05-05 06:50:18,2026-05-04,2026-05-05,2026-05-06,-0.06789201385366439,-2.129988643765265
holdout,JOE,St. Joe Company,2025-07-25,2025-07-23 16:10:38,2025-07-23,2025-07-24,2025-07-25,0.019973640258559522,0.8491338277571868
holdout,FCNCA,"First Citizens BancShares, Inc. Class A Common Stock",2024-07-26,2024-07-25 06:33:35,2024-07-24,2024-07-25,2024-07-26,0.12733260299800397,7.681389429973927
holdout,BHF,"Brighthouse Financial, Inc. Common Stock",2024-05-10,2024-05-07 16:23:42,2024-05-07,2024-05-08,2024-05-09,-0.09396754522793549,-2.9288699508645277
holdout,W,Wayfair Inc.,2026-02-20,2026-02-19 12:05:32,2026-02-18,2026-02-19,2026-02-20,-0.11444198019484575,-2.216418028607929
holdout,ESE,"ESCO Technologies, Inc.",2026-02-13,2026-02-05 16:15:49,2026-02-05,2026-02-06,2026-02-09,0.10398531335328931,4.028033584832952
holdout,W,Wayfair Inc.,2025-08-08,2025-08-04 11:08:09,2025-08-01,2025-08-04,2025-08-05,0.11965530215507814,2.0214928854851033
holdout,WERN,"Werner Enterprises, Inc. Common Stock",2024-02-09,2024-02-06 16:05:39,2024-02-06,2024-02-07,2024-02-08,0.023006473122991533,1.1531874645444105
holdout,EPC,Edgewell Personal Care Company,2025-05-09,2025-05-07 06:06:10,2025-05-06,2025-05-07,2025-05-08,-0.10518804113245572,-3.1975675253220093
holdout,TDC,TERADATA CORPORATION,2025-11-07,2025-11-04 16:11:55,2025-11-04,2025-11-05,2025-11-06,0.3737950077633241,12.395390170710453
holdout,VC,Visteon Corporation Common Stock,2024-07-26,2024-07-25 07:01:03,2024-07-24,2024-07-25,2024-07-26,0.04258458032052115,1.8745847644249507
holdout,ONC,BeOne Medicines Ltd. American Depositary Shares,2025-08-08,2025-08-06 06:02:43,2025-08-05,2025-08-06,2025-08-07,-0.03591044603465565,-1.062116479366137
holdout,DINO,HF Sinclair Corporation,2024-08-02,2024-08-01 06:43:37,2024-07-31,2024-08-01,2024-08-02,-0.05892206284962265,-2.4602350614746813
holdout,JCI,Johnson Controls International plc,2024-05-03,2024-05-01 06:57:31,2024-04-30,2024-05-01,2024-05-02,-0.07251623039018074,-4.9475992837273655
holdout,HWC,Hancock Whitney Corporation Common Stock,2026-01-23,2026-01-20 16:00:56,2026-01-20,2026-01-21,2026-01-22,0.007058652452076153,0.36991026533070615
holdout,CROX,"Crocs, Inc. Common Stock",2025-05-09,2025-05-08 07:03:06,2025-05-07,2025-05-08,2025-05-09,0.08373168995619507,1.2538257357343947
holdout,RL,Ralph Lauren Corporation,2025-11-07,2025-11-06 08:13:17,2025-11-05,2025-11-06,2025-11-07,0.034312454720736185,1.4407513682838695
holdout,LFUS,"Littelfuse, Inc. Common Stock",2025-08-01,2025-07-30 07:03:22,2025-07-29,2025-07-30,2025-07-31,0.09637164782907859,3.1500387417604867
holdout,BCRX,"BioCryst Pharmaceuticals, Inc. Common Stock",2026-05-08,2026-05-06 07:08:17,2026-05-05,2026-05-06,2026-05-07,-0.025186324612195388,-0.5405979621698861
holdout,TCMD,"Tactile Systems Technology, Inc. Common Stock",2024-02-23,2024-02-20 07:53:23,2024-02-16,2024-02-20,2024-02-21,-0.04924072048787498,-1.2869156886489956
holdout,STZ,"Constellation Brands, Inc.",2025-01-17,2025-01-10 08:00:26,2025-01-08,2025-01-10,2025-01-13,-0.13843777659042122,-8.017472220927687
holdout,DJCO,Daily Journal Corp. (S.C.) Common Stock,2026-02-20,2026-02-17 06:09:36,2026-02-13,2026-02-17,2026-02-18,-0.054583698064615604,-1.0235550226817312
holdout,ECL,"Ecolab, Inc.",2025-08-01,2025-07-29 08:11:55,2025-07-28,2025-07-29,2025-07-30,-0.021511074703096655,-1.6876198017275306
holdout,BOOT,"Boot Barn Holdings, Inc.",2025-05-16,2025-05-14 16:07:26,2025-05-14,2025-05-15,2025-05-16,0.16844378857643738,2.6389263608986044
holdout,AWR,American States Water Company,2024-11-08,2024-11-06 16:36:46,2024-11-06,2024-11-07,2024-11-08,-0.002515460099735689,-0.15708871475711655
holdout,ODC,Oil-Dri Corporation of America,2024-12-20,2024-12-12 16:12:46,2024-12-12,2024-12-13,2024-12-16,0.030803608515517,0.7626955801050292
holdout,ES,Eversource Energy,2024-05-03,2024-05-01 17:13:10,2024-05-01,2024-05-02,2024-05-03,-0.0479048553504392,-2.203358569915646
holdout,HCAT,"Health Catalyst, Inc Common Stock",2024-03-01,2024-02-22 21:06:06,2024-02-22,2024-02-23,2024-02-26,-0.08555636282909018,-1.4702306587789216
holdout,ETD,Ethan Allen Interiors Inc,2024-01-26,2024-01-24 21:15:30,2024-01-24,2024-01-25,2024-01-26,0.02278859370011954,0.8569691365567029
holdout,FBNC,First Bancorp Common Stock,2024-04-26,2024-04-24 16:06:00,2024-04-24,2024-04-25,2024-04-26,-0.09207007922944,-3.1207581084049676
holdout,BAC,Bank of America Corporation,2024-10-18,2024-10-15 10:46:39,2024-10-14,2024-10-15,2024-10-16,0.024651717889969782,1.1646852251815143
holdout,IFF,International Flavors & Fragrances Inc.,2024-02-23,2024-02-20 16:33:27,2024-02-20,2024-02-21,2024-02-22,-0.05296837084762773,-3.110507626065929
holdout,PKE,Park Aerospace Corp. Common Stock,2026-06-05,2026-05-28 16:29:07,2026-05-28,2026-05-29,2026-06-01,-0.08850831387674585,-2.292357519625748
holdout,RSI,"Rush Street Interactive, Inc.",2025-02-28,2025-02-26 21:20:18,2025-02-26,2025-02-27,2025-02-28,-0.12269083850847606,-2.8733137226803094
holdout,TRMB,Trimble Inc. Common Stock,2025-02-21,2025-02-19 07:04:08,2025-02-18,2025-02-19,2025-02-20,-0.023867751204511012,-1.4312673453813565
holdout,MYRG,"MYR Group, Inc. Common Stock",2026-02-27,2026-02-25 16:03:04,2026-02-25,2026-02-26,2026-02-27,-0.004442423576466403,-0.12083145643826783
holdout,CSCO,"Cisco Systems, Inc. Common Stock (DE)",2026-05-15,2026-05-13 16:06:53,2026-05-13,2026-05-14,2026-05-15,0.1645742199146648,6.807287337989757
holdout,GM,General Motors Company,2024-07-26,2024-07-23 07:13:18,2024-07-22,2024-07-23,2024-07-24,-0.037860249630803144,-1.788950915935263
holdout,TRMB,Trimble Inc. Common Stock,2024-09-20,2024-09-16 12:01:34,2024-09-13,2024-09-16,2024-09-17,0.030154566281510142,1.3745849492518434
holdout,VIRC,Virco Manufacturing Corporation Common Stock,2024-12-13,2024-12-09 14:04:01,2024-12-06,2024-12-09,2024-12-10,-0.22365270476347987,-4.984902613325182
holdout,LPLA,LPL Financial Holdings Inc. Common Stock,2025-02-07,2025-01-30 16:14:26,2025-01-30,2025-01-31,2025-02-03,0.018524268039736724,0.694669468170921
holdout,STC,Stewart Information Services Corporation,2024-07-26,2024-07-24 16:30:23,2024-07-24,2024-07-25,2024-07-26,-0.004619402296228259,-0.20533793533475417
holdout,BLBD,Blue Bird Corporation Common Stock,2024-11-29,2024-11-25 16:29:19,2024-11-25,2024-11-26,2024-11-27,-0.054491495630416886,-1.3294110209690153
holdout,CORT,Corcept Therapeutics Incorporated Common Stock,2026-05-08,2026-04-30 20:11:14,2026-04-30,2026-05-01,2026-05-04,0.11010938399179437,1.9193529447251112
holdout,WS,"Worthington Steel, Inc.",2024-12-27,2024-12-20 16:07:22,2024-12-20,2024-12-23,2024-12-24,-0.05697385021002899,-1.1614771043470147
holdout,MKSI,MKS Inc. Common Stock,2024-11-08,2024-11-06 16:31:08,2024-11-06,2024-11-07,2024-11-08,0.11373353562244826,2.735175213844936
holdout,LAMR,Lamar Advertising Company Class A Common Stock,2025-05-09,2025-05-08 06:57:15,2025-05-07,2025-05-08,2025-05-09,-0.035865046542470136,-0.9798691064626648
holdout,CAC,Camden National Corporation Common Stock,2025-10-31,2025-10-28 08:04:33,2025-10-27,2025-10-28,2025-10-29,0.04217428304088955,1.619446588491093
holdout,DSP,Viant Technology Inc. Class A Common Stock,2025-03-07,2025-03-03 16:30:25,2025-03-03,2025-03-04,2025-03-05,-0.2347266596650267,-4.946448939649455
holdout,CHE,Chemed Corporation,2026-02-27,2026-02-25 16:30:37,2026-02-25,2026-02-26,2026-02-27,-0.11094699537255692,-6.207383673666646
holdout,PRTH,"Priority Technology Holdings, Inc. Common Stock",2025-08-08,2025-08-07 11:44:31,2025-08-06,2025-08-07,2025-08-08,0.11804787992375099,2.652098011293367
holdout,AAMI,Acadian Asset Management Inc.,2024-11-01,2024-10-31 07:46:41,2024-10-30,2024-10-31,2024-11-01,0.055515867137222674,2.133937325280669
holdout,TXNM,"TXNM Energy, Inc.",2025-02-28,2025-02-21 07:07:51,2025-02-20,2025-02-21,2025-02-24,0.03862665132001453,2.3168539241137958
holdout,HON,Honeywell International Inc. Common Stock,2025-12-26,2025-12-22 11:05:39,2025-12-19,2025-12-22,2025-12-23,-0.02895289887624286,-1.4014894054694778
holdout,PHAT,"Phathom Pharmaceuticals, Inc. Common Stock",2024-11-08,2024-11-07 08:05:29,2024-11-06,2024-11-07,2024-11-08,-0.07543345796981027,-1.3192820252505189
holdout,TIPT,Tiptree Inc. Common Stock,2025-11-07,2025-10-31 08:33:58,2025-10-30,2025-10-31,2025-11-03,0.03578624566702304,0.7900702944047747
holdout,DX,"Dynex Capital, Inc.",2026-04-24,2026-04-20 12:00:15,2026-04-17,2026-04-20,2026-04-21,0.01886817034025723,0.9108319808623425
holdout,MSA,Mine Safety Incorporated,2026-02-13,2026-02-11 16:42:43,2026-02-11,2026-02-12,2026-02-13,0.043782807385764566,2.1427391860944907
holdout,PUMP,ProPetro Holding Corp.,2025-02-21,2025-02-19 16:14:40,2025-02-19,2025-02-20,2025-02-21,0.05294086113930052,1.0484619069015706
holdout,VRTS,"Virtus Investment Partners, Inc.",2024-08-02,2024-07-26 07:01:47,2024-07-25,2024-07-26,2024-07-29,-0.09112615398585766,-4.141121049402015
holdout,AWI,"Armstrong World Industries, Inc.",2025-10-31,2025-10-28 06:00:38,2025-10-27,2025-10-28,2025-10-29,-0.055708245529753064,-4.001434578059942
holdout,CLW,Clearwater Paper Corporation,2024-05-03,2024-04-29 20:10:21,2024-04-29,2024-04-30,2024-05-01,0.1121780173499235,3.581598693893442
holdout,FBNC,First Bancorp Common Stock,2025-01-31,2025-01-29 16:05:57,2025-01-29,2025-01-30,2025-01-31,0.0042103930817321,0.12269010887814127
holdout,VNT,Vontier Corporation,2024-08-02,2024-08-01 06:46:48,2024-07-31,2024-08-01,2024-08-02,-0.12575537206363985,-6.448369943098855
holdout,SCHW,The Charles Schwab Corporation,2024-01-19,2024-01-17 21:17:29,2024-01-17,2024-01-18,2024-01-19,-0.016241690463703495,-0.5606244109587298
holdout,FFBC,First Financial Bancorp. Common Stock,2024-02-02,2024-01-25 16:18:11,2024-01-25,2024-01-26,2024-01-29,0.0047781917310898425,0.16716550655527723
holdout,FG,"F&G Annuities & Life, Inc.",2025-02-28,2025-02-20 21:29:34,2025-02-20,2025-02-21,2025-02-24,-0.049826880830207254,-1.5483441967405425
holdout,PSX,PHILLIPS 66,2024-08-02,2024-07-30 14:26:05,2024-07-29,2024-07-30,2024-07-31,0.024952959365249328,1.35972502625034
holdout,TSSI,"TSS, Inc. Common Stock",2026-05-15,2026-05-07 16:23:11,2026-05-07,2026-05-08,2026-05-11,-0.24034902459870544,-2.6534444805158968
holdout,CCC,CCC Intelligent Solutions Holdings Inc. Common Stock,2026-05-01,2026-04-30 07:15:21,2026-04-29,2026-04-30,2026-05-01,0.08475595600870878,1.1737211356553847
holdout,SKT,Tanger Inc.,2024-02-23,2024-02-15 21:07:07,2024-02-15,2024-02-16,2024-02-20,0.051082118283465205,2.4563377600649567
post_cutoff,CRGY,Crescent Energy Company,2026-07-10,2026-07-08 16:42:58,2026-07-08,2026-07-09,2026-07-10,-0.025348484186695885,-0.6511079009099848
post_cutoff,SKWD,"Skyward Specialty Insurance Group, Inc. Common Stock",2026-08-07,2026-08-04 16:14:15,2026-08-04,2026-08-05,2026-08-06,0.0695283227014476,2.0103574930129327
post_cutoff,IBM,International Business Machines Corporation,2026-07-17,2026-07-14 07:01:52,2026-07-13,2026-07-14,2026-07-15,-0.27981297677620454,-5.5506575474611
post_cutoff,REYN,Reynolds Consumer Products Inc. Common Stock,2026-07-31,2026-07-29 07:00:25,2026-07-28,2026-07-29,2026-07-30,-0.02221980491153086,-1.0231453371346633
post_cutoff,CWEN,"Clearway Energy, Inc. Class C Common Stock",2026-07-24,2026-07-16 20:31:04,2026-07-16,2026-07-17,2026-07-20,-0.001430966409893153,-0.045507496266346405
post_cutoff,MIDD,Middleby Corporation (The) Common Stock,2026-08-14,2026-08-11 11:02:00,2026-08-10,2026-08-11,2026-08-12,-0.08640639678741802,-3.000358598335922
post_cutoff,PLD,"PROLOGIS, INC.",2026-07-17,2026-07-16 08:05:27,2026-07-15,2026-07-16,2026-07-17,0.059676512935411874,2.9456965651809752
post_cutoff,QMCO,Quantum Corporation Common Stock,2026-07-03,2026-06-25 20:21:42,2026-06-25,2026-06-26,2026-06-29,-0.09264638506161305,-0.8752839932257992
post_cutoff,SBUX,Starbucks Corporation Common Stock,2026-07-31,2026-07-29 20:06:12,2026-07-29,2026-07-30,2026-07-31,-0.013468365168716856,-0.6787364385154799
post_cutoff,DOCN,"DigitalOcean Holdings, Inc.",2026-08-07,2026-08-04 07:01:03,2026-08-03,2026-08-04,2026-08-05,-0.03730656436969659,-0.4971975532941835
post_cutoff,CRSR,"Corsair Gaming, Inc. Common Stock",2026-08-14,2026-08-06 16:04:51,2026-08-06,2026-08-07,2026-08-10,0.286359749438136,3.445071362167085
post_cutoff,EVLV,"Evolv Technologies Holdings, Inc. Class A Common Stock",2026-08-14,2026-08-11 16:08:26,2026-08-11,2026-08-12,2026-08-13,-0.054273289766609834,-1.2312448945619106
post_cutoff,UNH,UNITEDHEALTH GROUP INCORPORATED (Delaware),2026-07-17,2026-07-16 10:00:59,2026-07-15,2026-07-16,2026-07-17,0.03333884150378241,1.314395880055759
post_cutoff,SRCE,1st Source Corporation Common Stock,2026-07-31,2026-07-23 16:08:24,2026-07-23,2026-07-24,2026-07-27,0.04213737749648416,2.6017704692328345
post_cutoff,WEST,Westrock Coffee Company Common Stock,2026-08-14,2026-08-06 16:11:07,2026-08-06,2026-08-07,2026-08-10,0.00283521571117884,0.04817749670216289
post_cutoff,PVLA,"Palvella Therapeutics, Inc. Common Stock",2026-08-07,2026-08-04 07:30:19,2026-08-03,2026-08-04,2026-08-05,0.084372863683019,1.0198765634468485
post_cutoff,BMY,Bristol-Myers Squibb Co.,2026-07-31,2026-07-30 11:05:39,2026-07-29,2026-07-30,2026-07-31,0.010976801780873569,0.43115265678557896
post_cutoff,BSX,Boston Scientific Corp.,2026-07-31,2026-07-29 06:33:23,2026-07-28,2026-07-29,2026-07-30,-0.0024122112537361406,-0.06705696025150867
post_cutoff,AMGN,Amgen Inc. Common Stock,2026-08-07,2026-08-04 16:03:16,2026-08-04,2026-08-05,2026-08-06,0.041627091779264935,1.817897127306828
post_cutoff,AHRT,"AH Realty Trust, Inc.",2026-08-07,2026-08-03 16:06:07,2026-08-03,2026-08-04,2026-08-05,-0.015996506966220903,-0.9823730711883398
post_cutoff,ZBRA,Zebra Technologies Corporation Class A Common Stock,2026-08-07,2026-08-04 07:38:50,2026-08-03,2026-08-04,2026-08-05,0.24922774210798027,5.667252982796122
post_cutoff,HRL,Hormel Foods Corporation,2026-08-28,2026-08-26 17:42:37,2026-08-26,2026-08-27,2026-08-28,-0.0945232860369879,-4.451386419532191
post_cutoff,FELE,"Franklin Electric Co., Inc. Common Stock",2026-07-31,2026-07-28 08:00:12,2026-07-27,2026-07-28,2026-07-29,0.012559284334982879,0.5911707252992293
post_cutoff,SHO,"Sunstone Hotel Investors, Inc.",2026-08-07,2026-08-06 07:35:22,2026-08-05,2026-08-06,2026-08-07,-0.05627467855988255,-3.0991745841736495
post_cutoff,NMAX,"Newsmax, Inc.",2026-08-21,2026-08-13 16:06:24,2026-08-13,2026-08-14,2026-08-17,0.09836402313463144,1.4824835021679885
post_cutoff,SOFI,"SoFi Technologies, Inc. Common Stock",2026-07-31,2026-07-29 07:06:09,2026-07-28,2026-07-29,2026-07-30,-0.017238594792738482,-0.39973525118567416
post_cutoff,HNRG,Hallador Energy Company Common Stock,2026-08-14,2026-08-10 17:00:26,2026-08-10,2026-08-11,2026-08-12,-0.006226672029013169,-0.11170395840623079
post_cutoff,BUSE,First Busey Corporation Class A Common Stock,2026-07-31,2026-07-28 17:01:25,2026-07-28,2026-07-29,2026-07-30,0.033624145702176866,1.9402053200495013
post_cutoff,TENX,"Tenax Therapeutics, Inc. Common Stock",2026-08-07,2026-07-31 07:23:10,2026-07-30,2026-07-31,2026-08-03,-0.07253828523501493,-1.0810170793827645
post_cutoff,NEWT,"NewtekOne, Inc. Common Stock",2026-08-14,2026-08-06 16:10:00,2026-08-06,2026-08-07,2026-08-10,-0.14459295209488066,-4.619620564927961
post_cutoff,EGP,EastGroup Properties Inc.,2026-07-24,2026-07-22 16:18:03,2026-07-22,2026-07-23,2026-07-24,-0.00357402214845004,-0.18697416359018593
post_cutoff,TNDM,"Tandem Diabetes Care, Inc. Common Stock",2026-08-14,2026-08-06 16:08:23,2026-08-06,2026-08-07,2026-08-10,0.2081261451235703,3.205406949743968
post_cutoff,PJT,PJT Partners Inc.,2026-07-31,2026-07-28 06:50:14,2026-07-27,2026-07-28,2026-07-29,-0.009149246386711773,-0.2834424799943388
post_cutoff,COFS,"ChoiceOne Financial Services, Inc. Common Stock",2026-07-31,2026-07-24 07:00:15,2026-07-23,2026-07-24,2026-07-27,0.006253689324658307,0.30030344183943936
post_cutoff,SLRC,SLR Investment Corp. Common Stock,2026-08-07,2026-08-04 16:45:17,2026-08-04,2026-08-05,2026-08-06,-0.015868135349209944,-0.7869962246151647
post_cutoff,OSCR,"Oscar Health, Inc.",2026-08-07,2026-08-06 06:08:21,2026-08-05,2026-08-06,2026-08-07,-0.0779034547268791,-1.2477485267428463
post_cutoff,CRM,"Salesforce, Inc.",2026-08-28,2026-08-26 16:03:53,2026-08-26,2026-08-27,2026-08-28,0.2407403228050018,5.978552609323954
post_cutoff,EIG,"Employers Holdings, Inc.",2026-07-31,2026-07-29 16:33:54,2026-07-29,2026-07-30,2026-07-31,-0.007691171674627073,-0.3698868445367353
post_cutoff,LQDT,"Liquidity Services, Inc. Common Stock",2026-08-07,2026-08-06 07:00:17,2026-08-05,2026-08-06,2026-08-07,0.11589898905632268,4.354847436856783
post_cutoff,CAVA,"CAVA Group, Inc.",2026-08-14,2026-08-11 16:15:07,2026-08-11,2026-08-12,2026-08-13,0.17747865598072665,3.6895552530568736
post_cutoff,BCC,Boise Cascade Company,2026-08-07,2026-08-03 16:21:22,2026-08-03,2026-08-04,2026-08-05,0.005262099145628252,0.12841152907341874
post_cutoff,LNG,Cheniere Energy Inc,2026-08-07,2026-08-06 07:31:19,2026-08-05,2026-08-06,2026-08-07,0.0008833327301656091,0.03488533938622481
post_cutoff,CDW,CDW Corporation Common Stock,2026-08-07,2026-08-05 11:06:04,2026-08-04,2026-08-05,2026-08-06,-0.07451035747496193,-1.6371953137546007
post_cutoff,SBRA,"Sabra Health Care REIT, Inc. Common Stock",2026-08-07,2026-08-03 16:05:30,2026-08-03,2026-08-04,2026-08-05,0.007156202393384881,0.23461595092451556
post_cutoff,GVA,Granite Construction Inc.,2026-07-31,2026-07-30 06:45:41,2026-07-29,2026-07-30,2026-07-31,0.0020658598638578773,0.05713739287008691
post_cutoff,FF,Future Fuel Corporation,2026-08-14,2026-08-10 16:25:10,2026-08-10,2026-08-11,2026-08-12,0.13448668787903517,3.629123912383741
post_cutoff,CENTA,Central Garden & Pet Company Class A Common Stock Nonvoting,2026-08-07,2026-08-05 16:15:43,2026-08-05,2026-08-06,2026-08-07,0.008723659602292821,0.41017385004218915
post_cutoff,CPAY,"Corpay, Inc.",2026-08-07,2026-08-05 16:13:01,2026-08-05,2026-08-06,2026-08-07,-0.008536024160715083,-0.3055266431417918
post_cutoff,EQT,EQT CORP,2026-07-17,2026-07-14 20:15:32,2026-07-14,2026-07-15,2026-07-16,-0.006576335560975255,-0.2950210007046245
post_cutoff,SSRM,SSR Mining Inc. Common Stock,2026-08-07,2026-08-04 20:11:30,2026-08-04,2026-08-05,2026-08-06,0.08604193684618644,1.517978814323381
post_cutoff,HWM,Howmet Aerospace Inc.,2026-08-07,2026-08-06 07:00:35,2026-08-05,2026-08-06,2026-08-07,-0.036777266405762954,-1.34289031372594
post_cutoff,MAS,Masco Corporation,2026-07-31,2026-07-29 07:01:48,2026-07-28,2026-07-29,2026-07-30,-0.11741725484236631,-3.8333321602750337
post_cutoff,REPL,"Replimune Group, Inc. Common Stock",2026-08-21,2026-08-14 08:10:29,2026-08-13,2026-08-14,2026-08-17,-0.030177784152204512,-0.11208269489827238
post_cutoff,CMCSA,Comcast Corporation Class A Common Stock,2026-07-24,2026-07-23 06:06:37,2026-07-22,2026-07-23,2026-07-24,-0.04073615805568975,-1.7230854202961214
post_cutoff,TECX,"Tectonic Therapeutic, Inc. Common Stock",2026-08-14,2026-08-06 16:10:06,2026-08-06,2026-08-07,2026-08-10,0.07657832250364183,1.3888762154024437
post_cutoff,SLM,SLM Corporation Common Stock,2026-07-31,2026-07-23 16:32:16,2026-07-23,2026-07-24,2026-07-27,0.050301996756597855,1.635098190989971
post_cutoff,HRTG,HERITAGE INSURANCE HOLDINGS INC,2026-08-07,2026-08-05 16:45:16,2026-08-05,2026-08-06,2026-08-07,0.07852419016499557,2.1894303482880892
post_cutoff,BLBD,Blue Bird Corporation Common Stock,2026-08-07,2026-08-05 16:09:10,2026-08-05,2026-08-06,2026-08-07,-0.11070635434236675,-3.0098541807369976
post_cutoff,ANNX,"Annexon, Inc. Common Stock",2026-08-14,2026-08-12 06:30:26,2026-08-11,2026-08-12,2026-08-13,-0.024478443771864367,-0.3741779197083148
post_cutoff,CNC,Centene Corporation,2026-07-31,2026-07-27 19:38:01,2026-07-27,2026-07-28,2026-07-29,-0.02223366419027717,-0.6458573019428925
post_cutoff,RITM,Rithm Capital Corp.,2026-07-31,2026-07-28 10:45:21,2026-07-27,2026-07-28,2026-07-29,0.09529065755867361,4.73944451436856
post_cutoff,BRKR,Bruker Corporation Common Stock,2026-08-07,2026-08-04 07:00:17,2026-08-03,2026-08-04,2026-08-05,-0.2000923675326698,-3.9183125662712706
post_cutoff,DHR,Danaher Corporation,2026-07-24,2026-07-20 17:55:01,2026-07-20,2026-07-21,2026-07-22,-0.11641360097203879,-4.482980040952748
post_cutoff,NWBI,"Northwest Bancshares, Inc. Common Stock",2026-07-31,2026-07-27 16:05:27,2026-07-27,2026-07-28,2026-07-29,0.0439151707909633,2.732032968172949
post_cutoff,ECVT,Ecovyst Inc.,2026-08-07,2026-08-05 06:00:58,2026-08-04,2026-08-05,2026-08-06,-0.0880726677323257,-3.3050015993445894
post_cutoff,QMCO,Quantum Corporation Common Stock,2026-08-14,2026-08-10 20:27:46,2026-08-10,2026-08-11,2026-08-12,0.8627546094838614,8.654478638220038
post_cutoff,LTH,"Life Time Group Holdings, Inc.",2026-07-31,2026-07-30 06:52:55,2026-07-29,2026-07-30,2026-07-31,-0.03722035550732028,-0.8512074874158873
post_cutoff,PFG,Principal Financial Group Inc Common Stock,2026-07-31,2026-07-27 16:10:05,2026-07-27,2026-07-28,2026-07-29,0.030056026887365084,1.5651988542685387
post_cutoff,BRO,"Brown & Brown, Inc.",2026-07-31,2026-07-27 17:03:54,2026-07-27,2026-07-28,2026-07-29,0.08723664847971357,2.7745810912515605
post_cutoff,NCNO,"nCino, Inc. Common Stock",2026-08-28,2026-08-25 20:06:18,2026-08-25,2026-08-26,2026-08-27,0.1138350729311901,2.5268288195880553
post_cutoff,FDS,Factset Research Systems,2026-07-03,2026-07-01 07:02:03,2026-06-30,2026-07-01,2026-07-02,0.08960504132430291,1.8469517923733942
post_cutoff,FRST,Primis Financial Corp. Common Stock,2026-07-31,2026-07-23 16:35:43,2026-07-23,2026-07-24,2026-07-27,0.005819979648416851,0.2517136724640108
post_cutoff,FLUT,Flutter Entertainment plc,2026-08-07,2026-08-05 06:58:56,2026-08-04,2026-08-05,2026-08-06,-0.1102657787723853,-2.6310543368179644
post_cutoff,FND,"Floor & Decor Holdings, Inc.",2026-08-07,2026-07-30 16:11:38,2026-07-30,2026-07-31,2026-08-03,0.010643157347886234,0.21427297063208364
post_cutoff,JACK,Jack In The Box Inc. Common Stock,2026-08-14,2026-08-12 16:08:25,2026-08-12,2026-08-13,2026-08-14,-0.09768437816968323,-1.2189531016355946
post_cutoff,INTT,inTEST Corporation,2026-08-07,2026-07-31 12:32:44,2026-07-30,2026-07-31,2026-08-03,0.052139302774744545,0.6763868391095151
post_cutoff,O,Realty Income Corporation,2026-08-07,2026-08-05 16:07:57,2026-08-05,2026-08-06,2026-08-07,-0.0075645086474360745,-0.44191832671609466
post_cutoff,ARW,"Arrow Electronics, Inc.",2026-08-14,2026-08-06 16:04:43,2026-08-06,2026-08-07,2026-08-10,-0.09453038444332051,-2.7248426623468567
post_cutoff,LMT,Lockheed Martin Corp.,2026-07-24,2026-07-23 06:30:57,2026-07-22,2026-07-23,2026-07-24,0.14401540688953718,6.229510071110411
post_cutoff,EQIX,"Equinix, Inc. Common Stock REIT",2026-07-31,2026-07-29 16:13:28,2026-07-29,2026-07-30,2026-07-31,-0.01292731219040677,-0.5874577687137272
post_cutoff,GEL,"Genesis Energy, L.P.",2026-08-07,2026-08-06 07:26:22,2026-08-05,2026-08-06,2026-08-07,0.010298932839929664,0.3817826559278537
post_cutoff,FG,"F&G Annuities & Life, Inc.",2026-08-07,2026-08-05 20:17:47,2026-08-05,2026-08-06,2026-08-07,-0.0709907402034865,-2.2353759036101932
post_cutoff,TNGX,"Tango Therapeutics, Inc.",2026-08-14,2026-08-11 11:20:34,2026-08-10,2026-08-11,2026-08-12,-0.07483278819297878,-0.6164591040103439
post_cutoff,HLIO,"Helios Technologies, Inc.",2026-08-14,2026-08-10 20:57:57,2026-08-10,2026-08-11,2026-08-12,-0.00788656974075208,-0.23835893568974967
post_cutoff,TGTX,"TG Therapeutics, Inc. Common Stock",2026-08-07,2026-08-03 07:05:58,2026-07-31,2026-08-03,2026-08-04,-0.09585790212418621,-1.9718046122156272
post_cutoff,FIGS,"FIGS, Inc.",2026-08-14,2026-08-06 20:12:44,2026-08-06,2026-08-07,2026-08-10,0.27443166842948563,5.679996746535969
post_cutoff,PCOR,"Procore Technologies, Inc.",2026-07-31,2026-07-29 16:09:48,2026-07-29,2026-07-30,2026-07-31,0.0678146484537463,1.2282155320640085
post_cutoff,CUBI,CUSTOMERS BANCORP INC,2026-07-31,2026-07-23 16:35:01,2026-07-23,2026-07-24,2026-07-27,0.03253996647067936,1.4148169392579504
post_cutoff,LMB,"Limbach Holdings, Inc. Common Stock",2026-08-07,2026-08-04 16:20:38,2026-08-04,2026-08-05,2026-08-06,-0.37483332076576825,-8.0036802298812
post_cutoff,MTH,Meritage Homes Corporation,2026-07-31,2026-07-29 16:30:37,2026-07-29,2026-07-30,2026-07-31,-0.04378736971389108,-1.158450079969538
post_cutoff,LYEL,"Lyell Immunopharma, Inc. Common Stock",2026-08-14,2026-08-06 16:14:09,2026-08-06,2026-08-07,2026-08-10,0.0026273153224309898,0.03401107392002604
post_cutoff,DY,"Dycom Industries, Inc.",2026-08-28,2026-08-26 11:05:58,2026-08-25,2026-08-26,2026-08-27,-0.1312541489985083,-2.7469140513790924
post_cutoff,STWD,"STARWOOD PROPERTY TRUST, INC.",2026-08-07,2026-08-06 06:56:09,2026-08-05,2026-08-06,2026-08-07,0.01017181576080528,0.6517944553726345
post_cutoff,ADMA,ADMA Biologics Inc Common Stock,2026-08-07,2026-08-05 16:10:51,2026-08-05,2026-08-06,2026-08-07,0.06460855846018942,1.9920368033545532
post_cutoff,FSLY,"Fastly, Inc. Class A Common Stock",2026-08-07,2026-08-05 16:08:42,2026-08-05,2026-08-06,2026-08-07,-0.12244674987734105,-2.127162277008785
post_cutoff,PSMT,"PriceSmart, Inc. Common Stock",2026-07-10,2026-07-08 16:06:35,2026-07-08,2026-07-09,2026-07-10,0.025191389196550507,1.1674589065871215
post_cutoff,FLYW,Flywire Corporation Voting Common Stock,2026-08-07,2026-08-04 16:03:12,2026-08-04,2026-08-05,2026-08-06,0.0580482994926006,1.3533949235870084
post_cutoff,BFST,"Business First Bancshares, Inc. Common Stock",2026-07-31,2026-07-23 16:01:59,2026-07-23,2026-07-24,2026-07-27,0.03140512420010588,1.7036819168247468
post_cutoff,NLY,Annaly Capital Management. Inc.,2026-07-24,2026-07-21 16:15:50,2026-07-21,2026-07-22,2026-07-23,-0.001167888355357416,-0.06796954195689821
post_cutoff,ASIC,Ategrity Specialty Insurance Company Holdings,2026-07-17,2026-07-10 08:06:20,2026-07-09,2026-07-10,2026-07-13,0.04963734413549381,1.3956639212765611
post_cutoff,IEP,"Icahn Enterprises, L.P. Common Stock",2026-08-07,2026-08-05 08:00:34,2026-08-04,2026-08-05,2026-08-06,-0.009313423421350553,-0.6197563066584539
post_cutoff,PAYS,"Paysign, Inc. Common Stock",2026-08-07,2026-08-05 16:05:47,2026-08-05,2026-08-06,2026-08-07,0.2968496663456983,5.87559135984052
post_cutoff,CRVL,CorVel Corp. Common Stock,2026-08-07,2026-08-04 19:37:54,2026-08-04,2026-08-05,2026-08-06,0.0602707047095179,1.7332260505736885
post_cutoff,URI,"United Rentals, Inc.",2026-07-24,2026-07-22 16:23:15,2026-07-22,2026-07-23,2026-07-24,0.11426216443837434,3.890538006386667
post_cutoff,RMBS,Rambus Inc. Common Stock,2026-07-31,2026-07-27 20:06:16,2026-07-27,2026-07-28,2026-07-29,-0.12811853740802703,-1.6877704754302703
post_cutoff,CSV,"Carriage Services, Inc.",2026-08-07,2026-08-05 20:33:07,2026-08-05,2026-08-06,2026-08-07,-0.13808079160919629,-4.659655733753077
post_cutoff,CGON,"CG Oncology, Inc. Common stock",2026-08-07,2026-08-06 08:30:16,2026-08-05,2026-08-06,2026-08-07,0.03250043945436598,0.6712979867586811
post_cutoff,ASTS,"AST SpaceMobile, Inc. Class A Common Stock",2026-07-17,2026-07-15 16:18:33,2026-07-15,2026-07-16,2026-07-17,-0.11307642072032542,-1.0389509917642692
post_cutoff,EPAM,"EPAM SYSTEMS, INC.",2026-08-07,2026-08-05 19:08:49,2026-08-05,2026-08-06,2026-08-07,-0.11773063250592575,-2.267960171795444
post_cutoff,PRAA,"PRA Group, Inc. Common Stock",2026-08-14,2026-08-06 16:07:42,2026-08-06,2026-08-07,2026-08-10,0.0388106572827549,0.7639261965174472
post_cutoff,GH,"Guardant Health, Inc. Common Stock",2026-08-07,2026-07-30 16:08:09,2026-07-30,2026-07-31,2026-08-03,0.02098873189398187,0.37762579930977624
post_cutoff,SMPL,The Simply Good Foods Company Common Stock,2026-07-10,2026-07-09 07:02:25,2026-07-08,2026-07-09,2026-07-10,-0.01826860533296637,-0.4284777789871211
post_cutoff,GLIBK,Liberty Capital Corporation Series C GCI Group Common Stock,2026-08-14,2026-08-06 16:20:26,2026-08-06,2026-08-07,2026-08-10,0.0497149171906206,1.3200598284431602
post_cutoff,GBFH,GBank Financial Holdings Inc. Common Stock,2026-07-31,2026-07-29 16:15:37,2026-07-29,2026-07-30,2026-07-31,-0.33055361109039616,-9.405454997163817
post_cutoff,USB,U.S. Bancorp,2026-07-17,2026-07-16 06:59:35,2026-07-15,2026-07-16,2026-07-17,0.01734284590627111,0.8382904025180755
post_cutoff,AXGN,"Axogen, Inc. Common Stock",2026-07-31,2026-07-29 07:11:02,2026-07-28,2026-07-29,2026-07-30,0.00375070478002848,0.10326970826968378
post_cutoff,ZION,Zions Bancorporation N.A. Common Stock,2026-07-24,2026-07-20 16:05:38,2026-07-20,2026-07-21,2026-07-22,-0.032519842393064824,-1.5563118369252695
post_cutoff,LOB,"Live Oak Bancshares, Inc.",2026-07-24,2026-07-22 16:18:49,2026-07-22,2026-07-23,2026-07-24,0.03645687786174867,1.433092485181931
post_cutoff,KRMN,Karman Holdings Inc.,2026-08-14,2026-08-06 20:18:55,2026-08-06,2026-08-07,2026-08-10,0.12149485408308558,1.7423196200278828
post_cutoff,ABG,"Asbury Automotive Group, Inc.",2026-07-31,2026-07-28 07:04:10,2026-07-27,2026-07-28,2026-07-29,0.10842832600641028,3.305808858878646
post_cutoff,CRSP,CRISPR Therapeutics AG Common Shares,2026-08-07,2026-08-03 16:24:23,2026-08-03,2026-08-04,2026-08-05,0.042103150084414676,0.8864322299289953
post_cutoff,MSI,"Motorola Solutions, Inc. New",2026-08-07,2026-08-05 16:12:37,2026-08-05,2026-08-06,2026-08-07,0.0626092566071248,3.0366370030770717
post_cutoff,FLEX,Flex Ltd. Ordinary Shares,2026-07-31,2026-07-29 11:15:54,2026-07-28,2026-07-29,2026-07-30,-0.013203489088346343,-0.13859370634971646
post_cutoff,VMC,Vulcan Materials Company(Holding Company),2026-07-31,2026-07-29 07:05:34,2026-07-28,2026-07-29,2026-07-30,-0.060680926597336704,-2.178649602085765
post_cutoff,JKHY,"Jack Henry & Associates, Inc. Common Stock",2026-08-14,2026-08-11 17:24:02,2026-08-11,2026-08-12,2026-08-13,0.005071327709152751,0.18179961039137252
post_cutoff,OTIS,Otis Worldwide Corporation,2026-07-24,2026-07-22 06:05:47,2026-07-21,2026-07-22,2026-07-23,-0.0029946010571842985,-0.14648699648564595
post_cutoff,WSC,WillScot Holdings Corporation Class A Common Stock,2026-08-14,2026-08-06 16:18:18,2026-08-06,2026-08-07,2026-08-10,-0.11153061717257118,-2.869168951755028
post_cutoff,BMRN,BioMarin Pharmaceutical Inc. Common Stock,2026-08-14,2026-08-06 16:06:04,2026-08-06,2026-08-07,2026-08-10,0.1149114874941668,3.6270176211883665
post_cutoff,TCI,"Transcontinental Realty Investors, Inc.",2026-08-07,2026-08-06 13:41:35,2026-08-05,2026-08-06,2026-08-07,-0.1021746240385848,-1.6180003150171651
post_cutoff,SAIC,Science Applications International Corporation Common Stock,2026-09-04,2026-08-31 06:55:28,2026-08-28,2026-08-31,2026-09-01,0.016347905812951202,0.5512914499195699
post_cutoff,TAP,Molson Coors Beverage Company Class B,2026-08-07,2026-08-06 10:34:03,2026-08-05,2026-08-06,2026-08-07,0.031251516948612945,1.1825119595645661
post_cutoff,DOLE,Dole plc,2026-08-14,2026-08-10 06:05:46,2026-08-07,2026-08-10,2026-08-11,-0.05901256255347831,-2.714683804885481
post_cutoff,MSGS,Madison Square Garden Sports Corp.,2026-08-14,2026-08-13 07:40:05,2026-08-12,2026-08-13,2026-08-14,-0.021765834462082023,-0.9419152374352425
post_cutoff,SLP,"Simulations Plus, Inc. Common Stock",2026-07-17,2026-07-09 16:05:09,2026-07-09,2026-07-10,2026-07-13,-0.0015199622985300199,-0.02966122562093624
post_cutoff,BPOP,"Popular, Inc. Common Stock",2026-07-24,2026-07-23 12:00:55,2026-07-22,2026-07-23,2026-07-24,-0.0010748261089985611,-0.061435016373936426
post_cutoff,XIFR,"XPLR Infrastructure, LP",2026-07-31,2026-07-28 07:34:59,2026-07-27,2026-07-28,2026-07-29,-0.10829752567983075,-3.18584428842984
post_cutoff,MBIN,Merchants Bancorp Common Stock,2026-07-31,2026-07-28 16:05:36,2026-07-28,2026-07-29,2026-07-30,0.1371686375886052,6.40269853324173
post_cutoff,CDNS,"Cadence Design Systems, Inc. Common Stock",2026-07-31,2026-07-27 20:03:05,2026-07-27,2026-07-28,2026-07-29,-0.004241762510718616,-0.10505119246523589
post_cutoff,IMCR,Immunocore Holdings plc American Depositary Shares,2026-08-07,2026-08-06 07:01:22,2026-08-05,2026-08-06,2026-08-07,0.01682181366171398,0.5517116870778075
post_cutoff,TXN,Texas Instruments Incorporated Common Stock,2026-07-24,2026-07-22 16:04:06,2026-07-22,2026-07-23,2026-07-24,-0.03829579168398811,-0.8462246825829793
post_cutoff,IMNM,"Immunome, Inc. Common Stock",2026-08-14,2026-08-11 20:05:17,2026-08-11,2026-08-12,2026-08-13,-0.0030209798874341054,-0.06252363140412802
post_cutoff,AX,"Axos Financial, Inc. Common Stock",2026-08-07,2026-07-30 16:09:23,2026-07-30,2026-07-31,2026-08-03,0.0310546048398177,1.4095865267504313
post_cutoff,RPD,"Rapid7, Inc. Common Stock",2026-08-14,2026-08-10 16:09:04,2026-08-10,2026-08-11,2026-08-12,0.05754782533168301,0.8167105813488027
post_cutoff,BANC,"Banc of California, Inc.",2026-07-31,2026-07-29 06:31:54,2026-07-28,2026-07-29,2026-07-30,-0.11137572223049153,-4.934366177185942
post_cutoff,FOR,Forestar Group Inc.,2026-07-24,2026-07-21 12:00:41,2026-07-20,2026-07-21,2026-07-22,-0.035542046605876454,-1.20927228656945
post_cutoff,AAP,ADVANCE AUTO PARTS INC,2026-08-21,2026-08-20 06:31:32,2026-08-19,2026-08-20,2026-08-21,-0.23772531146905507,-4.926409096259219
post_cutoff,APP,Applovin Corporation Class A Common Stock,2026-08-07,2026-08-05 16:06:12,2026-08-05,2026-08-06,2026-08-07,-0.17444368164973534,-2.8478629001352704
post_cutoff,AXTI,AXT Inc Common Stock,2026-08-07,2026-07-30 20:15:25,2026-07-30,2026-07-31,2026-08-03,0.4413864940379475,3.2142214838169116
post_cutoff,CWBC,Community West Bancshares Common Stock,2026-07-31,2026-07-23 16:04:47,2026-07-23,2026-07-24,2026-07-27,-0.0518209518176066,-2.6046386081431874
post_cutoff,FOXF,Fox Factory Holding Corp. Common Stock,2026-08-14,2026-08-06 16:08:19,2026-08-06,2026-08-07,2026-08-10,0.10924088260548959,2.409823121831857
post_cutoff,INVA,"Innoviva, Inc. Common Stock",2026-08-07,2026-08-05 16:19:21,2026-08-05,2026-08-06,2026-08-07,-0.004505912382143151,-0.19499721010488685
post_cutoff,GCO,Genesco Inc.,2026-09-04,2026-09-03 07:15:16,2026-09-02,2026-09-03,2026-09-04,0.061740371363959046,1.3833900145867268
post_cutoff,ASB,Associated Banc-Corp,2026-07-31,2026-07-23 16:16:35,2026-07-23,2026-07-24,2026-07-27,0.011422402493310946,0.5654318355108173
post_cutoff,BCAL,California BanCorp Common Stock,2026-07-31,2026-07-27 08:10:37,2026-07-24,2026-07-27,2026-07-28,0.021305075691040676,1.0957642079169425
post_cutoff,SNDR,"Schneider National, Inc.",2026-08-07,2026-07-30 16:07:39,2026-07-30,2026-07-31,2026-08-03,0.0010755387819187945,0.027531034811946697
post_cutoff,BKNG,Booking Holdings Inc. Common Stock,2026-08-07,2026-08-04 16:03:14,2026-08-04,2026-08-05,2026-08-06,0.07113097721820072,2.0058337347911257
post_cutoff,GLP,Global Partners LP,2026-08-14,2026-08-07 08:11:35,2026-08-06,2026-08-07,2026-08-10,0.041073912515732225,1.314964067071577
post_cutoff,DDOG,"Datadog, Inc. Class A Common Stock",2026-08-07,2026-08-06 07:07:37,2026-08-05,2026-08-06,2026-08-07,-0.178394389268819,-3.820462055418649
post_cutoff,OCSL,Oaktree Specialty Lending Corporation Common Stock,2026-08-07,2026-08-05 06:10:10,2026-08-04,2026-08-05,2026-08-06,0.05181046782288523,2.6365549505800137
post_cutoff,BKV,BKV Corporation,2026-08-07,2026-08-06 07:02:37,2026-08-05,2026-08-06,2026-08-07,0.058972348487422055,1.8880707419709306
post_cutoff,TMO,"Thermo Fisher Scientific, Inc.",2026-07-24,2026-07-23 06:04:03,2026-07-22,2026-07-23,2026-07-24,0.09072975521149163,3.306128890804812
post_cutoff,AMBQ,"Ambiq Micro, Inc.",2026-08-14,2026-08-11 11:31:28,2026-08-10,2026-08-11,2026-08-12,0.02682668812205735,0.33748075151361984
post_cutoff,STLN,"Starling Oncology, Inc. Common Stock",2026-08-14,2026-08-06 16:32:33,2026-08-06,2026-08-07,2026-08-10,0.22865149598495238,3.862120057830796
post_cutoff,TPR,"Tapestry, Inc. Common Stock",2026-08-14,2026-08-13 06:46:05,2026-08-12,2026-08-13,2026-08-14,-0.16605664667046782,-5.515517560425031
post_cutoff,AVGO,Broadcom Inc. Common Stock,2026-09-04,2026-09-02 16:26:04,2026-09-02,2026-09-03,2026-09-04,-0.032029215732001015,-0.8037315938298875
post_cutoff,ESAB,ESAB Corporation,2026-08-07,2026-08-06 06:31:47,2026-08-05,2026-08-06,2026-08-07,-0.0110064540939524,-0.21905890955808438
post_cutoff,RRC,Range Resources Corp,2026-07-17,2026-07-10 07:00:14,2026-07-09,2026-07-10,2026-07-13,-0.009986018309920963,-0.38860657164719775
post_cutoff,BE,Bloom Energy Corporation,2026-07-31,2026-07-28 16:07:21,2026-07-28,2026-07-29,2026-07-30,0.2403193513948394,2.3892322731887328
post_cutoff,ACEL,"Accel Entertainment, Inc.",2026-08-07,2026-08-04 16:16:12,2026-08-04,2026-08-05,2026-08-06,0.014277907042762106,0.600795720484494
post_cutoff,ADPT,Adaptive Biotechnologies Corporation Common Stock,2026-07-31,2026-07-29 20:15:15,2026-07-29,2026-07-30,2026-07-31,-0.023647990251333795,-0.38382157570274983
post_cutoff,WSBC,"WesBanco, Inc. Common Stock",2026-07-10,2026-07-02 20:26:10,2026-07-02,2026-07-06,2026-07-07,-0.012331552843639626,-0.4949646419685208
post_cutoff,BBIO,"BridgeBio Pharma, Inc. Common Stock",2026-08-14,2026-08-10 16:03:45,2026-08-10,2026-08-11,2026-08-12,-0.009102483558676822,-0.22837003722718915
post_cutoff,MO,"Altria Group, Inc.",2026-07-31,2026-07-30 07:06:45,2026-07-29,2026-07-30,2026-07-31,-0.11196757487586262,-5.020420031462693
post_cutoff,USPH,US Physical Therapy Inc,2026-08-14,2026-08-06 16:10:10,2026-08-06,2026-08-07,2026-08-10,0.06325241733824982,1.7793833983832223
post_cutoff,FIBK,"First Interstate BancSystem, Inc. Common Stock (DE)",2026-07-31,2026-07-23 16:14:03,2026-07-23,2026-07-24,2026-07-27,-0.010268769031729907,-0.462602263393578
post_cutoff,TDW,"Tidewater, Inc.",2026-08-07,2026-08-03 20:28:53,2026-08-03,2026-08-04,2026-08-05,0.06626426527776341,1.8410738359609613
post_cutoff,EXEL,"Exelixis, Inc. Common Stock",2026-08-07,2026-08-05 16:09:37,2026-08-05,2026-08-06,2026-08-07,-0.05089039209995627,-1.8140118702735075
post_cutoff,MSEX,Middlesex Water Company Common Stock,2026-08-07,2026-07-30 16:01:45,2026-07-30,2026-07-31,2026-08-03,-0.0029763121142898363,-0.15619653656577628
post_cutoff,WLFC,Willis Lease Finance Corporation Common Stock,2026-08-07,2026-08-04 06:52:37,2026-08-03,2026-08-04,2026-08-05,-0.11824571353445601,-2.6725918209604114
post_cutoff,TXRH,"Texas Roadhouse, Inc. Common Stock",2026-08-14,2026-08-06 16:05:31,2026-08-06,2026-08-07,2026-08-10,-0.009241273689034046,-0.3216799601436233
post_cutoff,MLM,Martin Marietta Materials,2026-07-31,2026-07-30 07:03:27,2026-07-29,2026-07-30,2026-07-31,-0.10224647297424727,-3.405056091382473
post_cutoff,OPLN,"OPENLANE, Inc",2026-08-07,2026-08-04 07:00:10,2026-08-03,2026-08-04,2026-08-05,-0.08765062404176138,-2.639532002334638
post_cutoff,VERA,"Vera Therapeutics, Inc. Class A Common Stock",2026-08-14,2026-08-10 16:05:19,2026-08-10,2026-08-11,2026-08-12,-0.049648041610564464,-0.9406835265275381
post_cutoff,CCAP,"Crescent Capital BDC, Inc. Common stock",2026-08-14,2026-08-10 16:15:17,2026-08-10,2026-08-11,2026-08-12,-0.050947092995702326,-1.709192677444717
post_cutoff,MFIC,MidCap Financial Investment Corporation Common Stock,2026-08-07,2026-08-06 06:05:38,2026-08-05,2026-08-06,2026-08-07,0.024921880533388174,1.1213821066137282
post_cutoff,PR,Permian Resources Corporation,2026-08-07,2026-08-05 16:10:40,2026-08-05,2026-08-06,2026-08-07,0.01380537958123429,0.4462684271207107
post_cutoff,OSK,Oshkosh Corp.,2026-07-31,2026-07-28 07:59:51,2026-07-27,2026-07-28,2026-07-29,-0.0652137274904756,-1.6296640478089786
post_cutoff,DJT,Trump Media & Technology Group Corp. Common Stock,2026-08-14,2026-08-10 16:45:30,2026-08-10,2026-08-11,2026-08-12,-0.11857554523406821,-1.9769049624429036
post_cutoff,CENT,Central Garden & Pet Company Common Stock,2026-08-07,2026-08-05 16:15:43,2026-08-05,2026-08-06,2026-08-07,0.010927587390893612,0.4770611414139898
post_cutoff,RRR,"Red Rock Resorts, Inc. Class A Common Stock",2026-08-07,2026-08-04 16:01:06,2026-08-04,2026-08-05,2026-08-06,-0.017519824269571105,-0.6047610416366149
post_cutoff,OC,Owens Corning,2026-08-07,2026-08-05 06:02:49,2026-08-04,2026-08-05,2026-08-06,0.03842529526439864,0.8107932062855651
post_cutoff,RLAY,"Relay Therapeutics, Inc. Common Stock",2026-08-14,2026-08-06 16:11:08,2026-08-06,2026-08-07,2026-08-10,0.0038028112737580333,0.07086431144953312
post_cutoff,ONC,BeOne Medicines Ltd. American Depositary Shares,2026-08-07,2026-08-05 06:02:36,2026-08-04,2026-08-05,2026-08-06,0.024608138590099138,0.9158735913107449
post_cutoff,IMSR,Terrestrial Energy Inc. Common Stock,2026-08-14,2026-08-11 08:00:42,2026-08-10,2026-08-11,2026-08-12,0.06675532598360445,0.7252717284868009
post_cutoff,FFIV,"F5, Inc. Common Stock",2026-07-31,2026-07-27 16:06:52,2026-07-27,2026-07-28,2026-07-29,-0.038465396781622085,-1.3696750428507973
post_cutoff,BXC,BlueLinx Holdings Inc.,2026-08-07,2026-08-04 16:14:33,2026-08-04,2026-08-05,2026-08-06,0.32843973935002757,5.256666928438973
post_cutoff,ATEN,A10 NETWORKS INC,2026-08-07,2026-08-05 16:13:01,2026-08-05,2026-08-06,2026-08-07,-0.13417767058818797,-3.7642730682375354
post_cutoff,PENG,"Penguin Solutions, Inc. Common Stock",2026-07-10,2026-07-07 16:09:58,2026-07-07,2026-07-08,2026-07-09,0.2925295967338817,3.2076977152078614
post_cutoff,AIRO,"AIRO Group Holdings, Inc. Common Stock",2026-08-14,2026-08-13 06:30:22,2026-08-12,2026-08-13,2026-08-14,0.12222522120229407,1.559111732693061
post_cutoff,ENB,"Enbridge, Inc",2026-08-07,2026-07-31 07:01:52,2026-07-30,2026-07-31,2026-08-03,-0.04545438028305515,-2.5592123353127154
post_cutoff,LMND,"Lemonade, Inc.",2026-07-31,2026-07-28 19:00:09,2026-07-28,2026-07-29,2026-07-30,-0.21910988454401226,-4.024468792572441
post_cutoff,IQV,IQVIA Holdings Inc.,2026-07-31,2026-07-28 07:03:16,2026-07-27,2026-07-28,2026-07-29,0.1740890603938623,4.523840225882549
post_cutoff,BY,"Byline Bancorp, Inc. Common Stock",2026-07-31,2026-07-23 16:15:18,2026-07-23,2026-07-24,2026-07-27,0.026223518820096325,1.4669710980786776
post_cutoff,AD,"Array Digital Infrastructure, Inc.",2026-08-14,2026-08-07 07:33:16,2026-08-06,2026-08-07,2026-08-10,-0.02236723151211728,-0.9919142189048386
post_cutoff,BIO,"Bio-Rad Laboratories, Inc.Class A",2026-08-07,2026-08-04 16:16:02,2026-08-04,2026-08-05,2026-08-06,0.03227613463228396,0.8264053077539638
post_cutoff,DIS,The Walt Disney Company,2026-08-07,2026-08-05 06:30:54,2026-08-04,2026-08-05,2026-08-06,0.06979204728999888,3.143691119397757
post_cutoff,CACC,Credit Acceptance Corporation Common Stock,2026-08-07,2026-08-04 16:03:13,2026-08-04,2026-08-05,2026-08-06,-0.007555180636246606,-0.2689567417348745
post_cutoff,RHP,"Ryman Hospitality Properties, Inc",2026-08-14,2026-08-07 08:15:30,2026-08-06,2026-08-07,2026-08-10,-0.040286184269467507,-1.8152151435415713
post_cutoff,GIS,"General Mills, Inc.",2026-07-03,2026-07-01 11:01:47,2026-06-30,2026-07-01,2026-07-02,0.08216691906578177,3.6872716359044078
post_cutoff,SOUN,"SoundHound AI, Inc Class A Common Stock",2026-08-07,2026-08-05 16:25:36,2026-08-05,2026-08-06,2026-08-07,0.24277247019950532,4.544468375313162
post_cutoff,CIVB,"Civista Bancshares, Inc. Common Stock",2026-07-24,2026-07-23 07:00:16,2026-07-22,2026-07-23,2026-07-24,0.02563288956335774,1.2424609762769656
post_cutoff,KO,Coca-Cola Company,2026-07-31,2026-07-28 06:58:13,2026-07-27,2026-07-28,2026-07-29,0.07262551252687222,3.6241638246114896
post_cutoff,INOD,Innodata Inc. Common Stock,2026-08-14,2026-08-06 16:12:38,2026-08-06,2026-08-07,2026-08-10,-0.05552727695494075,-0.6776260896496205
post_cutoff,VRSK,"Verisk Analytics, Inc. Common Stock",2026-07-31,2026-07-29 07:16:18,2026-07-28,2026-07-29,2026-07-30,-0.05722936035223736,-1.7474374810155366
post_cutoff,ONB,Old National Bancorp Common Stock,2026-07-24,2026-07-22 07:12:53,2026-07-21,2026-07-22,2026-07-23,0.01119836185037082,0.5365819849188367
post_cutoff,MGRC,McGrath RentCorp Common Stock,2026-07-31,2026-07-29 16:00:16,2026-07-29,2026-07-30,2026-07-31,-0.03990321847464706,-1.987024431208792
post_cutoff,GHC,GRAHAM HOLDINGS COMPANY,2026-07-31,2026-07-30 08:31:26,2026-07-29,2026-07-30,2026-07-31,-0.048743591474312176,-2.3498975797427986
post_cutoff,LSTR,"Landstar System, Inc. Common Stock",2026-07-31,2026-07-28 16:22:30,2026-07-28,2026-07-29,2026-07-30,-0.08737240731563678,-3.0383538189778276
post_cutoff,CRC,California Resources Corporation,2026-07-17,2026-07-14 09:00:34,2026-07-13,2026-07-14,2026-07-15,-0.02774524774936782,-0.7589088767918483
post_cutoff,PRM,"Perimeter Solutions, Inc.",2026-08-07,2026-07-31 07:35:42,2026-07-30,2026-07-31,2026-08-03,-0.20231310544160608,-3.9922018578209273
post_cutoff,RMIX,"Suncrete, Inc. Class A Common Stock",2026-08-21,2026-08-14 08:15:06,2026-08-13,2026-08-14,2026-08-17,-0.05388528230349965,-0.9045390684041826
post_cutoff,WBD,"Warner Bros. Discovery, Inc. Series A Common Stock",2026-08-07,2026-08-06 07:04:14,2026-08-05,2026-08-06,2026-08-07,0.02668392204219261,1.526780692837398
post_cutoff,CWST,"Casella Waste Systems, Inc. Class A Common Stock",2026-08-14,2026-08-06 16:12:04,2026-08-06,2026-08-07,2026-08-10,-0.011013108483768241,-0.36798983240671623
post_cutoff,MSBI,"Midland States Bancorp, Inc. Common Stock",2026-07-31,2026-07-23 16:07:22,2026-07-23,2026-07-24,2026-07-27,0.05875765361488661,2.545826217883251
post_cutoff,ACAD,ACADIA Pharmaceuticals Inc. Common Stock,2026-08-07,2026-08-04 16:16:35,2026-08-04,2026-08-05,2026-08-06,0.05146925384900447,1.7757897221784653
post_cutoff,LBTYA,Liberty Global Ltd. Class A Common Shares,2026-07-31,2026-07-24 08:15:27,2026-07-23,2026-07-24,2026-07-27,-0.04593942107879423,-1.6439631125106542
post_cutoff,A,Agilent Technologies Inc.,2026-08-28,2026-08-26 16:06:25,2026-08-26,2026-08-27,2026-08-28,-0.012273760060705907,-0.47637461464970904
post_cutoff,RGEN,Repligen Corporation Common Stock,2026-07-24,2026-07-22 12:56:58,2026-07-21,2026-07-22,2026-07-23,0.01795716014682902,0.3989049317479397
post_cutoff,NTAP,"NetApp, Inc. Common Stock",2026-09-04,2026-09-02 20:05:16,2026-09-02,2026-09-03,2026-09-04,0.020086665254202885,0.5632962208219225
post_cutoff,TRIN,Trinity Capital Inc.,2026-08-07,2026-08-05 12:00:28,2026-08-04,2026-08-05,2026-08-06,-0.027277079961786188,-1.5708871678230354
post_cutoff,VKTX,"Viking Therapeutics, Inc. Common Stock",2026-07-31,2026-07-29 16:05:59,2026-07-29,2026-07-30,2026-07-31,-0.07464464781673463,-1.4785594075264399
post_cutoff,APEI,"American Public Education, Inc. Common Stock",2026-08-14,2026-08-10 16:12:42,2026-08-10,2026-08-11,2026-08-12,-0.046989105834357336,-0.9965345562368289
post_cutoff,ALOY,REalloys Inc. Common Stock,2026-08-21,2026-08-13 17:13:57,2026-08-13,2026-08-14,2026-08-17,0.07657274517896995,0.6267912466506262
post_cutoff,NOVT,Novanta Inc. Common Stock,2026-08-07,2026-08-05 16:50:16,2026-08-05,2026-08-06,2026-08-07,0.08202752544439806,1.6771301734837734
post_cutoff,BAH,Booz Allen Hamilton Holding Corporation,2026-07-31,2026-07-24 06:49:09,2026-07-23,2026-07-24,2026-07-27,0.08641906220831186,2.4933618825133363
post_cutoff,AMPX,"Amprius Technologies, Inc.",2026-08-07,2026-08-04 16:15:13,2026-08-04,2026-08-05,2026-08-06,0.03873975401681151,0.4158792580367591
post_cutoff,ADM,Archer Daniels Midland Company,2026-08-07,2026-08-04 10:03:55,2026-08-03,2026-08-04,2026-08-05,-0.022184466228822308,-0.9646615284685028
post_cutoff,WMT,Walmart Inc. Common Stock,2026-08-21,2026-08-20 06:59:01,2026-08-19,2026-08-20,2026-08-21,-0.08623647534775303,-4.313657551687069
post_cutoff,VECO,Veeco Instruments Inc. Common Stock,2026-08-07,2026-08-05 16:15:57,2026-08-05,2026-08-06,2026-08-07,-0.007810293046795813,-0.09884305175147544
post_cutoff,DKS,"Dick's Sporting Goods, Inc.",2026-08-28,2026-08-25 11:01:39,2026-08-24,2026-08-25,2026-08-26,-0.2804193027919861,-8.19506689156498
post_cutoff,APA,APA Corporation Common Stock,2026-07-10,2026-07-08 17:07:26,2026-07-08,2026-07-09,2026-07-10,-0.058780695442067765,-1.3783590874942078
post_cutoff,CHRW,"C.H. Robinson Worldwide, Inc. Common Stock",2026-07-31,2026-07-29 20:36:02,2026-07-29,2026-07-30,2026-07-31,-0.17380223532164085,-4.504128422702076
post_cutoff,GL,Globe Life Inc.,2026-07-24,2026-07-22 16:34:35,2026-07-22,2026-07-23,2026-07-24,-0.04583302403619405,-2.5960022760850077
post_cutoff,EVTC,"EVERTEC, INC.",2026-08-07,2026-08-04 16:07:25,2026-08-04,2026-08-05,2026-08-06,-0.04587524802231968,-1.2085924062588729
post_cutoff,BKE,"The Buckle, Inc.",2026-08-28,2026-08-21 15:39:05,2026-08-20,2026-08-21,2026-08-24,0.04036665053430988,1.254520994347625
post_cutoff,ON,ON Semiconductor Corporation Common Stock,2026-08-07,2026-08-03 16:54:23,2026-08-03,2026-08-04,2026-08-05,-0.05940446716522596,-0.733944273650647
post_cutoff,EGY,"Vaalco Energy, Inc.",2026-08-14,2026-08-06 16:41:13,2026-08-06,2026-08-07,2026-08-10,0.12008817784681591,3.307914524320346
post_cutoff,MSA,Mine Safety Incorporated,2026-08-07,2026-07-30 16:35:46,2026-07-30,2026-07-31,2026-08-03,0.08233774971175922,3.868387144732711
post_cutoff,CRAI,"CRA International, Inc. Common Stock",2026-08-07,2026-08-06 08:15:18,2026-08-05,2026-08-06,2026-08-07,-0.04580569082899888,-1.2211491922188886
post_cutoff,CRNC,Cerence Inc. Common Stock,2026-08-14,2026-08-06 16:07:49,2026-08-06,2026-08-07,2026-08-10,-0.01856688756707403,-0.25586508152858245
post_cutoff,CLDX,"Celldex Therapeutics, Inc.",2026-08-14,2026-08-06 16:01:21,2026-08-06,2026-08-07,2026-08-10,0.02810941085222307,0.7467704471081624
post_cutoff,CTO,"CTO Realty Growth, Inc.",2026-07-31,2026-07-28 16:10:41,2026-07-28,2026-07-29,2026-07-30,-0.0029682985941534845,-0.17672163323494872
post_cutoff,RKLB,Rocket Lab Corporation Common Stock,2026-08-14,2026-08-10 16:08:45,2026-08-10,2026-08-11,2026-08-12,0.014818221141529975,0.1657610822302026
post_cutoff,FFBC,First Financial Bancorp. Common Stock,2026-07-24,2026-07-21 16:30:48,2026-07-21,2026-07-22,2026-07-23,-0.03933550487548765,-2.00448862049315
post_cutoff,RBKB,"Rhinebeck Bancorp, Inc. Common Stock",2026-07-31,2026-07-23 16:35:51,2026-07-23,2026-07-24,2026-07-27,-0.005284408350741732,-0.08574097426865739
post_cutoff,AORT,"Artivion, Inc.",2026-08-14,2026-08-06 16:08:36,2026-08-06,2026-08-07,2026-08-10,-0.015602914228021514,-0.37628248201868464
post_cutoff,FMAO,"Farmers & Merchants Bancorp, Inc. Common Stock",2026-07-31,2026-07-27 16:45:28,2026-07-27,2026-07-28,2026-07-29,0.13707321183008192,5.954971472605424
post_cutoff,APH,Amphenol Corporation,2026-07-31,2026-07-29 10:26:52,2026-07-28,2026-07-29,2026-07-30,0.11001702150654591,2.4915861370284182
post_cutoff,MA,Mastercard Incorporated,2026-07-31,2026-07-30 12:07:03,2026-07-29,2026-07-30,2026-07-31,-0.006729894997411279,-0.3232859417999785
post_cutoff,FITB,Fifth Third Bancorp,2026-07-24,2026-07-17 06:30:18,2026-07-16,2026-07-17,2026-07-20,-0.021620730357970186,-0.9225870360233422
post_cutoff,CG,The Carlyle Group Inc. Common Stock,2026-08-07,2026-08-04 17:46:04,2026-08-04,2026-08-05,2026-08-06,-0.031217973918591047,-0.9546017509479126
post_cutoff,FPI,Farmland Partners Inc.,2026-07-31,2026-07-29 16:10:20,2026-07-29,2026-07-30,2026-07-31,-0.04198431777649814,-2.385659601353294
post_cutoff,DELL,Dell Technologies Inc.,2026-09-04,2026-09-01 20:10:14,2026-09-01,2026-09-02,2026-09-03,0.20008576194851724,3.0964138410175286
post_cutoff,AN,"AutoNation, Inc.",2026-08-07,2026-07-31 07:01:35,2026-07-30,2026-07-31,2026-08-03,-0.01791108524982432,-0.5547335209540738
post_cutoff,LPG,DORIAN LPG LTD,2026-08-07,2026-08-04 18:35:39,2026-08-04,2026-08-05,2026-08-06,0.023348146980842754,0.4986578083002509
post_cutoff,ADP,"Automatic Data Processing, Inc. Common Stock",2026-07-31,2026-07-29 06:57:30,2026-07-28,2026-07-29,2026-07-30,-0.002252463216604772,-0.07779470632204011
post_cutoff,NPKI,NPK International Inc.,2026-07-31,2026-07-29 16:29:03,2026-07-29,2026-07-30,2026-07-31,0.012423270158895328,0.29230380909680065
post_cutoff,KYTX,"Kyverna Therapeutics, Inc. Common Stock",2026-08-14,2026-08-11 16:04:43,2026-08-11,2026-08-12,2026-08-13,-0.0020158736055198023,-0.03405991389178679
post_cutoff,ABNB,"Airbnb, Inc. Class A Common Stock",2026-08-14,2026-08-06 16:02:53,2026-08-06,2026-08-07,2026-08-10,0.21219891263307344,7.643273827278434
post_cutoff,RWT,"Redwood Trust, Inc.",2026-07-10,2026-07-07 09:31:50,2026-07-06,2026-07-07,2026-07-08,0.05173067846642587,2.142609189331364
post_cutoff,MRAM,"Everspin Technologies, Inc. Common Stock",2026-08-07,2026-08-05 20:16:06,2026-08-05,2026-08-06,2026-08-07,0.026473021942515995,0.19158175995235427
post_cutoff,TMDX,"TransMedics Group, Inc. Common Stock",2026-08-07,2026-08-04 16:05:17,2026-08-04,2026-08-05,2026-08-06,-0.003100188932469994,-0.06419246523040117
post_cutoff,EFSC,Enterprise Financial Services Corporation Common Stock,2026-07-24,2026-07-22 16:05:24,2026-07-22,2026-07-23,2026-07-24,0.016093041781011674,0.7972964214301356
post_cutoff,GOLD,"Gold.com, Inc.",2026-09-04,2026-09-02 17:55:23,2026-09-02,2026-09-03,2026-09-04,0.04632557065243792,1.1145177044635268
post_cutoff,IPAR,"Interparfums, Inc. Common Stock",2026-07-24,2026-07-22 16:27:29,2026-07-22,2026-07-23,2026-07-24,0.01406658195255095,0.457290606506744
post_cutoff,CORZ,"Core Scientific, Inc. Common Stock",2026-07-31,2026-07-28 11:06:14,2026-07-27,2026-07-28,2026-07-29,-0.11329118992052989,-1.7218880399294345
post_cutoff,AM,Antero Midstream Corporation Common Stock,2026-07-31,2026-07-29 16:57:52,2026-07-29,2026-07-30,2026-07-31,-0.003180471993536438,-0.1637046026587354
post_cutoff,CBT,Cabot Corporation,2026-08-07,2026-08-03 16:39:42,2026-08-03,2026-08-04,2026-08-05,-0.07223808756792727,-2.1801682556884177
post_cutoff,TMUS,"T-Mobile US, Inc. Common Stock",2026-07-24,2026-07-23 06:29:40,2026-07-22,2026-07-23,2026-07-24,-0.04543748548931814,-1.5974451896379118
post_cutoff,MRCY,Mercury Systems Inc Common Stock,2026-08-21,2026-08-18 16:01:05,2026-08-18,2026-08-19,2026-08-20,-0.09624917659572485,-1.490561682749126
post_cutoff,KYMR,"Kymera Therapeutics, Inc. Common Stock",2026-08-07,2026-08-05 07:10:14,2026-08-04,2026-08-05,2026-08-06,0.022937630070275494,0.4163701642801476
post_cutoff,CTEV,Claritev Corporation,2026-08-14,2026-08-07 06:00:26,2026-08-06,2026-08-07,2026-08-10,0.26355662666359736,2.081676150006629
post_cutoff,AEBI,Aebi Schmidt Holding AG Common Stock,2026-08-14,2026-08-13 07:00:21,2026-08-12,2026-08-13,2026-08-14,-0.02658819763468201,-0.6298648012978247
post_cutoff,BHRB,Burke & Herbert Financial Services Corp. Common Stock,2026-07-31,2026-07-23 16:05:56,2026-07-23,2026-07-24,2026-07-27,0.023251646171405405,1.2227336455037625
post_cutoff,TALO,"Talos Energy, Inc. Common Stock",2026-08-07,2026-08-04 21:18:58,2026-08-04,2026-08-05,2026-08-06,-0.009727528541643715,-0.21621768522930215
post_cutoff,QTTB,Q32 Bio Inc. Common Stock,2026-08-07,2026-08-05 07:02:49,2026-08-04,2026-08-05,2026-08-06,0.006372632889412255,0.026134738270693354
post_cutoff,SITE,"SiteOne Landscape Supply, Inc.",2026-07-31,2026-07-29 06:03:32,2026-07-28,2026-07-29,2026-07-30,-0.08335562419505871,-2.5007691729776056
post_cutoff,BBDC,"Barings BDC, Inc.",2026-08-07,2026-08-05 16:15:57,2026-08-05,2026-08-06,2026-08-07,0.09042383715970148,4.63470581321076
post_cutoff,HAYW,"Hayward Holdings, Inc.",2026-07-31,2026-07-29 11:04:29,2026-07-28,2026-07-29,2026-07-30,0.016097585049707153,0.4698393343349349
post_cutoff,RPC,"Ridgepost Capital, Inc.",2026-08-07,2026-08-05 06:30:25,2026-08-04,2026-08-05,2026-08-06,-0.02408569861229548,-0.6505465093947648
post_cutoff,UMBF,UMB Financial Corporation Common Stock,2026-07-31,2026-07-28 16:05:28,2026-07-28,2026-07-29,2026-07-30,0.009484986848472321,0.4326119959810267
post_cutoff,SM,SM Energy Company,2026-07-24,2026-07-16 16:15:15,2026-07-16,2026-07-17,2026-07-20,0.047128511794804595,0.9647630764537981
post_cutoff,PGEN,"Precigen, Inc. Common Stock",2026-08-07,2026-08-04 16:05:36,2026-08-04,2026-08-05,2026-08-06,0.06178007315866463,0.9241035671522151
post_cutoff,TSLA,"Tesla, Inc. Common Stock",2026-07-10,2026-07-02 09:01:26,2026-07-01,2026-07-02,2026-07-06,-0.02040939637316419,-0.4996333781650996
post_cutoff,INSM,Insmed Incorporated Common Stock,2026-08-07,2026-08-06 11:00:41,2026-08-05,2026-08-06,2026-08-07,0.31946904217249217,7.200516694269803
post_cutoff,DNOW,DNOW Inc.,2026-08-07,2026-08-06 06:56:20,2026-08-05,2026-08-06,2026-08-07,0.1572381101213729,6.08982716049412
post_cutoff,HEI,HEICO Corporation,2026-08-28,2026-08-25 17:13:15,2026-08-25,2026-08-26,2026-08-27,-0.04677431877424565,-1.9545322070073008
post_cutoff,SFBS,ServisFirst Bancshares Inc.,2026-07-24,2026-07-20 16:04:15,2026-07-20,2026-07-21,2026-07-22,0.004801389655091137,0.21926764500293908
post_cutoff,RL,Ralph Lauren Corporation,2026-08-07,2026-08-06 08:07:13,2026-08-05,2026-08-06,2026-08-07,0.034235199021596774,0.8760940333882864
post_cutoff,GTES,Gates Industrial Corporation Ltd.,2026-08-07,2026-07-31 07:37:01,2026-07-30,2026-07-31,2026-08-03,0.11809822646099644,3.2267051364735835
