symbol,name,exchange,sector,industry,last_price,avg_vol_20d,market_cap,history_days,gate_failures,as_of,sig_momentum_rs,sig_momentum_trend,sig_momentum_vol_surge,sig_momentum_breakout,sig_momentum,days_until_earnings,sig_fund_growth,sig_fund_quality,sig_fund_profitability,sig_fund_value,sig_fundamentals,sig_sentiment_news,sig_sentiment_analyst,sig_sentiment_short,sig_sentiment_articles,sig_sentiment,sig_momentum_adj,sig_fundamentals_adj,sig_sentiment_adj,sig_technicals_adj,signals_as_of,sig_catalyst_earnings,sig_catalyst_insider,sig_catalyst_analyst,sig_catalyst,sig_catalyst_adj
NVDA,NVIDIA Corporation,NASDAQ,Technology,Semiconductors,233.95,109953295.0,4114957846984.8633,61.0,0.0,2026-10-03,0.6983,1.0,0.4908,1.0,0.7948,,0.9375,0.524,0.75,0.9,0.7835,0.6763,0.711,0.3,19.0,0.632,0.0071532,0.1684525,0.0632,0.6080000000000001,2026-10-03,0.36,0.0,1.0,0.38,0.009500000000000001
T,AT&T Inc.,NASDAQ,Communication Services,Telecom Services,24.3,38051730.0,182932218186.0,,0.0,2026-10-03,0.4121,0.75,0.6043,0.45,0.5294,,0.5323,0.3,0.7416,0.65,0.5383,0.6763,0.637,0.3,19.0,0.6061,0.0047646,0.1157345,0.06061,0.456,2026-10-03,0.835,0.0,1.0,0.6175,0.015437500000000002
HL,Hecla Mining Company Common Stock,NASDAQ,Basic Materials,Other Precious Metals & Mining,17.2,36706555.0,12606638239.0,,0.0,2026-10-03,0.8824,0.5,0.4658,0.0,0.5229,,0.7708,0.8,0.75,0.15,0.7108,0.7158,0.5861,0.3,19.0,0.608,0.0047061,0.1528219999999999,0.0608,0.304,2026-10-03,0.555,0.0,1.0,0.4775,0.0119375
LUMN,Lumen Technologies Inc. Common Stock,NASDAQ,Communication Services,Telecom Services,5.75,13257815.0,9106601756.0,,0.0,2026-10-03,0.4382,0.25,0.5078,0.0,0.3108,,0.3169,0.5,0.5374,0.15,0.4011,0.7,0.5182,0.3,20.0,0.5764,0.0027972,0.0862365,0.05764,0.152,2026-10-03,0.0,0.0,0.8433,0.1687,0.0042175
DVN,Devon Energy Corporation Common Stock,NASDAQ,Energy,Oil & Gas E&P,47.65,12990795.0,29791847080.0,,0.0,2026-10-03,0.6829,0.75,0.3974,0.75,0.6641,,0.7708,0.2993,0.75,0.45,0.6157,0.6778,0.6908,0.3,18.0,0.6257,0.0059769,0.1323755,0.06257,0.456,2026-10-03,0.465,0.0,1.0,0.4325,0.010812500000000001
CCC,CCC Intelligent Solutions Holdings Inc.,NASDAQ,Technology,Software - Application,6.56,12907865.0,2940572219.0,62.0,0.0,2026-10-03,0.3979,0.5,0.5527,0.0309,0.371,,0.8738,0.55,0.6934,0.65,0.7253,0.6941,0.65,0.3,17.0,0.6196,0.003339,0.1559394999999999,0.06196,0.304,2026-10-03,0.0,0.0,1.0,0.2,0.005000000000000001
BULL,Webull Corporation,NASDAQ,Technology,Software - Application,7.34,12739200.0,3669217232.0,63.0,0.0,2026-10-03,0.8064,0.5,0.3637,0.0,0.4826,,0.6042,0.3,0.6862,0.5,0.5382,0.7421,0.6225,0.3,19.0,0.6339,0.0043434,0.115713,0.06339,0.304,2026-10-03,0.0,0.0,1.0,0.2,0.005000000000000001
APH,Amphenol Corporation Common Stock,NASDAQ,Technology,Electronic Components,86.96,12209680.0,184058079698.0,,0.0,2026-10-03,0.7304,0.9748,0.4877,0.9,0.7813,,0.9375,0.55,0.75,0.75,0.775,0.7625,0.7071,0.3,20.0,0.6737,0.0070316999999999,0.166625,0.06737,0.5926784,2026-10-03,0.57,0.0,1.0,0.485,0.012125
CSX,CSX Corporation,NASDAQ,Industrials,Railroads,47.43,10729125.0,74094042926.1218,61.0,0.0,2026-10-03,0.7031,0.25,0.486,0.6,0.5225,,0.709,0.3,0.75,0.55,0.6011,0.675,0.6368,0.3,20.0,0.6054,0.0047025,0.1292365,0.06054,0.152,2026-10-03,0.7855,0.0,1.0,0.5927,0.0148175
CRWD,"CrowdStrike Holdings, Inc.",NASDAQ,Technology,Software - Infrastructure,270.04,10587525.0,94430669341.83746,61.0,0.0,2026-10-03,0.9513,1.0,0.3811,1.0,0.8816,,0.8125,0.4722,0.5519,0.15,0.596,0.7056,0.6672,0.3,18.0,0.6313,0.0079344,0.12814,0.06313,0.6080000000000001,2026-10-03,0.36,0.0,0.4966,0.2793,0.0069825
HAL,Halliburton Company Common Stock,NASDAQ,Energy,Oil & Gas Equipment & Services,31.85,10539910.0,33706955474.0,,0.0,2026-10-03,0.734,0.3124,0.5166,0.1058,0.4468,,0.7279,0.6,0.7315,0.75,0.6991,0.675,0.6661,0.3,20.0,0.6156,0.0040212,0.1503065,0.06156,0.1899392,2026-10-03,0.0,0.0,1.0,0.2,0.005000000000000001
CVX,Chevron Corporation Common Stock,NASDAQ,Energy,Oil & Gas Integrated,206.69,9824370.0,368919590306.0,,0.0,2026-10-03,0.7423,0.75,0.397,0.75,0.684,,0.8542,0.45,0.75,0.75,0.7167,0.6778,0.6812,0.3,18.0,0.6223,0.006156,0.1540905,0.06223,0.456,2026-10-03,0.54,0.0,0.9261,0.4552,0.011380000000000001
KLAC,KLA Corporation ,NASDAQ,Technology,Semiconductor Equipment & Materials,206.89,9555610.0,193074464658.4585,61.0,0.0,2026-10-03,0.6734,0.5,0.3869,0.0108,0.4562,,0.8688,0.5472,0.75,0.55,0.7268,0.6875,0.6579,0.3,20.0,0.619,0.0041058,0.1562619999999999,0.0619,0.304,2026-10-03,0.0,0.0,1.0,0.2,0.005000000000000001
BP,BP p.l.c. Common Stock,NASDAQ,Energy,Oil & Gas Integrated,44.79,9237200.0,119093624801.0,,0.0,2026-10-03,0.6033,1.0,0.4319,0.9,0.7348,,0.8542,0.45,0.7443,0.9,0.7303,0.6639,0.6311,0.3,18.0,0.5978,0.0066132,0.1570144999999999,0.05978,0.6080000000000001,2026-10-03,0.555,0.0,1.0,0.4775,0.0119375
CRDO,Credo Technology Group Holding Ltd,NASDAQ,Technology,Semiconductors,218.64,8817150.0,17633413982.551727,61.0,0.0,2026-10-03,0.6164,0.5,0.5927,0.0625,0.4744,,0.9375,0.7104,0.75,0.2,0.7601,0.6763,0.7247,0.3,19.0,0.6368,0.0042696,0.1634215,0.06368,0.304,2026-10-03,0.0,0.0,1.0,0.2,0.005000000000000001
POET,POET Technologies Inc.,NASDAQ,Technology,Semiconductors,7.79,8405485.0,796388842.6468773,61.0,0.0,2026-10-03,0.4964,0.25,0.3977,0.0,0.3234,,0.75,0.5,0.4,0.2,0.545,0.6917,0.5,0.6,18.0,0.6108,0.0029106,0.117175,0.06108,0.152,2026-10-03,0.0,0.0,1.0,0.2,0.005000000000000001
FSLY,"Fastly, Inc.",NASDAQ,Technology,Software - Application,25.81,8343855.0,4229148092.651367,61.0,0.0,2026-10-03,0.8919,1.0,0.3319,0.1119,0.6692,,0.75,0.6,0.4234,0.5,0.6059,0.5,0.57,0.6,20.0,0.5395,0.0060228,0.1302685,0.05395,0.6080000000000001,2026-10-03,0.45,0.0,0.9133,0.4077,0.0101925
ADT,ADT Inc. Common Stock,NASDAQ,Industrials,Security & Protection Services,6.25,8210175.0,5851950489.0,,0.0,2026-10-03,0.3551,0.324,0.4969,0.0886,0.3113,,0.6273,0.3,0.75,0.8,0.5934,0.6639,0.5173,0.3,18.0,0.558,0.0028017,0.127581,0.0558,0.196992,2026-10-03,0.0,0.0,0.8833,0.1767,0.0044175
INFQ,Infleqtion Inc. Common Stock,NASDAQ,Technology,Software - Infrastructure,13.15,8208875.0,2872582570.0,,0.0,2026-10-03,0.3153,0.5,0.679,0.0,0.3576,,0.75,0.55,0.5,0.2,0.5825,0.5,0.71,0.3,19.0,0.5435,0.0032183999999999,0.1252375,0.05435,0.304,2026-10-03,0.0,0.0,1.0,0.2,0.005000000000000001
AES,The AES Corporation Common Stock,NASDAQ,Utilities,Utilities - Diversified,14.91,8089030.0,10332407654.0,,0.0,2026-10-03,0.4216,0.9745,0.6387,0.6,0.6331,,0.6035,0.0,0.7275,0.75,0.4983,0.7235,0.5,0.3,17.0,0.5818,0.0056979,0.1071345,0.05818,0.592496,2026-10-03,0.503,0.0,0.5467,0.3608,0.00902
TFC,Truist Financial Corporation Common Stock,NASDAQ,Financial Services,Banks - Regional,46.45,8067570.0,63203441099.0,,0.0,2026-10-03,0.5309,0.25,0.4261,0.6,0.4509,,0.7804,0.5,0.6309,0.65,0.6599,0.7026,0.5495,0.3,19.0,0.5886,0.0040581,0.1418785,0.05886,0.152,2026-10-03,0.0,0.0,0.9067,0.1813,0.0045325
PG,Procter & Gamble Company (The) Common Stock,NASDAQ,Consumer Defensive,Household & Personal Products,144.91,7985095.0,346257160176.0,,0.0,2026-10-03,0.323,0.3355,0.5542,0.6,0.4221,,0.35,0.3,0.75,0.3,0.4325,0.6639,0.6252,0.3,18.0,0.5958,0.0037988999999999,0.0929875,0.05958,0.203984,2026-10-03,0.0,0.0,0.9597,0.1919,0.0047975
CVS,CVS Health Corporation Common Stock,NASDAQ,Healthcare,Healthcare Plans,86.46,7941395.0,99888250298.0,,0.0,2026-10-03,0.6948,0.25,0.474,0.45,0.4841,,0.7735,0.3,0.6505,0.9,0.637,0.6639,0.7301,0.3,18.0,0.6325,0.0043568999999999,0.136955,0.06325,0.152,2026-10-03,0.0,0.0,1.0,0.2,0.005000000000000001
EXK,Endeavour Silver Corporation Ordinary Shares (Canada),NASDAQ,Basic Materials,Silver,8.6,7936930.0,2856903539.0,,0.0,2026-10-03,0.8397,0.5,0.5353,0.0,0.5154,,0.8125,0.55,0.75,0.65,0.715,0.4853,0.6887,0.3,17.0,0.5287,0.0046386,0.153725,0.05287,0.304,2026-10-03,0.435,0.0,1.0,0.4175,0.0104375
P,Everpure Inc. Class A common stock,NYSE,Technology,Computer Hardware,140.14,7719975.0,23604824330.0,63.0,0.0,2026-10-03,0.7969,1.0,0.4349,1.0,0.8371,,0.8542,0.3755,0.7086,0.55,0.6677,0.6875,0.732,0.3,20.0,0.645,0.0075339,0.1435555,0.0645,0.6080000000000001,2026-10-03,0.0,0.0,0.8546,0.1709,0.0042725
GENI,Genius Sports Limited Ordinary Shares,NYSE,Communication Services,Internet Content & Information,6.02,7656420.0,1430263394.0,64.0,0.0,2026-10-03,0.6021,0.2674,0.4437,0.0,0.3657,,0.6667,0.3,0.4045,0.65,0.5078,0.675,0.6894,0.6,20.0,0.6688,0.0032913,0.109177,0.06688,0.1625792,2026-10-03,0.0,0.0,1.0,0.2,0.005000000000000001
AAOI,"Applied Optoelectronics, Inc.",NASDAQ,Technology,Communication Equipment,115.59,7525730.0,7548080508.92067,61.0,0.0,2026-10-03,0.9762,0.5,0.454,0.0,0.5643,,0.75,0.3,0.4456,0.75,0.5614,0.675,0.635,0.6,20.0,0.6497,0.0050787,0.120701,0.06497,0.304,2026-10-03,0.57,0.0,1.0,0.485,0.012125
SWKS,"Skyworks Solutions, Inc. - Common Stock",NASDAQ,Technology,Semiconductors,85.03,7481460.0,8476880166.0,,0.0,2026-10-03,0.5546,0.75,0.5965,0.75,0.6485,,0.2931,0.6,0.7099,0.15,0.4597,0.4861,0.5,0.8,18.0,0.5381,0.0058365,0.0988354999999999,0.05381,0.456,2026-10-03,0.57,0.0,0.24,0.333,0.008325
VISN,"Vistance Networks, Inc. ",NASDAQ,Technology,Communication Equipment,6.21,7444180.0,4277030299.0,62.0,0.0,2026-10-03,0.7292,0.25,0.3702,0.45,0.4904,,0.5746,0.5866,0.6323,0.45,0.5795,0.6639,0.5525,0.6,18.0,0.6153,0.0044136,0.1245925,0.06153,0.152,2026-10-03,0.555,0.0,0.9667,0.4708,0.011770000000000001
SMMT,Summit Therapeutics Inc. ,NASDAQ,Healthcare,Biotechnology,16.75,7425085.0,12902201254.75006,61.0,0.0,2026-10-03,0.1746,0.5,0.9476,0.0,0.3384,,0.5,0.3455,0.4,0.5,0.4364,0.6778,0.6729,0.8,18.0,0.6944,0.0030456,0.093826,0.06944,0.304,2026-10-03,0.0,0.0,1.0,0.2,0.005000000000000001
DAL,Delta Air Lines Inc. Common Stock,NASDAQ,Industrials,Airlines,84.09,7367915.0,44971244961.0,,0.0,2026-10-03,0.6639,0.5,0.5785,0.6,0.5902,,0.5127,0.3,0.7353,0.9,0.5539,0.6667,0.7076,0.3,15.0,0.626,0.0053117999999999,0.1190884999999999,0.0626,0.304,2026-10-03,0.715,0.0,1.0,0.5575,0.0139375
CVE,Cenovus Energy Inc Common Stock,NASDAQ,Energy,Oil & Gas Integrated,32.4,7123980.0,49415570878.0,,0.0,2026-10-03,0.9216,1.0,0.5082,0.9,0.8539,,0.8008,0.55,0.75,0.8,0.7253,0.7,0.7611,0.3,20.0,0.6614,0.0076851,0.1559394999999999,0.06614,0.6080000000000001,2026-10-03,0.435,0.9,1.0,0.6875,0.0171875
FAST,Fastenal Company,NASDAQ,Industrials,Industrial Distribution,50.75,7019355.0,51881482567.78205,61.0,0.0,2026-10-03,0.4228,0.75,0.5412,0.9,0.623,,0.7873,0.6,0.75,0.3,0.6824,0.7,0.4967,0.3,20.0,0.5688,0.005607,0.1467159999999999,0.05688,0.456,2026-10-03,0.8069,0.0,0.4988,0.5032,0.012580000000000001
TEM,"Tempus AI, Inc. - Class A Common Stock",NASDAQ,Healthcare,Health Information Services,76.63,6930215.0,7703634136.0,,0.0,2026-10-03,0.3848,1.0,0.5684,0.1019,0.5185,,0.6667,0.3824,0.4,0.5,0.5123,0.5,0.6075,0.8,18.0,0.5826,0.0046665,0.1101444999999999,0.05826,0.6080000000000001,2026-10-03,0.555,0.0,0.5248,0.3825,0.009562500000000002
ACN,Accenture plc Class A Ordinary Shares (Ireland),NASDAQ,Technology,Information Technology Services,198.9,6866705.0,109769015334.0,,0.0,2026-10-03,0.3373,0.75,0.976,0.0461,0.4744,,0.7679,0.45,0.75,0.55,0.6622,0.6941,0.5744,0.3,17.0,0.5931,0.0042696,0.142373,0.05931,0.456,2026-10-03,0.0,0.0,1.0,0.2,0.005000000000000001
DT,Dynatrace Inc. Common Stock,NASDAQ,Technology,Software - Application,59.32,6818060.0,10639521359.0,,0.0,2026-10-03,0.6781,1.0,0.3901,1.0,0.7841,,0.6638,0.45,0.7211,0.65,0.6233,0.7375,0.659,0.3,20.0,0.6444,0.0070569,0.1340095,0.06444,0.6080000000000001,2026-10-03,0.57,0.0,0.7783,0.4407,0.0110175
CNQ,Canadian Natural Resources Limited Common Stock,NASDAQ,Energy,Oil & Gas E&P,48.44,6670095.0,92321380619.0,,0.0,2026-10-03,0.8219,0.75,0.3815,0.75,0.7084,,0.7541,0.45,0.75,0.3,0.6317,0.6632,0.6117,0.3,19.0,0.5907,0.0063756,0.1358155,0.05907,0.456,2026-10-03,0.57,0.9,0.9077,0.7365,0.018412500000000002
CRGY,Crescent Energy Company Class A Common Stock,NASDAQ,Energy,Oil & Gas E&P,13.39,6627080.0,4174170312.0,,0.0,2026-10-03,0.8634,0.75,0.4058,0.6,0.697,,0.8542,0.3,0.6883,0.8,0.6687,0.5,0.6447,0.6,20.0,0.5656,0.006273,0.1437705,0.05656,0.456,2026-10-03,0.555,0.0,1.0,0.4775,0.0119375
SUNB,Sunbelt Rentals Holdings Inc. Common Stock,NASDAQ,Industrials,Rental & Leasing Services,77.1,6586505.0,31774487719.0,,0.0,2026-10-03,0.3153,0.5,0.4346,0.75,0.485,,0.7992,0.3,0.75,0.65,0.6472,0.7158,0.6273,0.3,19.0,0.6224,0.004365,0.139148,0.06224,0.304,2026-10-03,0.0,0.0,1.0,0.2,0.005000000000000001
SO,Southern Company (The) Common Stock,NASDAQ,Utilities,Utilities - Regulated Electric,83.72,6563145.0,105391658274.0,,0.0,2026-10-03,0.2138,0.0,0.6429,0.6,0.3051,,0.6465,0.0,0.7327,0.55,0.4968,0.7125,0.5593,0.3,20.0,0.597,0.0027459,0.106812,0.0597,0.0,2026-10-03,0.0,0.0,0.9333,0.1867,0.004667500000000001
ALM,Almonty Industries Inc.,NASDAQ,Basic Materials,Other Industrial Metals & Mining,13.4,6538890.0,4291099951.10563,61.0,0.0,2026-10-03,0.9644,0.0,0.3978,0.0,0.4188,,0.8125,0.321,0.7028,0.2,0.6009,0.6895,0.6937,0.3,19.0,0.6325,0.0037692,0.1291935,0.06325,0.0,2026-10-03,0.0,0.0,1.0,0.2,0.005000000000000001
GAP,Gap Inc. (The) Common Stock,NASDAQ,Consumer Cyclical,Apparel Retail,22.51,6517625.0,9129851289.0,,0.0,2026-10-03,0.3777,0.75,0.4662,0.45,0.5058,,0.5917,0.55,0.7399,0.65,0.6241,0.6778,0.5575,0.6,18.0,0.624,0.0045522,0.1341815,0.0624,0.456,2026-10-03,0.345,0.0,1.0,0.3725,0.0093125
SMH,VanEck Semiconductor ETF,NASDAQ,,,630.6,6475780.0,5098782720.0,62.0,0.0,2026-10-03,0.8409,0.7595,0.3402,0.75,0.7247,,0.5,0.5,0.5,0.5,0.5,0.4722,0.5,0.3,18.0,0.4561,0.0065223,0.1075,0.04561,0.4617759999999999,2026-10-03,0.0,0.0,0.5333,0.1067,0.0026675
SHEL,Shell PLC American Depositary Shares (each representing two (2) Ordinary Shares),NASDAQ,Energy,Oil & Gas Integrated,96.23,6424314.0,248815685909.0,,0.0,2026-10-03,0.6271,1.0,0.3566,0.9,0.7363,,0.8542,0.45,0.75,0.55,0.6967,0.6794,0.61,0.3,17.0,0.5982,0.0066266999999999,0.1497905,0.05982,0.6080000000000001,2026-10-03,0.555,0.0,0.9292,0.4633,0.0115825
APA,APA Corporation,NASDAQ,Energy,Oil & Gas E&P,43.68,6217515.0,15474181013.983795,61.0,0.0,2026-10-03,0.8955,0.75,0.5329,0.75,0.756,,0.6702,0.3,0.75,0.65,0.5956,0.4875,0.5691,0.3,20.0,0.4879,0.006804,0.128054,0.04879,0.456,2026-10-03,0.57,0.0,0.8111,0.4472,0.01118
LUV,Southwest Airlines Company Common Stock,NASDAQ,Industrials,Airlines,42.47,6201360.0,19282123350.0,,0.0,2026-10-03,0.3931,0.25,0.4965,0.45,0.3943,,0.8317,0.0,0.682,0.9,0.5932,0.5,0.588,0.3,14.0,0.5008,0.0035487,0.1275379999999999,0.05008,0.152,2026-10-03,0.0,0.0,0.99,0.198,0.00495
RUM,Rumble Inc. - Class A Common Stock,NASDAQ,Communication Services,Internet Content & Information,7.57,6108085.0,1693802957.0,,0.0,2026-10-03,0.9062,0.75,0.5538,0.0724,0.6224,,0.6667,0.3,0.3545,0.2,0.4503,0.6625,0.65,0.6,20.0,0.6487,0.0056016,0.0968145,0.06487,0.456,2026-10-03,0.21,0.0,1.0,0.305,0.007625
XEL,Xcel Energy Inc. - Common Stock,NASDAQ,Utilities,Utilities - Regulated Electric,71.4,5993440.0,51418479745.0,,0.0,2026-10-03,0.253,0.0,0.4992,0.6,0.3029,,0.614,0.0,0.7232,0.55,0.4814,0.7594,0.7205,0.3,16.0,0.6769,0.0027261,0.103501,0.06769,0.0,2026-10-03,0.0,0.0,1.0,0.2,0.005000000000000001
BCRX,"BioCryst Pharmaceuticals, Inc.",NASDAQ,Healthcare,Drug Manufacturers - Specialty & Generic,8.17,5966015.0,2382605890.0,61.0,0.0,2026-10-03,0.5998,0.25,0.1645,0.0922,0.3406,,0.7917,0.8,0.7,0.15,0.7067,0.7125,0.67,0.6,20.0,0.6807,0.0030654,0.1519405,0.06807,0.152,2026-10-03,0.0,0.0,1.0,0.2,0.005000000000000001
GILD,"Gilead Sciences, Inc.",NASDAQ,Healthcare,Drug Manufacturers - General,144.74,5919935.0,169126414249.22424,61.0,0.0,2026-10-03,0.6841,0.75,0.5856,0.75,0.6842,,0.6054,0.45,0.65,0.45,0.5622,0.7553,0.6684,0.3,19.0,0.6566,0.0061578,0.120873,0.06566,0.456,2026-10-03,0.555,0.0,0.9639,0.4703,0.0117575
FCEL,"FuelCell Energy, Inc.",NASDAQ,Industrials,Electrical Equipment & Parts,18.47,5907965.0,352779605.45001507,61.0,0.0,2026-10-03,0.9359,0.5,0.3563,0.0,0.5426,,0.3333,0.3676,0.25,0.9,0.3777,0.6763,0.5767,0.8,19.0,0.66,0.0048833999999999,0.0812055,0.066,0.304,2026-10-03,0.0,0.8,1.0,0.44,0.011000000000000001
LFST,"LifeStance Health Group, Inc.",NASDAQ,Healthcare,Medical Care Facilities,11.83,5857015.0,2468951631.489897,61.0,0.0,2026-10-03,0.9739,0.75,0.6333,0.6,0.7606,,0.8125,0.45,0.6879,0.65,0.6745,0.6625,0.6882,0.3,20.0,0.6171,0.0068454,0.1450175,0.06171,0.456,2026-10-03,0.45,0.0,1.0,0.425,0.010625
NWL,Newell Brands Inc.,NASDAQ,Consumer Defensive,Household & Personal Products,5.4,5850965.0,2477328878.0,62.0,0.0,2026-10-03,0.8575,0.5,0.6948,0.45,0.6326,,0.6854,0.45,0.64,0.75,0.6217,0.7125,0.5667,0.6,20.0,0.6446,0.0056934,0.1336655,0.06446,0.304,2026-10-03,0.57,0.0,0.8667,0.4583,0.0114575
SAIL,"SailPoint, Inc.",NASDAQ,Technology,Software - Infrastructure,20.43,5811145.0,6740269938.725212,61.0,0.0,2026-10-03,0.5903,1.0,0.3414,0.6,0.6607,,0.6467,0.75,0.4673,0.35,0.598,0.7125,0.6569,0.8,20.0,0.7062,0.0059463,0.12857,0.07062,0.6080000000000001,2026-10-03,0.0,0.0,0.8584,0.1717,0.0042925
ENB,Enbridge Inc Common Stock,NASDAQ,Energy,Oil & Gas Midstream,45.97,5729775.0,116318551587.0,,0.0,2026-10-03,0.2993,0.0,0.5974,0.45,0.2949,,0.6042,0.0465,0.729,0.3,0.4655,0.6625,0.6766,0.3,20.0,0.6131,0.0026541,0.1000825,0.06131,0.0,2026-10-03,0.0,0.0,1.0,0.2,0.005000000000000001
INVH,Invitation Homes Inc. Common Stock,NASDAQ,Real Estate,REIT - Residential,26.04,5642595.0,16262970046.0,,0.0,2026-10-03,0.3884,0.25,0.4635,0.6,0.4048,,0.6673,0.3,0.7101,0.15,0.5344,0.5,0.6388,0.3,17.0,0.5186,0.0036432,0.114896,0.0518599999999999,0.152,2026-10-03,0.0,0.0,1.0,0.2,0.005000000000000001
CL,Colgate-Palmolive Company Common Stock,NASDAQ,Consumer Defensive,Household & Personal Products,84.26,5482815.0,67914858328.0,,0.0,2026-10-03,0.481,0.25,0.477,0.6,0.4414,,0.6837,0.45,0.75,0.55,0.6285,0.6763,0.6557,0.3,19.0,0.6127,0.0039726,0.1351274999999999,0.06127,0.152,2026-10-03,0.0,0.0,1.0,0.2,0.005000000000000001
ZETA,Zeta Global Holdings Corp. Class A Common Stock,NASDAQ,Technology,Software - Infrastructure,32.63,5433445.0,4310913749.0,,0.0,2026-10-03,0.9584,1.0,0.4287,1.0,0.8787,,0.75,0.6,0.6378,0.75,0.6845,0.6895,0.6707,0.3,19.0,0.6245,0.0079083,0.1471675,0.06245,0.6080000000000001,2026-10-03,0.435,0.0,0.7102,0.3595,0.0089875
VRT,Vertiv Holdings LLC Class A Common Stock,NASDAQ,Industrials,Electrical Equipment & Parts,252.18,5319145.0,124243834341.0,,0.0,2026-10-03,0.7328,0.25,0.3357,0.0,0.3939,,0.8542,0.45,0.75,0.75,0.7167,0.7,0.6908,0.3,20.0,0.6368,0.0035451,0.1540905,0.06368,0.152,2026-10-03,0.0,0.0,1.0,0.2,0.005000000000000001
TEVA,Teva Pharmaceutical Industries Limited American Depositary Shares,NASDAQ,Healthcare,Drug Manufacturers - Specialty & Generic,39.53,5299755.0,35677313490.0,,0.0,2026-10-03,0.8729,1.0,0.504,0.9,0.8415,,0.5992,0.3,0.7138,0.75,0.5681,0.7553,0.7168,0.3,19.0,0.6735,0.0075735,0.1221415,0.06735,0.6080000000000001,2026-10-03,0.555,0.0,1.0,0.4775,0.0119375
FHN,First Horizon Corporation Common Stock,NASDAQ,Financial Services,Banks - Regional,23.42,5255220.0,11563324465.0,,0.0,2026-10-03,0.4513,0.25,0.5848,0.6,0.445,,0.7021,0.5,0.6379,0.55,0.6203,0.5,0.5863,0.3,20.0,0.5002,0.004005,0.1333645,0.05002,0.152,2026-10-03,0.0,0.0,1.0,0.2,0.005000000000000001
NUVB,Nuvation Bio Inc. Class A Common Stock,NYSE,Healthcare,Biotechnology,5.14,5160640.0,2023053431.0,62.0,0.0,2026-10-03,0.9252,0.3979,0.4145,0.0,0.5043,,0.6667,0.3,0.4,0.35,0.4767,0.6895,0.7211,0.8,19.0,0.7171,0.0045387,0.1024905,0.07171,0.2419232,2026-10-03,0.45,0.0,1.0,0.425,0.010625
UNH,UnitedHealth Group Incorporated Common Stock (DE),NASDAQ,Healthcare,Healthcare Plans,371.9,5084065.0,322343034040.0,,0.0,2026-10-03,0.6686,0.25,0.5611,0.45,0.488,,0.7317,0.3,0.744,0.75,0.6287,0.5,0.7091,0.3,18.0,0.5432,0.004392,0.1351705,0.05432,0.152,2026-10-03,0.0,0.0,1.0,0.2,0.005000000000000001
PGEN,"Precigen, Inc.",NASDAQ,Healthcare,Biotechnology,8.54,5067305.0,2010721879.0,62.0,0.0,2026-10-03,0.9596,1.0,0.5686,0.9,0.8813,,0.75,0.3,0.55,0.2,0.5325,0.7,0.6867,0.6,20.0,0.6803,0.0079317,0.1144874999999999,0.06803,0.6080000000000001,2026-10-03,0.33,0.0,1.0,0.365,0.009125
MGY,Magnolia Oil & Gas Corporation Class A Common Stock,NASDAQ,Energy,Oil & Gas E&P,24.07,5049945.0,5590085992.0,,0.0,2026-10-03,0.4181,0.0383,0.7319,0.1166,0.3015,,0.8542,0.55,0.75,0.65,0.7317,0.6875,0.6881,0.6,20.0,0.6746,0.0027135,0.1573155,0.06746,0.0232864,2026-10-03,0.0,0.0,1.0,0.2,0.005000000000000001
CAI,"Caris Life Sciences, Inc.",NASDAQ,Healthcare,Biotechnology,28.3,4980685.0,4853309893.233631,61.0,0.0,2026-10-03,0.6283,0.75,0.6553,0.45,0.6204,,0.6042,0.5291,0.75,0.5,0.6114,0.675,0.6484,0.6,20.0,0.6544,0.0055836,0.131451,0.06544,0.456,2026-10-03,0.555,0.0,0.7098,0.4195,0.0104875
D,Dominion Energy Inc. Common Stock,NASDAQ,Utilities,Utilities - Regulated Electric,61.31,4971635.0,55005613599.0,,0.0,2026-10-03,0.4466,0.25,0.506,0.45,0.4016,,0.5058,0.0,0.7218,0.45,0.4278,0.6917,0.6069,0.3,12.0,0.6032,0.0036144,0.091977,0.06032,0.152,2026-10-03,0.0,0.0,0.9567,0.1913,0.0047825
CRBG,Corebridge Financial Inc. Common Stock,NASDAQ,Financial Services,Asset Management,34.03,4912195.0,12002792864.0,,0.0,2026-10-03,0.6936,0.75,0.6748,0.9,0.7308,,0.7292,0.45,0.6888,0.8,0.6564,0.6917,0.6843,0.3,18.0,0.6303,0.0065772,0.141126,0.06303,0.456,2026-10-03,0.57,0.6857,1.0,0.6907,0.0172675
DBX,"Dropbox, Inc.",NASDAQ,Technology,Software - Infrastructure,33.9,4874415.0,5594557134.89225,61.0,0.0,2026-10-03,0.7898,0.75,0.5181,0.6,0.6848,,0.5679,0.65,0.7,0.15,0.5797,0.7375,0.46,0.8,20.0,0.6497,0.0061632,0.1246355,0.06497,0.456,2026-10-03,0.57,0.0,0.229,0.3308,0.00827
GLXY,Galaxy Digital Inc.,NASDAQ,Financial Services,Capital Markets,23.06,4847485.0,7300507294.998423,61.0,0.0,2026-10-03,0.4359,0.2985,0.6092,0.0,0.3367,,0.3513,0.55,0.65,0.8,0.5205,0.6895,0.7119,0.6,19.0,0.6839,0.0030303,0.1119075,0.0683899999999999,0.181488,2026-10-03,0.0,0.0,1.0,0.2,0.005000000000000001
FSM,Fortuna Mining Corp. Common Shares,NASDAQ,Basic Materials,Gold,11.25,4828770.0,3127804503.0,,0.0,2026-10-03,0.8373,0.75,0.6863,0.45,0.6883,,0.8542,0.6,0.75,0.65,0.7442,0.7,0.7025,0.3,20.0,0.6409,0.0061947,0.1600029999999999,0.06409,0.456,2026-10-03,0.555,0.0,1.0,0.4775,0.0119375
ANET,Arista Networks Inc. Common Stock,NASDAQ,Technology,Computer Hardware,207.35,4783005.0,222759669887.0,,0.0,2026-10-03,0.8195,1.0,0.3456,0.9,0.8029,,0.9375,0.7988,0.75,0.55,0.8172,0.7,0.7225,0.3,20.0,0.6479,0.0072260999999999,0.175698,0.06479,0.6080000000000001,2026-10-03,0.57,0.0,1.0,0.485,0.012125
IBN,ICICI Bank Limited Common Stock,NASDAQ,Financial Services,Banks - Regional,27.44,4579200.0,98878799699.0,,0.0,2026-10-03,0.4537,0.25,0.4494,0.45,0.3933,,0.845,0.5,0.6461,0.75,0.6995,0.6667,0.7325,0.3,15.0,0.6347,0.0035397,0.1503925,0.06347,0.152,2026-10-03,0.0,0.0,1.0,0.2,0.005000000000000001
FNB,F.N.B. Corporation Common Stock,NASDAQ,Financial Services,Banks - Regional,17.45,4561345.0,6231354418.0,,0.0,2026-10-03,0.5059,0.25,0.6663,0.6,0.4727,,0.7479,0.5,0.6322,0.65,0.6472,0.7194,0.6772,0.3,18.0,0.6418,0.0042543,0.139148,0.06418,0.152,2026-10-03,0.0,0.0,1.0,0.2,0.005000000000000001
NEOG,Neogen Corporation,NASDAQ,Healthcare,Medical Devices,12.15,4501575.0,1924017360.0307035,61.0,0.0,2026-10-03,0.9192,0.75,0.0,0.6,0.6703,,0.541,0.6,0.5829,0.75,0.5871,0.6763,0.7525,0.3,19.0,0.6465,0.0060327,0.1262265,0.06465,0.456,2026-10-03,0.225,0.55,1.0,0.4775,0.0119375
BX,Blackstone Inc. Common Stock,NASDAQ,Financial Services,Asset Management,111.75,4478080.0,148688173070.0,,0.0,2026-10-03,0.4442,0.3985,0.2802,0.026,0.3228,,0.8542,0.15,0.75,0.65,0.6317,0.7382,0.6337,0.3,17.0,0.6359,0.0029052,0.1358155,0.06359,0.242288,2026-10-03,0.0,0.0,1.0,0.2,0.005000000000000001
SIRI,SiriusXM Holdings Inc.,NASDAQ,Communication Services,Entertainment,25.72,4375630.0,7676970737.416695,61.0,0.0,2026-10-03,0.7316,0.25,0.4905,0.45,0.4994,,0.7354,0.3,0.7321,0.65,0.6172,0.675,0.5757,0.6,20.0,0.629,0.0044946,0.1326979999999999,0.0629,0.152,2026-10-03,0.57,0.0,0.9167,0.4683,0.011707500000000001
TSHA,"Taysha Gene Therapies, Inc.",NASDAQ,Healthcare,Biotechnology,4.63,4170250.0,1838988821.0,63.0,2.0,2026-10-03,0.4869,0.25,0.2704,0.0,0.2991,,0.5,0.3,0.4,0.2,0.395,0.6656,0.7296,0.6,16.0,0.6782,0.0026919,0.084925,0.06782,0.152,2026-10-03,0.0,0.0,1.0,0.2,0.005000000000000001
BGC,"BGC Group, Inc.",NASDAQ,Financial Services,Capital Markets,11.78,4154460.0,4533945272.728271,61.0,0.0,2026-10-03,0.6853,0.75,0.7111,0.75,0.7008,,0.781,0.4,0.7356,0.3,0.6263,0.6917,0.755,0.3,18.0,0.6551,0.0063071999999999,0.1346544999999999,0.06551,0.456,2026-10-03,0.4664,0.0,1.0,0.4332,0.01083
DUK,Duke Energy Corporation (Holding Company) Common Stock,NASDAQ,Utilities,Utilities - Regulated Electric,114.13,4138680.0,99043633233.0,,0.0,2026-10-03,0.2779,0.0,0.5338,0.6,0.3134,,0.594,0.0,0.7277,0.45,0.4645,0.7125,0.6392,0.3,20.0,0.625,0.0028206,0.0998675,0.0625,0.0,2026-10-03,0.0,0.0,1.0,0.2,0.005000000000000001
GTLB,GitLab Inc.,NASDAQ,Technology,Software - Infrastructure,49.78,4093030.0,3501316547.0199585,61.0,0.0,2026-10-03,0.924,1.0,0.424,0.6,0.7842,,0.75,0.8,0.446,0.5,0.6615,0.675,0.5711,0.3,20.0,0.5824,0.0070578,0.1422225,0.05824,0.6080000000000001,2026-10-03,0.36,0.0,0.9581,0.3716,0.00929
SM,SM Energy Company Common Stock,NASDAQ,Energy,Oil & Gas E&P,35.24,4089315.0,6899771730.0,,0.0,2026-10-03,0.8563,0.75,0.4101,0.45,0.665,,0.8542,0.3,0.75,0.75,0.6792,0.6632,0.6222,0.3,19.0,0.5943,0.005985,0.146028,0.05943,0.456,2026-10-03,0.555,0.0,1.0,0.4775,0.0119375
AFRM,"Affirm Holdings, Inc.",NASDAQ,Financial Services,Credit Services,70.77,4028110.0,14383718011.837303,61.0,0.0,2026-10-03,0.5784,0.5,0.3818,0.45,0.5023,,0.7292,0.6,0.7193,0.15,0.6365,0.7125,0.6926,0.3,20.0,0.6437,0.0045207,0.1368474999999999,0.06437,0.304,2026-10-03,0.435,0.0,1.0,0.4175,0.0104375
KNX,Knight-Swift Transportation Holdings Inc.,NASDAQ,Industrials,Trucking,66.76,3841235.0,10592252041.0,,0.0,2026-10-03,0.8171,0.25,0.4467,0.45,0.5275,,0.7246,0.3,0.6432,0.9,0.6156,0.5,0.6838,0.3,20.0,0.5343,0.0047475,0.132354,0.05343,0.152,2026-10-03,0.85,0.0,1.0,0.625,0.015625
AESI,Atlas Energy Solutions Inc. Common Stock,NASDAQ,Energy,Oil & Gas Equipment & Services,12.04,3794405.0,2036583198.0,,0.0,2026-10-03,0.5333,0.25,0.471,0.0,0.3427,,0.5517,0.25,0.4324,0.8,0.4713,0.6639,0.6445,0.8,18.0,0.6775,0.0030843,0.1013295,0.06775,0.152,2026-10-03,0.0,0.0,1.0,0.2,0.005000000000000001
ALLY,Ally Financial Inc. Common Stock,NASDAQ,Financial Services,Credit Services,37.91,3778050.0,13581285533.0,,0.0,2026-10-03,0.4774,0.0,0.37,0.45,0.3308,,0.674,0.5,0.6309,0.9,0.6423,0.4868,0.7111,0.3,19.0,0.5373,0.0029771999999999,0.1380944999999999,0.05373,0.0,2026-10-03,0.0,0.0,1.0,0.2,0.005000000000000001
TSN,Tyson Foods Inc. Common Stock,NASDAQ,Consumer Defensive,Farm Products,51.89,3770900.0,22543615763.0,,0.0,2026-10-03,0.1532,0.25,0.4399,0.45,0.2999,,0.7285,0.45,0.5937,0.65,0.6173,0.6763,0.5938,0.3,19.0,0.591,0.0026991,0.1327195,0.0591,0.152,2026-10-03,0.0,0.0,0.9867,0.1973,0.0049325
LYB,LyondellBasell Industries NV Ordinary Shares Class A (Netherlands),NASDAQ,Basic Materials,Specialty Chemicals,58.58,3703820.0,22551890899.0,,0.0,2026-10-03,0.5962,0.5,0.4331,0.0687,0.4344,,0.7904,0.55,0.6531,0.55,0.6719,0.5,0.5489,0.3,20.0,0.4871,0.0039096,0.1444585,0.04871,0.304,2026-10-03,0.0,0.0,0.96,0.192,0.0048000000000000004
ADM,Archer-Daniels-Midland Company Common Stock,NASDAQ,Consumer Defensive,Farm Products,80.45,3685730.0,33361599390.0,,0.0,2026-10-03,0.7494,0.75,0.3896,0.75,0.6829,,0.7742,0.45,0.6266,0.75,0.6538,0.7,0.4773,0.3,20.0,0.562,0.0061461,0.140567,0.0562,0.456,2026-10-03,0.57,0.0,0.6948,0.424,0.0106
EQPT,EquipmentShare.com Inc,NASDAQ,Industrials,Rental & Leasing Services,18.5,3619890.0,6116423871.0,63.0,0.0,2026-10-03,0.3153,0.5,0.5368,0.0,0.3381,,0.7292,0.3,0.6842,0.65,0.6027,0.6632,0.6418,0.6,19.0,0.6462,0.0030429,0.1295805,0.06462,0.304,2026-10-03,0.0,0.0,1.0,0.2,0.005000000000000001
PLD,Prologis Inc. Common Stock,NASDAQ,Real Estate,REIT - Industrial,128.91,3610380.0,132469984749.0,,0.0,2026-10-03,0.4988,0.25,0.4402,0.45,0.4134,,0.7644,0.3,0.7139,0.15,0.5742,0.5,0.6479,0.3,7.0,0.5218,0.0037205999999999,0.123453,0.05218,0.152,2026-10-03,0.0,0.0,1.0,0.2,0.005000000000000001
WRBY,Warby Parker Inc. Class A Common Stock,NASDAQ,Healthcare,Medical Instruments & Supplies,27.03,3601760.0,2793033727.0,,0.0,2026-10-03,0.2162,0.5,0.6695,0.6,0.4444,,0.5821,0.4785,0.5391,0.65,0.5522,0.675,0.6629,0.6,20.0,0.6595,0.0039996,0.118723,0.06595,0.304,2026-10-03,0.0,0.0,1.0,0.2,0.005000000000000001
TRP,TC Energy Corporation Common Stock,NASDAQ,Energy,Oil & Gas Midstream,59.07,3600100.0,64610383366.0,,0.0,2026-10-03,0.4169,0.25,0.9115,0.45,0.4431,,0.7542,0.3,0.7367,0.45,0.6058,0.4861,0.7175,0.3,18.0,0.5392,0.0039879,0.130247,0.05392,0.152,2026-10-03,0.0,0.0,0.7013,0.1403,0.0035075
COF,Capital One Financial Corporation Common Stock,NASDAQ,Financial Services,Credit Services,194.72,3597530.0,121378754062.0,,0.0,2026-10-03,0.5273,0.3372,0.5104,0.45,0.4507,,0.6458,0.5,0.6354,0.9,0.6322,0.6778,0.6926,0.3,18.0,0.6263,0.0040563,0.135923,0.06263,0.2050176,2026-10-03,0.0,0.0,1.0,0.2,0.005000000000000001
ARQT,"Arcutis Biotherapeutics, Inc.",NASDAQ,Healthcare,Biotechnology,25.16,3562970.0,2700206782.9179764,61.0,0.0,2026-10-03,0.3325,0.25,0.5106,0.45,0.3719,,0.7292,0.5186,0.75,0.5,0.6588,0.6647,0.7054,0.6,17.0,0.6692,0.0033471,0.141642,0.06692,0.152,2026-10-03,0.0,0.0,1.0,0.2,0.005000000000000001
ZS,"Zscaler, Inc. - Common Stock",NASDAQ,Technology,Software - Infrastructure,196.6,3548820.0,18981342979.0,,0.0,2026-10-03,0.272,1.0,0.624,0.0,0.4668,,0.75,0.55,0.5402,0.45,0.6176,0.725,0.6707,0.3,20.0,0.6422,0.0042012,0.132784,0.06422,0.6080000000000001,2026-10-03,0.0,0.0,0.8891,0.1778,0.004445
OCUL,"Ocular Therapeutix, Inc.",NASDAQ,Healthcare,Biotechnology,6.96,3516025.0,1697995917.7214117,61.0,0.0,2026-10-03,0.5071,0.3792,0.0,0.0,0.3051,,0.459,0.3,0.325,0.2,0.3598,0.6875,0.7427,0.6,20.0,0.6937,0.0027459,0.077357,0.06937,0.2305536,2026-10-03,0.0,0.0,1.0,0.2,0.005000000000000001
KOD,Kodiak Sciences Inc,NASDAQ,Healthcare,Biotechnology,94.45,3507980.0,2490165474.801506,61.0,0.0,2026-10-03,0.9454,1.0,1.0,0.75,0.927,,0.5,0.3516,0.4,0.5,0.4379,0.6895,0.6714,0.8,19.0,0.6997,0.008343,0.0941485,0.06997,0.6080000000000001,2026-10-03,0.225,0.7,1.0,0.5225,0.0130625
SMTC,Semtech Corporation,NASDAQ,Technology,Semiconductors,194.88,3506950.0,6791709139.474495,61.0,0.0,2026-10-03,0.9347,1.0,0.5186,0.9,0.87,,0.8125,0.4729,0.75,0.65,0.6957,0.6763,0.7132,0.3,19.0,0.6328,0.00783,0.1495755,0.06328,0.6080000000000001,2026-10-03,0.36,0.0,0.9095,0.3619,0.0090475
VOD,Vodafone Group Plc - American Depositary Shares each representing ten Ordinary Shares,NASDAQ,Communication Services,Telecom Services,16.82,3496260.0,36213210991.0,,0.0,2026-10-03,0.7886,0.75,0.5411,0.75,0.718,,0.5,0.45,0.6658,0.75,0.5539,0.6656,0.625,0.3,16.0,0.5966,0.006462,0.1190884999999999,0.05966,0.456,2026-10-03,0.36,0.0,0.7047,0.3209,0.0080225
TGT,Target Corporation Common Stock,NASDAQ,Consumer Defensive,Discount Stores,156.0,3485385.0,58536110946.0,,0.0,2026-10-03,0.9264,0.75,0.4875,0.75,0.7557,,0.6961,0.3,0.7354,0.45,0.5823,0.5,0.5434,0.3,16.0,0.4852,0.0068013,0.1251945,0.04852,0.456,2026-10-03,0.36,0.0,0.7836,0.3367,0.0084175
MFG,Mizuho Financial Group Inc. Sponosred ADR (Japan),NASDAQ,Financial Services,Banks - Regional,10.89,3473315.0,98880228594.0,,0.0,2026-10-03,0.8967,0.75,0.422,0.75,0.7397,,0.8542,0.5,0.6298,0.55,0.6791,0.6955,0.455,0.3,11.0,0.552,0.0066573,0.1460065,0.0552,0.456,2026-10-03,0.345,0.0,1.0,0.3725,0.0093125
LTH,Life Time Group Holdings Inc. Common Stock,NASDAQ,Consumer Cyclical,Leisure,40.99,3471315.0,6070871836.0,,0.0,2026-10-03,0.8789,0.5,0.4732,0.6,0.6465,,0.8148,0.0,0.7417,0.65,0.5763,0.725,0.733,0.3,20.0,0.664,0.0058185,0.1239045,0.0664,0.304,2026-10-03,0.57,0.0,1.0,0.485,0.012125
HWM,Howmet Aerospace Inc. Common Stock,NASDAQ,Industrials,Aerospace & Defense,231.27,3465005.0,97203909852.0,,0.0,2026-10-03,0.6259,0.5,0.3828,0.1196,0.4452,,0.9375,0.529,0.75,0.75,0.7698,0.7,0.6986,0.3,20.0,0.6395,0.0040068,0.165507,0.0639499999999999,0.304,2026-10-03,0.0,0.0,1.0,0.2,0.005000000000000001
GFL,GFL Environmental Inc. Subordinate voting shares no par value,NASDAQ,Industrials,Waste Management,41.98,3462615.0,14586849733.0,,0.0,2026-10-03,0.2696,0.75,0.8235,0.6,0.5382,,0.5602,0.3,0.6453,0.65,0.5254,0.7281,0.6619,0.3,16.0,0.6407,0.0048438,0.1129609999999999,0.06407,0.456,2026-10-03,0.435,0.0,1.0,0.4175,0.0104375
MTCH,"Match Group, Inc.",NASDAQ,Communication Services,Internet Content & Information,40.32,3457170.0,7178894441.878548,61.0,0.0,2026-10-03,0.7173,0.75,0.4364,0.6,0.6486,,0.555,0.75,0.7,0.9,0.6745,0.675,0.5796,0.3,20.0,0.5854,0.0058373999999999,0.1450175,0.05854,0.456,2026-10-03,0.57,0.0,0.7926,0.4435,0.0110875
SONY,Sony Group Corporation American Depositary Shares,NASDAQ,Technology,Consumer Electronics,23.82,3424740.0,119807495967.0,,0.0,2026-10-03,0.4418,1.0,0.4281,0.45,0.5828,,0.6276,0.45,0.7425,0.55,0.6042,0.7214,0.695,0.3,7.0,0.649,0.0052452,0.129903,0.0649,0.6080000000000001,2026-10-03,0.57,0.0,1.0,0.485,0.012125
OVV,Ovintiv Inc. (DE),NASDAQ,Energy,Oil & Gas E&P,60.34,3414185.0,15790285223.0,,0.0,2026-10-03,0.8325,0.5,0.4355,0.6,0.6246,,0.9375,0.45,0.7421,0.3,0.703,0.6813,0.6894,0.3,16.0,0.6269,0.0056214,0.151145,0.06269,0.304,2026-10-03,0.555,0.0,1.0,0.4775,0.0119375
VSH,Vishay Intertechnology Inc. Common Stock,NASDAQ,Technology,Semiconductors,38.18,3398640.0,3836806647.0,,0.0,2026-10-03,0.9145,0.5,0.5764,0.0,0.5638,,0.9163,0.3936,0.613,0.55,0.6732,0.4875,0.7414,0.6,20.0,0.5932,0.0050742,0.144738,0.05932,0.304,2026-10-03,0.555,0.0,0.8393,0.4454,0.011135
AMH,American Homes 4 Rent Common Shares of Beneficial Interest,NASDAQ,Real Estate,REIT - Residential,30.26,3381625.0,11113960984.0,,0.0,2026-10-03,0.4097,0.25,0.4021,0.6,0.407,,0.4796,0.55,0.7074,0.5,0.5562,0.6794,0.6596,0.3,17.0,0.6156,0.0036629999999999,0.119583,0.06156,0.152,2026-10-03,0.0,0.0,1.0,0.2,0.005000000000000001
BBY,Best Buy Co. Inc. Common Stock,NASDAQ,Consumer Cyclical,Specialty Retail,87.97,3364900.0,12666397196.0,,0.0,2026-10-03,0.7162,0.75,0.6301,0.75,0.7028,,0.7517,0.45,0.714,0.55,0.6467,0.7056,0.4987,0.3,9.0,0.5723,0.0063252,0.1390405,0.05723,0.456,2026-10-03,0.36,0.0,0.5461,0.2892,0.00723
JCI,Johnson Controls International plc Ordinary Share,NASDAQ,Industrials,Building Products & Equipment,156.24,3360775.0,86864434834.0,,0.0,2026-10-03,0.5986,0.7346,0.4372,1.0,0.6933,,0.7579,0.45,0.75,0.55,0.6582,0.6875,0.5951,0.3,20.0,0.597,0.0062397,0.141513,0.0597,0.4466368,2026-10-03,0.555,0.0,0.9299,0.4635,0.0115875
KMX,CarMax Inc,NASDAQ,Consumer Cyclical,Auto & Truck Dealerships,54.92,3344350.0,5427478827.0,,0.0,2026-10-03,0.8314,0.5,0.0,0.45,0.541,,0.8398,0.6,0.6134,0.75,0.7143,0.7158,0.5089,0.3,19.0,0.581,0.004869,0.1535745,0.0581,0.304,2026-10-03,0.135,0.0,0.762,0.2199,0.005497500000000001
EOG,EOG Resources Inc. Common Stock,NASDAQ,Energy,Oil & Gas E&P,141.38,3340675.0,71319848933.0,,0.0,2026-10-03,0.6449,0.5,0.5033,0.75,0.5991,,0.8542,0.55,0.75,0.65,0.7317,0.675,0.5623,0.3,20.0,0.5793,0.0053919,0.1573155,0.05793,0.304,2026-10-03,0.57,0.0,1.0,0.485,0.012125
OBDC,Blue Owl Capital Corporation Common Stock,NASDAQ,Financial Services,Asset Management,10.3,3337410.0,5598433483.0,,0.0,2026-10-03,0.3658,0.4397,0.3545,0.6,0.4332,,0.2871,0.3,0.7185,0.65,0.4344,0.5,0.6936,0.3,19.0,0.5378,0.0038987999999999,0.093396,0.0537799999999999,0.2673376,2026-10-03,0.0,0.0,1.0,0.2,0.005000000000000001
DDOG,"Datadog, Inc.",NASDAQ,Technology,Software - Application,277.22,3332015.0,40937061115.90485,61.0,0.0,2026-10-03,0.8694,0.5,0.3349,0.75,0.6739,,0.9375,0.5556,0.6069,0.65,0.7306,0.6625,0.696,0.3,20.0,0.6198,0.0060651,0.157079,0.06198,0.304,2026-10-03,0.57,0.0,0.8285,0.4507,0.0112675
AMGN,Amgen Inc.,NASDAQ,Healthcare,Drug Manufacturers - General,403.04,3327380.0,189288231295.99915,61.0,0.0,2026-10-03,0.8385,0.75,0.4502,0.75,0.7184,,0.7885,0.45,0.75,0.45,0.6604,0.7,0.5303,0.3,20.0,0.5806,0.0064656,0.141986,0.05806,0.456,2026-10-03,0.555,0.0,0.6361,0.4047,0.010117500000000001
AVAH,Aveanna Healthcare Holdings Inc.,NASDAQ,Healthcare,Medical Care Facilities,12.59,3323050.0,1396414511.9146996,61.0,0.0,2026-10-03,0.9501,0.75,0.5628,0.6,0.7437,,0.6898,0.45,0.75,0.8,0.6559,0.6625,0.6691,0.3,20.0,0.6104,0.0066933,0.1410185,0.06104,0.456,2026-10-03,0.435,0.0,1.0,0.4175,0.0104375
RCL,Royal Caribbean Cruises Ltd. Common Stock,NASDAQ,Consumer Cyclical,Travel Services,277.74,3319170.0,71917243344.0,,0.0,2026-10-03,0.1627,0.25,0.7443,0.45,0.3413,,0.616,0.0,0.75,0.65,0.4989,0.7088,0.6898,0.3,17.0,0.6408,0.0030717,0.1072635,0.06408,0.152,2026-10-03,0.0,0.0,1.0,0.2,0.005000000000000001
PSX,Phillips 66 Common Stock,NASDAQ,Energy,Oil & Gas Refining & Marketing,264.58,3310115.0,65300017391.0,,0.0,2026-10-03,0.9442,1.0,0.4381,0.9,0.8551,,0.7708,0.45,0.7241,0.75,0.6769,0.6625,0.614,0.3,20.0,0.5912,0.0076959,0.1455334999999999,0.05912,0.6080000000000001,2026-10-03,0.555,0.0,0.7033,0.4182,0.010455
TNGX,"Tango Therapeutics, Inc. - Common Stock",NASDAQ,Healthcare,Biotechnology,23.24,3306090.0,2846642686.0,,0.0,2026-10-03,0.9572,0.25,0.3519,0.0137,0.4834,,0.4583,0.3,0.25,0.2,0.3408,0.5,0.6995,0.8,18.0,0.6148,0.0043506,0.073272,0.06148,0.152,2026-10-03,0.0,0.0,1.0,0.2,0.005000000000000001
NDAQ,"Nasdaq, Inc.",NASDAQ,Financial Services,Financial Data & Stock Exchanges,90.33,3292060.0,46941534024.16807,61.0,0.0,2026-10-03,0.5618,0.5,0.4468,0.6,0.5299,,0.8687,0.45,0.75,0.65,0.7125,0.7375,0.6697,0.3,20.0,0.6482,0.0047691,0.1531875,0.06482,0.304,2026-10-03,0.57,0.0,1.0,0.485,0.012125
RPRX,Royalty Pharma plc,NASDAQ,Healthcare,Biotechnology,57.16,3291420.0,27167882239.165955,61.0,0.0,2026-10-03,0.8979,0.5,0.5261,0.6,0.651,,0.6656,0.3,0.75,0.65,0.5938,0.6875,0.7198,0.3,20.0,0.6407,0.005859,0.127667,0.06407,0.304,2026-10-03,0.555,0.0,1.0,0.4775,0.0119375
EQH,Equitable Holdings Inc. Common Stock,NASDAQ,Financial Services,Asset Management,52.64,3289585.0,11571144582.0,,0.0,2026-10-03,0.6876,0.75,0.422,0.9,0.6984,,0.4167,0.3,0.4221,0.8,0.4272,0.6763,0.7075,0.3,19.0,0.6308,0.0062856,0.091848,0.06308,0.456,2026-10-03,0.57,0.0,1.0,0.485,0.012125
OMC,Omnicom Group Inc. Common Stock,NASDAQ,Communication Services,Advertising Agencies,74.15,3277385.0,23504874107.0,,0.0,2026-10-03,0.5226,0.25,0.5839,0.45,0.4378,,0.9375,0.3,0.7264,0.15,0.6466,0.6639,0.6269,0.3,18.0,0.5964,0.0039402,0.1390189999999999,0.05964,0.152,2026-10-03,0.0,0.0,1.0,0.2,0.005000000000000001
NOV,NOV Inc. Common Stock,NASDAQ,Energy,Oil & Gas Equipment & Services,18.8,3271150.0,7392933962.0,,0.0,2026-10-03,0.8266,0.5,0.4549,0.6,0.6211,,0.636,0.6,0.6889,0.75,0.6516,0.7,0.5676,0.6,20.0,0.6387,0.0055899,0.140094,0.06387,0.304,2026-10-03,0.54,0.0,0.9067,0.4513,0.0112825
FANG,"Diamondback Energy, Inc.",NASDAQ,Energy,Oil & Gas E&P,184.71,3264410.0,57197157804.70146,61.0,0.0,2026-10-03,0.7102,0.5,0.6086,0.6,0.6019,,0.8542,0.3,0.6805,0.15,0.6018,0.6639,0.6867,0.3,18.0,0.6173,0.0054171,0.129387,0.06173,0.304,2026-10-03,0.555,0.0,1.0,0.4775,0.0119375
BAM,Brookfield Asset Management Inc Class A Limited Voting Shares,NASDAQ,Financial Services,Asset Management,44.85,3249675.0,77928640430.0,,0.0,2026-10-03,0.4014,0.3036,0.7976,0.45,0.4325,,0.8542,0.45,0.75,0.65,0.7067,0.6875,0.6173,0.3,20.0,0.6048,0.0038925,0.1519405,0.06048,0.1845888,2026-10-03,0.0,0.0,1.0,0.2,0.005000000000000001
QURE,uniQure N.V.,NASDAQ,Healthcare,Biotechnology,23.46,3248200.0,945444641.8040771,61.0,0.0,2026-10-03,0.9074,0.25,0.0,0.0,0.4132,,0.6104,0.3,0.325,0.2,0.4204,0.5,0.7075,0.6,19.0,0.5876,0.0037188,0.090386,0.05876,0.152,2026-10-03,0.0,0.0,1.0,0.2,0.005000000000000001
PAAS,Pan American Silver Corp. Common Stock,NASDAQ,Basic Materials,Gold,45.51,3244345.0,23624349752.0,,0.0,2026-10-03,0.6318,0.25,0.6251,0.0,0.3929,,0.7708,0.6,0.75,0.15,0.6608,0.7375,0.6933,0.3,20.0,0.6564,0.0035361,0.142072,0.06564,0.152,2026-10-03,0.0,0.0,1.0,0.2,0.005000000000000001
EGO,Eldorado Gold Corporation Ordinary Shares,NYSE,Basic Materials,Gold,38.12,3240745.0,8897302407.0,63.0,0.0,2026-10-03,0.8349,0.75,0.3333,0.1239,0.5797,,0.584,0.15,0.75,0.15,0.4736,0.6941,0.7096,0.3,17.0,0.6404,0.0052173,0.101824,0.06404,0.456,2026-10-03,0.45,1.0,1.0,0.725,0.018125
ADMA,ADMA Biologics Inc,NASDAQ,Healthcare,Biotechnology,9.72,3232765.0,2311334784.909897,61.0,0.0,2026-10-03,0.1306,0.75,0.3646,0.0,0.3174,,0.706,0.6,0.75,0.65,0.6849,0.4853,0.676,0.6,17.0,0.5692,0.0028566,0.1472534999999999,0.05692,0.456,2026-10-03,0.0,0.0,1.0,0.2,0.005000000000000001
FLEX,Flex Ltd.,NASDAQ,Technology,Electronic Components,116.61,3232120.0,24106632385.12841,61.0,0.0,2026-10-03,0.9086,0.5,0.3209,0.0483,0.5343,,0.9375,0.4453,0.6796,0.75,0.7312,0.7,0.7345,0.3,20.0,0.6521,0.0048087,0.157208,0.06521,0.304,2026-10-03,0.57,0.0,1.0,0.485,0.012125
ADI,"Analog Devices, Inc.",NASDAQ,Technology,Semiconductors,417.15,3228690.0,150620741154.06894,61.0,0.0,2026-10-03,0.6865,0.7976,0.3831,0.75,0.6873,,0.9375,0.45,0.75,0.75,0.75,0.6875,0.7098,0.3,20.0,0.6372,0.0061857,0.16125,0.06372,0.4849407999999999,2026-10-03,0.36,0.0,1.0,0.38,0.009500000000000001
ALMS,Alumis Inc.,NASDAQ,Healthcare,Biotechnology,6.85,3218905.0,3170443277.9796104,61.0,0.0,2026-10-03,0.8741,0.0,0.6267,0.0,0.41,,0.25,0.3,0.4,0.2,0.295,0.4306,0.698,0.3,18.0,0.5046,0.0036899999999999,0.063425,0.05046,0.0,2026-10-03,0.0,0.0,1.0,0.2,0.005000000000000001
XERS,"Xeris Biopharma Holdings, Inc. - Common Stock",NASDAQ,Healthcare,Biotechnology,9.08,3209500.0,1008723030.0,,0.0,2026-10-03,0.5938,0.9211,0.0,0.45,0.5701,,0.6667,0.65,0.6812,0.65,0.6645,0.6917,0.6929,0.3,18.0,0.6333,0.0051309,0.1428674999999999,0.06333,0.5600288,2026-10-03,0.435,0.0,1.0,0.4175,0.0104375
ACRS,"Aclaris Therapeutics, Inc.",NASDAQ,Healthcare,Biotechnology,4.39,3193900.0,698318400.0,62.0,1.0,2026-10-03,0.9846,0.25,0.2485,0.0,0.4703,,0.4065,0.5,0.325,0.2,0.3888,0.6778,0.6991,0.6,18.0,0.6736,0.0042327,0.083592,0.06736,0.152,2026-10-03,0.0,0.0,1.0,0.2,0.005000000000000001
HAFN,Hafnia Limited Common Shares,NASDAQ,Industrials,Marine Shipping,10.25,3191510.0,4218154004.0,,0.0,2026-10-03,0.823,1.0,0.8207,1.0,0.8857,,0.8125,0.55,0.75,0.65,0.715,0.6875,0.535,0.3,20.0,0.576,0.0079713,0.153725,0.0576,0.6080000000000001,2026-10-03,0.3237,0.0,0.7984,0.3215,0.008037500000000001
PK,Park Hotels & Resorts Inc. Common Stock,NASDAQ,Real Estate,REIT - Hotel & Motel,15.53,3182335.0,2254073960.0,,0.0,2026-10-03,0.829,1.0,0.4744,0.9,0.82,,0.5479,0.3,0.6532,0.75,0.5325,0.7056,0.5572,0.6,18.0,0.6378,0.0073799999999999,0.1144874999999999,0.06378,0.6080000000000001,2026-10-03,0.435,0.0,0.7158,0.3607,0.009017500000000001
PFF,iShares Preferred and Income Securities ETF,NASDAQ,,,29.56,3181905.0,12884075520.0,62.0,0.0,2026-10-03,0.3314,0.0811,0.6207,0.9,0.4257,,0.5,0.5,0.5,0.5,0.5,0.4861,0.5,0.3,18.0,0.4631,0.0038313,0.1075,0.04631,0.0493088,2026-10-03,0.0,0.0,0.5333,0.1067,0.0026675
DRH,Diamondrock Hospitality Company,NASDAQ,Real Estate,REIT - Hotel & Motel,12.57,3173950.0,1939372019.147255,61.0,0.0,2026-10-03,0.81,0.7235,0.6251,0.75,0.7341,,0.5465,0.6,0.7376,0.45,0.598,0.7,0.605,0.3,15.0,0.6068,0.0066068999999999,0.12857,0.06068,0.439888,2026-10-03,0.555,0.55,0.9791,0.6383,0.0159575
RDY,Dr. Reddy's Laboratories Ltd Common Stock,NASDAQ,Healthcare,Drug Manufacturers - Specialty & Generic,12.25,3154365.0,11413029231.0,,0.0,2026-10-03,0.1223,0.5,0.3065,0.45,0.3364,,0.3608,0.25,0.7018,0.55,0.4373,0.5,0.542,0.3,16.0,0.4847,0.0030276,0.0940195,0.04847,0.304,2026-10-03,0.0,0.0,0.7506,0.1501,0.0037525000000000006
PAGS,PagSeguro Digital Ltd. Class A Common Shares,NASDAQ,Technology,Software - Infrastructure,9.02,3143530.0,2862277967.0,,0.0,2026-10-03,0.3907,0.5,0.6324,0.45,0.4651,,0.666,0.25,0.75,0.8,0.5964,0.5,0.5656,0.6,18.0,0.538,0.0041859,0.128226,0.0538,0.304,2026-10-03,0.0,0.0,0.9767,0.1953,0.0048825000000000006
MDB,"MongoDB, Inc.",NASDAQ,Technology,Software - Infrastructure,357.96,3127480.0,19043637542.77588,61.0,0.0,2026-10-03,0.7458,0.5,1.0,0.45,0.6353,,0.7292,0.7,0.6195,0.55,0.6765,0.675,0.6819,0.3,20.0,0.6212,0.0057177,0.1454475,0.06212,0.304,2026-10-03,0.36,0.0,1.0,0.38,0.009500000000000001
TXG,"10x Genomics, Inc. - Common Stock",NASDAQ,Healthcare,Health Information Services,93.5,3124780.0,2972795009.0,,0.0,2026-10-03,0.9988,1.0,0.5599,1.0,0.9223,,0.4623,0.5975,0.403,0.35,0.47,0.5,0.5806,0.6,20.0,0.5432,0.0083007,0.1010499999999999,0.05432,0.6080000000000001,2026-10-03,0.555,0.0,0.4533,0.3682,0.009205000000000001
TECH,Bio-Techne Corp - Common Stock,NASDAQ,Healthcare,Biotechnology,72.4,3115310.0,8689415980.0,,0.0,2026-10-03,0.671,0.9751,0.5184,1.0,0.7805,,0.6956,0.6,0.7452,0.45,0.6595,0.6778,0.5069,0.3,18.0,0.5613,0.0070244999999999,0.1417925,0.05613,0.5928608,2026-10-03,0.36,0.0,0.5594,0.2919,0.0072975
NET,Cloudflare Inc. Class A Common Stock,NASDAQ,Technology,Software - Infrastructure,349.07,3112035.0,72884562884.0,,0.0,2026-10-03,0.7209,1.0,0.6199,0.9,0.8076,,0.75,0.4557,0.4296,0.45,0.5663,0.5,0.6268,0.3,17.0,0.5144,0.0072684,0.1217545,0.05144,0.6080000000000001,2026-10-03,0.555,0.0,0.7118,0.4199,0.0104975
LION,Lionsgate Studios Corp Common Shares,NASDAQ,,,11.16,3111530.0,3316840264.0,,0.0,2026-10-03,0.766,0.25,0.5747,0.0024,0.44,,0.5417,0.5,0.5,0.5,0.5167,0.7333,0.6176,0.3,15.0,0.6278,0.00396,0.1110905,0.06278,0.152,2026-10-03,0.0,0.0,1.0,0.2,0.005000000000000001
MET,MetLife Inc. Common Stock,NASDAQ,Financial Services,Insurance - Life,94.43,3101125.0,50664583475.0,,0.0,2026-10-03,0.7553,0.75,0.541,0.75,0.7035,,0.706,0.3,0.6847,0.75,0.6036,0.6895,0.6711,0.3,19.0,0.6246,0.0063315,0.129774,0.06246,0.456,2026-10-03,0.36,0.0,1.0,0.38,0.009500000000000001
TEAM,Atlassian Corporation  - Class A Common Stock,NASDAQ,Technology,Software - Application,187.89,3094640.0,15072974231.0,,0.0,2026-10-03,0.9834,1.0,0.3485,0.75,0.8256,,0.6667,0.3,0.658,0.55,0.5612,0.7056,0.6905,0.3,18.0,0.6395,0.0074304,0.120658,0.0639499999999999,0.6080000000000001,2026-10-03,0.57,0.0,0.9064,0.4663,0.011657500000000001
NVST,Envista Holdings Corporation Common Stock,NASDAQ,Healthcare,Medical Instruments & Supplies,23.46,3075900.0,4367886655.0,,0.0,2026-10-03,0.6152,0.25,0.5728,0.45,0.4676,,0.7735,0.6,0.6976,0.8,0.7138,0.7026,0.6417,0.3,19.0,0.6209,0.0042084,0.153467,0.06209,0.152,2026-10-03,0.0,0.0,1.0,0.2,0.005000000000000001
RBRK,Rubrik Inc. Class A Common Stock,NASDAQ,Technology,Software - Infrastructure,118.58,3071395.0,10759737974.0,,0.0,2026-10-03,0.8147,1.0,0.3704,1.0,0.8322,,0.75,0.75,0.45,0.35,0.635,0.6632,0.7194,0.3,19.0,0.6284,0.0074898,0.136525,0.06284,0.6080000000000001,2026-10-03,0.0,0.0,0.7628,0.1526,0.0038150000000000007
MXL,"MaxLinear, Inc",NASDAQ,Technology,Semiconductors,105.93,3061015.0,1487959440.044165,61.0,0.0,2026-10-03,0.9952,0.75,0.5211,0.45,0.7489,,0.75,0.415,0.4517,0.9,0.6067,0.7158,0.6418,0.3,19.0,0.6275,0.0067401,0.1304405,0.06275,0.456,2026-10-03,0.57,0.0,0.6404,0.4131,0.010327500000000002
MMM,3M Company Common Stock,NASDAQ,Industrials,Conglomerates,161.89,3055085.0,76143607298.0,,0.0,2026-10-03,0.5214,0.5,0.4354,0.6,0.5161,,0.6615,0.45,0.75,0.55,0.6196,0.6625,0.5811,0.3,20.0,0.5796,0.0046448999999999,0.133214,0.05796,0.304,2026-10-03,0.85,0.0,1.0,0.625,0.015625
FTI,TechnipFMC plc Ordinary Share,NASDAQ,Energy,Oil & Gas Equipment & Services,68.82,3023055.0,29901105474.0,,0.0,2026-10-03,0.9121,0.4904,0.5854,0.6,0.662,,0.7021,0.45,0.75,0.45,0.6258,0.7158,0.6471,0.3,19.0,0.6294,0.005958,0.134547,0.06294,0.2981632,2026-10-03,0.435,0.0,0.9781,0.4131,0.010327500000000002
BHVN,Biohaven Ltd. Common Shares,NASDAQ,Healthcare,Biotechnology,12.87,2989105.0,1486155387.0,,0.0,2026-10-03,0.7565,0.25,0.7041,0.0398,0.4545,,0.5,0.3,0.4,0.5,0.425,0.6632,0.6347,0.6,19.0,0.6437,0.0040904999999999,0.091375,0.06437,0.152,2026-10-03,0.0,0.0,1.0,0.2,0.005000000000000001
ZM,"Zoom Communications, Inc. - Class A Common Stock",NASDAQ,Technology,Software - Application,92.88,2961065.0,23463040230.0,,0.0,2026-10-03,0.6401,0.75,0.4206,0.45,0.5868,,0.6348,0.9,0.75,0.45,0.7114,0.7026,0.6291,0.3,19.0,0.6165,0.0052812,0.152951,0.06165,0.456,2026-10-03,0.36,0.0,1.0,0.38,0.009500000000000001
APO,Apollo Global Management Inc. (New) Common Stock,NASDAQ,Financial Services,Asset Management,114.02,2939980.0,71853015455.0,,0.0,2026-10-03,0.6093,0.5,0.4736,0.45,0.5166,,0.8542,0.4,0.7094,0.9,0.709,0.7438,0.6772,0.3,16.0,0.6539,0.0046494,0.152435,0.06539,0.304,2026-10-03,0.555,0.0,1.0,0.4775,0.0119375
UL,Unilever PLC American Depositary Shares (each representing One Ordinary Share),NASDAQ,Consumer Defensive,Household & Personal Products,59.7,2926590.0,126949301325.0,,0.0,2026-10-03,0.4394,0.4616,0.5432,0.45,0.4553,,0.5306,0.3,0.75,0.15,0.4898,0.4844,0.726,0.3,16.0,0.5413,0.0040977,0.105307,0.05413,0.2806528,2026-10-03,0.0,0.0,1.0,0.2,0.005000000000000001
WEC,WEC Energy Group Inc. Common Stock,NASDAQ,Utilities,Utilities - Regulated Electric,101.59,2910880.0,37325174579.0,,0.0,2026-10-03,0.2185,0.0,0.6063,0.6,0.3041,,0.7435,0.0,0.7303,0.45,0.525,0.7088,0.5927,0.3,17.0,0.6069,0.0027369,0.112875,0.06069,0.0,2026-10-03,0.0,0.0,0.9967,0.1993,0.004982500000000001
PAYO,Payoneer Global Inc. - Common Stock,NASDAQ,Technology,Software - Infrastructure,7.15,2897430.0,1653882967.0,,0.0,2026-10-03,0.7138,0.899,0.2845,1.0,0.7474,,0.6367,0.15,0.6811,0.65,0.5274,0.4706,0.52,0.3,17.0,0.4623,0.0067265999999999,0.1133909999999999,0.04623,0.5465920000000001,2026-10-03,0.45,0.0,0.611,0.3472,0.00868
MMED,"MiniMed Group, Inc.",NASDAQ,Healthcare,Medical Instruments & Supplies,19.7,2865165.0,3998876564.0,62.0,0.0,2026-10-03,0.3153,0.5,0.0696,0.45,0.3662,,0.7288,0.5,0.5364,0.8,0.6306,0.7375,0.6359,0.8,20.0,0.7113,0.0032958,0.135579,0.07113,0.304,2026-10-03,0.0,0.0,1.0,0.2,0.005000000000000001
COLB,"Columbia Banking System, Inc.",NASDAQ,Financial Services,Banks - Regional,28.92,2860645.0,7971001825.451448,61.0,0.0,2026-10-03,0.5416,0.25,0.5273,0.6,0.4697,,0.6471,0.5,0.6371,0.65,0.6081,0.7289,0.6129,0.3,19.0,0.624,0.0042273,0.1307414999999999,0.0624,0.152,2026-10-03,0.0,0.0,1.0,0.2,0.005000000000000001
SEI,Solaris Energy Infrastructure Inc. Class A Common Stock,NASDAQ,Energy,Oil & Gas Equipment & Services,74.93,2853615.0,6744573818.0,,0.0,2026-10-03,0.3361,0.6377,0.4072,0.6,0.5001,,0.7281,0.3,0.7313,0.75,0.6241,0.7,0.7521,0.6,20.0,0.7033,0.0045009,0.1341815,0.07033,0.3877216,2026-10-03,0.5106,0.55,1.0,0.6203,0.0155075
SRPT,"Sarepta Therapeutics, Inc.",NASDAQ,Healthcare,Biotechnology,17.5,2852230.0,2080897248.9996643,61.0,0.0,2026-10-03,0.4157,0.5,0.6284,0.0367,0.3855,,0.4167,0.5698,0.5879,0.5,0.5061,0.4868,0.5042,0.8,19.0,0.5399,0.0034695,0.1088114999999999,0.05399,0.304,2026-10-03,0.0,0.0,0.8667,0.1733,0.0043325
SGHC,Super Group (SGHC) Limited Ordinary Shares,NASDAQ,Consumer Cyclical,Gambling,11.25,2837220.0,6366202017.0,,0.0,2026-10-03,0.5428,0.25,0.264,0.0683,0.3281,,0.8006,0.55,0.75,0.65,0.7103,0.7125,0.7325,0.6,16.0,0.7026,0.0029529,0.1527145,0.07026,0.152,2026-10-03,0.0,0.0,1.0,0.2,0.005000000000000001
MRSH,Marsh Common Stock,NASDAQ,Financial Services,Insurance Brokers,170.06,2835790.0,81953247560.0,,0.0,2026-10-03,0.3753,0.2881,0.5543,0.45,0.3917,,0.6885,0.45,0.75,0.55,0.6304,0.7,0.5587,0.3,20.0,0.5905,0.0035253,0.135536,0.05905,0.1751648,2026-10-03,0.0,0.0,0.93,0.186,0.0046500000000000005
FIGS,FIGS Inc. Class A Common Stock,NASDAQ,Consumer Cyclical,Apparel Manufacturing,13.52,2811920.0,2757908860.0,,0.0,2026-10-03,0.9406,0.75,0.5455,0.45,0.7096,,0.8542,0.6,0.75,0.65,0.7442,0.7375,0.6267,0.6,20.0,0.6781,0.0063864,0.1600029999999999,0.06781,0.456,2026-10-03,0.555,0.0,1.0,0.4775,0.0119375
BRZE,"Braze, Inc.",NASDAQ,Technology,Software - Application,25.42,2806815.0,2635980660.2135925,61.0,0.0,2026-10-03,0.8005,0.6573,0.4486,0.0215,0.5344,,0.75,0.45,0.4,0.75,0.5875,0.6625,0.7357,0.3,20.0,0.6338,0.0048096,0.1263125,0.06338,0.3996384,2026-10-03,0.15,0.0,1.0,0.275,0.006875000000000001
ARI,Apollo Commercial Real Estate Finance Inc,NASDAQ,Real Estate,REIT - Mortgage,6.2,2804050.0,1543053606.0,,0.0,2026-10-03,0.4145,0.0,0.3502,0.6,0.3363,,0.4583,0.45,0.7147,0.65,0.5395,0.6708,0.7025,0.3,12.0,0.6263,0.0030267,0.1159925,0.06263,0.0,2026-10-03,0.0,0.0,1.0,0.2,0.005000000000000001
CDNS,"Cadence Design Systems, Inc.",NASDAQ,Technology,Software - Application,351.35,2802870.0,76202792576.4458,61.0,0.0,2026-10-03,0.2031,0.25,0.5172,0.45,0.3376,,0.9375,0.55,0.75,0.45,0.745,0.7125,0.7168,0.3,20.0,0.6521,0.0030384,0.1601749999999999,0.06521,0.152,2026-10-03,0.0,0.0,1.0,0.2,0.005000000000000001
GMAB,Genmab A/S,NASDAQ,Healthcare,Biotechnology,34.75,2797905.0,15961675080.0,61.0,0.0,2026-10-03,0.6057,1.0,0.1012,0.9,0.6968,,0.6704,0.6,0.75,0.3,0.6357,0.6647,0.7045,0.3,17.0,0.6239,0.0062711999999999,0.1366755,0.06239,0.6080000000000001,2026-10-03,0.54,0.0,1.0,0.47,0.01175
RRC,Range Resources Corporation Common Stock,NASDAQ,Energy,Oil & Gas E&P,38.23,2721885.0,9980958653.0,,0.0,2026-10-03,0.4311,0.5,0.5264,0.45,0.4634,,0.5509,0.3,0.75,0.75,0.5579,0.675,0.5425,0.6,20.0,0.6174,0.0041705999999999,0.1199484999999999,0.0617399999999999,0.304,2026-10-03,0.0,0.0,0.9367,0.1873,0.0046825
BHP,BHP Group Limited American Depositary Shares (Each representing two Ordinary Shares),NASDAQ,Basic Materials,Other Industrial Metals & Mining,86.07,2710130.0,202770344468.0,,0.0,2026-10-03,0.8658,0.5,0.6468,0.6,0.6614,,0.6206,0.55,0.75,0.15,0.5883,0.6813,0.4875,0.3,16.0,0.5563,0.0059526,0.1264845,0.05563,0.304,2026-10-03,0.0,0.0,0.1664,0.0333,0.0008325000000000001
USFD,US Foods Holding Corp. Common Stock,NASDAQ,Consumer Defensive,Food Distribution,96.92,2699515.0,20554509812.0,,0.0,2026-10-03,0.6746,0.5,0.5023,0.6,0.5762,,0.674,0.45,0.7078,0.75,0.634,0.6625,0.6604,0.3,20.0,0.6074,0.0051858,0.13631,0.06074,0.304,2026-10-03,0.54,0.0,1.0,0.47,0.01175
DXC,DXC Technology Company Common Stock,NASDAQ,Technology,Information Technology Services,11.1,2692995.0,2016748379.0,,0.0,2026-10-03,0.2245,0.5,0.4645,0.0619,0.3095,,0.6973,0.45,0.6337,0.9,0.6398,0.6639,0.4625,0.6,18.0,0.5838,0.0027854999999999,0.137557,0.05838,0.304,2026-10-03,0.0,0.0,0.4654,0.0931,0.0023275
AMT,American Tower Corporation (REIT) Common Stock,NASDAQ,Real Estate,REIT - Specialty,162.2,2689515.0,83111812949.0,,0.0,2026-10-03,0.3349,0.25,0.4462,0.45,0.3572,,0.7024,0.3,0.7489,0.55,0.5982,0.6625,0.718,0.3,20.0,0.6275,0.0032148,0.1286129999999999,0.06275,0.152,2026-10-03,0.0,0.0,1.0,0.2,0.005000000000000001
TWLO,Twilio Inc. Class A Common Stock,NASDAQ,Technology,Software - Infrastructure,294.58,2686835.0,21800406226.0,,0.0,2026-10-03,0.9679,1.0,0.6371,0.9,0.895,,0.8244,0.6,0.7206,0.9,0.7499,0.475,0.6808,0.3,20.0,0.5208,0.008055,0.1612285,0.05208,0.6080000000000001,2026-10-03,0.57,0.0,0.5284,0.3907,0.0097675
BTSG,"BrightSpring Health Services, Inc.",NASDAQ,Healthcare,Health Information Services,60.25,2663315.0,8157822791.327972,61.0,0.0,2026-10-03,0.9299,0.5,0.4492,0.45,0.6339,,0.9375,0.55,0.6789,0.8,0.7622,0.7,0.7265,0.3,20.0,0.6493,0.0057051,0.163873,0.06493,0.304,2026-10-03,0.525,0.0,1.0,0.4625,0.011562500000000002
BOX,Box Inc. Class A Common Stock,NASDAQ,Technology,Software - Infrastructure,34.49,2652075.0,3362940449.0,,0.0,2026-10-03,0.7577,1.0,0.4773,0.75,0.7612,,0.87,0.45,0.75,0.75,0.723,0.6763,0.5947,0.6,19.0,0.6363,0.0068508,0.155445,0.06363,0.6080000000000001,2026-10-03,0.0,0.0,0.94,0.188,0.0047
WELL,Welltower Inc. Common Stock,NASDAQ,Real Estate,REIT - Healthcare Facilities,227.71,2647875.0,147070739578.0,,0.0,2026-10-03,0.7126,0.3129,0.555,0.6,0.5507,,0.9375,0.45,0.6774,0.3,0.6869,0.675,0.7145,0.3,20.0,0.6326,0.0049563,0.1476835,0.06326,0.1902432,2026-10-03,0.555,0.55,1.0,0.6425,0.0160625
INGM,Ingram Micro Holding Corporation Common Stock,NASDAQ,Technology,Information Technology Services,28.5,2645305.0,7030472395.0,,0.0,2026-10-03,0.6485,0.5,0.5239,0.75,0.6041,,0.8142,0.45,0.6245,0.8,0.6743,0.6917,0.6048,0.6,18.0,0.6475,0.0054369,0.1449745,0.06475,0.304,2026-10-03,0.36,0.0,1.0,0.38,0.009500000000000001
MTG,MGIC Investment Corporation Common Stock,NASDAQ,Financial Services,Insurance - Specialty,26.95,2644505.0,6203176028.0,,0.0,2026-10-03,0.6045,0.5,0.0879,0.45,0.4695,,0.4432,0.6,0.75,0.9,0.6048,0.6875,0.487,0.3,20.0,0.5592,0.0042254999999999,0.130032,0.05592,0.304,2026-10-03,0.0,0.0,0.8,0.16,0.004
XENE,Xenon Pharmaceuticals Inc. - Common Shares,NASDAQ,Healthcare,Biotechnology,38.02,2638450.0,5572946231.0,,0.0,2026-10-03,0.7019,0.25,0.9261,0.0,0.45,,0.6198,0.4585,0.6244,0.5,0.5658,0.6625,0.7063,0.3,20.0,0.6234,0.00405,0.1216469999999999,0.06234,0.152,2026-10-03,0.0,0.0,1.0,0.2,0.005000000000000001
VOYG,Voyager Technologies Inc. Class A Common Stock,NASDAQ,Industrials,Aerospace & Defense,30.93,2637855.0,1696376216.0,,0.0,2026-10-03,0.4549,0.5,0.3996,0.0,0.3701,,0.6385,0.3,0.3659,0.35,0.4569,0.7,0.6418,0.6,20.0,0.6646,0.0033309,0.0982334999999999,0.06646,0.304,2026-10-03,0.0,0.0,1.0,0.2,0.005000000000000001
CIEN,Ciena Corporation Common Stock,NASDAQ,Technology,Communication Equipment,391.34,2623100.0,73640299055.0,,0.0,2026-10-03,0.7637,0.25,0.4949,0.0,0.4373,,0.9375,0.5641,0.75,0.9,0.7935,0.7289,0.7064,0.3,19.0,0.6567,0.0039357,0.1706025,0.0656699999999999,0.152,2026-10-03,0.0,0.0,1.0,0.2,0.005000000000000001
AM,Antero Midstream Corporation Common Stock,NASDAQ,Energy,Oil & Gas Midstream,20.36,2617715.0,10151378612.0,,0.0,2026-10-03,0.4929,0.25,0.4613,0.6,0.442,,0.6894,0.3,0.75,0.5,0.5883,0.6708,0.5071,0.3,12.0,0.5579,0.003978,0.1264845,0.05579,0.152,2026-10-03,0.0,0.0,0.7633,0.1527,0.0038175
ALGM,"Allegro MicroSystems, Inc.",NASDAQ,Technology,Semiconductors,39.53,2612580.0,5688429850.365715,61.0,0.0,2026-10-03,0.4133,0.25,0.6701,0.0,0.3315,,0.8125,0.5905,0.6874,0.5,0.6945,0.7026,0.7195,0.6,19.0,0.6931,0.0029835,0.1493175,0.06931,0.152,2026-10-03,0.0,0.0,1.0,0.2,0.005000000000000001
WOLF,Wolfspeed Inc. Common Stock New,NASDAQ,Technology,Semiconductors,35.28,2611965.0,1509615736.0,,0.0,2026-10-03,0.5736,0.5,0.5041,0.0,0.4343,,0.25,0.6,0.3091,0.65,0.3923,0.4625,0.6,0.3,20.0,0.4863,0.0039087,0.0843444999999999,0.04863,0.304,2026-10-03,0.0,0.0,0.2667,0.0533,0.0013325000000000001
LEVI,Levi Strauss & Co Class A Common Stock,NASDAQ,Consumer Cyclical,Apparel Manufacturing,19.87,2602615.0,8580342154.0,,0.0,2026-10-03,0.196,0.25,0.6385,0.45,0.3332,,0.6958,0.55,0.75,0.8,0.6833,0.5,0.698,0.3,20.0,0.5393,0.0029988,0.1469095,0.05393,0.152,2026-10-03,0.0,0.0,1.0,0.2,0.005000000000000001
SBRA,"Sabra Health Care REIT, Inc.",NASDAQ,Real Estate,REIT - Healthcare Facilities,19.16,2573385.0,4957184757.745617,61.0,0.0,2026-10-03,0.5594,0.4464,0.4666,0.6,0.5152,,0.8125,0.6,0.5309,0.15,0.6227,0.6679,0.5969,0.6,14.0,0.6328,0.0046368,0.1338805,0.06328,0.2714112,2026-10-03,0.435,0.0,1.0,0.4175,0.0104375
SUZ,Suzano S.A. American Depositary Shares (each representing One Ordinary Share),NASDAQ,Basic Materials,Paper & Paper Products,8.5,2568615.0,11248481806.0,,0.0,2026-10-03,0.3242,0.5,0.6581,0.1055,0.3731,,0.3158,0.6,0.7315,0.8,0.5392,0.5,0.764,0.3,18.0,0.5624,0.0033579,0.115928,0.05624,0.304,2026-10-03,0.0,0.0,1.0,0.2,0.005000000000000001
NEA,Nuveen AMT-Free Quality Municipal Income Fund Common Shares of Beneficial Interest Par Value $.01,NASDAQ,Financial Services,Asset Management,10.09,2568025.0,3430011039.0,,0.0,2026-10-03,0.3254,0.0,1.0,0.6,0.3866,,0.6162,0.6,0.6839,0.35,0.6025,0.7,0.36,0.3,5.0,0.521,0.0034794,0.1295375,0.0521,0.0,2026-10-03,0.0,0.0,0.5333,0.1067,0.0026675
UNP,Union Pacific Corporation Common Stock,NASDAQ,Industrials,Railroads,278.28,2493355.0,159530747580.0,,0.0,2026-10-03,0.6378,0.25,0.4998,0.6,0.5012,,0.7173,0.3,0.75,0.45,0.5944,0.6778,0.6556,0.3,18.0,0.6133,0.0045108,0.127796,0.0613299999999999,0.152,2026-10-03,0.5047,0.0,1.0,0.4523,0.0113075
NVS,Novartis AG Common Stock,NASDAQ,Healthcare,Drug Manufacturers - General,141.0,2477635.0,280792533320.0,,0.0,2026-10-03,0.5831,0.25,0.456,0.6,0.4655,,0.4196,0.3,0.75,0.3,0.4603,0.7056,0.6208,0.3,18.0,0.6151,0.0041895,0.0989645,0.06151,0.152,2026-10-03,0.0,0.0,0.8845,0.1769,0.0044225
WDAY,"Workday, Inc.",NASDAQ,Technology,Software - Application,186.14,2472700.0,29587500000.0,62.0,0.0,2026-10-03,0.7589,0.75,0.7498,0.45,0.6705,,0.8925,0.3,0.7451,0.75,0.6933,0.7281,0.5733,0.3,16.0,0.6097,0.0060345,0.1490595,0.06097,0.456,2026-10-03,0.0,0.0,1.0,0.2,0.005000000000000001
ADPT,Adaptive Biotechnologies Corporation,NASDAQ,Healthcare,Biotechnology,28.35,2470340.0,1993845612.3347769,61.0,0.0,2026-10-03,0.9382,1.0,0.3922,0.75,0.8222,,0.5833,0.4919,0.4088,0.35,0.4935,0.5,0.7069,0.6,20.0,0.5874,0.0073998,0.1061025,0.05874,0.6080000000000001,2026-10-03,0.555,0.0,0.7302,0.4235,0.0105875
TTWO,"Take-Two Interactive Software, Inc. - Common Stock",NASDAQ,Communication Services,Electronic Gaming & Multimedia,202.73,2456080.0,36492528470.0,,0.0,2026-10-03,0.1781,0.25,0.428,0.45,0.3024,,0.3875,0.45,0.5287,0.45,0.4447,0.6778,0.7038,0.3,18.0,0.6302,0.0027216,0.0956105,0.06302,0.152,2026-10-03,0.0,0.0,1.0,0.2,0.005000000000000001
MRP,Millrose Properties Inc. Class A Common Stock,NASDAQ,Real Estate,REIT - Residential,24.61,2424730.0,5101287386.0,,0.0,2026-10-03,0.5261,0.2815,0.0,0.45,0.3729,,0.885,0.3,0.7364,0.5,0.6631,0.6917,0.723,0.3,12.0,0.6439,0.0033561,0.1425665,0.06439,0.171152,2026-10-03,0.0,0.0,1.0,0.2,0.005000000000000001
MAS,Masco Corporation Common Stock,NASDAQ,Industrials,Building Products & Equipment,68.36,2408970.0,15103573627.0,,0.0,2026-10-03,0.4192,0.25,0.6096,0.45,0.4076,,0.7091,0.75,0.75,0.55,0.7137,0.6941,0.568,0.3,17.0,0.5909,0.0036684,0.1534454999999999,0.05909,0.152,2026-10-03,0.0,0.0,0.9733,0.1947,0.0048675
COST,Costco Wholesale Corporation,NASDAQ,Consumer Defensive,Discount Stores,920.65,2402425.0,436967247077.2778,61.0,0.0,2026-10-03,0.2637,0.25,0.4584,0.45,0.3404,,0.7673,0.45,0.6878,0.3,0.6214,0.5,0.629,0.3,4.0,0.5151,0.0030635999999999,0.133601,0.05151,0.152,2026-10-03,0.0,0.0,1.0,0.2,0.005000000000000001
EVRG,"Evergy, Inc.",NASDAQ,Utilities,Utilities - Regulated Electric,79.17,2379890.0,18784068899.74364,61.0,0.0,2026-10-03,0.3824,0.25,0.7154,0.75,0.468,,0.7567,0.0,0.7253,0.45,0.529,0.7125,0.6642,0.6,16.0,0.6787,0.004212,0.113735,0.06787,0.152,2026-10-03,0.0,0.0,1.0,0.2,0.005000000000000001
ACAD,ACADIA Pharmaceuticals Inc.,NASDAQ,Healthcare,Biotechnology,19.95,2313725.0,3570157287.273947,61.0,0.0,2026-10-03,0.6971,0.25,0.2416,0.0,0.3646,,0.6648,0.6,0.7364,0.15,0.615,0.4125,0.6636,0.3,20.0,0.4835,0.0032814,0.132225,0.04835,0.152,2026-10-03,0.0,0.0,1.0,0.2,0.005000000000000001
CLS,Celestica Inc. Common Stock,NASDAQ,Technology,Electronic Components,387.32,2307360.0,47161510037.0,,0.0,2026-10-03,0.4822,0.6974,0.455,0.45,0.5377,,0.9375,0.4493,0.7198,0.65,0.7323,0.7375,0.7391,0.3,20.0,0.6724,0.0048392999999999,0.1574445,0.06724,0.4240192,2026-10-03,0.57,0.0,1.0,0.485,0.012125
SSRM,SSR Mining Inc.,NASDAQ,Basic Materials,Gold,33.27,2303720.0,5408306612.462666,61.0,0.0,2026-10-03,0.8646,0.75,0.6174,0.45,0.6893,,0.7329,1.0,0.75,0.9,0.8207,0.7375,0.746,0.3,20.0,0.6749,0.0062037,0.1764504999999999,0.06749,0.456,2026-10-03,0.555,0.0,1.0,0.4775,0.0119375
ARMK,Aramark Common Stock,NASDAQ,Industrials,Specialty Business Services,55.55,2293255.0,12164049712.0,,0.0,2026-10-03,0.8052,0.3178,0.4287,0.6,0.5708,,0.7873,0.45,0.694,0.75,0.6759,0.7125,0.6781,0.3,20.0,0.6386,0.0051372,0.1453185,0.06386,0.1932224,2026-10-03,0.345,0.0,1.0,0.3725,0.0093125
ARES,Ares Management Corporation Class A Common Stock,NASDAQ,Financial Services,Asset Management,117.55,2275940.0,38094194589.0,,0.0,2026-10-03,0.6176,0.5,0.4898,0.0134,0.4346,,0.6215,0.3,0.7458,0.75,0.585,0.6895,0.6661,0.6,19.0,0.6679,0.0039114,0.125775,0.06679,0.304,2026-10-03,0.0,0.0,1.0,0.2,0.005000000000000001
JPC,Nuveen Preferred & Income Opportunities Fund,NASDAQ,Financial Services,Asset Management,6.91,2270790.0,2948328804.0,,0.0,2026-10-03,0.2791,0.0,0.8832,0.6,0.3579,,0.5,0.3,0.7331,0.5,0.5083,0.725,0.5,0.3,2.0,0.5825,0.0032210999999999,0.1092844999999999,0.05825,0.0,2026-10-03,0.0,0.0,0.5333,0.1067,0.0026675
ADP,"Automatic Data Processing, Inc.",NASDAQ,Technology,Software - Application,257.68,2270485.0,81569219727.64893,61.0,0.0,2026-10-03,0.639,0.5,0.5552,0.75,0.5992,,0.7079,0.45,0.75,0.45,0.6282,0.6969,0.5183,0.3,16.0,0.5749,0.0053928,0.135063,0.05749,0.304,2026-10-03,0.57,0.0,0.8667,0.4583,0.0114575
SRRK,Scholar Rock Holding Corporation,NASDAQ,Healthcare,Biotechnology,46.81,2261260.0,4937675413.490692,61.0,0.0,2026-10-03,0.7684,0.25,0.5977,0.45,0.5274,,0.5,0.3,0.4,0.5,0.425,0.7625,0.6972,0.6,20.0,0.7153,0.0047466,0.091375,0.07153,0.152,2026-10-03,0.21,0.0,1.0,0.305,0.007625
LNG,Cheniere Energy Inc. Common Stock,NASDAQ,Energy,Oil & Gas Midstream,269.95,2256580.0,54024096908.0,,0.0,2026-10-03,0.5974,0.75,0.5393,0.75,0.6457,,0.8542,0.2793,0.75,0.15,0.614,0.6794,0.7088,0.3,17.0,0.6328,0.0058113,0.13201,0.06328,0.456,2026-10-03,0.54,0.0,1.0,0.47,0.01175
RVTY,Revvity Inc. Common Stock,NASDAQ,Healthcare,Diagnostics & Research,151.53,2252635.0,9701174308.0,,0.0,2026-10-03,0.842,1.0,0.5989,0.9,0.8454,,0.6198,0.55,0.6898,0.75,0.6329,0.6625,0.5241,0.3,20.0,0.5597,0.0076086,0.1360735,0.05597,0.6080000000000001,2026-10-03,0.57,0.0,0.3833,0.3617,0.0090425
ASB,Associated Banc-Corp Common Stock,NASDAQ,Financial Services,Banks - Regional,29.0,2238020.0,5150249909.0,,0.0,2026-10-03,0.6295,0.25,0.5146,0.75,0.5279,,0.7098,0.5,0.634,0.55,0.6224,0.6667,0.5944,0.3,15.0,0.5864,0.0047511,0.133816,0.05864,0.152,2026-10-03,0.57,0.0,1.0,0.485,0.012125
CNXC,Concentrix Corporation,NASDAQ,Technology,Information Technology Services,24.91,2235935.0,1646451521.4385986,61.0,0.0,2026-10-03,0.4703,0.5,0.0,0.0,0.3248,,0.4508,0.3,0.6105,0.9,0.498,0.5,0.68,0.6,19.0,0.578,0.0029232,0.10707,0.0578,0.304,2026-10-03,0.0,0.0,1.0,0.2,0.005000000000000001
RELX,RELX PLC PLC American Depositary Shares (Each representing One Ordinary Share),NASDAQ,Industrials,Specialty Business Services,33.42,2208610.0,65055699624.0,,0.0,2026-10-03,0.304,0.5,0.4604,0.0909,0.3389,,0.7044,0.3,0.75,0.65,0.6093,0.6778,0.71,0.3,18.0,0.6324,0.0030501,0.1309995,0.06324,0.304,2026-10-03,0.0,0.0,1.0,0.2,0.005000000000000001
ZBH,Zimmer Biomet Holdings Inc. Common Stock,NASDAQ,Healthcare,Medical Devices,88.29,2206205.0,17665114836.0,,0.0,2026-10-03,0.424,0.5,0.54,0.45,0.461,,0.7592,0.55,0.7208,0.75,0.6964,0.675,0.58,0.3,20.0,0.5855,0.004149,0.149726,0.05855,0.304,2026-10-03,0.0,0.0,0.96,0.192,0.0048000000000000004
QRVO,"Qorvo, Inc.",NASDAQ,Technology,Semiconductors,114.17,2198960.0,7181909065.296112,61.0,0.0,2026-10-03,0.6354,1.0,0.0,0.75,0.668,,0.5363,0.6,0.75,0.65,0.617,0.5,0.483,0.3,19.0,0.464,0.006012,0.132655,0.0464,0.6080000000000001,2026-10-03,0.36,0.0,0.2467,0.2293,0.005732500000000001
ED,Consolidated Edison Inc. Common Stock,NASDAQ,Utilities,Utilities - Regulated Electric,103.39,2195020.0,40180020189.0,,0.0,2026-10-03,0.3895,0.25,0.6235,0.75,0.4589,,0.7249,0.15,0.7272,0.45,0.5542,0.6917,0.4384,0.3,18.0,0.5443,0.0041301,0.119153,0.05443,0.152,2026-10-03,0.0,0.0,0.5894,0.1179,0.0029475000000000005
AVPT,"AvePoint, Inc.",NASDAQ,Technology,Software - Infrastructure,14.07,2188585.0,2051607764.0,61.0,0.0,2026-10-03,0.5166,1.0,0.8349,0.75,0.7238,,0.9375,0.55,0.7396,0.5,0.7474,0.7235,0.6629,0.3,17.0,0.6388,0.0065141999999999,0.160691,0.06388,0.6080000000000001,2026-10-03,0.57,0.0,1.0,0.485,0.012125
WMG,Warner Music Group Corp.,NASDAQ,Communication Services,Entertainment,26.82,2181005.0,14886865788.0,62.0,0.0,2026-10-03,0.3492,0.3445,0.3938,0.45,0.3812,,0.5858,0.3,0.75,0.9,0.5868,0.6941,0.6984,0.3,17.0,0.6365,0.0034308,0.126162,0.06365,0.209456,2026-10-03,0.0,0.0,1.0,0.2,0.005000000000000001
REPL,"Replimune Group, Inc.",NASDAQ,Healthcare,Biotechnology,13.07,2165465.0,431029053.0,63.0,0.0,2026-10-03,0.9893,0.75,0.292,0.45,0.6942,,0.5,0.3,0.4,0.5,0.425,0.7382,0.7325,0.8,17.0,0.7455,0.0062478,0.091375,0.07455,0.456,2026-10-03,0.42,0.0,1.0,0.41,0.01025
STT,State Street Corporation Common Stock,NASDAQ,Financial Services,Asset Management,175.96,2157495.0,42015492057.0,,0.0,2026-10-03,0.9002,0.4986,0.4056,0.75,0.6705,,0.9275,0.5,0.6337,0.75,0.7294,0.6895,0.6106,0.3,19.0,0.6035,0.0060345,0.156821,0.06035,0.3031488,2026-10-03,0.85,0.0,1.0,0.625,0.015625
FHB,"First Hawaiian, Inc.",NASDAQ,Financial Services,Banks - Regional,25.26,2156430.0,2987086541.1677723,61.0,0.0,2026-10-03,0.3622,0.25,0.5063,0.45,0.3765,,0.579,0.5,0.637,0.65,0.5808,0.5,0.4845,0.6,18.0,0.5096,0.0033885,0.124872,0.05096,0.152,2026-10-03,0.0,0.0,0.71,0.142,0.0035499999999999998
FTV,Fortive Corporation Common Stock,NASDAQ,Technology,Scientific & Technical Instruments,57.47,2146720.0,18807117964.0,,0.0,2026-10-03,0.4086,0.5,0.427,0.6,0.4802,,0.6785,0.45,0.7195,0.75,0.6388,0.6875,0.5251,0.3,20.0,0.5725,0.0043218,0.137342,0.05725,0.304,2026-10-03,0.0,0.0,0.8225,0.1645,0.004112500000000001
NOG,Northern Oil and Gas Inc. Common Stock,NASDAQ,Energy,Oil & Gas E&P,23.83,2146685.0,2825313162.0,,0.0,2026-10-03,0.5558,0.75,0.5576,0.45,0.5755,,0.7667,0.0,0.646,0.15,0.4832,0.6625,0.58,0.6,20.0,0.6242,0.0051795,0.103888,0.06242,0.456,2026-10-03,0.345,0.0,1.0,0.3725,0.0093125
HYMC,Hycroft Mining Holding Corporation,NASDAQ,Basic Materials,Gold,18.71,2145590.0,3023853225.6485825,61.0,0.0,2026-10-03,0.9774,0.0461,0.4763,0.0,0.4459,,0.5,0.7,0.4,0.5,0.525,0.6708,0.605,0.6,12.0,0.6372,0.0040131,0.112875,0.06372,0.0280288,2026-10-03,0.0,0.0,1.0,0.2,0.005000000000000001
GEV,GE Vernova Inc. Common Stock,NASDAQ,Industrials,Specialty Industrial Machinery,988.7,2138830.0,308810315308.0,,0.0,2026-10-03,0.6793,0.5,0.4495,0.45,0.5497,,0.7292,0.3,0.7251,0.55,0.6029,0.6778,0.6881,0.3,18.0,0.6247,0.0049473,0.1296235,0.06247,0.304,2026-10-03,0.435,0.0,1.0,0.4175,0.0104375
TTEK,"Tetra Tech, Inc.",NASDAQ,Industrials,Engineering & Construction,33.12,2138305.0,7873780405.0,62.0,0.0,2026-10-03,0.5653,0.5,0.6203,0.45,0.522,,0.558,0.45,0.75,0.45,0.5682,0.675,0.6538,0.3,20.0,0.6113,0.004698,0.122163,0.06113,0.304,2026-10-03,0.36,0.0,1.0,0.38,0.009500000000000001
SLM,SLM Corporation,NASDAQ,Financial Services,Credit Services,22.75,2137855.0,4046317478.037998,61.0,0.0,2026-10-03,0.4644,0.2583,0.4208,0.1182,0.3313,,0.394,0.3,0.7253,0.75,0.4889,0.6763,0.5955,0.6,19.0,0.6366,0.0029817,0.1051135,0.06366,0.1570464,2026-10-03,0.0,0.0,1.0,0.2,0.005000000000000001
KRG,Kite Realty Group Trust Common Stock,NASDAQ,Real Estate,REIT - Retail,24.39,2136315.0,5273251237.0,,0.0,2026-10-03,0.5119,0.25,0.5623,0.45,0.4321,,0.3875,0.3,0.7182,0.3,0.4395,0.7214,0.4875,0.6,14.0,0.6213,0.0038889,0.0944925,0.06213,0.152,2026-10-03,0.0,0.0,0.91,0.182,0.00455
AXTA,Axalta Coating Systems Ltd. Common Shares,NASDAQ,Basic Materials,Specialty Chemicals,32.2,2135170.0,6349936862.0,,0.0,2026-10-03,0.7352,0.3423,0.5041,0.45,0.5253,,0.4277,0.55,0.75,0.45,0.5411,0.6639,0.6025,0.3,18.0,0.5878,0.0047277,0.1163365,0.05878,0.2081184,2026-10-03,0.57,0.0,1.0,0.485,0.012125
CTAS,Cintas Corporation,NASDAQ,Industrials,Specialty Business Services,193.02,2125230.0,67037351059.140335,61.0,0.0,2026-10-03,0.4834,0.5,0.5481,0.6,0.5164,,0.8387,0.45,0.75,0.3,0.6655,0.775,0.6035,0.3,20.0,0.6437,0.0046476,0.1430825,0.06437,0.304,2026-10-03,0.15,0.0,1.0,0.275,0.006875000000000001
OHI,Omega Healthcare Investors Inc. Common Stock,NASDAQ,Real Estate,REIT - Healthcare Facilities,45.72,2116140.0,14201916395.0,,0.0,2026-10-03,0.4976,0.25,0.5344,0.6,0.4591,,0.7575,0.3,0.7491,0.15,0.5803,0.6778,0.563,0.3,18.0,0.5809,0.0041319,0.1247645,0.05809,0.152,2026-10-03,0.0,0.0,0.9767,0.1953,0.0048825000000000006
ETN,Eaton Corporation PLC Ordinary Shares,NASDAQ,Industrials,Specialty Industrial Machinery,436.11,2114280.0,164474750542.0,,0.0,2026-10-03,0.4287,1.0,0.4636,0.75,0.6498,,0.7131,0.45,0.75,0.45,0.6303,0.6875,0.6764,0.3,20.0,0.6255,0.0058482,0.1355144999999999,0.06255,0.6080000000000001,2026-10-03,0.57,0.0,1.0,0.485,0.012125
CLDX,"Celldex Therapeutics, Inc.",NASDAQ,Healthcare,Biotechnology,31.65,2103315.0,2050243406.0139084,61.0,0.0,2026-10-03,0.7779,0.25,0.7665,0.0517,0.471,,0.4167,0.6,0.325,0.2,0.4179,0.4605,0.7079,0.6,19.0,0.568,0.004239,0.0898485,0.0567999999999999,0.152,2026-10-03,0.0,0.0,1.0,0.2,0.005000000000000001
CYTK,"Cytokinetics, Incorporated",NASDAQ,Healthcare,Biotechnology,65.6,2101445.0,7753098794.615765,61.0,0.0,2026-10-03,0.5724,0.25,0.3809,0.1143,0.3655,,0.5,0.5,0.375,0.2,0.4388,0.7026,0.7195,0.6,19.0,0.6932,0.0032895,0.094342,0.06932,0.152,2026-10-03,0.0,0.0,1.0,0.2,0.005000000000000001
RES,RPC Inc. Common Stock,NASDAQ,Energy,Oil & Gas Equipment & Services,5.86,2099725.0,1773114160.0,,0.0,2026-10-03,0.6698,0.25,0.6114,0.091,0.4225,,0.6935,0.4094,0.6543,0.15,0.5583,0.7472,0.5,0.8,18.0,0.6686,0.0038025,0.1200345,0.06686,0.152,2026-10-03,0.0,0.0,0.5714,0.1143,0.0028575000000000002
CNX,CNX Resources Corporation Common Stock,NASDAQ,Energy,Oil & Gas E&P,31.5,2094115.0,5459473620.0,,0.0,2026-10-03,0.4525,0.1769,0.426,0.0832,0.2985,,0.241,0.3,0.75,0.55,0.4139,0.7158,0.475,0.6,19.0,0.6141,0.0026864999999999,0.0889885,0.06141,0.1075552,2026-10-03,0.0,0.0,0.7333,0.1467,0.0036675
ASO,"Academy Sports and Outdoors, Inc.",NASDAQ,Consumer Cyclical,Specialty Retail,48.73,2090030.0,3648800817.3980713,61.0,0.0,2026-10-03,0.0903,0.5,0.3381,0.45,0.332,,0.731,0.55,0.75,0.75,0.6924,0.7375,0.5912,0.6,20.0,0.6657,0.002988,0.148866,0.06657,0.304,2026-10-03,0.0,0.0,1.0,0.2,0.005000000000000001
QGEN,Qiagen N.V. Common Shares,NASDAQ,Healthcare,Diagnostics & Research,44.75,2083250.0,7915331231.0,,0.0,2026-10-03,0.399,1.0,0.3624,0.45,0.565,,0.6554,0.6,0.75,0.65,0.6647,0.7125,0.6258,0.3,20.0,0.6203,0.0050849999999999,0.1429105,0.06203,0.6080000000000001,2026-10-03,0.57,0.0,0.7939,0.4438,0.011095
RVMD,"Revolution Medicines, Inc.",NASDAQ,Healthcare,Biotechnology,206.64,2078040.0,18755130171.12456,61.0,0.0,2026-10-03,0.9976,0.75,0.4751,0.75,0.7828,,0.5,0.3,0.4,0.5,0.425,0.7553,0.7228,0.3,19.0,0.6756,0.0070452,0.091375,0.06756,0.456,2026-10-03,0.42,0.0,1.0,0.41,0.01025
COGT,"Cogent Biosciences, Inc.",NASDAQ,Healthcare,Biotechnology,31.02,2077935.0,5894244575.402756,61.0,0.0,2026-10-03,0.9097,0.0,0.5273,0.064,0.4294,,0.5,0.3,0.4,0.5,0.425,0.6763,0.7181,0.6,19.0,0.6795,0.0038646,0.091375,0.06795,0.0,2026-10-03,0.0,0.0,1.0,0.2,0.005000000000000001
TALO,Talos Energy Inc. Common Stock,NASDAQ,Energy,Oil & Gas E&P,16.78,2077105.0,2486993936.0,,0.0,2026-10-03,0.88,0.75,0.4412,0.6,0.7083,,0.6667,0.55,0.6037,0.8,0.6351,0.6778,0.656,0.3,18.0,0.6135,0.0063747,0.1365465,0.06135,0.456,2026-10-03,0.435,0.0,1.0,0.4175,0.0104375
AFL,AFLAC Incorporated Common Stock,NASDAQ,Financial Services,Insurance - Life,111.54,2069130.0,59050353899.0,,0.0,2026-10-03,0.4264,0.25,0.6118,0.6,0.4387,,0.5146,0.3,0.7313,0.65,0.5287,0.7,0.4824,0.3,20.0,0.5638,0.0039483,0.1136705,0.05638,0.152,2026-10-03,0.0,0.0,0.5793,0.1159,0.0028975000000000003
NAD,Nuveen Quality Municipal Income Fund Common Stock,NASDAQ,Financial Services,Asset Management,10.28,2065850.0,2747874505.0,,0.0,2026-10-03,0.3515,0.0,1.0,0.6,0.3947,,0.4963,0.6,0.708,0.35,0.5605,0.5,0.5,0.3,1.0,0.47,0.0035523,0.1205075,0.047,0.0,2026-10-03,0.0,0.0,0.5333,0.1067,0.0026675
SN,SharkNinja Inc. Ordinary Shares,NASDAQ,Consumer Cyclical,"Furnishings, Fixtures & Appliances",182.57,2063725.0,16347448198.0,,0.0,2026-10-03,0.9228,0.75,0.304,0.75,0.7402,,0.6898,0.6,0.75,0.45,0.6584,0.6895,0.7231,0.6,19.0,0.6878,0.0066618,0.141556,0.06878,0.456,2026-10-03,0.57,0.0,1.0,0.485,0.012125
UGI,UGI Corporation Common Stock,NASDAQ,Utilities,Utilities - Regulated Gas,37.2,2060030.0,7930651857.0,,0.0,2026-10-03,0.5356,1.0,0.4622,0.75,0.6819,,0.5514,0.15,0.6478,0.15,0.435,0.6778,0.7942,0.3,18.0,0.6618,0.0061370999999999,0.093525,0.06618,0.6080000000000001,2026-10-03,0.36,0.0,1.0,0.38,0.009500000000000001
ALOY,REalloys Inc.,NASDAQ,Basic Materials,Other Industrial Metals & Mining,8.12,2052435.0,587836655.3881989,61.0,0.0,2026-10-03,0.7542,0.0,0.647,0.0,0.3756,,0.75,0.75,0.5,0.2,0.6325,0.6656,0.755,0.3,16.0,0.6421,0.0033804,0.1359874999999999,0.06421,0.0,2026-10-03,0.0,0.0,1.0,0.2,0.005000000000000001
BRUN,Boost Run Inc.,NASDAQ,Technology,Software - Infrastructure,16.51,2052405.0,1899374604.0,63.0,0.0,2026-10-03,0.7672,0.0,0.3653,0.0,0.3507,,0.75,0.15,0.5,0.2,0.4825,0.7125,0.71,0.3,20.0,0.6498,0.0031563,0.1037375,0.06498,0.0,2026-10-03,0.0,0.0,1.0,0.2,0.005000000000000001
DNA,Ginkgo Bioworks Holdings Inc. Class A Common Stock,NASDAQ,Healthcare,Biotechnology,12.35,2051045.0,487344643.0,,0.0,2026-10-03,0.038,0.5,1.0,0.0538,0.3267,,0.3333,0.3,0.4,0.5,0.3583,0.6647,0.33,0.6,17.0,0.5379,0.0029403,0.0770345,0.05379,0.304,2026-10-03,0.0,0.0,0.0667,0.0133,0.0003325
BG,Bunge Limited Common Shares,NASDAQ,Consumer Defensive,Farm Products,106.72,2044930.0,24206920504.0,,0.0,2026-10-03,0.6663,0.4215,0.477,0.45,0.5197,,0.8542,0.25,0.6352,0.65,0.628,0.4875,0.7167,0.3,20.0,0.5396,0.0046773,0.13502,0.05396,0.256272,2026-10-03,0.57,0.55,1.0,0.65,0.01625
EXLS,"ExlService Holdings, Inc.",NASDAQ,Technology,Information Technology Services,35.75,2037505.0,4768961503.220833,61.0,0.0,2026-10-03,0.5036,1.0,0.5387,0.45,0.6191,,0.8162,0.45,0.75,0.75,0.7015,0.6875,0.74,0.3,20.0,0.6478,0.0055719,0.1508225,0.06478,0.6080000000000001,2026-10-03,0.57,0.0,1.0,0.485,0.012125
WAY,Waystar Holding Corp.,NASDAQ,Healthcare,Health Information Services,24.81,2036855.0,4121154228.0,62.0,0.0,2026-10-03,0.1971,0.75,0.6125,0.0,0.3696,,0.905,0.55,0.7032,0.65,0.7403,0.6639,0.6988,0.3,18.0,0.6215,0.0033263999999999,0.1591645,0.06215,0.456,2026-10-03,0.0,0.0,1.0,0.2,0.005000000000000001
ENTG,"Entegris, Inc.",NASDAQ,Technology,Semiconductor Equipment & Materials,166.47,2034400.0,17501010935.22322,61.0,0.0,2026-10-03,0.6413,0.8755,0.4107,0.6,0.6631,,0.801,0.6,0.7297,0.65,0.7178,0.6625,0.6767,0.3,20.0,0.6131,0.0059679,0.154327,0.06131,0.532304,2026-10-03,0.555,0.0,0.8499,0.4475,0.011187500000000001
BMRN,BioMarin Pharmaceutical Inc.,NASDAQ,Healthcare,Biotechnology,57.18,2021320.0,10518164239.59406,61.0,0.0,2026-10-03,0.6188,0.5,0.51,0.45,0.5225,,0.6035,0.5269,0.6885,0.9,0.6353,0.6632,0.6718,0.3,19.0,0.6117,0.0047025,0.1365895,0.06117,0.304,2026-10-03,0.57,0.0,1.0,0.485,0.012125
LNC,Lincoln National Corporation Common Stock,NASDAQ,Financial Services,Insurance - Life,40.3,2015205.0,7069025356.0,,0.0,2026-10-03,0.7114,0.5,0.5251,0.45,0.5587,,0.6829,0.6,0.6739,0.65,0.6566,0.75,0.5785,0.3,20.0,0.6225,0.0050282999999999,0.141169,0.06225,0.304,2026-10-03,0.45,0.0,0.9767,0.4203,0.010507500000000001
UNM,Unum Group Common Stock,NASDAQ,Financial Services,Insurance - Life,88.57,2009485.0,12512492903.0,,0.0,2026-10-03,0.7007,0.75,0.6022,0.75,0.6892,,0.5048,0.3,0.6928,0.65,0.5151,0.6895,0.6592,0.3,19.0,0.6205,0.0062028,0.1107465,0.06205,0.456,2026-10-03,0.54,0.0,1.0,0.47,0.01175
SSL,Sasol Ltd. American Depositary Shares,NASDAQ,Basic Materials,Specialty Chemicals,13.94,2006575.0,8205109894.0,,0.0,2026-10-03,0.8943,0.75,0.5698,0.75,0.7673,,0.7994,0.55,0.7441,0.9,0.7333,0.6647,0.71,0.3,17.0,0.6259,0.0069057,0.1576594999999999,0.06259,0.456,2026-10-03,0.0,0.0,0.9214,0.1843,0.0046075
VNOM,"Viper Energy, Inc.  - Class A Common Stock",NASDAQ,Energy,Oil & Gas Midstream,40.64,2006245.0,16926205674.0,,0.0,2026-10-03,0.5404,0.4094,0.5484,0.45,0.4812,,0.875,0.4815,0.7055,0.75,0.7217,0.5,0.7308,0.3,18.0,0.5508,0.0043308,0.1551655,0.05508,0.2489152,2026-10-03,0.0,0.0,1.0,0.2,0.005000000000000001
SBLK,Star Bulk Carriers Corp.,NASDAQ,Industrials,Marine Shipping,30.75,1981760.0,2551890651.150452,61.0,0.0,2026-10-03,0.9169,0.75,0.533,0.75,0.7589,,0.8542,0.55,0.75,0.65,0.7317,0.5,0.655,0.3,20.0,0.5242,0.0068301,0.1573155,0.05242,0.456,2026-10-03,0.2349,0.0,1.0,0.3175,0.0079375
SHC,Sotera Health Company,NASDAQ,Healthcare,Diagnostics & Research,18.22,1977675.0,3766773053.808909,61.0,0.0,2026-10-03,0.6556,0.5,0.6436,0.75,0.6188,,0.7033,0.6,0.75,0.65,0.6838,0.7333,0.695,0.3,18.0,0.6549,0.0055692,0.1470169999999999,0.06549,0.304,2026-10-03,0.57,0.0,1.0,0.485,0.012125
NVT,nVent Electric plc Ordinary Shares,NASDAQ,Industrials,Electrical Equipment & Parts,169.56,1965850.0,22988646872.0,,0.0,2026-10-03,0.7957,0.8848,0.3697,0.75,0.7393,,0.9375,0.55,0.75,0.65,0.765,0.675,0.6681,0.3,20.0,0.6163,0.0066537,0.164475,0.06163,0.5379584000000001,2026-10-03,0.57,0.0,1.0,0.485,0.012125
SHO,Sunstone Hotel Investors Inc. Sunstone Hotel Investors Inc. Common Shares,NASDAQ,Real Estate,REIT - Hotel & Motel,11.39,1951975.0,1826967967.0,,0.0,2026-10-03,0.6116,0.5,0.4133,0.9,0.6135,,0.7263,0.3,0.6829,0.3,0.5662,0.6692,0.545,0.3,13.0,0.5704,0.0055215,0.121733,0.05704,0.304,2026-10-03,0.24,0.0,0.7956,0.2791,0.006977500000000001
TTMI,"TTM Technologies, Inc. - Common Stock",NASDAQ,Technology,Electronic Components,131.87,1893870.0,12615908080.0,,0.0,2026-10-03,0.8468,0.5,0.3929,0.0,0.5104,,0.9375,0.386,0.75,0.9,0.749,0.7,0.7325,0.3,20.0,0.6514,0.0045936,0.1610349999999999,0.06514,0.304,2026-10-03,0.555,0.6,1.0,0.6575,0.0164375
TXNM,TXNM Energy Inc. Common Stock,NASDAQ,Utilities,Utilities - Regulated Electric,58.41,1848780.0,6428538540.0,,0.0,2026-10-03,0.3717,0.75,0.7258,1.0,0.6466,,0.7033,0.0,0.7039,0.45,0.5023,0.6656,0.5667,0.3,16.0,0.5761,0.0058194,0.1079945,0.0576099999999999,0.456,2026-10-03,0.555,0.0,0.7198,0.4215,0.0105375
QMCO,Quantum Corporation,NASDAQ,Technology,Computer Hardware,34.5,1836965.0,394532508.0,62.0,0.0,2026-10-03,0.9964,1.0,0.542,1.0,0.9132,,0.75,0.4778,0.6336,0.75,0.6528,0.6778,0.78,0.8,18.0,0.7319,0.0082188,0.140352,0.07319,0.6080000000000001,2026-10-03,0.255,0.0,0.4667,0.2208,0.005520000000000001
OLLI,"Ollie's Bargain Outlet Holdings, Inc.",NASDAQ,Consumer Defensive,Discount Stores,88.06,1802565.0,5504596362.5,61.0,0.0,2026-10-03,0.0582,0.75,0.5047,0.0,0.3173,,0.786,0.6,0.75,0.8,0.7319,0.4853,0.686,0.6,17.0,0.5727,0.0028557,0.1573584999999999,0.05727,0.456,2026-10-03,0.0,0.0,1.0,0.2,0.005000000000000001
FA,First Advantage Corporation,NASDAQ,Industrials,Specialty Business Services,18.09,1799740.0,1957603604.113041,61.0,0.0,2026-10-03,0.899,0.3415,0.2083,0.0789,0.4735,,0.8223,0.6,0.6879,0.8,0.7309,0.6917,0.673,0.6,18.0,0.6714,0.0042615,0.1571435,0.06714,0.207632,2026-10-03,0.0,0.0,1.0,0.2,0.005000000000000001
RHI,Robert Half Inc. Common Stock,NASDAQ,Industrials,Staffing & Employment Services,36.12,1794000.0,2622341749.0,,0.0,2026-10-03,0.9026,0.5,0.6577,0.45,0.6419,,0.3808,0.45,0.5763,0.15,0.4239,0.7088,0.4918,0.6,17.0,0.6165,0.0057771,0.0911385,0.06165,0.304,2026-10-03,0.85,0.0,0.3476,0.4945,0.0123625
YETI,YETI Holdings Inc. Common Stock,NASDAQ,Consumer Cyclical,Leisure,40.87,1793085.0,3024717865.0,,0.0,2026-10-03,0.4584,0.25,0.5766,0.45,0.4222,,0.7823,0.55,0.75,0.65,0.7029,0.7026,0.6644,0.6,19.0,0.6738,0.0037998,0.1511235,0.06738,0.152,2026-10-03,0.0,0.0,1.0,0.2,0.005000000000000001
IMMX,"Immix Biopharma, Inc.",NASDAQ,Healthcare,Biotechnology,9.68,1784895.0,431661054.145628,61.0,0.0,2026-10-03,1.0,0.75,0.1953,0.0,0.5943,,0.5,0.6,0.4,0.5,0.5,0.7375,0.7486,0.6,20.0,0.7208,0.0053487,0.1075,0.07208,0.456,2026-10-03,0.21,0.0,1.0,0.305,0.007625
BLZE,"Backblaze, Inc.",NASDAQ,Technology,Software - Infrastructure,14.36,1762315.0,448910189.0,63.0,0.0,2026-10-03,0.9786,0.5,0.2804,0.0,0.5437,,0.7356,0.3,0.423,0.5,0.525,0.6639,0.7057,0.3,18.0,0.6239,0.0048933,0.112875,0.06239,0.304,2026-10-03,0.54,0.0,1.0,0.47,0.01175
TRVI,"Trevi Therapeutics, Inc. - Common Stock",NASDAQ,Healthcare,Biotechnology,13.91,1750965.0,1693559950.0,,0.0,2026-10-03,0.8539,0.25,0.285,0.0319,0.4331,,0.5,0.7,0.4,0.5,0.525,0.6639,0.7291,0.3,18.0,0.6321,0.0038979,0.112875,0.06321,0.152,2026-10-03,0.0,0.0,1.0,0.2,0.005000000000000001
PTC,PTC Inc.,NASDAQ,Technology,Software - Application,144.03,1749945.0,16584488105.884275,61.0,0.0,2026-10-03,0.2435,0.5,0.4216,0.0446,0.3111,,0.2783,0.45,0.75,0.65,0.4763,0.675,0.6468,0.3,20.0,0.6089,0.0027999,0.1024045,0.06089,0.304,2026-10-03,0.0,0.0,1.0,0.2,0.005000000000000001
AEM,Agnico Eagle Mines Limited Common Stock,NASDAQ,Basic Materials,Gold,183.69,1749910.0,100313118036.0,,0.0,2026-10-03,0.6568,0.5,0.6308,0.0846,0.4815,,0.8306,0.8,0.75,0.15,0.7347,0.7056,0.6868,0.3,18.0,0.6382,0.0043335,0.1579605,0.06382,0.304,2026-10-03,0.0,0.0,1.0,0.2,0.005000000000000001
HELP,Cybin Inc.,NASDAQ,Healthcare,Biotechnology,11.7,1747320.0,401718360.0,62.0,0.0,2026-10-03,0.9798,0.75,0.6817,0.45,0.7412,,0.5,0.5,0.4,0.5,0.475,0.675,0.7236,0.3,20.0,0.6358,0.0066707999999999,0.102125,0.06358,0.456,2026-10-03,0.21,0.0,1.0,0.305,0.007625
VRNS,"Varonis Systems, Inc. - Common Stock",NASDAQ,Technology,Software - Infrastructure,47.57,1745330.0,2380346731.0,,0.0,2026-10-03,0.7387,1.0,0.6264,0.1167,0.6487,,0.656,0.55,0.4,0.15,0.5149,0.4853,0.6492,0.3,17.0,0.5149,0.0058383,0.1107035,0.05149,0.6080000000000001,2026-10-03,0.57,0.0,0.9604,0.4771,0.0119275
RLJ,RLJ Lodging Trust Common Shares of Beneficial Interest $0.01 par value,NASDAQ,Real Estate,REIT - Hotel & Motel,11.22,1729370.0,1216934230.0,,0.0,2026-10-03,0.8599,0.5,0.5564,0.6,0.6563,,0.5729,0.45,0.6729,0.45,0.5549,0.6895,0.4508,0.6,19.0,0.5925,0.0059067,0.1193034999999999,0.05925,0.304,2026-10-03,0.465,0.0,0.5978,0.3521,0.008802500000000001
EWTX,"Edgewise Therapeutics, Inc.",NASDAQ,Healthcare,Biotechnology,41.4,1710980.0,3348449329.3831825,61.0,0.0,2026-10-03,0.962,0.5,0.6527,0.6,0.6986,,0.5,0.5,0.4,0.5,0.475,0.7088,0.6985,0.6,17.0,0.6889,0.0062874,0.102125,0.0688899999999999,0.304,2026-10-03,0.435,0.0,1.0,0.4175,0.0104375
NTST,NetSTREIT Corp. Common Stock,NASDAQ,Real Estate,REIT - Retail,17.52,1709990.0,2008151687.0,,0.0,2026-10-03,0.4632,0.25,0.4614,0.45,0.3998,,0.9375,0.6,0.6738,0.5,0.7434,0.7,0.677,0.6,15.0,0.6769,0.0035982,0.1598309999999999,0.06769,0.152,2026-10-03,0.0,0.0,1.0,0.2,0.005000000000000001
VSTS,Vestis Corporation Common Stock,NASDAQ,Industrials,Rental & Leasing Services,14.03,1693705.0,1291780097.0,,0.0,2026-10-03,0.9632,0.5,0.4675,0.45,0.651,,0.4471,0.6,0.6552,0.8,0.5726,0.6763,0.4512,0.6,19.0,0.5861,0.005859,0.123109,0.0586099999999999,0.304,2026-10-03,0.24,0.55,0.2869,0.3424,0.00856
WPC,W. P. Carey Inc. REIT,NASDAQ,Real Estate,REIT - Diversified,64.52,1688315.0,16034366070.0,,0.0,2026-10-03,0.3741,0.25,0.3856,0.45,0.3615,,0.9211,0.45,0.7229,0.65,0.7267,0.6875,0.6681,0.3,20.0,0.6226,0.0032534999999999,0.1562405,0.06226,0.152,2026-10-03,0.0,0.0,1.0,0.2,0.005000000000000001
PD,PagerDuty Inc. Common Stock,NASDAQ,Technology,Software - Application,15.34,1686040.0,603313615.0,,0.0,2026-10-03,0.8836,1.0,0.6299,0.75,0.8315,,0.3592,0.6,0.7229,0.65,0.5394,0.675,0.5133,0.6,20.0,0.6072,0.0074835,0.1159709999999999,0.0607199999999999,0.6080000000000001,2026-10-03,0.36,0.0,0.3333,0.2467,0.0061675
RDN,Radian Group Inc. Common Stock,NASDAQ,Financial Services,Insurance - Specialty,32.57,1668750.0,4851297552.0,,0.0,2026-10-03,0.4276,0.25,0.0,0.45,0.3347,,0.6279,0.55,0.75,0.75,0.6512,0.7026,0.7057,0.3,19.0,0.6433,0.0030123,0.140008,0.06433,0.152,2026-10-03,0.0,0.0,1.0,0.2,0.005000000000000001
CI,The Cigna Group Common Stock,NASDAQ,Healthcare,Healthcare Plans,270.53,1665105.0,72675456024.0,,0.0,2026-10-03,0.3278,0.25,0.3699,0.6,0.3788,,0.7098,0.3,0.6687,0.75,0.6011,0.6895,0.6708,0.3,19.0,0.6245,0.0034092,0.1292365,0.06245,0.152,2026-10-03,0.0,0.0,1.0,0.2,0.005000000000000001
CB,Chubb Limited  Common Stock,NASDAQ,Financial Services,Insurance - Property & Casualty,330.89,1657535.0,126696176652.0,,0.0,2026-10-03,0.5297,0.25,0.4749,0.75,0.4908,,0.5212,0.3,0.7336,0.45,0.5119,0.675,0.5668,0.3,20.0,0.5809,0.0044172,0.1100585,0.05809,0.152,2026-10-03,0.835,0.0,0.984,0.6143,0.0153575
TVTX,"Travere Therapeutics, Inc. - Common Stock",NASDAQ,Healthcare,Biotechnology,56.93,1653820.0,2671315203.0,,0.0,2026-10-03,0.9857,0.75,0.4677,0.45,0.7126,,0.5833,0.416,0.511,0.5,0.5151,0.6639,0.708,0.6,18.0,0.6697,0.0064134,0.1107465,0.06697,0.456,2026-10-03,0.45,0.0,1.0,0.425,0.010625
MFC,Manulife Financial Corporation Common Stock,NASDAQ,Financial Services,Insurance - Life,42.93,1624635.0,64781978232.0,,0.0,2026-10-03,0.7827,0.75,0.6948,0.9,0.7607,,0.796,0.6,0.706,0.75,0.7199,0.6647,0.624,0.3,17.0,0.5958,0.0068463,0.1547784999999999,0.05958,0.456,2026-10-03,0.57,0.9,0.9714,0.7493,0.0187325
WEAV,Weave Communications Inc. Common Stock,NASDAQ,Healthcare,Health Information Services,7.37,1620655.0,383018726.0,,0.0,2026-10-03,0.6912,1.0,0.82,0.9,0.813,,0.7219,0.45,0.4128,0.65,0.5695,0.7194,0.33,0.3,18.0,0.5202,0.007317,0.1224425,0.05202,0.6080000000000001,2026-10-03,0.45,0.0,0.5424,0.3335,0.008337500000000001
ATI,ATI Inc. Common Stock,NASDAQ,Industrials,Metal Fabrication,192.42,1615525.0,21123792885.0,,0.0,2026-10-03,0.9549,0.6175,0.4374,0.45,0.6667,,0.7954,0.5823,0.75,0.65,0.7162,0.7375,0.72,0.3,20.0,0.6658,0.0060003,0.1539829999999999,0.06658,0.37544,2026-10-03,0.57,0.0,1.0,0.485,0.012125
ARIS,Aris Mining Corporation Common Shares,NASDAQ,Basic Materials,Gold,17.5,1614910.0,3907592838.0,,0.0,2026-10-03,0.9157,0.75,0.3654,0.45,0.6767,,0.7292,0.55,0.75,0.65,0.6817,0.6895,0.755,0.3,19.0,0.654,0.0060903,0.1465655,0.0654,0.456,2026-10-03,0.45,0.0,1.0,0.425,0.010625
INOD,Innodata Inc.,NASDAQ,Technology,Information Technology Services,70.07,1604090.0,1226176171.068924,61.0,0.0,2026-10-03,0.2067,0.5,0.5204,0.0,0.3069,,0.9375,0.65,0.75,0.75,0.8,0.6763,0.7325,0.6,19.0,0.6845,0.0027621,0.172,0.06845,0.304,2026-10-03,0.0,0.0,1.0,0.2,0.005000000000000001
RSG,Republic Services Inc. Common Stock,NASDAQ,Industrials,Waste Management,209.56,1580320.0,64815917445.0,,0.0,2026-10-03,0.348,0.3178,0.6144,0.75,0.458,,0.5815,0.3,0.75,0.45,0.5401,0.6625,0.6267,0.3,20.0,0.5956,0.004122,0.1161215,0.05956,0.1932224,2026-10-03,0.0,0.0,1.0,0.2,0.005000000000000001
EFC,Ellington Financial Inc. Common Stock,NASDAQ,Real Estate,REIT - Mortgage,11.59,1573000.0,1637888205.0,,0.0,2026-10-03,0.5178,0.25,0.166,0.6,0.4113,,0.6252,0.45,0.7119,0.65,0.6055,0.6632,0.7025,0.3,19.0,0.6225,0.0037017,0.1301825,0.06225,0.152,2026-10-03,0.0,0.0,1.0,0.2,0.005000000000000001
CLMT,"Calumet, Inc",NASDAQ,Basic Materials,Specialty Chemicals,55.28,1570435.0,2670982360.9247303,61.0,0.0,2026-10-03,0.9822,0.75,0.6241,0.75,0.7979,,0.5833,0.5,0.4671,0.75,0.5501,0.4868,0.57,0.3,19.0,0.4879,0.0071811,0.1182715,0.04879,0.456,2026-10-03,0.225,0.0,0.6578,0.2441,0.0061025
ZION,Zions Bancorporation N.A. - Common Stock,NASDAQ,Financial Services,Banks - Regional,63.17,1568715.0,9028612897.0,,0.0,2026-10-03,0.6306,0.25,0.5183,0.6,0.4978,,0.7292,0.5,0.6382,0.3,0.6062,0.6763,0.5099,0.3,19.0,0.5616,0.0044802,0.1303329999999999,0.05616,0.152,2026-10-03,0.85,0.0,0.8533,0.5957,0.014892500000000001
CURB,Curbline Properties Corp. Common Stock,NASDAQ,Real Estate,REIT - Retail,28.27,1551470.0,2965628349.0,,0.0,2026-10-03,0.6128,0.25,0.5244,0.6,0.4963,,0.6875,0.6,0.667,0.35,0.6268,0.7214,0.6683,0.6,14.0,0.6846,0.0044667,0.134762,0.06846,0.152,2026-10-03,0.435,0.0,1.0,0.4175,0.0104375
SSNC,"SS&C Technologies Holdings, Inc.",NASDAQ,Technology,Software - Application,78.53,1546645.0,16118010712.862534,61.0,0.0,2026-10-03,0.5855,0.5,0.3753,0.6,0.5286,,0.7935,0.45,0.7489,0.75,0.6921,0.6763,0.695,0.3,19.0,0.6264,0.0047573999999999,0.1488015,0.06264,0.304,2026-10-03,0.57,0.0,1.0,0.485,0.012125
SFL,SFL Corporation Ltd,NASDAQ,Industrials,Marine Shipping,13.45,1540975.0,1451698430.0,,0.0,2026-10-03,0.8504,1.0,0.4251,0.9,0.8227,,0.746,0.3,0.715,0.65,0.6172,0.6632,0.605,0.3,19.0,0.5883,0.0074043,0.1326979999999999,0.05883,0.6080000000000001,2026-10-03,0.33,0.0,0.7119,0.3074,0.007685000000000001
IBB,iShares Biotechnology ETF,NASDAQ,,,205.29,1539120.0,11805088768.0,62.0,0.0,2026-10-03,0.772,0.75,0.4802,0.75,0.7021,,0.5,0.5,0.5,0.5,0.5,0.7,0.5,0.3,20.0,0.57,0.0063189,0.1075,0.0569999999999999,0.456,2026-10-03,0.0,0.0,0.5333,0.1067,0.0026675
NAVI,Navient Corporation,NASDAQ,Financial Services,Credit Services,9.19,1532720.0,772128093.2778511,61.0,0.0,2026-10-03,0.2981,0.75,0.4842,0.0823,0.4041,,0.6096,0.45,0.6391,0.9,0.6061,0.4868,0.4071,0.8,19.0,0.5059,0.0036369,0.1303115,0.05059,0.456,2026-10-03,0.0,0.0,0.5276,0.1055,0.0026375
DLO,DLocal Limited,NASDAQ,Technology,Software - Infrastructure,13.74,1531205.0,3627663115.0538063,61.0,0.0,2026-10-03,0.614,0.25,0.6102,0.45,0.4717,,0.8542,0.45,0.75,0.65,0.7067,0.7026,0.716,0.6,19.0,0.6919,0.0042453,0.1519405,0.06919,0.152,2026-10-03,0.0,0.0,1.0,0.2,0.005000000000000001
EC,Ecopetrol S.A. American Depositary Shares,NASDAQ,Energy,Oil & Gas Integrated,16.6,1523025.0,28370519735.0,,0.0,2026-10-03,0.9109,0.75,0.5331,0.75,0.758,,0.6458,0.55,0.675,0.75,0.6396,0.5,0.4155,0.3,19.0,0.4404,0.006822,0.137514,0.04404,0.456,2026-10-03,0.345,0.0,0.1633,0.2052,0.00513
UTZ,Utz Brands Inc Class A Common Stock,NASDAQ,Consumer Defensive,Packaged Foods,14.27,1513135.0,686239363.0,,0.0,2026-10-03,0.9287,1.0,0.4454,1.0,0.8755,,0.5504,0.45,0.5816,0.8,0.5581,0.725,0.53,0.6,20.0,0.638,0.0078795,0.1199915,0.0638,0.6080000000000001,2026-10-03,0.54,0.0,0.6062,0.3912,0.00978
VEEV,Veeva Systems Inc. Class A Common Stock,NASDAQ,Healthcare,Health Information Services,273.33,1509505.0,26486849259.0,,0.0,2026-10-03,0.7922,1.0,0.6445,0.6,0.7642,,0.9225,0.7,0.75,0.65,0.7965,0.7,0.6547,0.3,20.0,0.6241,0.0068778,0.1712475,0.06241,0.6080000000000001,2026-10-03,0.36,0.0,0.9292,0.3658,0.009145
ARHS,"Arhaus, Inc.",NASDAQ,Consumer Cyclical,Specialty Retail,10.24,1508290.0,935640997.7501678,61.0,0.0,2026-10-03,0.38,0.75,0.6353,0.6,0.5634,32.0,0.7279,0.45,0.7313,0.8,0.6665,0.7026,0.6227,0.6,19.0,0.6592,0.0050706,0.1432975,0.06592,0.456,2026-10-03,0.57,0.0,0.7984,0.4447,0.0111175
CVBF,CVB Financial Corporation,NASDAQ,Financial Services,Banks - Regional,22.28,1502530.0,2597859644.161852,61.0,0.0,2026-10-03,0.5819,0.5987,0.5766,0.9,0.6419,17.0,0.6042,0.5,0.6246,0.65,0.5878,0.6833,0.7083,0.3,15.0,0.6346,0.0057771,0.126377,0.06346,0.3640096,2026-10-03,0.85,0.6,1.0,0.805,0.020125000000000004
Q,Qnity Electronics Inc. Common Stock,NASDAQ,Technology,Semiconductor Equipment & Materials,131.48,1489535.0,30291517987.0,,0.0,2026-10-03,0.247,0.5,0.3351,0.1132,0.3199,31.0,0.6042,0.6,0.7336,0.65,0.6401,0.675,0.7575,0.3,20.0,0.6476,0.0028791,0.1376215,0.06476,0.304,2026-10-03,0.36,0.55,1.0,0.545,0.013625000000000002
HCA,HCA Healthcare Inc. Common Stock,NASDAQ,Healthcare,Medical Care Facilities,426.69,1486935.0,96684633125.0,,0.0,2026-10-03,0.1817,0.75,0.6277,0.45,0.4604,23.0,0.7234,0.5,0.7,0.65,0.6543,0.7375,0.619,0.3,20.0,0.6304,0.0041436,0.1406745,0.06304,0.456,2026-10-03,0.555,0.0,0.887,0.4549,0.0113725
JBL,Jabil Inc. Common Stock,NASDAQ,Technology,Electronic Components,304.41,1485680.0,36044970162.0,,0.0,2026-10-03,0.6758,0.25,0.0,0.0648,0.3511,73.0,0.8542,0.3,0.693,0.75,0.6649,0.6895,0.721,0.3,19.0,0.6421,0.0031599,0.1429535,0.06421,0.152,2026-10-03,0.15,0.0,1.0,0.275,0.006875000000000001
RAL,Ralliant Corporation Common Stock,NASDAQ,Technology,Electronic Components,73.2,1483025.0,4995418390.0,,0.0,2026-10-03,0.8029,0.8094,0.3389,0.9,0.7553,22.0,0.7467,0.55,0.6389,0.65,0.6609,0.7056,0.5955,0.3,18.0,0.6062,0.0067977,0.1420935,0.06062,0.4921152,2026-10-03,0.57,0.0,0.8821,0.4614,0.011535
ABEO,Abeona Therapeutics Inc.,NASDAQ,Healthcare,Biotechnology,5.03,1481760.0,307494226.0,63.0,0.0,2026-10-03,0.5131,0.25,0.5838,0.0,0.3452,38.0,0.75,0.3,0.25,0.35,0.4725,0.7382,0.71,0.8,17.0,0.7376,0.0031068,0.1015875,0.07376,0.152,2026-10-03,0.255,0.0,1.0,0.3275,0.0081875
FBP,First BanCorp. New Common Stock,NASDAQ,Financial Services,Banks - Regional,27.04,1474775.0,3621384784.0,,0.0,2026-10-03,0.753,0.5,0.5307,0.75,0.637,18.0,0.7768,0.5,0.6445,0.3,0.6269,0.6794,0.65,0.3,17.0,0.6122,0.005733,0.1347835,0.06122,0.304,2026-10-03,0.555,0.0,1.0,0.4775,0.0119375
GRAL,"GRAIL, Inc.",NASDAQ,Healthcare,Diagnostics & Research,143.26,1460515.0,1971843645.331612,61.0,0.0,2026-10-03,0.8124,1.0,0.5931,0.75,0.817,38.0,0.6667,0.3,0.4,0.2,0.4617,0.7,0.5969,0.6,20.0,0.6489,0.007353,0.0992654999999999,0.06489,0.6080000000000001,2026-10-03,0.36,0.0,0.4667,0.2733,0.0068325
SLDE,"Slide Insurance Holdings, Inc.",NASDAQ,Financial Services,Insurance - Property & Casualty,23.61,1456670.0,2189264815.538544,61.0,0.0,2026-10-03,0.8931,0.75,0.5188,0.6,0.7199,23.0,0.7292,0.45,0.75,0.8,0.6717,0.6895,0.74,0.6,19.0,0.6937,0.0064791,0.1444155,0.06937,0.456,2026-10-03,0.57,0.0,0.9583,0.4767,0.011917500000000001
SF,Stifel Financial Corporation Common Stock,NASDAQ,Financial Services,Capital Markets,70.28,1454450.0,11948079922.0,,0.0,2026-10-03,0.5392,0.3225,0.334,0.45,0.4295,17.0,0.7252,0.15,0.7225,0.75,0.5832,0.6625,0.59,0.3,20.0,0.5827,0.0038654999999999,0.125388,0.05827,0.19608,2026-10-03,0.57,0.0,1.0,0.485,0.012125
MPLX,MPLX LP Common Units Representing Limited Partner Interests,NASDAQ,Energy,Oil & Gas Midstream,56.38,1448790.0,56181408164.0,,0.0,2026-10-03,0.6247,0.5,0.4447,0.75,0.5817,30.0,0.5751,0.3,0.75,0.45,0.5375,0.6632,0.5667,0.3,19.0,0.5749,0.0052353,0.1155625,0.05749,0.304,2026-10-03,0.57,0.0,0.9844,0.4819,0.012047500000000001
FERG,Ferguson Enterprises Inc. Common Stock,NASDAQ,Industrials,Industrial Distribution,223.33,1436870.0,52923921571.0,,0.0,2026-10-03,0.266,0.25,0.6645,0.45,0.3636,36.0,0.5927,0.4,0.65,0.65,0.5646,0.7088,0.6479,0.3,17.0,0.6262,0.0032724,0.121389,0.06262,0.152,2026-10-03,0.36,0.0,1.0,0.38,0.009500000000000001
ACHC,"Acadia Healthcare Company, Inc.",NASDAQ,Healthcare,Medical Care Facilities,28.06,1435905.0,2131014245.8616028,61.0,0.0,2026-10-03,0.4038,0.25,0.3186,0.45,0.3719,31.0,0.4142,0.25,0.6357,0.65,0.4521,0.6763,0.6157,0.8,19.0,0.6737,0.0033471,0.0972015,0.06737,0.152,2026-10-03,0.36,0.0,1.0,0.38,0.009500000000000001
BXP,BXP Inc. Common Stock,NASDAQ,Real Estate,REIT - Office,60.45,1417995.0,9160363213.0,,0.0,2026-10-03,0.4786,0.25,0.5557,0.45,0.4179,23.0,0.5023,0.3,0.6934,0.45,0.4943,0.6639,0.635,0.6,18.0,0.6442,0.0037611,0.1062745,0.06442,0.152,2026-10-03,0.57,0.0,1.0,0.485,0.012125
AUB,Atlantic Union Bankshares Corporation Common Stock,NASDAQ,Financial Services,Banks - Regional,38.82,1415900.0,5350295403.0,,0.0,2026-10-03,0.5523,0.25,0.5851,0.6,0.4807,16.0,0.8542,0.5,0.6367,0.65,0.6908,0.6813,0.65,0.3,16.0,0.6131,0.0043263,0.148522,0.06131,0.152,2026-10-03,0.57,0.0,1.0,0.485,0.012125
KNTK,Kinetik Holdings Inc. Class A Common Stock,NASDAQ,Energy,Oil & Gas Midstream,52.53,1406705.0,3266039710.0,,0.0,2026-10-03,0.7767,0.75,0.6128,0.75,0.7206,31.0,0.6458,0.0426,0.7196,0.3,0.4789,0.7088,0.6871,0.3,17.0,0.6399,0.0064854,0.1029635,0.06399,0.456,2026-10-03,0.54,0.0,0.9449,0.459,0.011475
ELF,e.l.f. Beauty Inc. Common Stock,NASDAQ,Consumer Defensive,Household & Personal Products,104.68,1399900.0,3913982328.0,,0.0,2026-10-03,0.7518,1.0,0.3273,0.0627,0.6026,31.0,0.8542,0.6,0.7302,0.65,0.7392,0.7026,0.6528,0.3,19.0,0.6248,0.0054234,0.1589279999999999,0.06248,0.6080000000000001,2026-10-03,0.555,0.0,0.7017,0.4178,0.010445000000000001
PPLI,People Incorporated,NASDAQ,Communication Services,Internet Content & Information,41.28,1395670.0,3459018564.0,62.0,0.0,2026-10-03,0.3064,0.25,0.6826,0.6,0.4148,29.0,0.5948,0.6,0.5914,0.15,0.5508,0.6917,0.6638,0.6,18.0,0.6682,0.0037332,0.1184219999999999,0.06682,0.152,2026-10-03,0.57,0.0,1.0,0.485,0.012125
CNI,Canadian National Railway Company Common Stock,NASDAQ,Industrials,Railroads,119.77,1392260.0,70066439067.0,,0.0,2026-10-03,0.6544,0.25,0.6082,0.75,0.5518,26.0,0.7385,0.3,0.75,0.45,0.6029,0.6875,0.6197,0.3,20.0,0.6056,0.0049662,0.1296235,0.06056,0.152,2026-10-03,0.45,0.9,1.0,0.695,0.017374999999999998
HLF,Herbalife Ltd. Common Shares,NASDAQ,Consumer Defensive,Packaged Foods,12.56,1386770.0,1714535636.0,,0.0,2026-10-03,0.4846,0.25,0.6646,0.0,0.3528,29.0,0.7212,0.65,0.7,0.75,0.701,0.4875,0.605,0.6,20.0,0.5455,0.0031752,0.150715,0.05455,0.152,2026-10-03,0.555,0.0,1.0,0.4775,0.0119375
RAMP,LiveRamp Holdings Inc. Common Stock,NASDAQ,Technology,Software - Infrastructure,37.65,1378745.0,1861728687.0,,0.0,2026-10-03,0.7755,0.3562,0.6793,1.0,0.681,31.0,0.7904,0.6,0.75,0.75,0.7287,0.7125,0.57,0.6,12.0,0.6457,0.006129,0.1566705,0.06457,0.2165696,2026-10-03,0.57,0.0,0.5835,0.4017,0.010042500000000001
SLDB,Solid Biosciences Inc.,NASDAQ,Healthcare,Biotechnology,6.85,1378220.0,702513968.8233423,61.0,0.0,2026-10-03,0.8812,0.25,0.3309,0.0,0.4409,29.0,0.5,0.3,0.4,0.5,0.425,0.6656,0.7477,0.6,16.0,0.6845,0.0039681,0.091375,0.06845,0.152,2026-10-03,0.555,0.0,1.0,0.4775,0.0119375
MWH,"SOLV Energy, Inc.",NASDAQ,Utilities,Utilities - Renewable,25.25,1378105.0,8725312918.0,60.0,0.0,2026-10-03,0.3153,0.5,0.4651,0.0,0.3311,39.0,0.7292,0.3,0.6407,0.8,0.6068,0.6895,0.6991,0.6,19.0,0.6794,0.0029799,0.130462,0.06794,0.304,2026-10-03,0.36,0.0,1.0,0.38,0.009500000000000001
NZF,Nuveen Municipal Credit Income Fund ,NYSE,Financial Services,Asset Management,10.96,1369435.0,2388679171.0,64.0,0.0,2026-10-03,0.3005,0.0,1.0,0.6,0.378,,0.4888,0.3,0.7134,0.35,0.4838,0.5,0.36,0.3,2.0,0.421,0.003402,0.104017,0.0421,0.0,2026-10-03,0.0,0.0,0.5333,0.1067,0.0026675
EGY,VAALCO Energy Inc.  Common Stock,NASDAQ,Energy,Oil & Gas E&P,5.73,1368795.0,635975333.0,,0.0,2026-10-03,0.7732,0.75,0.6055,0.6,0.6882,36.0,0.7917,0.0,0.59,0.3,0.4942,0.5,0.71,0.3,15.0,0.5435,0.0061938,0.1062529999999999,0.05435,0.456,2026-10-03,0.36,0.0,1.0,0.38,0.009500000000000001
REG,Regency Centers Corporation,NASDAQ,Real Estate,REIT - Retail,71.6,1364200.0,13966778967.215729,61.0,0.0,2026-10-03,0.3527,0.25,0.5802,0.6,0.41,32.0,0.6737,0.3,0.7232,0.45,0.5703,0.6778,0.6685,0.3,18.0,0.6179,0.0036899999999999,0.1226145,0.06179,0.152,2026-10-03,0.345,0.0,1.0,0.3725,0.0093125
BBVA,Banco Bilbao Vizcaya Argentaria S.A. Common Stock,NASDAQ,Financial Services,Banks - Diversified,26.98,1363460.0,122060947317.0,,0.0,2026-10-03,0.8753,0.75,0.4232,0.75,0.7277,25.0,0.8242,0.5,0.6385,0.45,0.6593,0.6895,0.3,0.3,19.0,0.4947,0.0065493,0.1417495,0.04947,0.456,2026-10-03,0.452,0.0,0.7269,0.3714,0.009285
ASML,ASML Holding N.V.,NASDAQ,Technology,Semiconductor Equipment & Materials,1867.31,1363135.0,519035871859.0064,61.0,0.0,2026-10-03,0.7981,0.75,0.5035,0.75,0.7245,10.0,0.8542,0.4176,0.75,0.65,0.6986,0.5,0.6997,0.3,15.0,0.5399,0.0065205,0.150199,0.05399,0.456,2026-10-03,0.835,0.0,1.0,0.6175,0.015437500000000002
DOV,Dover Corporation Common Stock,NASDAQ,Industrials,Specialty Industrial Machinery,189.69,1358000.0,30269192474.0,,0.0,2026-10-03,0.3337,0.25,0.4855,0.45,0.366,18.0,0.7354,0.55,0.75,0.65,0.6842,0.675,0.6416,0.3,20.0,0.6071,0.003294,0.147103,0.06071,0.152,2026-10-03,0.57,0.0,1.0,0.485,0.012125
CDNA,"CareDx, Inc.",NASDAQ,Healthcare,Diagnostics & Research,67.15,1357140.0,880012501.7919922,61.0,0.0,2026-10-03,0.9941,1.0,0.5729,0.9,0.9005,30.0,0.6875,0.6,0.6244,0.5,0.6311,0.6895,0.69,0.6,19.0,0.6762,0.0081044999999999,0.1356865,0.06762,0.6080000000000001,2026-10-03,0.57,0.0,0.4667,0.3783,0.0094575
PRM,Perimeter Solutions SA Common Stock,NASDAQ,Basic Materials,Specialty Chemicals,27.45,1355420.0,5032469955.0,,0.0,2026-10-03,0.7601,0.25,0.3979,0.0787,0.4264,25.0,0.6667,0.5333,0.4,0.5,0.55,0.5,0.7775,0.3,18.0,0.5671,0.0038376,0.11825,0.05671,0.152,2026-10-03,0.57,0.0,1.0,0.485,0.012125
HESM,Hess Midstream LP Class A Representing Limited Partner Interests,NASDAQ,Energy,Oil & Gas Midstream,37.75,1353330.0,4831917150.0,,0.0,2026-10-03,0.5689,0.4963,0.4236,0.75,0.559,29.0,0.5065,0.3,0.75,0.65,0.5301,0.7281,0.3686,0.3,16.0,0.5381,0.005031,0.1139715,0.05381,0.3017504,2026-10-03,0.4933,0.0,0.3186,0.3104,0.00776
MDA,MDA Space Ltd. Common Shares,NASDAQ,Industrials,Aerospace & Defense,29.89,1311290.0,4442244935.0,,0.0,2026-10-03,0.3153,0.5,0.451,0.0,0.33,40.0,0.6992,0.0,0.6972,0.65,0.519,0.7594,0.74,0.3,16.0,0.6837,0.00297,0.111585,0.06837,0.304,2026-10-03,0.36,0.9,1.0,0.65,0.01625
CGEM,"Cullinan Therapeutics, Inc.",NASDAQ,Healthcare,Biotechnology,15.51,1306485.0,794708067.5666656,61.0,0.0,2026-10-03,0.9917,0.5,0.6009,0.0032,0.5774,41.0,0.5,0.6,0.4,0.5,0.5,0.5,0.7175,0.6,20.0,0.5911,0.0051966,0.1075,0.0591099999999999,0.304,2026-10-03,0.225,0.0,1.0,0.3125,0.0078125
FIBK,"First Interstate BancSystem, Inc.",NASDAQ,Financial Services,Banks - Regional,36.0,1286200.0,3363194554.7962875,61.0,0.0,2026-10-03,0.5701,0.25,0.4776,0.6,0.4745,24.0,0.6504,0.5,0.6352,0.65,0.609,0.6647,0.4322,0.6,17.0,0.5736,0.0042704999999999,0.130935,0.05736,0.152,2026-10-03,0.54,0.0,0.4484,0.3597,0.0089925
AYA,Aya Gold & Silver Inc.,NASDAQ,Basic Materials,Silver,27.12,1284460.0,2839758451.0,62.0,0.0,2026-10-03,0.981,0.75,0.4967,0.6,0.7481,38.0,0.8542,0.6,0.75,0.35,0.7142,0.7026,0.5,0.3,19.0,0.5713,0.0067329,0.153553,0.05713,0.456,2026-10-03,0.21,0.0,0.5333,0.2117,0.0052925
RMD,ResMed Inc. Common Stock,NASDAQ,Healthcare,Medical Instruments & Supplies,218.89,1226725.0,32027397349.0,,0.0,2026-10-03,0.234,0.25,0.6378,0.45,0.3473,25.0,0.7562,0.6,0.75,0.65,0.705,0.75,0.605,0.6,20.0,0.6767,0.0031257,0.151575,0.06767,0.152,2026-10-03,0.57,0.0,1.0,0.485,0.012125
TEX,Terex Corporation Common Stock,NASDAQ,Industrials,Farm & Heavy Construction Machinery,56.71,1218400.0,7116483017.0,,0.0,2026-10-03,0.4905,0.25,0.7963,0.45,0.4542,25.0,0.6548,0.55,0.6844,0.65,0.6355,0.6625,0.6329,0.3,20.0,0.5978,0.0040878,0.1366325,0.05978,0.152,2026-10-03,0.57,0.0,1.0,0.485,0.012125
NE,Noble Corporation plc A Ordinary Shares,NASDAQ,Energy,Oil & Gas Drilling,40.7,1216510.0,7900314016.0,,0.0,2026-10-03,0.7993,0.75,0.5542,0.45,0.6583,23.0,0.419,0.55,0.6976,0.65,0.5445,0.5,0.6036,0.3,19.0,0.5063,0.0059247,0.1170674999999999,0.05063,0.456,2026-10-03,0.435,0.0,0.9567,0.4088,0.01022
AVTX,"Avalo Therapeutics, Inc. - Common Stock",NASDAQ,Healthcare,Biotechnology,14.99,1196145.0,404722912.73586273,,0.0,2026-10-03,0.7185,0.25,0.4299,0.0,0.3982,39.0,0.5,0.7,0.325,0.2,0.4763,0.4861,0.7234,0.6,18.0,0.5863,0.0035838,0.1024045,0.05863,0.152,2026-10-03,0.21,0.0,1.0,0.305,0.007625
CVI,CVR Energy Inc. Common Stock,NASDAQ,Energy,Oil & Gas Refining & Marketing,54.83,1195925.0,3168724526.0,,0.0,2026-10-03,0.804,1.0,0.465,0.9,0.8162,24.0,0.7292,0.45,0.6694,0.75,0.6465,0.5,0.345,0.6,16.0,0.4607,0.0073457999999999,0.1389975,0.04607,0.6080000000000001,2026-10-03,0.435,0.0,0.0667,0.2308,0.005770000000000001
TOL,Toll Brothers Inc. Common Stock,NASDAQ,Consumer Cyclical,Residential Construction,136.61,1187970.0,13887834422.0,,0.0,2026-10-03,0.3219,0.25,0.6428,0.45,0.3795,,0.4185,0.6,0.75,0.75,0.5799,0.5,0.6441,0.3,20.0,0.5204,0.0034155,0.1246785,0.05204,0.152,2026-10-03,0.0,0.0,1.0,0.2,0.005000000000000001
GAB,Gabelli Equity Trust Inc. (The) Common Stock,NASDAQ,Financial Services,Asset Management,5.24,1179620.0,1745813539.0,,0.0,2026-10-03,0.3836,0.25,0.3404,0.75,0.4221,,0.75,0.4736,0.7051,0.2,0.6147,0.5,0.5,0.3,14.0,0.47,0.0037988999999999,0.1321605,0.047,0.152,2026-10-03,0.0,0.0,0.5333,0.1067,0.0026675
PBA,Pembina Pipeline Corp. Ordinary Shares (Canada),NASDAQ,Energy,Oil & Gas Midstream,45.89,1175550.0,25212926087.0,,0.0,2026-10-03,0.5772,0.25,0.4993,0.6,0.4802,32.0,0.9375,0.3,0.7451,0.55,0.6913,0.6917,0.6662,0.3,18.0,0.624,0.0043218,0.1486295,0.0624,0.152,2026-10-03,0.225,0.0,1.0,0.3125,0.0078125
VOYA,Voya Financial Inc. Common Stock,NASDAQ,Financial Services,Financial Conglomerates,96.65,1174345.0,7453511809.0,,0.0,2026-10-03,0.8515,0.5,0.3879,0.75,0.6545,29.0,0.2856,0.6,0.6803,0.8,0.5143,0.6875,0.645,0.3,20.0,0.6145,0.0058905,0.1105744999999999,0.06145,0.304,2026-10-03,0.555,0.0,0.9961,0.4767,0.011917500000000001
OC,Owens Corning Inc Common Stock New,NASDAQ,Industrials,Building Products & Equipment,118.36,1171265.0,10096929404.0,,0.0,2026-10-03,0.4572,0.25,0.4063,0.1105,0.3258,31.0,0.4185,0.45,0.6527,0.55,0.4981,0.5,0.661,0.3,20.0,0.5263,0.0029322,0.1070914999999999,0.05263,0.152,2026-10-03,0.36,0.0,1.0,0.38,0.009500000000000001
INN,Summit Hotel Properties Inc. Common Stock,NASDAQ,Real Estate,REIT - Hotel & Motel,6.02,1166315.0,521145701.0,,0.0,2026-10-03,0.5629,0.5,1.0,0.6,0.6051,30.0,0.5617,0.45,0.6604,0.8,0.5823,0.6875,0.535,0.3,20.0,0.576,0.0054459,0.1251945,0.0576,0.304,2026-10-03,0.435,0.0,0.8907,0.3956,0.009890000000000001
STNG,Scorpio Tankers Inc. Common Shares,NASDAQ,Energy,Oil & Gas Midstream,86.23,1166085.0,3951257309.0,,0.0,2026-10-03,0.6888,1.0,0.7909,0.9,0.8087,25.0,0.8125,0.6,0.75,0.45,0.7075,0.6875,0.647,0.3,20.0,0.6152,0.0072783,0.1521125,0.06152,0.6080000000000001,2026-10-03,0.57,0.0,1.0,0.485,0.012125
UBSI,"United Bankshares, Inc. - Common Stock",NASDAQ,Financial Services,Banks - Regional,47.04,1165920.0,6123156626.0,,0.0,2026-10-03,0.652,0.7093,0.5766,0.9,0.6937,18.0,0.6062,0.5,0.6379,0.55,0.5819,0.6941,0.6,0.3,17.0,0.6021,0.0062433,0.1251084999999999,0.06021,0.4312544,2026-10-03,0.57,0.0,0.8554,0.4561,0.011402500000000001
TT,Trane Technologies plc,NASDAQ,Industrials,Building Products & Equipment,463.91,1165690.0,107558203663.0,,0.0,2026-10-03,0.3456,0.5,0.5938,0.75,0.5102,25.0,0.6315,0.45,0.75,0.55,0.6076,0.725,0.6412,0.3,20.0,0.6319,0.0045918,0.130634,0.06319,0.304,2026-10-03,0.57,0.0,1.0,0.485,0.012125
CROX,"Crocs, Inc.",NASDAQ,Consumer Cyclical,Footwear & Accessories,118.09,1164865.0,4123660730.7834015,61.0,0.0,2026-10-03,0.7043,0.25,0.5467,0.45,0.5048,25.0,0.5371,0.45,0.75,0.65,0.5798,0.4821,0.596,0.6,14.0,0.5397,0.0045432,0.1246569999999999,0.05397,0.152,2026-10-03,0.57,0.85,1.0,0.74,0.0185
ATEN,A10 Networks Inc. Common Stock,NASDAQ,Technology,Software - Infrastructure,27.63,1164055.0,1976712409.0,,0.0,2026-10-03,0.4489,0.5,0.5476,0.0791,0.4101,30.0,0.6117,0.45,0.75,0.15,0.5597,0.6833,0.655,0.6,15.0,0.6609,0.0036909,0.1203355,0.06609,0.304,2026-10-03,0.57,0.0,1.0,0.485,0.012125
PECO,"Phillips Edison & Company, Inc.",NASDAQ,Real Estate,REIT - Retail,37.76,1163360.0,5135387207.045502,61.0,0.0,2026-10-03,0.4751,0.5,0.7627,0.6,0.5393,22.0,0.646,0.55,0.7056,0.5,0.6223,0.675,0.605,0.3,20.0,0.5943,0.0048537,0.1337944999999999,0.05943,0.304,2026-10-03,0.57,0.0,1.0,0.485,0.012125
AGEN,Agenus Inc.,NASDAQ,Healthcare,Biotechnology,8.36,1163310.0,312318232.0,62.0,0.0,2026-10-03,0.9869,1.0,0.3262,0.45,0.7649,32.0,0.6042,0.2,0.7,0.65,0.5317,0.4868,0.71,0.6,19.0,0.5819,0.0068841,0.1143154999999999,0.05819,0.6080000000000001,2026-10-03,0.45,0.0,1.0,0.425,0.010625
BVN,Buenaventura Mining Company Inc.,NASDAQ,Basic Materials,Other Precious Metals & Mining,31.39,1159600.0,8320609336.0,,0.0,2026-10-03,0.696,0.25,0.4668,0.0847,0.4155,25.0,0.8125,0.6,0.75,0.65,0.7275,0.7,0.565,0.3,20.0,0.5927,0.0037394999999999,0.1564125,0.05927,0.152,2026-10-03,0.42,0.0,1.0,0.41,0.01025
HSIC,"Henry Schein, Inc.",NASDAQ,Healthcare,Medical Distribution,84.88,1157675.0,8536226007.05732,61.0,0.0,2026-10-03,0.715,0.4045,0.5699,0.75,0.6048,30.0,0.7529,0.45,0.7207,0.55,0.6489,0.7125,0.6106,0.3,20.0,0.615,0.0054432,0.1395135,0.0615,0.245936,2026-10-03,0.57,0.0,1.0,0.485,0.012125
WIX,Wix.com Ltd. - Ordinary Shares,NASDAQ,Technology,Software - Infrastructure,72.62,1151250.0,3798000624.0,,0.0,2026-10-03,0.2257,0.75,0.2655,0.0,0.3369,45.0,0.7181,0.5,0.4688,0.9,0.6194,0.6625,0.5945,0.6,20.0,0.6293,0.0030321,0.1331709999999999,0.06293,0.456,2026-10-03,0.36,0.0,0.969,0.3738,0.009345000000000001
USA,Liberty All-Star Equity Fund Common Stock,NASDAQ,Financial Services,Asset Management,5.82,1150670.0,1748999424.0,,0.0,2026-10-03,0.4561,0.4922,0.57,0.9,0.5659,,0.3387,0.35,0.6713,0.5,0.4408,0.7125,0.5,0.3,8.0,0.5763,0.0050931,0.094772,0.05763,0.2992576,2026-10-03,0.0,0.0,0.5333,0.1067,0.0026675
WSM,Williams-Sonoma Inc. Common Stock (DE),NASDAQ,Consumer Cyclical,Specialty Retail,232.3,1150100.0,22678508500.0,,0.0,2026-10-03,0.5748,0.7133,0.4744,0.75,0.628,45.0,0.771,0.45,0.75,0.45,0.6534,0.6875,0.5926,0.3,20.0,0.5962,0.005652,0.140481,0.05962,0.4336864,2026-10-03,0.36,0.0,0.9309,0.3662,0.009155000000000002
NWBI,"Northwest Bancshares, Inc.",NASDAQ,Financial Services,Banks - Regional,15.19,1149760.0,1829666243.8173409,61.0,0.0,2026-10-03,0.69,0.4881,0.5638,0.9,0.6484,22.0,0.8542,0.5,0.6275,0.45,0.6685,0.7056,0.5262,0.3,18.0,0.582,0.0058356,0.1437274999999999,0.0582,0.2967648,2026-10-03,0.555,0.0,0.7776,0.433,0.010825000000000001
PAY,Paymentus Holdings Inc. Class A Common Stock,NASDAQ,Technology,Software - Infrastructure,30.83,1146160.0,3427759433.0,,0.0,2026-10-03,0.7815,0.5,0.413,0.0206,0.4861,29.0,0.9375,0.7,0.75,0.65,0.8025,0.6875,0.595,0.3,20.0,0.597,0.0043749,0.1725374999999999,0.0597,0.304,2026-10-03,0.555,0.0,1.0,0.4775,0.0119375
SNX,TD SYNNEX Corporation Common Stock,NASDAQ,Technology,Electronics & Computer Distribution,278.37,1144995.0,18359435808.0,,0.0,2026-10-03,0.8587,1.0,0.6043,0.75,0.8156,,0.8542,0.15,0.6406,0.75,0.6143,0.725,0.7236,0.3,20.0,0.6608,0.0073404,0.1320744999999999,0.06608,0.6080000000000001,2026-10-03,0.0,0.0,1.0,0.2,0.005000000000000001
WAL,Western Alliance Bancorporation Common Stock (DE),NASDAQ,Financial Services,Banks - Regional,76.38,1144485.0,8632764289.0,,0.0,2026-10-03,0.367,0.0,0.4293,0.45,0.3062,17.0,0.7767,0.5,0.6359,0.65,0.6596,0.6647,0.6907,0.3,17.0,0.6191,0.0027558,0.141814,0.06191,0.0,2026-10-03,0.57,0.0,1.0,0.485,0.012125
BEP,Brookfield Renewable Partners L.P. Limited Partnership Units,NASDAQ,Utilities,Utilities - Renewable,28.35,1144020.0,10461728000.0,,0.0,2026-10-03,0.4204,0.0,0.5303,0.45,0.3333,31.0,0.4652,0.0,0.6562,0.3,0.3801,0.6763,0.5653,0.3,19.0,0.581,0.0029996999999999,0.0817215,0.0581,0.0,2026-10-03,0.21,0.0,1.0,0.305,0.007625
TRGP,Targa Resources Inc. Common Stock,NASDAQ,Energy,Oil & Gas Midstream,281.74,1143790.0,51736749026.0,,0.0,2026-10-03,0.8777,0.75,0.486,0.75,0.7409,32.0,0.7554,0.1609,0.75,0.65,0.5949,0.725,0.7376,0.3,20.0,0.6657,0.0066681,0.1279035,0.06657,0.456,2026-10-03,0.54,0.0,1.0,0.47,0.01175
OZK,Bank OZK,NASDAQ,Financial Services,Banks - Regional,46.71,1143540.0,5043453682.854462,61.0,0.0,2026-10-03,0.3967,0.25,0.5811,0.6,0.4234,16.0,0.4073,0.5,0.6416,0.45,0.4933,0.7382,0.516,0.6,17.0,0.6397,0.0038106,0.1060595,0.06397,0.152,2026-10-03,0.57,0.0,0.8667,0.4583,0.0114575
OPLN,OPENLANE Inc. Common Stock,NASDAQ,Consumer Cyclical,Auto & Truck Dealerships,35.53,1143050.0,3374439093.0,,0.0,2026-10-03,0.5202,0.5,0.5069,0.45,0.4981,31.0,0.761,0.3608,0.7458,0.65,0.6461,0.6763,0.7033,0.3,19.0,0.6293,0.0044829,0.1389115,0.06293,0.304,2026-10-03,0.54,0.0,1.0,0.47,0.01175
HYT,Blackrock Corporate High Yield Fund Inc. Common Stock,NASDAQ,Financial Services,Asset Management,7.84,1139920.0,1403843051.0,,0.0,2026-10-03,0.2815,0.0,0.5785,0.75,0.3508,,0.4669,0.3,0.7201,0.5,0.4918,0.5,0.5,0.3,3.0,0.47,0.0031571999999999,0.105737,0.047,0.0,2026-10-03,0.0,0.0,0.5333,0.1067,0.0026675
DGX,Quest Diagnostics Incorporated Common Stock,NASDAQ,Healthcare,Diagnostics & Research,233.33,1139815.0,21726388592.0,,0.0,2026-10-03,0.7268,0.5,0.4226,0.75,0.6188,18.0,0.7617,0.55,0.75,0.55,0.6847,0.6625,0.6041,0.3,20.0,0.5877,0.0055692,0.1472105,0.05877,0.304,2026-10-03,0.57,0.8,0.9003,0.7051,0.0176275
XPO,XPO Inc. Common Stock,NASDAQ,Industrials,Trucking,186.09,1136330.0,26261891710.0,,0.0,2026-10-03,0.5439,0.25,0.5273,0.45,0.4439,25.0,0.8117,0.45,0.7462,0.55,0.6787,0.6875,0.6476,0.3,20.0,0.6154,0.0039951,0.1459204999999999,0.06154,0.152,2026-10-03,0.57,0.0,1.0,0.485,0.012125
IRDM,Iridium Communications Inc,NASDAQ,Communication Services,Telecom Services,48.96,1135240.0,2927243944.449478,61.0,0.0,2026-10-03,0.9561,0.5,0.4999,0.6,0.6837,18.0,0.5029,0.6,0.75,0.55,0.5937,0.7158,0.6162,0.3,19.0,0.6186,0.0061533,0.1276455,0.06186,0.304,2026-10-03,0.57,0.0,0.5464,0.3943,0.0098575
NIQ,NIQ Global Intelligence plc Ordinary Shares,NASDAQ,,,16.64,1132510.0,3408581436.0,,0.0,2026-10-03,0.905,0.75,0.6076,0.45,0.7018,39.0,0.5417,0.5,0.5,0.5,0.5167,0.7289,0.7121,0.3,19.0,0.6587,0.0063162,0.1110905,0.06587,0.456,2026-10-03,0.24,0.0,1.0,0.32,0.008
SKM,SK Telecom Co. Ltd. Common Stock,NASDAQ,Communication Services,Telecom Services,36.79,1131935.0,14599196891.0,,0.0,2026-10-03,0.8682,1.0,0.3113,0.45,0.7176,25.0,0.7323,0.45,0.7018,0.9,0.6709,0.6857,0.52,0.3,14.0,0.5699,0.0064584,0.1442435,0.05699,0.6080000000000001,2026-10-03,0.555,0.0,1.0,0.4775,0.0119375
WK,Workiva Inc. Class A Common Stock,NASDAQ,Technology,Software - Application,71.23,1129200.0,3020761202.0,,0.0,2026-10-03,0.6532,0.75,0.9011,0.1004,0.5812,31.0,0.8037,0.65,0.6352,0.65,0.7078,0.6625,0.7264,0.3,20.0,0.6305,0.0052308,0.152177,0.06305,0.456,2026-10-03,0.57,0.0,1.0,0.485,0.012125
FIVE,"Five Below, Inc.",NASDAQ,Consumer Cyclical,Specialty Retail,221.19,1124045.0,12467867309.00351,61.0,0.0,2026-10-03,0.7874,0.5,0.6287,0.45,0.6001,59.0,0.7026,0.6,0.75,0.75,0.6935,0.7281,0.65,0.3,16.0,0.6366,0.0054009,0.1491025,0.06366,0.304,2026-10-03,0.36,0.0,1.0,0.38,0.009500000000000001
CMC,Commercial Metals Company Common Stock,NASDAQ,Industrials,Metal Fabrication,63.58,1122500.0,7671189258.0,,0.0,2026-10-03,0.5867,0.2013,0.4629,0.45,0.4343,11.0,0.9375,0.45,0.7446,0.15,0.6887,0.7235,0.6625,0.3,17.0,0.6386,0.0039087,0.1480705,0.06386,0.1223904,2026-10-03,0.85,0.8,1.0,0.865,0.021625000000000002
SPNT,SiriusPoint Ltd. Common Shares,NASDAQ,Financial Services,Insurance - Reinsurance,24.42,1121630.0,2779671615.0,,0.0,2026-10-03,0.6508,0.6951,0.5495,0.75,0.6573,25.0,0.4927,0.3,0.7218,0.8,0.5325,0.6969,0.67,0.3,16.0,0.6279,0.0059156999999999,0.1144874999999999,0.06279,0.4226208000000001,2026-10-03,0.45,0.0,1.0,0.425,0.010625
HP,Helmerich & Payne Inc. Common Stock,NASDAQ,Energy,Oil & Gas Drilling,38.56,1120585.0,3899913921.0,,0.0,2026-10-03,0.943,0.75,0.4249,0.45,0.6911,43.0,0.5379,0.55,0.6121,0.15,0.5207,0.6639,0.5825,0.6,18.0,0.6258,0.0062199,0.1119505,0.06258,0.456,2026-10-03,0.24,0.0,0.93,0.306,0.0076500000000000005
CNO,CNO Financial Group Inc. Common Stock,NASDAQ,Financial Services,Insurance - Life,53.86,1119050.0,4096840609.0,,0.0,2026-10-03,0.8076,0.75,0.4901,0.75,0.7146,29.0,0.7183,0.6,0.7109,0.65,0.6801,0.7,0.5,0.3,20.0,0.57,0.0064314,0.1462215,0.0569999999999999,0.456,2026-10-03,0.555,0.0,0.7926,0.436,0.0109
MHK,Mohawk Industries Inc. Common Stock,NASDAQ,Consumer Cyclical,"Furnishings, Fixtures & Appliances",126.41,1116960.0,6593435111.0,,0.0,2026-10-03,0.6342,0.75,0.5029,0.75,0.6566,25.0,0.7717,0.55,0.7145,0.75,0.6998,0.6639,0.556,0.6,18.0,0.6165,0.0059093999999999,0.1504569999999999,0.06165,0.456,2026-10-03,0.57,0.0,0.841,0.4532,0.01133
VIST,Vista Energy S.A.B. de C.V. American Depositary Shares each representing one series A share with no par value,NASDAQ,Energy,Oil & Gas E&P,64.25,1113815.0,7393901867.0,,0.0,2026-10-03,0.9181,0.75,0.5832,0.45,0.7022,24.0,0.9375,0.3,0.75,0.65,0.7025,0.6639,0.74,0.3,18.0,0.6359,0.0063198,0.1510375,0.06359,0.456,2026-10-03,0.54,0.0,1.0,0.47,0.01175
MGA,Magna International Inc. Common Stock,NASDAQ,Consumer Cyclical,Auto Parts,64.57,1109165.0,17398447552.0,,0.0,2026-10-03,0.7447,0.3401,0.5771,0.6,0.57,26.0,0.7498,0.45,0.6891,0.9,0.6747,0.7194,0.577,0.3,18.0,0.6067,0.0051299999999999,0.1450604999999999,0.06067,0.2067808,2026-10-03,0.555,0.0,0.99,0.4755,0.0118875
QNST,"QuinStreet, Inc.",NASDAQ,Communication Services,Advertising Agencies,14.97,1108970.0,687346928.2556086,61.0,0.0,2026-10-03,0.7945,0.3276,0.4866,0.0074,0.4519,32.0,0.9375,0.45,0.6907,0.65,0.7252,0.6875,0.7483,0.6,20.0,0.6957,0.0040671,0.155918,0.06957,0.1991808,2026-10-03,0.36,0.0,1.0,0.38,0.009500000000000001
RGEN,Repligen Corporation,NASDAQ,Healthcare,Medical Instruments & Supplies,181.7,1107325.0,6230784111.481781,61.0,0.0,2026-10-03,0.7648,1.0,0.3816,0.75,0.7575,30.0,0.5535,0.5606,0.6739,0.55,0.585,0.5,0.675,0.6,19.0,0.5762,0.0068175,0.125775,0.05762,0.6080000000000001,2026-10-03,0.57,0.0,0.8253,0.4501,0.0112525
HRMY,"Harmony Biosciences Holdings, Inc.",NASDAQ,Healthcare,Biotechnology,39.64,1106770.0,1551285249.8284454,61.0,0.0,2026-10-03,0.8765,0.75,0.4989,0.75,0.7405,30.0,0.8542,0.6,0.75,0.65,0.7442,0.6939,0.6285,0.6,19.0,0.6569,0.0066645,0.1600029999999999,0.06569,0.456,2026-10-03,0.57,0.0,1.0,0.485,0.012125
HASI,HA Sustainable Infrastructure Capital Inc. Common Stock,NASDAQ,Financial Services,Asset Management,36.27,1104500.0,5335694505.0,,0.0,2026-10-03,0.6366,0.25,0.4844,0.45,0.4697,32.0,0.8542,0.45,0.6775,0.65,0.6886,0.7158,0.6844,0.6,19.0,0.6874,0.0042273,0.148049,0.06874,0.152,2026-10-03,0.36,0.0,1.0,0.38,0.009500000000000001
DUOL,"Duolingo, Inc.",NASDAQ,Technology,Software - Application,144.27,1103195.0,4444783963.00145,61.0,0.0,2026-10-03,0.4323,0.75,0.4225,0.0,0.4266,31.0,0.5519,0.6,0.75,0.5,0.6083,0.675,0.5421,0.6,20.0,0.6172,0.0038393999999999,0.1307845,0.06172,0.456,2026-10-03,0.36,0.0,0.4796,0.2759,0.0068975
DD,DuPont de Nemours Inc. Common Stock,NASDAQ,Basic Materials,Specialty Chemicals,129.98,1101875.0,18989610777.0,,0.0,2026-10-03,0.5012,0.25,0.6879,0.45,0.4491,32.0,0.7542,0.6,0.6796,0.55,0.6766,0.7529,0.6888,0.3,17.0,0.6626,0.0040419,0.145469,0.06626,0.152,2026-10-03,0.36,0.0,1.0,0.38,0.009500000000000001
TS,Tenaris S.A. American Depositary Shares,NASDAQ,Energy,Oil & Gas Equipment & Services,55.99,1096695.0,31950050540.0,,0.0,2026-10-03,0.7221,0.6671,0.5583,0.6,0.6457,31.0,0.5492,0.7,0.75,0.3,0.6122,0.6632,0.6125,0.3,19.0,0.591,0.0058113,0.131623,0.0591,0.4055968,2026-10-03,0.57,0.0,1.0,0.485,0.012125
MTB,M&T Bank Corporation Common Stock,NASDAQ,Financial Services,Banks - Regional,219.14,1087695.0,31916610294.0,,0.0,2026-10-03,0.6069,0.25,0.5078,0.6,0.4874,12.0,0.6846,0.5,0.6391,0.65,0.6236,0.6875,0.561,0.3,20.0,0.5851,0.0043866,0.134074,0.05851,0.152,2026-10-03,0.835,0.0,0.9367,0.6048,0.015120000000000001
MTN,Vail Resorts Inc. Common Stock,NASDAQ,Consumer Cyclical,Resorts & Casinos,141.16,1087215.0,4241045610.0,,0.0,2026-10-03,0.2827,0.5,0.8718,0.6,0.4914,66.0,0.6198,0.3,0.5979,0.3,0.5024,0.4844,0.51,0.8,16.0,0.5407,0.0044226,0.1080159999999999,0.05407,0.304,2026-10-03,0.135,0.0,0.702,0.2079,0.005197500000000001
FCF,First Commonwealth Financial Corporation Common Stock,NASDAQ,Financial Services,Banks - Regional,20.56,1087015.0,1903078524.0,,0.0,2026-10-03,0.6675,0.5,0.3455,0.75,0.5861,23.0,0.7892,0.5,0.6388,0.65,0.6654,0.7438,0.641,0.3,16.0,0.6412,0.0052749,0.143061,0.06412,0.304,2026-10-03,0.555,0.0,1.0,0.4775,0.0119375
SPT,"Sprout Social, Inc",NASDAQ,Technology,Software - Application,10.09,1086875.0,332942069.3181801,61.0,0.0,2026-10-03,0.8527,0.75,0.33,0.45,0.6514,31.0,0.6925,0.45,0.4649,0.9,0.5957,0.5,0.581,0.3,20.0,0.4983,0.0058626,0.1280755,0.04983,0.456,2026-10-03,0.57,0.0,0.7811,0.4412,0.01103
OCFC,OceanFirst Financial Corp.,NASDAQ,Financial Services,Banks - Regional,16.78,1082855.0,1005109313.2982788,61.0,0.0,2026-10-03,0.4798,0.25,0.5603,0.45,0.417,24.0,0.7292,0.5,0.5894,0.65,0.629,0.6632,0.6029,0.3,19.0,0.5876,0.0037529999999999,0.135235,0.05876,0.152,2026-10-03,0.465,0.0,1.0,0.4325,0.010812500000000001
L,Loews Corporation Common Stock,NASDAQ,Financial Services,Insurance - Property & Casualty,106.03,1082635.0,22753792421.0,,0.0,2026-10-03,0.3634,0.25,0.6318,0.6,0.4213,29.0,0.601,0.3,0.7157,0.65,0.5593,0.7167,0.5,0.3,15.0,0.5783,0.0037917,0.1202495,0.05783,0.152,2026-10-03,0.45,0.0,0.2667,0.2783,0.0069575
PNFP,"Pinnacle Financial Partners, Inc. - Common Stock",NASDAQ,Financial Services,Banks - Regional,96.09,1077475.0,13903356729.0,,0.0,2026-10-03,0.5095,0.25,0.6245,0.6,0.4719,17.0,0.751,0.5,0.6222,0.65,0.646,0.6632,0.7035,0.3,19.0,0.6228,0.0042470999999999,0.13889,0.06228,0.152,2026-10-03,0.57,0.76,1.0,0.713,0.017825
CMBT,CMB.TECH NV Ordinary Shares,NASDAQ,Energy,Oil & Gas Midstream,19.85,1076330.0,3728681642.0,,0.0,2026-10-03,0.9489,1.0,0.5184,0.9,0.8657,53.0,0.7292,0.15,0.75,0.65,0.5817,0.6794,0.5925,0.3,17.0,0.5921,0.0077913,0.1250655,0.05921,0.6080000000000001,2026-10-03,0.2792,0.0,0.8464,0.3089,0.0077225
EXPD,Expeditors International of Washington Inc. Common Stock,NASDAQ,Industrials,Integrated Freight & Logistics,192.47,1074395.0,19623119748.0,,0.0,2026-10-03,0.8207,1.0,0.5605,1.0,0.8463,30.0,0.7708,0.55,0.7258,0.45,0.6723,0.675,0.4845,0.3,20.0,0.5521,0.0076167,0.1445445,0.05521,0.6080000000000001,2026-10-03,0.57,0.0,0.3506,0.3551,0.008877500000000002
IT,Gartner Inc. Common Stock,NASDAQ,Technology,Information Technology Services,184.8,1070800.0,10163659461.0,,0.0,2026-10-03,0.4881,1.0,0.6753,0.0587,0.5532,30.0,0.7254,0.5,0.75,0.75,0.6777,0.4853,0.508,0.6,17.0,0.5104,0.0049788,0.1457055,0.05104,0.6080000000000001,2026-10-03,0.57,0.0,0.6094,0.4069,0.010172500000000001
BIIB,Biogen Inc.,NASDAQ,Healthcare,Drug Manufacturers - General,219.88,1068120.0,27434305073.38281,61.0,0.0,2026-10-03,0.785,0.75,0.3069,0.9,0.7187,24.0,0.5004,0.55,0.7229,0.45,0.5634,0.7,0.6323,0.3,20.0,0.6163,0.0064683,0.121131,0.06163,0.456,2026-10-03,0.555,0.0,0.9294,0.4634,0.011585
ALH,Alliance Laundry Holdings Inc. Common Stock,NASDAQ,Consumer Cyclical,"Furnishings, Fixtures & Appliances",21.3,1066465.0,4764529711.0,,0.0,2026-10-03,0.2886,0.25,0.5056,0.45,0.3498,39.0,0.6871,0.45,0.75,0.65,0.6398,0.7684,0.695,0.3,19.0,0.6725,0.0031482,0.137557,0.06725,0.152,2026-10-03,0.36,0.0,1.0,0.38,0.009500000000000001
AGCO,AGCO Corporation Common Stock,NASDAQ,Industrials,Farm & Heavy Construction Machinery,114.61,1066385.0,8408254720.0,,0.0,2026-10-03,0.5677,0.5,0.6027,0.45,0.5176,26.0,0.4153,0.45,0.717,0.75,0.5329,0.7194,0.58,0.3,18.0,0.6077,0.0046583999999999,0.1145735,0.06077,0.304,2026-10-03,0.57,0.0,0.8457,0.4541,0.011352500000000001
YEXT,Yext Inc. Common Stock,NYSE,Technology,Software - Infrastructure,6.51,1064425.0,510262925.0,62.0,0.0,2026-10-03,0.6615,1.0,0.4826,0.0814,0.5957,,0.7179,0.3,0.7179,0.8,0.6216,0.7289,0.5,0.6,19.0,0.6295,0.0053613,0.133644,0.0629499999999999,0.6080000000000001,2026-10-03,0.0,0.0,0.7006,0.1401,0.0035025000000000004
FNKO,"Funko, Inc.",NASDAQ,Consumer Cyclical,Leisure,5.86,1060395.0,317168827.0,62.0,0.0,2026-10-03,0.9323,0.5,0.4566,0.45,0.6375,32.0,0.5879,0.45,0.5537,0.8,0.5661,0.6632,0.64,0.6,19.0,0.6456,0.0057374999999999,0.1217115,0.0645599999999999,0.304,2026-10-03,0.57,0.0,1.0,0.485,0.012125
JKHY,"Jack Henry & Associates, Inc.",NASDAQ,Technology,Information Technology Services,142.54,1060190.0,11235826524.499466,61.0,0.0,2026-10-03,0.5451,0.5,0.5527,0.1186,0.4371,30.0,0.5685,0.45,0.75,0.55,0.5824,0.675,0.6475,0.3,20.0,0.6091,0.0039339,0.125216,0.06091,0.304,2026-10-03,0.57,0.0,1.0,0.485,0.012125
CGON,"CG Oncology, Inc.",NASDAQ,Healthcare,Biotechnology,67.38,1057825.0,5473089638.232422,61.0,0.0,2026-10-03,0.8551,0.4849,0.2379,0.45,0.5753,36.0,0.5417,0.5,0.325,0.2,0.4429,0.4853,0.72,0.6,17.0,0.5846,0.0051777,0.0952235,0.05846,0.2948192,2026-10-03,0.24,0.0,1.0,0.32,0.008
JBIO,"Jade Biosciences, Inc. - Common Stock",NASDAQ,Healthcare,Biotechnology,14.12,1056645.0,882268344.0,,0.0,2026-10-03,0.9394,0.25,0.5126,0.0,0.4845,39.0,0.5,0.75,0.5,0.5,0.5625,0.5,0.71,0.6,16.0,0.5885,0.0043605,0.1209375,0.05885,0.152,2026-10-03,0.225,0.0,1.0,0.3125,0.0078125
KEYS,Keysight Technologies Inc. Common Stock,NASDAQ,Technology,Scientific & Technical Instruments,384.64,1055305.0,59504504199.0,,0.0,2026-10-03,0.8432,1.0,0.4271,1.0,0.8493,51.0,0.9375,0.6,0.75,0.75,0.7875,0.7,0.7142,0.3,20.0,0.645,0.0076437,0.1693125,0.0645,0.6080000000000001,2026-10-03,0.36,0.0,0.9434,0.3687,0.009217500000000002
ADEA,Adeia Inc. ,NASDAQ,Technology,Software - Application,25.74,1054945.0,2672388022.911804,61.0,0.0,2026-10-03,0.62,0.5,0.7503,0.45,0.5605,29.0,0.5965,0.6,0.75,0.55,0.6311,0.6679,0.755,0.6,14.0,0.6882,0.0050445,0.1356865,0.06882,0.304,2026-10-03,0.555,0.0,1.0,0.4775,0.0119375
CBSH,"Commerce Bancshares, Inc.",NASDAQ,Financial Services,Banks - Regional,55.28,1053705.0,7132085704.049149,61.0,0.0,2026-10-03,0.4656,0.25,0.5913,0.75,0.4803,11.0,0.7837,0.5,0.6425,0.45,0.6441,0.6917,0.5694,0.3,18.0,0.5901,0.0043227,0.1384815,0.05901,0.152,2026-10-03,0.85,0.0,0.86,0.597,0.014925
FRPT,"Freshpet, Inc.",NASDAQ,Consumer Defensive,Packaged Foods,60.26,1052920.0,2795277923.0034065,61.0,0.0,2026-10-03,0.7399,0.5,0.3925,0.051,0.4728,29.0,0.686,0.5166,0.731,0.45,0.6313,0.6895,0.6519,0.6,19.0,0.6629,0.0042552,0.1357295,0.06629,0.304,2026-10-03,0.45,0.0,1.0,0.425,0.010625
ALLE,Allegion plc Ordinary Shares,NASDAQ,Industrials,Security & Protection Services,154.21,1051375.0,12555214330.0,,0.0,2026-10-03,0.3563,0.75,0.6069,0.6,0.5434,18.0,0.7848,0.55,0.75,0.45,0.6839,0.6625,0.6536,0.3,20.0,0.605,0.0048906,0.1470385,0.0605,0.456,2026-10-03,0.57,0.0,1.0,0.485,0.012125
BKH,Black Hills Corporation Common Stock,NASDAQ,Utilities,Utilities - Regulated Gas,70.96,1050890.0,5640978962.0,,0.0,2026-10-03,0.5499,0.25,0.5983,0.75,0.5141,31.0,0.7485,0.0063,0.722,0.45,0.5265,0.6692,0.6647,0.6,13.0,0.6572,0.0046269,0.1131974999999999,0.06572,0.152,2026-10-03,0.555,0.0,1.0,0.4775,0.0119375
HUM,Humana Inc. Common Stock,NASDAQ,Healthcare,Healthcare Plans,388.36,1050745.0,25839321343.0,,0.0,2026-10-03,0.9466,0.5,0.464,0.75,0.7,33.0,0.8542,0.55,0.6593,0.65,0.709,0.6778,0.6169,0.3,18.0,0.5998,0.0063,0.152435,0.05998,0.304,2026-10-03,0.36,0.0,0.9456,0.3691,0.0092275
INVA,"Innoviva, Inc.",NASDAQ,Healthcare,Biotechnology,20.5,1050205.0,1704434634.4241123,61.0,0.0,2026-10-03,0.4062,0.0,0.4796,0.45,0.3265,31.0,0.5998,0.6,0.75,0.3,0.6074,0.5,0.64,0.6,12.0,0.564,0.0029385,0.130591,0.0564,0.0,2026-10-03,0.225,0.0,1.0,0.3125,0.0078125
SCCO,Southern Copper Corporation Common Stock,NASDAQ,Basic Materials,Copper,205.54,1049790.0,149046984536.0,,0.0,2026-10-03,0.8444,1.0,0.4463,0.75,0.7912,18.0,0.9287,0.6,0.75,0.15,0.724,0.7375,0.3533,0.6,20.0,0.5824,0.0071208,0.15566,0.05824,0.6080000000000001,2026-10-03,0.57,0.0,0.0667,0.2983,0.007457500000000001
NTRS,Northern Trust Corporation,NASDAQ,Financial Services,Asset Management,171.4,1049675.0,25738875075.180817,61.0,0.0,2026-10-03,0.7743,0.25,0.473,0.6,0.543,17.0,0.8542,0.5,0.6378,0.75,0.7011,0.7421,0.474,0.3,19.0,0.582,0.004887,0.1507365,0.0582,0.152,2026-10-03,0.73,0.0,0.6756,0.5001,0.0125025
HIMX,"Himax Technologies, Inc.",NASDAQ,Technology,Semiconductors,15.24,1047595.0,1429042605.7248344,61.0,0.0,2026-10-03,0.8705,0.8479,0.4113,0.0,0.612,32.0,0.766,0.25,0.6854,0.65,0.6053,0.4868,0.64,0.3,19.0,0.5124,0.005508,0.1301395,0.05124,0.5155232,2026-10-03,0.555,0.0,1.0,0.4775,0.0119375
FAF,First American Corporation (New) Common Stock,NASDAQ,Financial Services,Insurance - Specialty,62.49,1042485.0,7250242947.0,,0.0,2026-10-03,0.677,0.2602,0.1367,0.45,0.4408,17.0,0.7682,0.3,0.7409,0.45,0.6125,0.725,0.74,0.3,20.0,0.6665,0.0039672,0.1316875,0.06665,0.1582016,2026-10-03,0.57,0.0,1.0,0.485,0.012125
IMAX,Imax Corporation Common Stock,NASDAQ,Communication Services,Entertainment,52.72,1039290.0,1968045510.0,,0.0,2026-10-03,0.8872,0.75,0.4769,0.75,0.7464,25.0,0.8054,0.6,0.75,0.75,0.7347,0.7125,0.7037,0.6,20.0,0.6925,0.0067176,0.1579605,0.06925,0.456,2026-10-03,0.45,0.0,0.904,0.4058,0.010145000000000001
CELC,Celcuity Inc.,NASDAQ,Healthcare,Biotechnology,72.1,1011095.0,5298261492.476807,61.0,0.0,2026-10-03,0.7708,0.0,0.2664,0.0,0.3335,38.0,0.5,0.5,0.4,0.5,0.475,0.6763,0.7375,0.8,19.0,0.7163,0.0030015,0.102125,0.07163,0.0,2026-10-03,0.225,0.0,1.0,0.3125,0.0078125
LINE,"Lineage, Inc.",NASDAQ,Real Estate,REIT - Industrial,34.34,1005645.0,8122820774.437134,61.0,0.0,2026-10-03,0.3812,0.25,0.3788,0.45,0.3654,38.0,0.4633,0.3,0.6091,0.8,0.4926,0.6763,0.5325,0.3,19.0,0.5695,0.0032886,0.1059089999999999,0.05695,0.152,2026-10-03,0.21,0.8,0.9067,0.5263,0.0131575
RY,Royal Bank Of Canada Common Stock,NASDAQ,Financial Services,Banks - Diversified,195.67,1000055.0,243799260666.0,,0.0,2026-10-03,0.7803,0.25,0.5238,0.6,0.5497,60.0,0.7398,0.5,0.6346,0.45,0.6246,0.6625,0.6195,0.3,20.0,0.5931,0.0049473,0.134289,0.05931,0.152,2026-10-03,0.36,0.9,1.0,0.65,0.01625
AZTA,"Azenta, Inc.",NASDAQ,Healthcare,Medical Instruments & Supplies,38.75,990195.0,936891506.8884315,61.0,0.0,2026-10-03,0.6496,1.0,0.7952,0.75,0.7749,47.0,0.5333,0.6,0.5098,0.75,0.5658,0.6656,0.62,0.6,16.0,0.6398,0.0069741,0.1216469999999999,0.06398,0.6080000000000001,2026-10-03,0.36,0.5,0.5068,0.4314,0.010785000000000001
VELO,"Velo3D, Inc.",NASDAQ,Technology,Computer Hardware,11.2,977485.0,455124045.0,63.0,0.0,2026-10-03,0.9608,0.25,0.396,0.0,0.4852,36.0,0.6667,0.3,0.327,0.5,0.4734,0.7,0.7325,0.8,20.0,0.7264,0.0043668,0.101781,0.07264,0.152,2026-10-03,0.225,0.0,1.0,0.3125,0.0078125
CDP,COPT Defense Properties Common Shares of Beneficial Interest,NASDAQ,Real Estate,REIT - Office,33.57,972560.0,3708475740.0,,0.0,2026-10-03,0.5843,0.25,0.6775,0.6,0.5045,25.0,0.6918,0.6,0.7343,0.65,0.6753,0.6885,0.6312,0.3,13.0,0.6102,0.0045404999999999,0.1451895,0.06102,0.152,2026-10-03,0.45,0.0,1.0,0.425,0.010625
DLB,Dolby Laboratories Common Stock,NASDAQ,Industrials,Specialty Business Services,58.89,958580.0,6122191391.0,,0.0,2026-10-03,0.3646,0.5,0.3735,0.45,0.4236,44.0,0.4585,0.7,0.7438,0.65,0.6094,0.7026,0.68,0.6,19.0,0.6793,0.0038124,0.131021,0.06793,0.304,2026-10-03,0.36,0.0,1.0,0.38,0.009500000000000001
FDMT,"4D Molecular Therapeutics, Inc.",NASDAQ,Healthcare,Biotechnology,13.67,956025.0,497241471.6952419,61.0,0.0,2026-10-03,0.9014,0.75,0.4032,0.45,0.6789,37.0,0.6667,0.3,0.25,0.5,0.4542,0.5,0.7192,0.6,18.0,0.5917,0.0061101,0.097653,0.05917,0.456,2026-10-03,0.24,0.0,1.0,0.32,0.008
IHS,IHS Holding Limited Ordinary Shares,NASDAQ,Real Estate,Real Estate Services,8.32,953055.0,2768050081.0,,0.0,2026-10-03,0.5321,0.75,0.4164,0.75,0.6073,37.0,0.5442,0.45,0.7,0.8,0.5852,0.7125,0.6275,0.3,12.0,0.6209,0.0054656999999999,0.125818,0.06209,0.456,2026-10-03,0.345,0.0,0.5814,0.2888,0.007220000000000001
FFBC,First Financial Bancorp.,NASDAQ,Financial Services,Banks - Regional,31.87,952290.0,2879255212.103571,61.0,0.0,2026-10-03,0.6461,0.25,0.5005,0.6,0.5054,23.0,0.7073,0.5,0.6389,0.65,0.6326,0.6778,0.6529,0.3,18.0,0.6124,0.0045485999999999,0.136009,0.06124,0.152,2026-10-03,0.57,0.0,1.0,0.485,0.012125
GPC,Genuine Parts Company Common Stock,NASDAQ,Consumer Cyclical,Auto Parts,127.24,939050.0,15128137726.0,,0.0,2026-10-03,0.5582,0.5,0.6356,0.6,0.55,16.0,0.5804,0.45,0.689,0.65,0.5819,0.5,0.5967,0.3,20.0,0.5039,0.00495,0.1251084999999999,0.05039,0.304,2026-10-03,0.85,0.0,0.9426,0.6135,0.015337500000000002
MAMA,"Mama's Creations, Inc.",NASDAQ,Consumer Defensive,Packaged Foods,12.93,922175.0,811690961.0,62.0,0.0,2026-10-03,0.6627,0.25,0.5083,0.0,0.3899,60.0,0.8542,0.6,0.7174,0.65,0.736,0.7292,0.7212,0.3,20.0,0.662,0.0035091,0.15824,0.0662,0.152,2026-10-03,0.225,0.0,1.0,0.3125,0.0078125
OXLC,Oxford Lane Capital Corp.,NASDAQ,Financial Services,Asset Management,8.91,912865.0,915976022.3388672,61.0,0.0,2026-10-03,0.2601,0.75,0.4543,0.0658,0.3807,,0.4363,0.6,0.65,0.8,0.567,0.6656,0.71,0.3,16.0,0.6263,0.0034262999999999,0.1219049999999999,0.06263,0.456,2026-10-03,0.0,0.0,1.0,0.2,0.005000000000000001
SNEX,StoneX Group Inc.,NASDAQ,Financial Services,Capital Markets,65.81,908310.0,6140568803.186798,61.0,0.0,2026-10-03,0.7363,0.25,0.4877,0.0428,0.4247,50.0,0.8242,0.3,0.5726,0.8,0.6278,0.7125,0.605,0.3,20.0,0.613,0.0038223,0.134977,0.0613,0.152,2026-10-03,0.33,0.0,1.0,0.365,0.009125
HXL,Hexcel Corporation Common Stock,NASDAQ,Industrials,Aerospace & Defense,86.41,908200.0,6742435931.0,,0.0,2026-10-03,0.6924,0.25,0.5568,0.45,0.4973,17.0,0.8625,0.6,0.75,0.75,0.7575,0.7158,0.5855,0.3,19.0,0.6078,0.0044757,0.1628625,0.06078,0.152,2026-10-03,0.835,0.0,0.9933,0.6162,0.015405
ASND,Ascendis Pharma A/S,NASDAQ,Healthcare,Biotechnology,227.87,907825.0,13593058894.788452,61.0,0.0,2026-10-03,0.6817,0.25,0.4307,0.45,0.4755,,0.6042,0.4585,0.75,0.35,0.5788,0.6875,0.7342,0.3,20.0,0.6457,0.0042795,0.124442,0.06457,0.152,2026-10-03,0.0,0.0,1.0,0.2,0.005000000000000001
HQY,"HealthEquity, Inc.",NASDAQ,Healthcare,Health Information Services,90.04,906390.0,7074978717.885315,61.0,0.0,2026-10-03,0.5143,0.25,0.5803,0.45,0.4374,,0.7435,0.6,0.75,0.65,0.6999,0.7158,0.74,0.3,19.0,0.6619,0.0039366,0.1504785,0.06619,0.152,2026-10-03,0.0,0.0,1.0,0.2,0.005000000000000001
HWC,Hancock Whitney Corporation,NASDAQ,Financial Services,Banks - Regional,73.09,905010.0,5121899821.9262085,61.0,0.0,2026-10-03,0.6081,0.2744,0.5851,0.75,0.538,16.0,0.7604,0.5,0.6355,0.55,0.643,0.7177,0.665,0.6,16.0,0.6816,0.004842,0.138245,0.06816,0.1668352,2026-10-03,0.85,0.0,1.0,0.625,0.015625
DTM,DT Midstream Inc. Common Stock,NASDAQ,Energy,Oil & Gas Midstream,121.0,903430.0,13736200366.0,,0.0,2026-10-03,0.3575,0.0,0.548,0.45,0.3158,25.0,0.7778,0.4037,0.7399,0.5,0.647,0.6857,0.6431,0.3,14.0,0.613,0.0028422,0.139105,0.0613,0.0,2026-10-03,0.45,0.8,1.0,0.665,0.016625
LXP,LXP Industrial Trust Common Stock (Maryland REIT),NYSE,Real Estate,REIT - Industrial,60.95,902785.0,3245335740.0,62.0,0.0,2026-10-03,0.7625,1.0,0.6642,1.0,0.8403,25.0,0.3983,0.45,0.6764,0.3,0.4709,0.7,0.5725,0.3,15.0,0.5954,0.0075627,0.1012435,0.05954,0.6080000000000001,2026-10-03,0.54,0.0,0.7252,0.415,0.010375
APPN,Appian Corporation,NASDAQ,Technology,Software - Infrastructure,36.68,902335.0,1743601021.2268066,61.0,0.0,2026-10-03,0.9133,1.0,0.453,0.45,0.7524,32.0,0.661,0.5,0.6115,0.65,0.6073,0.5,0.4871,0.3,20.0,0.4655,0.0067716,0.1305694999999999,0.04655,0.6080000000000001,2026-10-03,0.555,0.0,0.3343,0.3444,0.00861
PFS,Provident Financial Services Inc Common Stock,NASDAQ,Financial Services,Banks - Regional,22.58,899160.0,2913814053.0,,0.0,2026-10-03,0.5914,0.25,0.5326,0.6,0.4883,24.0,0.6777,0.5,0.6375,0.55,0.6104,0.6895,0.67,0.3,19.0,0.6242,0.0043947,0.131236,0.06242,0.152,2026-10-03,0.57,0.0,1.0,0.485,0.012125
TRIN,Trinity Capital Inc. - Common Stock,NASDAQ,Financial Services,Asset Management,17.59,897450.0,1257604675.0,,0.0,2026-10-03,0.7257,0.5,0.4052,0.75,0.615,31.0,0.5998,0.55,0.75,0.15,0.5799,0.6639,0.6625,0.3,18.0,0.6088,0.005535,0.1246785,0.06088,0.304,2026-10-03,0.57,0.55,0.8483,0.6197,0.015492500000000001
ROP,"Roper Technologies, Inc.",NASDAQ,Technology,Software - Application,354.32,895930.0,37102085066.90509,61.0,0.0,2026-10-03,0.3955,0.5,0.5164,0.0294,0.3616,18.0,0.8358,0.3,0.7423,0.65,0.6599,0.5,0.5492,0.3,20.0,0.4872,0.0032543999999999,0.1418785,0.04872,0.304,2026-10-03,0.57,0.0,0.9367,0.4723,0.0118075
MC,Moelis & Company Class A Common Stock,NASDAQ,Financial Services,Capital Markets,56.32,893885.0,4999637525.0,,0.0,2026-10-03,0.5083,0.25,0.4442,0.1127,0.346,24.0,0.786,0.3,0.75,0.65,0.6419,0.5,0.5273,0.3,16.0,0.4795,0.003114,0.1380085,0.04795,0.152,2026-10-03,0.57,0.0,0.86,0.457,0.011425000000000001
MEOH,Methanex Corporation,NASDAQ,Basic Materials,Chemicals,58.43,892515.0,4932714491.191406,61.0,0.0,2026-10-03,0.7613,0.75,0.6778,0.6,0.6952,25.0,0.9375,0.6,0.7304,0.9,0.7976,0.5,0.665,0.3,18.0,0.5278,0.0062568,0.171484,0.05278,0.456,2026-10-03,0.4802,0.0,1.0,0.4401,0.0110025
ZWS,Zurn Elkay Water Solutions Corporation Common Stock,NASDAQ,Industrials,Pollution & Treatment Controls,47.67,892500.0,8790944895.0,,0.0,2026-10-03,0.3765,0.5,0.4527,0.6,0.4712,23.0,0.7948,0.6,0.75,0.55,0.7104,0.7194,0.5859,0.3,18.0,0.6098,0.0042408,0.152736,0.06098,0.304,2026-10-03,0.57,0.0,1.0,0.485,0.012125
ITT,ITT Inc. Common Stock,NASDAQ,Industrials,Specialty Industrial Machinery,206.17,888195.0,19640781884.0,,0.0,2026-10-03,0.4941,0.75,0.4675,0.6,0.5772,23.0,0.6875,0.3,0.75,0.55,0.5925,0.675,0.6586,0.3,20.0,0.613,0.0051948,0.1273875,0.0613,0.456,2026-10-03,0.57,0.0,1.0,0.485,0.012125
EHC,Encompass Health Corporation Common Stock,NASDAQ,Healthcare,Medical Care Facilities,119.8,887730.0,10138460534.0,,0.0,2026-10-03,0.4727,0.75,0.4613,0.75,0.5971,24.0,0.815,0.45,0.75,0.9,0.716,0.725,0.7169,0.3,20.0,0.6584,0.0053739,0.15394,0.06584,0.456,2026-10-03,0.57,0.0,1.0,0.485,0.012125
SEIC,SEI Investments Company,NASDAQ,Financial Services,Asset Management,102.43,885395.0,9311517580.20543,61.0,0.0,2026-10-03,0.8159,0.5,0.5784,0.75,0.6637,17.0,0.7125,0.7,0.75,0.55,0.7025,0.7056,0.7428,0.3,18.0,0.6578,0.0059733,0.1510375,0.06578,0.304,2026-10-03,0.7726,0.0,1.0,0.5863,0.014657500000000002
MRAM,"Everspin Technologies, Inc.",NASDAQ,Technology,Semiconductors,18.83,884050.0,503888424.0,63.0,0.0,2026-10-03,0.867,0.75,0.3669,0.0,0.5804,38.0,0.75,0.3,0.4308,0.5,0.5327,0.6895,0.74,0.6,19.0,0.6937,0.0052236,0.1145305,0.06937,0.456,2026-10-03,0.255,0.0,1.0,0.3275,0.0081875
PAYS,"Paysign, Inc.",NASDAQ,Technology,Software - Infrastructure,14.23,881010.0,313453028.4467993,61.0,0.0,2026-10-03,0.9751,1.0,0.6943,0.9,0.8971,38.0,0.9375,0.45,0.7434,0.5,0.7233,0.7333,0.746,0.3,18.0,0.6728,0.0080739,0.1555095,0.0672799999999999,0.6080000000000001,2026-10-03,0.21,0.0,0.713,0.2476,0.00619
MCK,McKesson Corporation Common Stock,NASDAQ,Healthcare,Medical Distribution,902.28,879845.0,101433085393.0,,0.0,2026-10-03,0.5926,1.0,0.3899,0.75,0.6937,31.0,0.5423,0.5,0.5745,0.55,0.5406,0.6625,0.6682,0.3,20.0,0.6101,0.0062433,0.1162289999999999,0.06101,0.6080000000000001,2026-10-03,0.57,0.0,0.943,0.4736,0.011840000000000002
DEC,Diversified Energy Company Common Stock,NASDAQ,Energy,Oil & Gas Integrated,13.42,879455.0,1087578002.0,,0.0,2026-10-03,0.519,0.75,0.6202,0.1076,0.4956,32.0,0.5429,0.0,0.75,0.8,0.4847,0.6632,0.689,0.6,19.0,0.6627,0.0044604,0.1042105,0.06627,0.456,2026-10-03,0.54,0.0,1.0,0.47,0.01175
MAN,ManpowerGroup Common Stock,NASDAQ,Industrials,Staffing & Employment Services,54.16,875600.0,1370049835.0,,0.0,2026-10-03,0.9656,0.5,0.4005,0.45,0.635,11.0,0.651,0.45,0.6364,0.75,0.607,0.675,0.5775,0.6,20.0,0.6296,0.005715,0.1305049999999999,0.06296,0.304,2026-10-03,0.85,0.0,0.8167,0.5883,0.014707500000000002
SOLV,Solventum Corporation Common Stock,NASDAQ,Healthcare,Medical Instruments & Supplies,87.85,871430.0,11887740188.0,,0.0,2026-10-03,0.7862,0.75,0.6357,0.75,0.7248,32.0,0.5173,0.45,0.727,0.65,0.5662,0.7194,0.584,0.3,18.0,0.6091,0.0065232,0.121733,0.06091,0.456,2026-10-03,0.57,0.0,0.9233,0.4697,0.011742500000000001
GKOS,Glaukos Corporation Common Stock,NASDAQ,Healthcare,Medical Devices,163.75,867410.0,7109886882.0,,0.0,2026-10-03,0.9477,0.5,0.5386,0.6,0.6775,24.0,0.75,0.466,0.4,0.35,0.5515,0.7235,0.7143,0.3,17.0,0.6568,0.0060975,0.1185725,0.06568,0.304,2026-10-03,0.57,0.0,1.0,0.485,0.012125
APAM,Artisan Partners Asset Management Inc. Class A Common Stock,NASDAQ,Financial Services,Asset Management,34.88,864255.0,2682125162.0,,0.0,2026-10-03,0.5463,0.426,0.3611,0.45,0.4582,23.0,0.6811,0.6,0.75,0.8,0.6899,0.6632,0.5225,0.3,19.0,0.5595,0.0041237999999999,0.1483285,0.05595,0.259008,2026-10-03,0.57,0.0,0.764,0.4378,0.010945000000000002
IDYA,"IDEAYA Biosciences, Inc.",NASDAQ,Healthcare,Biotechnology,37.36,864040.0,2729259952.4603214,61.0,0.0,2026-10-03,0.7506,0.75,0.4747,0.6,0.6642,36.0,0.4583,0.4,0.25,0.35,0.3808,0.6969,0.7145,0.6,16.0,0.6885,0.0059778,0.081872,0.06885,0.456,2026-10-03,0.24,0.0,1.0,0.32,0.008
SLG,SL Green Realty Corp Common Stock,NASDAQ,Real Estate,REIT - Office,48.81,863480.0,3011305477.0,,0.0,2026-10-03,0.6425,0.4746,0.5248,0.45,0.5299,17.0,0.6667,0.6,0.6367,0.65,0.6408,0.6625,0.5673,0.6,20.0,0.6198,0.0047691,0.137772,0.06198,0.2885568,2026-10-03,0.835,0.0,0.9967,0.6168,0.015420000000000001
UE,Urban Edge Properties Common Shares of Beneficial Interest,NASDAQ,Real Estate,REIT - Retail,19.7,862975.0,3035972133.0,,0.0,2026-10-03,0.3682,0.25,0.3194,0.45,0.3536,24.0,0.3183,0.3,0.7034,0.5,0.4282,0.6778,0.5567,0.3,9.0,0.5787,0.0031824,0.092063,0.05787,0.152,2026-10-03,0.555,0.0,1.0,0.4775,0.0119375
MSI,Motorola Solutions Inc. Common Stock,NASDAQ,Technology,Communication Equipment,447.41,857895.0,72840396179.0,,0.0,2026-10-03,0.462,0.5,0.6145,0.75,0.5456,32.0,0.7467,0.45,0.75,0.55,0.6537,0.7382,0.7121,0.3,17.0,0.6634,0.0049104,0.1405455,0.06634,0.304,2026-10-03,0.57,0.0,1.0,0.485,0.012125
WERN,"Werner Enterprises, Inc. - Common Stock",NASDAQ,Industrials,Trucking,35.35,857850.0,1939985757.0,,0.0,2026-10-03,0.7375,0.25,0.3255,0.1166,0.4159,23.0,0.5417,0.45,0.5863,0.3,0.5057,0.6632,0.5337,0.6,19.0,0.6084,0.0037431,0.1087255,0.06084,0.152,2026-10-03,0.555,0.0,0.9267,0.4628,0.01157
TIGO,Millicom International Cellular S.A. - Common Stock,NASDAQ,Communication Services,Telecom Services,88.32,857295.0,13910965890.0,,0.0,2026-10-03,0.9311,0.2836,0.4853,0.45,0.581,32.0,0.6875,0.3,0.75,0.9,0.6275,0.7333,0.4713,0.3,15.0,0.5766,0.005229,0.1349125,0.05766,0.1724288,2026-10-03,0.435,0.0,0.8,0.3775,0.009437500000000001
SWIM,"Latham Group, Inc. - Common Stock",NASDAQ,Industrials,Building Products & Equipment,6.41,855980.0,672516895.0,,0.0,2026-10-03,0.5368,0.75,0.466,0.0724,0.4815,30.0,0.591,0.6,0.6825,0.8,0.637,0.6639,0.5471,0.3,18.0,0.5684,0.0043335,0.136955,0.05684,0.456,2026-10-03,0.45,0.0,0.99,0.423,0.010575000000000001
SBCF,Seacoast Banking Corporation of Florida,NASDAQ,Financial Services,Banks - Regional,32.68,850320.0,2899578563.7682915,61.0,0.0,2026-10-03,0.5344,0.4163,0.5316,0.75,0.5402,22.0,0.7898,0.5,0.614,0.55,0.6494,0.6917,0.6,0.3,18.0,0.6008,0.0048618,0.139621,0.06008,0.2531104,2026-10-03,0.57,0.0,0.9667,0.4783,0.011957500000000001
EWBC,"East West Bancorp, Inc.",NASDAQ,Financial Services,Banks - Regional,126.21,845175.0,14384321529.00982,61.0,0.0,2026-10-03,0.6437,0.25,0.4171,0.75,0.5244,16.0,0.8148,0.5,0.6427,0.15,0.6266,0.6763,0.7,0.3,19.0,0.6282,0.0047196,0.134719,0.06282,0.152,2026-10-03,0.85,0.0,1.0,0.625,0.015625
AVY,Avery Dennison Corporation Common Stock,NASDAQ,Consumer Cyclical,Packaging & Containers,169.87,842280.0,12729768630.0,,0.0,2026-10-03,0.4299,0.5,0.6474,0.6,0.5104,25.0,0.8231,0.45,0.75,0.55,0.6843,0.675,0.6882,0.3,20.0,0.6234,0.0045936,0.1471245,0.06234,0.304,2026-10-03,0.57,0.0,1.0,0.485,0.012125
ONTO,Onto Innovation Inc. Common Stock,NASDAQ,Technology,Semiconductor Equipment & Materials,327.77,839760.0,15314053807.0,,0.0,2026-10-03,0.8183,0.5,0.3463,0.45,0.5936,32.0,0.9375,0.5513,0.7322,0.75,0.7709,0.7,0.7355,0.3,20.0,0.6524,0.0053424,0.1657435,0.06524,0.304,2026-10-03,0.57,0.0,1.0,0.485,0.012125
PAYP,PayPay Corporation,NASDAQ,Technology,Software - Infrastructure,14.92,837635.0,9960775541.0,62.0,0.0,2026-10-03,0.3153,0.5,0.4894,0.0,0.3281,26.0,0.8125,0.3,0.7119,0.55,0.633,0.5,0.7031,0.3,14.0,0.5411,0.0029529,0.136095,0.05411,0.304,2026-10-03,0.45,0.0,1.0,0.425,0.010625
ZLAB,Zai Lab Limited - American Depositary Shares,NASDAQ,Healthcare,Biotechnology,24.33,836030.0,2335556013.0,,0.0,2026-10-03,0.5475,0.75,0.6194,0.0511,0.5003,32.0,0.521,0.3,0.3392,0.5,0.4182,0.5,0.7075,0.3,19.0,0.5426,0.0045027,0.089913,0.05426,0.456,2026-10-03,0.435,0.0,1.0,0.4175,0.0104375
BNTX,BioNTech SE,NASDAQ,Healthcare,Biotechnology,96.9,835565.0,21659217964.078407,61.0,0.0,2026-10-03,0.4252,0.5,0.692,0.45,0.4825,30.0,0.25,0.4475,0.4035,0.9,0.4027,0.675,0.6195,0.3,20.0,0.5993,0.0043425,0.0865805,0.05993,0.304,2026-10-03,0.555,0.0,1.0,0.4775,0.0119375
GSBD,Goldman Sachs BDC Inc. Common Stock,NASDAQ,Financial Services,Asset Management,9.07,834710.0,1070531852.0,,0.0,2026-10-03,0.5048,0.75,0.4706,0.75,0.6051,32.0,0.3458,0.3,0.7204,0.65,0.4584,0.675,0.398,0.3,20.0,0.5218,0.0054459,0.0985559999999999,0.05218,0.456,2026-10-03,0.57,0.0,0.3627,0.3575,0.0089375
LH,Labcorp Holdings Inc. Common Stock,NASDAQ,Healthcare,Diagnostics & Research,308.49,831335.0,21737118994.0,,0.0,2026-10-03,0.6651,0.5,0.5709,0.75,0.6115,24.0,0.7654,0.55,0.75,0.65,0.6962,0.6632,0.6339,0.3,19.0,0.5984,0.0055035,0.149683,0.05984,0.304,2026-10-03,0.57,0.0,1.0,0.485,0.012125
BUSE,First Busey Corporation,NASDAQ,Financial Services,Banks - Regional,29.73,828845.0,2134991681.735897,61.0,0.0,2026-10-03,0.7197,0.5,0.4411,0.75,0.6166,23.0,0.7235,0.5,0.6356,0.55,0.6283,0.6639,0.6586,0.3,18.0,0.6074,0.0055494,0.1350845,0.06074,0.304,2026-10-03,0.57,0.0,0.9351,0.472,0.0118
NATL,NCR Atleos Corporation Common Stock,NASDAQ,Technology,Software - Application,45.42,827080.0,3284899226.0,,0.0,2026-10-03,0.4667,0.4217,0.1673,0.75,0.4765,31.0,0.7298,0.45,0.75,0.8,0.6719,0.7077,0.5,0.3,13.0,0.5738,0.0042885,0.1444585,0.05738,0.2563936,2026-10-03,0.36,0.0,0.7672,0.3334,0.008335
IEP,Icahn Enterprises L.P.,NASDAQ,Energy,Oil & Gas Refining & Marketing,6.67,816955.0,4817303420.658583,61.0,0.0,2026-10-03,0.3919,0.4127,0.5256,0.6,0.4613,31.0,0.6667,0.55,0.3972,0.65,0.5685,0.6647,0.5,0.6,17.0,0.5974,0.0041517,0.1222275,0.05974,0.2509216,2026-10-03,0.255,0.0,1.0,0.3275,0.0081875
H,Hyatt Hotels Corporation Class A Common Stock,NASDAQ,Consumer Cyclical,Lodging,158.9,810780.0,15517274559.0,,0.0,2026-10-03,0.443,0.25,0.5086,0.45,0.4057,25.0,0.5629,0.2637,0.6827,0.65,0.5268,0.6875,0.6445,0.8,20.0,0.6893,0.0036512999999999,0.113262,0.06893,0.152,2026-10-03,0.42,0.0,1.0,0.41,0.01025
J,Jacobs Solutions Inc. Common Stock,NASDAQ,Industrials,Engineering & Construction,138.06,809700.0,14868753686.0,,0.0,2026-10-03,0.4596,0.5,0.484,0.45,0.4698,46.0,0.6875,0.45,0.7344,0.9,0.6611,0.6625,0.6481,0.3,20.0,0.6031,0.0042282,0.1421365,0.06031,0.304,2026-10-03,0.36,0.0,1.0,0.38,0.009500000000000001
SRTA,"Strata Critical Medical, Inc.",NASDAQ,Healthcare,Medical Care Facilities,4.73,805495.0,439149178.0,63.0,1.0,2026-10-03,0.5285,0.4353,0.446,0.0915,0.4006,36.0,0.75,0.4,0.447,0.8,0.5918,0.6794,0.71,0.3,17.0,0.6332,0.0036054,0.127237,0.06332,0.2646624,2026-10-03,0.345,0.0,1.0,0.3725,0.0093125
PACS,PACS Group Inc. Common Stock,NASDAQ,Healthcare,Medical Care Facilities,42.85,803615.0,5568357025.0,,0.0,2026-10-03,0.9727,0.5,0.4132,0.6,0.6755,36.0,0.8694,0.3,0.7359,0.65,0.6717,0.6778,0.74,0.3,18.0,0.6429,0.0060795,0.1444155,0.06429,0.304,2026-10-03,0.24,0.0,1.0,0.32,0.008
MRX,Marex Group plc,NASDAQ,Financial Services,Capital Markets,72.75,796335.0,3131377515.56398,61.0,0.0,2026-10-03,0.9715,0.75,0.5263,0.75,0.7775,32.0,0.7708,0.3,0.7107,0.5,0.611,0.7026,0.7175,0.3,19.0,0.6474,0.0069975,0.1313649999999999,0.06474,0.456,2026-10-03,0.57,0.0,1.0,0.485,0.012125
MICC,The Magnum Ice Cream Company N.V. Ordinary Shares,NASDAQ,Consumer Defensive,Packaged Foods,17.48,795045.0,8107835174.0,,0.0,2026-10-03,0.5606,0.5,0.4889,0.45,0.5024,25.0,0.5887,0.45,0.7482,0.75,0.61,0.4773,0.5225,0.3,11.0,0.4665,0.0045216,0.13115,0.04665,0.304,2026-10-03,0.42,0.0,0.8691,0.3838,0.009595
WWD,"Woodward, Inc. - Common Stock",NASDAQ,Industrials,Aerospace & Defense,331.62,793920.0,23307553249.0,,0.0,2026-10-03,0.4454,0.25,0.5455,0.1041,0.3417,50.0,0.9375,0.4956,0.75,0.45,0.7314,0.6941,0.6591,0.3,17.0,0.6227,0.0030753,0.157251,0.06227,0.152,2026-10-03,0.33,0.0,1.0,0.365,0.009125
UHS,Universal Health Services Inc. Common Stock,NASDAQ,Healthcare,Medical Care Facilities,175.72,793520.0,10640533449.0,,0.0,2026-10-03,0.1758,0.5,0.6012,0.0747,0.316,22.0,0.637,0.45,0.75,0.65,0.6198,0.7375,0.563,0.3,20.0,0.6108,0.002844,0.133257,0.06108,0.304,2026-10-03,0.57,0.0,0.9517,0.4753,0.0118825
LPLA,LPL Financial Holdings Inc.,NASDAQ,Financial Services,Capital Markets,316.44,791545.0,23899930996.991272,61.0,0.0,2026-10-03,0.6473,0.5,0.6358,0.45,0.5515,25.0,0.9375,0.45,0.75,0.9,0.765,0.6647,0.6776,0.3,17.0,0.6145,0.0049635,0.164475,0.06145,0.304,2026-10-03,0.57,0.0,1.0,0.485,0.012125
DXYZ,Destiny Tech100 Inc. Common Stock,NASDAQ,Financial Services,Asset Management,32.8,790680.0,646982430.0,,0.0,2026-10-03,0.6105,0.75,0.3174,0.0,0.4794,,0.5,0.5,0.5,0.5,0.5,0.5,0.5,0.3,12.0,0.47,0.0043146,0.1075,0.047,0.456,2026-10-03,0.0,0.8,0.5333,0.3467,0.0086675
TRNO,Terreno Realty Corporation Common Stock,NASDAQ,Real Estate,REIT - Industrial,64.54,790280.0,6936420599.0,,0.0,2026-10-03,0.4608,0.25,0.3848,0.45,0.3989,31.0,0.4235,0.3,0.7208,0.15,0.4396,0.6639,0.6184,0.6,18.0,0.6384,0.0035900999999999,0.094514,0.06384,0.152,2026-10-03,0.36,0.0,1.0,0.38,0.009500000000000001
KODK,Eastman Kodak Company Common New,NASDAQ,Industrials,Specialty Business Services,9.81,785255.0,1243533108.0,,0.0,2026-10-03,0.5238,1.0,0.4619,0.0,0.5325,32.0,0.656,0.6,0.65,0.9,0.6649,0.5,0.5,0.6,16.0,0.515,0.0047925,0.1429535,0.0515,0.6080000000000001,2026-10-03,0.42,0.0,0.8,0.37,0.00925
MRTN,"Marten Transport, Ltd.",NASDAQ,Industrials,Trucking,13.34,785025.0,1044340943.5618924,61.0,0.0,2026-10-03,0.5154,0.0,0.5421,0.0912,0.2978,18.0,0.3783,0.795,0.6115,0.55,0.558,0.6692,0.57,0.3,13.0,0.5791,0.0026802,0.11997,0.0579099999999999,0.0,2026-10-03,0.555,0.0,0.91,0.4595,0.011487500000000001
WGS,GeneDx Holdings Corp. - Class A Common Stock,NASDAQ,Healthcare,Diagnostics & Research,73.09,784085.0,1746194587.0,,0.0,2026-10-03,0.4893,0.75,0.4418,0.0,0.4486,23.0,0.6129,0.3,0.4,0.65,0.4852,0.6632,0.7221,0.8,19.0,0.7043,0.0040374,0.104318,0.07043,0.456,2026-10-03,0.435,0.0,1.0,0.4175,0.0104375
HTLD,"Heartland Express, Inc.",NASDAQ,Industrials,Trucking,11.9,780805.0,1030612971.0,63.0,0.0,2026-10-03,0.6805,0.5,0.4286,0.0761,0.4672,25.0,0.3802,0.25,0.4898,0.55,0.392,0.6647,0.435,0.3,17.0,0.5296,0.0042048,0.08428,0.05296,0.304,2026-10-03,0.465,0.0,0.6094,0.3544,0.00886
SMA,SmartStop Self Storage REIT Inc. Common Stock,NASDAQ,Real Estate,REIT - Industrial,32.51,779045.0,1859631724.0,,0.0,2026-10-03,0.342,0.5,0.6269,0.6,0.4801,31.0,0.6258,0.3,0.6789,0.5,0.5451,0.6917,0.5973,0.6,18.0,0.6449,0.0043209,0.1171965,0.06449,0.304,2026-10-03,0.225,0.0,1.0,0.3125,0.0078125
WAB,Westinghouse Air Brake Technologies Corporation Common Stock,NASDAQ,Industrials,Railroads,287.54,776350.0,45314031608.0,,0.0,2026-10-03,0.7067,0.75,0.5325,0.75,0.6904,17.0,0.8317,0.45,0.75,0.65,0.6977,0.6639,0.6825,0.3,18.0,0.6158,0.0062136,0.1500054999999999,0.06158,0.456,2026-10-03,0.835,0.0,1.0,0.6175,0.015437500000000002
POWI,"Power Integrations, Inc.",NASDAQ,Technology,Semiconductors,54.46,770535.0,2743007578.3691406,61.0,0.0,2026-10-03,0.4347,0.25,0.5991,0.0,0.3303,32.0,0.746,0.8,0.6941,0.55,0.727,0.6625,0.644,0.6,20.0,0.6466,0.0029727,0.156305,0.06466,0.152,2026-10-03,0.36,0.0,1.0,0.38,0.009500000000000001
RDNT,"RadNet, Inc.",NASDAQ,Healthcare,Diagnostics & Research,69.93,770225.0,4460368918.491364,61.0,0.0,2026-10-03,0.5511,0.75,0.5769,0.45,0.577,32.0,0.625,0.45,0.6643,0.75,0.6036,0.725,0.7325,0.6,20.0,0.7089,0.005193,0.129774,0.07089,0.456,2026-10-03,0.57,0.0,1.0,0.485,0.012125
MANE,Veradermics Incorporated Common Stock,NASDAQ,Healthcare,Biotechnology,116.76,769275.0,2533165136.0,,0.0,2026-10-03,0.3153,0.5,0.4077,0.6,0.4511,39.0,0.5,0.85,0.5,0.5,0.5875,0.4412,0.7229,0.6,17.0,0.5636,0.0040599,0.1263125,0.05636,0.304,2026-10-03,0.24,0.0,1.0,0.32,0.008
FTS,Fortis Inc. Common Shares,NASDAQ,Utilities,Utilities - Regulated Electric,52.87,767825.0,28679462540.0,,0.0,2026-10-03,0.4002,0.25,0.3846,0.6,0.4018,30.0,0.6435,0.0,0.7169,0.45,0.4817,0.5,0.6008,0.3,13.0,0.5053,0.0036162,0.1035655,0.05053,0.152,2026-10-03,0.435,1.0,0.8328,0.6841,0.017102500000000003
VGNT,Versigent PLC Ordinary Shares,NASDAQ,Consumer Cyclical,Auto Parts,46.43,766270.0,2478407328.0,,0.0,2026-10-03,0.3153,0.5,0.4249,0.75,0.4721,31.0,0.726,0.3,0.6213,0.8,0.6007,0.6833,0.7568,0.3,15.0,0.6516,0.0042489,0.1291505,0.06516,0.304,2026-10-03,0.36,0.0,1.0,0.38,0.009500000000000001
GGAL,Grupo Financiero Galicia S.A.,NASDAQ,Financial Services,Banks - Regional,35.89,765910.0,7509753927.524048,61.0,0.0,2026-10-03,0.7055,0.0,0.3571,0.0,0.3197,51.0,0.6298,0.5,0.5825,0.9,0.6125,0.6647,0.633,0.6,17.0,0.6439,0.0028772999999999,0.1316875,0.06439,0.0,2026-10-03,0.21,0.0,1.0,0.305,0.007625
SOBO,South Bow Corporation Common Shares,NASDAQ,Energy,Oil & Gas Midstream,33.82,764050.0,6693561440.0,,0.0,2026-10-03,0.6591,0.25,0.9568,0.6,0.5606,31.0,0.6304,0.55,0.741,0.65,0.6399,0.6778,0.7399,0.3,18.0,0.6428,0.0050454,0.1375785,0.06428,0.152,2026-10-03,0.57,0.0,0.6685,0.4187,0.010467500000000001
MSM,MSC Industrial Direct Company Inc. Common Stock,NASDAQ,Industrials,Industrial Distribution,130.12,763560.0,5462270747.0,,0.0,2026-10-03,0.7233,0.8472,0.5966,1.0,0.7825,18.0,0.6946,0.4,0.75,0.45,0.6103,0.6632,0.542,0.3,19.0,0.5663,0.0070425,0.1312144999999999,0.05663,0.5150976,2026-10-03,0.57,0.0,0.8506,0.4551,0.0113775
WHD,Cactus Inc. Class A Common Stock,NASDAQ,Energy,Oil & Gas Equipment & Services,63.44,762815.0,3941407973.0,,0.0,2026-10-03,0.9418,0.5,0.5473,0.6,0.6742,31.0,0.8473,0.6,0.75,0.65,0.7414,0.6875,0.6311,0.3,20.0,0.6096,0.0060678,0.159401,0.06096,0.304,2026-10-03,0.555,0.0,1.0,0.4775,0.0119375
MD,Pediatrix Medical Group Inc. Common Stock,NASDAQ,Healthcare,Medical Care Facilities,25.97,761175.0,1913981352.0,,0.0,2026-10-03,0.791,0.3771,0.5283,0.75,0.622,29.0,0.6698,0.45,0.75,0.9,0.6579,0.6763,0.51,0.3,19.0,0.5617,0.005598,0.1414485,0.05617,0.2292768,2026-10-03,0.54,0.0,0.6608,0.4022,0.010055000000000001
KLIC,"Kulicke and Soffa Industries, Inc.",NASDAQ,Technology,Semiconductor Equipment & Materials,100.77,756720.0,3375453732.0,61.0,0.0,2026-10-03,0.8361,0.5,0.4018,0.1159,0.5419,45.0,0.8125,0.5584,0.75,0.45,0.6971,0.6778,0.6,0.3,18.0,0.5939,0.0048771,0.1498765,0.05939,0.304,2026-10-03,0.345,0.0,0.8634,0.3452,0.00863
VRSN,"VeriSign, Inc.",NASDAQ,Technology,Software - Infrastructure,288.32,756435.0,24081605886.0,62.0,0.0,2026-10-03,0.4691,0.75,0.4916,0.75,0.5997,18.0,0.7731,0.5,0.7,0.45,0.6543,0.6833,0.626,0.3,15.0,0.6058,0.0053973,0.1406745,0.06058,0.456,2026-10-03,0.57,0.0,0.9667,0.4783,0.011957500000000001
WBI,WaterBridge Infrastructure LLC Class A Shares Representing Limited Liability Company Interests,NASDAQ,Energy,Oil & Gas Equipment & Services,28.85,756375.0,1338547167.0,,0.0,2026-10-03,0.6603,0.25,0.4583,0.45,0.4734,31.0,0.7917,0.4,0.65,0.65,0.6442,0.7088,0.7457,0.6,17.0,0.7054,0.0042606,0.138503,0.07054,0.152,2026-10-03,0.21,0.0,1.0,0.305,0.007625
REGN,"Regeneron Pharmaceuticals, Inc.",NASDAQ,Healthcare,Biotechnology,735.2,755175.0,78879661136.51001,61.0,0.0,2026-10-03,0.747,0.5,0.4097,0.6,0.588,26.0,0.6804,0.6,0.75,0.65,0.6747,0.4853,0.6385,0.3,17.0,0.5111,0.005292,0.1450604999999999,0.05111,0.304,2026-10-03,0.57,0.0,1.0,0.485,0.012125
PAYC,Paycom Software Inc. Common Stock,NASDAQ,Technology,Software - Application,220.99,753805.0,6577086160.0,,0.0,2026-10-03,0.9371,0.75,0.335,0.75,0.7429,31.0,0.7904,0.45,0.75,0.65,0.6812,0.6875,0.5104,0.3,20.0,0.5674,0.0066861,0.146458,0.05674,0.456,2026-10-03,0.57,0.0,0.6576,0.4165,0.0104125
MLKN,"MillerKnoll, Inc.",NASDAQ,Consumer Cyclical,"Furnishings, Fixtures & Appliances",20.24,751800.0,1037656283.5935744,61.0,0.0,2026-10-03,0.8302,0.352,0.5653,0.45,0.5708,73.0,0.6246,0.55,0.7092,0.75,0.6396,0.5,0.605,0.3,20.0,0.5068,0.0051372,0.137514,0.05068,0.2140159999999999,2026-10-03,0.135,0.0,1.0,0.2675,0.006687500000000001
URGN,UroGen Pharma Ltd. - Ordinary Shares,NASDAQ,Healthcare,Biotechnology,41.4,747330.0,1050076764.0,,0.0,2026-10-03,0.9881,0.5,0.4447,0.45,0.6512,32.0,0.75,0.5,0.5265,0.35,0.5916,0.5,0.695,0.6,19.0,0.5832,0.0058608,0.127194,0.05832,0.304,2026-10-03,0.555,0.0,1.0,0.4775,0.0119375
THC,Tenet Healthcare Corporation Common Stock,NASDAQ,Healthcare,Medical Care Facilities,258.62,746855.0,15840468985.0,,0.0,2026-10-03,0.7933,0.5,0.2787,0.75,0.6244,25.0,0.73,0.45,0.75,0.55,0.647,0.7,0.6872,0.3,20.0,0.6355,0.0056196,0.139105,0.06355,0.304,2026-10-03,0.57,0.0,0.9567,0.4763,0.011907500000000001
RNST,Renasant Corporation Common Stock,NASDAQ,Financial Services,Banks - Regional,39.92,741875.0,3704499636.0,,0.0,2026-10-03,0.4857,0.25,0.5965,0.75,0.491,23.0,0.8542,0.5,0.6278,0.55,0.6786,0.6647,0.7057,0.3,17.0,0.6244,0.004419,0.145899,0.0624399999999999,0.152,2026-10-03,0.555,0.0,1.0,0.4775,0.0119375
PFLT,PennantPark Floating Rate Capital Ltd. Common Stock,NASDAQ,Financial Services,Asset Management,6.84,740670.0,856250453.0,,0.0,2026-10-03,0.2684,0.1428,0.5035,0.45,0.314,50.0,0.4215,0.6,0.7239,0.9,0.5896,0.5,0.6886,0.3,14.0,0.536,0.002826,0.126764,0.0536,0.0868224,2026-10-03,0.24,0.0,1.0,0.32,0.008
RQI,Cohen & Steers Quality Income Realty Fund Inc Common Shares,NYSE,Financial Services,Asset Management,11.06,739555.0,1643287028.0,62.0,0.0,2026-10-03,0.3705,0.0,0.76,0.45,0.3417,,0.6519,0.6,0.716,0.35,0.6248,0.5,0.5,0.3,10.0,0.47,0.0030753,0.134332,0.047,0.0,2026-10-03,0.0,0.0,0.5333,0.1067,0.0026675
ACA,Arcosa Inc. Common Stock ,NYSE,Industrials,Engineering & Construction,146.5,739190.0,7120487305.0,62.0,0.0,2026-10-03,0.8278,0.9133,0.3919,1.0,0.8097,25.0,0.6565,0.5337,0.729,0.55,0.6333,0.7,0.5533,0.3,15.0,0.5887,0.0072873,0.1361595,0.05887,0.5552864000000001,2026-10-03,0.555,0.0,0.5031,0.3781,0.0094525
VVX,V2X Inc. Common Stock,NASDAQ,Industrials,Aerospace & Defense,70.79,737635.0,1979086746.0,,0.0,2026-10-03,0.5891,0.303,0.6698,0.45,0.49,29.0,0.8887,0.45,0.6567,0.8,0.7122,0.7472,0.5658,0.3,18.0,0.6167,0.00441,0.153123,0.06167,0.184224,2026-10-03,0.57,0.0,1.0,0.485,0.012125
SIMO,Silicon Motion Technology Corporation,NASDAQ,Technology,Semiconductors,280.5,735335.0,5215134226.0,63.0,0.0,2026-10-03,0.9703,0.75,0.2416,0.45,0.6902,25.0,0.9375,0.3,0.75,0.75,0.7125,0.675,0.7147,0.3,20.0,0.6326,0.0062118,0.1531875,0.06326,0.456,2026-10-03,0.57,0.0,1.0,0.485,0.012125
TFSL,TFS Financial Corporation - Common Stock,NASDAQ,Financial Services,Banks - Regional,16.82,733815.0,4147767489.0,,0.0,2026-10-03,0.7245,0.5,0.4707,0.6,0.5924,25.0,0.8067,0.5,0.6073,0.15,0.6145,0.6632,0.5,0.6,19.0,0.5966,0.0053316,0.1321175,0.05966,0.304,2026-10-03,0.555,0.0,0.7223,0.422,0.01055
ZBIO,"Zenas BioPharma, Inc. - Common Stock",NASDAQ,Healthcare,Biotechnology,28.3,733280.0,1274664187.0,,0.0,2026-10-03,0.8895,0.5,0.5737,0.0,0.5415,39.0,0.5417,0.3,0.325,0.2,0.3929,0.6813,0.6775,0.8,16.0,0.6977,0.0048734999999999,0.0844735,0.06977,0.304,2026-10-03,0.24,0.0,1.0,0.32,0.008
JAZZ,Jazz Pharmaceuticals plc,NASDAQ,Healthcare,Biotechnology,235.67,731005.0,11458782454.560852,61.0,0.0,2026-10-03,0.8848,0.2853,0.5631,0.6,0.6047,31.0,0.701,0.55,0.75,0.75,0.6804,0.7,0.7289,0.3,20.0,0.6501,0.0054423,0.146286,0.06501,0.1734624,2026-10-03,0.555,0.0,1.0,0.4775,0.0119375
TRAX,"First Tracks Biotherapeutics, Inc.",NASDAQ,Healthcare,Biotechnology,33.28,730595.0,1264499946.0,62.0,0.0,2026-10-03,0.3153,0.5,0.4853,0.0002,0.3294,32.0,0.5,0.55,0.5,0.5,0.5125,0.6727,0.725,0.3,11.0,0.6351,0.0029646,0.1101875,0.06351,0.304,2026-10-03,0.21,0.0,1.0,0.305,0.007625
ZD,"Ziff Davis, Inc. - Common Stock",NASDAQ,Communication Services,Advertising Agencies,55.2,730110.0,1654236309.0,,0.0,2026-10-03,0.7838,0.75,0.5461,0.75,0.7168,32.0,0.6498,0.6,0.6402,0.55,0.625,0.6647,0.604,0.8,17.0,0.6638,0.0064512,0.134375,0.06638,0.456,2026-10-03,0.57,0.0,1.0,0.485,0.012125
QLYS,"Qualys, Inc.",NASDAQ,Technology,Software - Infrastructure,193.0,728015.0,3142263431.552216,61.0,0.0,2026-10-03,0.9038,1.0,0.4005,0.9,0.8399,30.0,0.8569,0.45,0.75,0.3,0.6728,0.6625,0.5264,0.6,20.0,0.6055,0.0075590999999999,0.1446519999999999,0.06055,0.6080000000000001,2026-10-03,0.57,0.0,0.4508,0.3752,0.00938
PUBM,"PubMatic, Inc.",NASDAQ,Technology,Software - Application,18.42,726300.0,390620682.9097595,61.0,0.0,2026-10-03,0.9667,1.0,0.5527,0.75,0.8503,36.0,0.6073,0.45,0.542,0.3,0.5209,0.6875,0.7237,0.3,20.0,0.6421,0.0076527,0.1119935,0.06421,0.6080000000000001,2026-10-03,0.36,0.0,1.0,0.38,0.009500000000000001
LOGI,Logitech International S.A.,NASDAQ,Technology,Computer Hardware,104.32,723100.0,13279093115.203903,61.0,0.0,2026-10-03,0.329,1.0,0.363,0.45,0.5414,30.0,0.7723,0.6,0.75,0.55,0.7014,0.6794,0.462,0.3,17.0,0.5464,0.0048726,0.150801,0.05464,0.6080000000000001,2026-10-03,0.57,0.0,0.8181,0.4486,0.011215000000000001
AXSM,"Axsome Therapeutics, Inc.",NASDAQ,Healthcare,Biotechnology,179.25,722700.0,8055364497.489899,61.0,0.0,2026-10-03,0.8088,0.25,0.2704,0.0334,0.4189,29.0,0.6667,0.2951,0.4,0.35,0.4754,0.6875,0.7126,0.3,20.0,0.6382,0.0037701,0.102211,0.06382,0.152,2026-10-03,0.45,0.0,1.0,0.425,0.010625
CRS,Carpenter Technology Corporation Common Stock,NASDAQ,Industrials,Metal Fabrication,388.47,721570.0,21296550575.0,,0.0,2026-10-03,0.8337,0.25,0.499,0.0,0.4437,18.0,0.8079,0.574,0.75,0.55,0.7092,0.7125,0.6939,0.3,20.0,0.6441,0.0039933,0.152478,0.06441,0.152,2026-10-03,0.555,0.0,1.0,0.4775,0.0119375
RLI,RLI Corp. Common Stock (DE),NASDAQ,Financial Services,Insurance - Property & Casualty,55.94,720585.0,4855031022.0,,0.0,2026-10-03,0.5024,0.25,0.4589,0.45,0.4144,15.0,0.6158,0.45,0.75,0.55,0.6013,0.6875,0.4675,0.6,20.0,0.5974,0.0037295999999999,0.1292795,0.05974,0.152,2026-10-03,0.85,0.0,0.5549,0.536,0.013400000000000002
CHRD,Chord Energy Corporation,NASDAQ,Energy,Oil & Gas E&P,137.01,720410.0,8271725353.977493,61.0,0.0,2026-10-03,0.8017,0.75,0.4811,0.6,0.6819,30.0,0.7292,0.45,0.75,0.8,0.6717,0.6625,0.6765,0.3,20.0,0.613,0.0061370999999999,0.1444155,0.0613,0.456,2026-10-03,0.54,0.0,1.0,0.47,0.01175
LSPD,Lightspeed Commerce Inc. Subordinate Voting Shares,NASDAQ,Technology,Software - Application,9.82,720365.0,1290628774.0,,0.0,2026-10-03,0.3599,0.5,0.6997,0.074,0.3846,32.0,0.4946,0.8,0.4907,0.8,0.6005,0.7125,0.5467,0.3,16.0,0.5926,0.0034614,0.1291075,0.05926,0.304,2026-10-03,0.24,0.9,0.9167,0.5733,0.014332500000000001
TYL,Tyler Technologies Inc. Common Stock,NYSE,Technology,Software - Application,322.81,720075.0,12831328301.0,63.0,0.0,2026-10-03,0.2969,0.5,0.6337,0.0,0.3384,24.0,0.7523,0.55,0.7404,0.65,0.6885,0.7194,0.7059,0.3,18.0,0.6518,0.0030456,0.1480275,0.06518,0.304,2026-10-03,0.555,0.0,1.0,0.4775,0.0119375
SENS,"Senseonics Holdings, Inc.",NASDAQ,Healthcare,Medical Devices,9.88,717815.0,301211107.0,63.0,0.0,2026-10-03,0.886,1.0,0.472,0.6,0.7779,31.0,0.6667,0.3,0.4,0.35,0.4767,0.725,0.5771,0.3,20.0,0.6095,0.0070011,0.1024905,0.06095,0.6080000000000001,2026-10-03,0.435,0.55,1.0,0.5825,0.0145625
OSS,"One Stop Systems, Inc.",NASDAQ,Technology,Computer Hardware,8.66,717285.0,388378194.0,63.0,0.0,2026-10-03,0.8135,0.0,0.4561,0.0,0.3746,31.0,0.6667,0.6,0.4425,0.5,0.5773,0.6763,0.71,0.6,19.0,0.6767,0.0033714,0.1241195,0.06767,0.0,2026-10-03,0.345,0.0,1.0,0.3725,0.0093125
DVA,DaVita Inc. Common Stock,NASDAQ,Healthcare,Medical Care Facilities,178.69,716200.0,10013648735.0,,0.0,2026-10-03,0.6223,0.25,0.3322,0.083,0.3748,24.0,0.7617,0.45,0.75,0.9,0.6947,0.6625,0.5837,0.6,20.0,0.6256,0.0033732,0.1493605,0.06256,0.152,2026-10-03,0.555,0.0,1.0,0.4775,0.0119375
NEXA,Nexa Resources S.A. Common Shares,NASDAQ,Basic Materials,Other Industrial Metals & Mining,12.24,714635.0,1911089197.0,,0.0,2026-10-03,0.9691,0.25,0.3536,0.0983,0.4988,25.0,0.8542,0.3,0.75,0.8,0.6842,0.6763,0.525,0.3,19.0,0.5669,0.0044892,0.147103,0.05669,0.152,2026-10-03,0.555,0.0,0.8,0.4375,0.010937500000000001
AXS,Axis Capital Holdings Limited Common Stock,NASDAQ,Financial Services,Insurance - Specialty,94.88,714595.0,7358942024.0,,0.0,2026-10-03,0.3302,0.0,0.606,0.45,0.3122,24.0,0.684,0.3,0.7242,0.65,0.5947,0.7625,0.655,0.3,20.0,0.6555,0.0028098,0.1278605,0.06555,0.0,2026-10-03,0.57,0.0,1.0,0.485,0.012125
FMS,Fresenius Medical Care AG American Depositary Shares (Each representing 1/2 of an Ordinary Share),NASDAQ,Healthcare,Medical Care Facilities,22.25,712635.0,12441788647.0,,0.0,2026-10-03,0.2173,0.25,0.4708,0.45,0.3229,30.0,0.6473,0.45,0.7324,0.75,0.6295,0.7088,0.4071,0.3,17.0,0.5419,0.0029061,0.1353424999999999,0.05419,0.152,2026-10-03,0.4835,0.0,0.2684,0.2954,0.007385
IVT,InvenTrust Properties Corp. Common Stock,NYSE,Real Estate,REIT - Retail,30.4,711375.0,2755811951.0,62.0,0.0,2026-10-03,0.4501,0.25,0.3051,0.45,0.3799,23.0,0.5162,0.55,0.6656,0.5,0.5604,0.5,0.6069,0.3,14.0,0.5074,0.0034191,0.120486,0.05074,0.152,2026-10-03,0.54,0.0,1.0,0.47,0.01175
ALV,Autoliv Inc. Common Stock,NASDAQ,Consumer Cyclical,Auto Parts,111.85,709175.0,8819649667.0,,0.0,2026-10-03,0.4952,0.296,0.4253,0.6,0.4495,19.0,0.4998,0.45,0.7474,0.75,0.5743,0.6708,0.6456,0.3,12.0,0.6064,0.0040455,0.1234745,0.06064,0.179968,2026-10-03,0.555,0.0,1.0,0.4775,0.0119375
HCSG,"Healthcare Services Group, Inc.",NASDAQ,Healthcare,Medical Care Facilities,20.87,707695.0,1313643016.201973,61.0,0.0,2026-10-03,0.595,0.25,0.5069,0.45,0.4578,17.0,0.496,0.6,0.7113,0.65,0.5913,0.7281,0.63,0.3,16.0,0.6296,0.0041202,0.1271295,0.06296,0.152,2026-10-03,0.555,0.0,1.0,0.4775,0.0119375
WAT,Waters Corporation Common Stock,NASDAQ,Healthcare,Diagnostics & Research,425.21,707640.0,30418540216.0,,0.0,2026-10-03,0.7482,1.0,0.5101,0.75,0.766,30.0,0.8125,0.366,0.6952,0.55,0.6453,0.7194,0.6804,0.3,18.0,0.6429,0.006894,0.1387395,0.06429,0.6080000000000001,2026-10-03,0.57,0.0,0.8809,0.4612,0.01153
CECO,CECO Environmental Corp.,NASDAQ,Industrials,Pollution & Treatment Controls,73.66,706315.0,2203433883.6026306,61.0,0.0,2026-10-03,0.728,0.75,0.3188,0.0914,0.5386,23.0,0.6667,0.25,0.6275,0.55,0.5411,0.6763,0.7329,0.3,19.0,0.6397,0.0048474,0.1163365,0.06397,0.456,2026-10-03,0.54,0.0,1.0,0.47,0.01175
DCI,Donaldson Company Inc. Common Stock,NASDAQ,Industrials,Specialty Industrial Machinery,88.65,705225.0,10302834951.0,,0.0,2026-10-03,0.4477,0.5085,0.4623,0.45,0.4665,,0.6583,0.6,0.75,0.55,0.6558,0.7,0.515,0.3,20.0,0.5753,0.0041985,0.140997,0.05753,0.309168,2026-10-03,0.0,0.0,0.8667,0.1733,0.0043325
RYTM,"Rhythm Pharmaceuticals, Inc.",NASDAQ,Healthcare,Biotechnology,92.83,701380.0,5451877263.692719,61.0,0.0,2026-10-03,0.4679,0.25,0.418,0.45,0.4015,30.0,0.75,0.3,0.4,0.2,0.495,0.6794,0.7028,0.6,17.0,0.6757,0.0036135,0.1064249999999999,0.06757,0.152,2026-10-03,0.57,0.0,1.0,0.485,0.012125
FHI,Federated Hermes Inc. Common Stock,NASDAQ,Financial Services,Asset Management,56.07,697770.0,4236403789.0,,0.0,2026-10-03,0.5879,0.3797,0.5036,0.45,0.4834,25.0,0.8392,0.6,0.75,0.65,0.7382,0.6632,0.4888,0.3,19.0,0.5476,0.0043506,0.158713,0.05476,0.2308576,2026-10-03,0.54,0.0,0.788,0.4276,0.01069
VECO,Veeco Instruments Inc. - Common Stock,NASDAQ,Technology,Semiconductor Equipment & Materials,57.38,697125.0,2418098097.0,,0.0,2026-10-03,0.5641,0.5,0.7019,0.0,0.4589,31.0,0.4869,0.6,0.6687,0.75,0.5869,0.7289,0.64,0.6,19.0,0.6785,0.0041301,0.1261835,0.06785,0.304,2026-10-03,0.345,0.0,1.0,0.3725,0.0093125
PSO,Pearson Plc Common Stock,NASDAQ,Communication Services,Publishing,16.12,690865.0,8771136476.0,,0.0,2026-10-03,0.557,0.5,0.3881,0.75,0.5578,,0.565,0.6,0.7458,0.55,0.6175,0.6647,0.35,0.3,17.0,0.4999,0.0050202,0.1327625,0.04999,0.304,2026-10-03,0.0,0.0,0.6026,0.1205,0.0030125
BMO,Bank Of Montreal Common Stock,NASDAQ,Financial Services,Banks - Diversified,165.7,689905.0,107253560460.0,,0.0,2026-10-03,0.7435,0.25,0.4182,0.6,0.5269,59.0,0.5542,0.5,0.6312,0.55,0.5595,0.5,0.5267,0.3,20.0,0.4793,0.0047421,0.1202925,0.04793,0.152,2026-10-03,0.36,0.9,0.6556,0.5811,0.014527499999999999
COLM,Columbia Sportswear Company,NASDAQ,Consumer Cyclical,Apparel Manufacturing,57.27,688855.0,2960655707.4148674,61.0,0.0,2026-10-03,0.3789,0.0,0.4963,0.45,0.3216,25.0,0.5302,0.6,0.7253,0.45,0.5884,0.7125,0.5637,0.6,20.0,0.6436,0.0028944,0.126506,0.06436,0.0,2026-10-03,0.555,0.0,0.95,0.4675,0.011687500000000002
ROK,Rockwell Automation Inc. Common Stock,NASDAQ,Industrials,Specialty Industrial Machinery,454.35,688490.0,45105944735.0,,0.0,2026-10-03,0.5665,0.5,0.4379,0.75,0.5702,32.0,0.7785,0.45,0.75,0.55,0.6664,0.6813,0.5818,0.3,16.0,0.5892,0.0051318,0.143276,0.05892,0.304,2026-10-03,0.57,0.0,0.8697,0.4589,0.0114725
AIP,"Arteris, Inc.  - Common Stock",NASDAQ,Technology,Semiconductors,24.66,687955.0,827504184.8887672,,0.0,2026-10-03,0.7791,0.5,0.4921,0.0,0.5034,30.0,0.75,0.55,0.4,0.35,0.5725,0.6632,0.738,0.3,19.0,0.6349,0.0045305999999999,0.1230875,0.06349,0.304,2026-10-03,0.57,0.0,1.0,0.485,0.012125
RUSHA,"Rush Enterprises, Inc.",NASDAQ,Consumer Cyclical,Auto & Truck Dealerships,47.18,687695.0,5865723985.0,62.0,0.0,2026-10-03,0.6995,0.25,0.4511,0.45,0.4861,23.0,0.5177,0.45,0.7251,0.3,0.5308,0.6656,0.6575,0.6,16.0,0.6529,0.0043749,0.114122,0.06529,0.152,2026-10-03,0.57,0.0,1.0,0.485,0.012125
AVNT,Avient Corporation Common Stock,NASDAQ,Basic Materials,Specialty Chemicals,41.17,686220.0,3444620664.0,,0.0,2026-10-03,0.7411,0.75,0.5151,0.6,0.6651,31.0,0.7654,0.55,0.7263,0.65,0.6903,0.7125,0.65,0.3,20.0,0.6288,0.0059859,0.1484145,0.06288,0.456,2026-10-03,0.57,0.0,1.0,0.485,0.012125
BCAX,Bicara Therapeutics Inc.,NASDAQ,Healthcare,Biotechnology,17.63,685070.0,1216901376.3330688,61.0,0.0,2026-10-03,0.576,0.25,0.4136,0.0,0.3461,37.0,0.5,0.7,0.4,0.5,0.525,0.6813,0.7331,0.6,16.0,0.6872,0.0031149,0.112875,0.06872,0.152,2026-10-03,0.225,0.0,1.0,0.3125,0.0078125
RL,Ralph Lauren Corporation Common Stock,NASDAQ,Consumer Cyclical,Apparel Manufacturing,363.37,682610.0,22512237654.0,,0.0,2026-10-03,0.2862,0.25,0.4178,0.6,0.3756,32.0,0.7333,0.6,0.75,0.55,0.6858,0.675,0.6926,0.3,10.0,0.6249,0.0033804,0.147447,0.06249,0.152,2026-10-03,0.345,0.0,1.0,0.3725,0.0093125
PCTY,Paylocity Holding Corporation,NASDAQ,Technology,Software - Application,144.47,681625.0,5885721616.395447,61.0,0.0,2026-10-03,0.7078,0.5,0.4559,0.6,0.5839,30.0,0.7979,0.45,0.75,0.65,0.6842,0.6875,0.6934,0.3,20.0,0.6314,0.0052550999999999,0.147103,0.06314,0.304,2026-10-03,0.57,0.0,1.0,0.485,0.012125
AGRO,Adecoagro S.A. Common Shares,NASDAQ,Consumer Defensive,Farm Products,10.1,680930.0,1822131287.0,,0.0,2026-10-03,0.633,0.5,0.3655,0.0,0.4233,38.0,0.7292,0.25,0.6931,0.15,0.5424,0.7625,0.4898,0.3,20.0,0.5977,0.0038097,0.116616,0.05977,0.304,2026-10-03,0.225,0.0,0.8,0.2725,0.006812500000000001
PRG,PROG Holdings Inc. Common Stock,NYSE,Industrials,Rental & Leasing Services,31.0,675320.0,1772500618.0,62.0,0.0,2026-10-03,0.658,0.25,0.566,0.0,0.3902,24.0,0.6196,0.6,0.75,0.75,0.6603,0.7194,0.7464,0.3,18.0,0.666,0.0035118,0.1419645,0.0666,0.152,2026-10-03,0.57,0.0,1.0,0.485,0.012125
AMCX,AMC Global Media Inc.,NASDAQ,Communication Services,Entertainment,11.16,669680.0,364600017.0,63.0,0.0,2026-10-03,0.9335,0.75,0.4984,0.6,0.7288,33.0,0.4867,0.55,0.628,0.75,0.5642,0.5,0.41,0.6,19.0,0.4835,0.0065592,0.121303,0.04835,0.456,2026-10-03,0.345,0.0,0.0667,0.1858,0.004645
HCC,Warrior Met Coal Inc. Common Stock,NASDAQ,Basic Materials,Coking Coal,89.35,665190.0,4575598797.0,,0.0,2026-10-03,0.8254,0.5,0.4753,0.45,0.5936,31.0,0.9375,0.3363,0.75,0.65,0.7116,0.5,0.62,0.3,15.0,0.512,0.0053424,0.152994,0.0512,0.304,2026-10-03,0.555,0.0,1.0,0.4775,0.0119375
UMH,UMH Properties Inc. Common Stock,NASDAQ,Real Estate,REIT - Residential,15.41,659605.0,1339826155.0,,0.0,2026-10-03,0.538,0.4993,0.5262,0.75,0.5623,29.0,0.7773,0.55,0.6863,0.75,0.695,0.6632,0.6833,0.3,19.0,0.6157,0.0050607,0.1494249999999999,0.06157,0.3035744,2026-10-03,0.555,1.0,1.0,0.7775,0.0194375
RGLD,"Royal Gold, Inc.",NASDAQ,Basic Materials,Gold,234.64,658875.0,19988892204.675903,61.0,0.0,2026-10-03,0.709,0.5,0.576,0.45,0.5654,31.0,0.8542,0.3547,0.75,0.65,0.6828,0.675,0.655,0.3,20.0,0.6118,0.0050886,0.146802,0.06118,0.304,2026-10-03,0.5608,0.0,1.0,0.4804,0.01201
CYRX,"CryoPort, Inc.",NASDAQ,Industrials,Integrated Freight & Logistics,17.43,651645.0,685471476.0,63.0,0.0,2026-10-03,0.9204,1.0,0.6828,0.9,0.8806,30.0,0.6731,0.3,0.4434,0.15,0.4701,0.6917,0.6967,0.3,18.0,0.6347,0.0079254,0.1010715,0.06347,0.6080000000000001,2026-10-03,0.42,0.0,1.0,0.41,0.01025
LPG,Dorian LPG Ltd. Common Stock,NYSE,Energy,Oil & Gas Midstream,57.21,647110.0,1987683320.0,64.0,0.0,2026-10-03,0.9537,1.0,0.5503,0.9,0.8716,32.0,0.7292,0.3,0.75,0.65,0.6192,0.7056,0.714,0.3,18.0,0.6477,0.0078444,0.133128,0.06477,0.6080000000000001,2026-10-03,0.435,0.0,0.6133,0.3402,0.008505
AMN,AMN Healthcare Services Inc,NASDAQ,Healthcare,Medical Care Facilities,36.63,637170.0,786654580.0,,0.0,2026-10-03,0.9276,1.0,0.5509,1.0,0.8866,32.0,0.4935,0.45,0.7089,0.65,0.5521,0.5,0.5467,0.6,20.0,0.5313,0.0079794,0.1187015,0.05313,0.6080000000000001,2026-10-03,0.57,0.0,0.6903,0.4231,0.0105775
MH,McGraw Hill Inc. Common Stock,NYSE,Consumer Defensive,Education & Training Services,12.85,622680.0,1878331911.0,62.0,0.0,2026-10-03,0.5,0.5,0.6779,0.0708,0.434,38.0,0.7454,0.3,0.739,0.8,0.6379,0.6875,0.7146,0.3,20.0,0.6389,0.0039059999999999,0.1371485,0.06389,0.304,2026-10-03,0.36,0.0,1.0,0.38,0.009500000000000001
MOH,Molina Healthcare Inc Common Stock,NASDAQ,Healthcare,Healthcare Plans,189.54,618600.0,9166474127.0,,0.0,2026-10-03,0.5534,0.25,0.4879,0.45,0.4417,17.0,0.3602,0.55,0.5564,0.75,0.4957,0.5,0.5437,0.3,20.0,0.4853,0.0039753,0.1065754999999999,0.04853,0.152,2026-10-03,0.57,0.0,0.851,0.4552,0.011380000000000001
OIS,Oil States International Inc. Common Stock,NASDAQ,Energy,Oil & Gas Equipment & Services,8.23,616475.0,667013856.0,,0.0,2026-10-03,0.5713,0.1947,0.261,0.0,0.3158,25.0,0.6335,0.6,0.6169,0.65,0.6226,0.6647,0.7025,0.3,17.0,0.6232,0.0028422,0.133859,0.06232,0.1183776,2026-10-03,0.57,0.0,1.0,0.485,0.012125
ASC,Ardmore Shipping Corporation Common Stock,NASDAQ,Industrials,Marine Shipping,19.3,601785.0,683851819.0,,0.0,2026-10-03,0.8456,1.0,0.608,1.0,0.8628,31.0,0.8125,0.3,0.75,0.65,0.6525,0.7,0.71,0.3,15.0,0.6435,0.0077652,0.1402874999999999,0.06435,0.6080000000000001,2026-10-03,0.555,0.0,0.9291,0.4633,0.0115825
DUOT,"Duos Technologies Group, Inc.",NASDAQ,Technology,Software - Application,9.11,600305.0,360678674.0,64.0,0.0,2026-10-03,0.5796,0.25,0.2605,0.0,0.3385,39.0,0.6042,0.6,0.5833,0.35,0.5725,0.6647,0.71,0.6,17.0,0.6709,0.0030465,0.1230875,0.06709,0.152,2026-10-03,0.24,0.8,1.0,0.56,0.014000000000000002
CVLT,"Commvault Systems, Inc.",NASDAQ,Technology,Software - Application,150.28,591635.0,3430100460.349594,61.0,0.0,2026-10-03,0.5487,0.75,0.5558,0.45,0.5815,23.0,0.6517,0.6,0.7457,0.3,0.6271,0.6625,0.6249,0.3,20.0,0.5949,0.0052335,0.1348265,0.05949,0.456,2026-10-03,0.57,0.0,0.8882,0.4626,0.011565
SANM,Sanmina Corporation,NASDAQ,Technology,Electronic Components,229.04,587230.0,7169621961.040894,61.0,0.0,2026-10-03,0.8884,0.7908,0.4406,0.45,0.6984,29.0,0.8542,0.25,0.7042,0.75,0.6552,0.7,0.5525,0.3,20.0,0.5884,0.0062856,0.140868,0.05884,0.4808064,2026-10-03,0.57,0.0,1.0,0.485,0.012125
ETON,"Eton Pharmaceuticals, Inc.",NASDAQ,Healthcare,Drug Manufacturers - Specialty & Generic,55.36,587035.0,1271553208.0,62.0,0.0,2026-10-03,0.9929,0.75,0.2036,0.45,0.6878,39.0,0.7292,0.4416,0.75,0.35,0.6246,0.7421,0.71,0.3,19.0,0.6646,0.0061902,0.134289,0.06646,0.456,2026-10-03,0.225,0.0,1.0,0.3125,0.0078125
CSWC,Capital Southwest Corporation,NASDAQ,Financial Services,Asset Management,23.52,586345.0,1301003682.5,61.0,0.0,2026-10-03,0.601,0.4286,0.4099,0.75,0.5528,29.0,0.5498,0.6,0.75,0.15,0.5724,0.6625,0.655,0.3,20.0,0.6055,0.0049752,0.123066,0.06055,0.2605888,2026-10-03,0.54,0.55,0.9015,0.6153,0.0153825
CXT,Crane NXT Co. Common Stock,NASDAQ,Industrials,Specialty Industrial Machinery,48.78,575610.0,2585725643.0,,0.0,2026-10-03,0.2874,0.5,0.4495,0.0762,0.3335,31.0,0.8542,0.45,0.75,0.8,0.7217,0.675,0.6948,0.6,20.0,0.6707,0.0030015,0.1551655,0.06707,0.304,2026-10-03,0.36,0.0,1.0,0.38,0.009500000000000001
SIBN,"SI-BONE, Inc.",NASDAQ,Healthcare,Medical Devices,18.08,570630.0,556040970.069088,61.0,0.0,2026-10-03,0.7696,0.5,0.4752,0.45,0.5801,36.0,0.6367,0.4394,0.4123,0.65,0.5326,0.6647,0.74,0.6,17.0,0.6814,0.0052209,0.1145089999999999,0.06814,0.304,2026-10-03,0.345,0.0,1.0,0.3725,0.0093125
INTA,"Intapp, Inc.",NASDAQ,Technology,Software - Application,36.49,557110.0,2044884915.7140656,61.0,0.0,2026-10-03,0.8717,0.5,0.3074,0.45,0.5905,30.0,0.7063,0.3,0.5096,0.75,0.5599,0.7056,0.57,0.3,18.0,0.5973,0.0053145,0.1203784999999999,0.05973,0.304,2026-10-03,0.57,0.0,0.9314,0.4713,0.011782500000000001
ZBRA,Zebra Technologies Corporation - Class A Common Stock,NASDAQ,Technology,Communication Equipment,375.86,551860.0,10926953671.0,,0.0,2026-10-03,0.8622,1.0,0.3342,0.9,0.8146,30.0,0.9375,0.3,0.75,0.75,0.7125,0.675,0.6375,0.3,20.0,0.6056,0.0073313999999999,0.1531875,0.06056,0.6080000000000001,2026-10-03,0.57,0.0,0.9898,0.483,0.012075
OMCL,"Omnicell, Inc.",NASDAQ,Healthcare,Health Information Services,33.6,534465.0,1511653012.658913,61.0,0.0,2026-10-03,0.3444,0.25,0.6308,0.0,0.2971,25.0,0.776,0.55,0.6646,0.15,0.6291,0.6794,0.695,0.3,17.0,0.628,0.0026739,0.1352565,0.0628,0.152,2026-10-03,0.57,0.0,1.0,0.485,0.012125
BLK,BlackRock Inc. Common Stock,NASDAQ,Financial Services,Asset Management,1059.63,526780.0,162351722924.0,,0.0,2026-10-03,0.4762,0.5,0.5669,0.6,0.5152,10.0,0.8517,0.6,0.7374,0.75,0.75,0.6895,0.7394,0.3,19.0,0.6485,0.0046368,0.16125,0.06485,0.304,2026-10-03,0.715,0.0,1.0,0.5575,0.0139375
AEIS,"Advanced Energy Industries, Inc.",NASDAQ,Industrials,Electrical Equipment & Parts,304.28,512150.0,11818324837.234495,61.0,0.0,2026-10-03,0.5808,0.25,0.3499,0.45,0.442,30.0,0.9375,0.4781,0.75,0.45,0.727,0.6895,0.7192,0.3,19.0,0.6414,0.003978,0.156305,0.06414,0.152,2026-10-03,0.555,0.0,1.0,0.4775,0.0119375
EQIX,"Equinix, Inc.",NASDAQ,Real Estate,REIT - Specialty,1025.72,505225.0,94913276939.19922,61.0,0.0,2026-10-03,0.6235,0.4004,0.4196,0.75,0.5578,24.0,0.9169,0.45,0.7368,0.45,0.7085,0.7,0.6872,0.3,20.0,0.6355,0.0050202,0.1523275,0.06355,0.2434431999999999,2026-10-03,0.42,0.0,1.0,0.41,0.01025
DIOD,Diodes Incorporated,NASDAQ,Technology,Semiconductors,103.84,498685.0,3821765174.0,62.0,1.0,2026-10-03,0.8242,0.7841,0.3886,0.45,0.6678,32.0,0.7354,0.6,0.6925,0.75,0.6923,0.7056,0.71,0.3,18.0,0.6463,0.0060102,0.1488445,0.06463,0.4767328,2026-10-03,0.57,0.0,1.0,0.485,0.012125
ATHM,Autohome Inc. American Depositary Shares each representing four class A ordinary shares.,NASDAQ,Communication Services,Internet Content & Information,20.56,497280.0,2130661853.0,,1.0,2026-10-03,0.4026,0.5,0.7026,0.0947,0.4045,32.0,0.2708,0.85,0.6762,0.15,0.5049,0.6778,0.4768,0.3,18.0,0.5508,0.0036405,0.1085535,0.05508,0.304,2026-10-03,0.24,0.0,0.6821,0.2564,0.006410000000000001
SA,Seabridge Gold Inc. Ordinary Shares (Canada),NASDAQ,Basic Materials,Gold,26.97,496600.0,3238325113.0,,1.0,2026-10-03,0.6722,0.25,0.5626,0.0099,0.4015,38.0,0.5625,0.3,0.5058,0.15,0.4414,0.5,0.74,0.3,20.0,0.554,0.0036135,0.094901,0.0554,0.152,2026-10-03,0.24,0.0,1.0,0.32,0.008
DRTS,Alpha Tau Medical Ltd.,NASDAQ,Healthcare,Biotechnology,14.77,495615.0,911780845.0,63.0,1.0,2026-10-03,0.9905,0.75,0.6457,0.75,0.8008,46.0,0.5,0.3017,0.4,0.5,0.4254,0.7125,0.686,0.3,20.0,0.6413,0.0072072,0.091461,0.06413,0.456,2026-10-03,0.255,0.0,1.0,0.3275,0.0081875
WCC,WESCO International Inc. Common Stock,NASDAQ,Industrials,Industrial Distribution,381.73,493550.0,15436310365.0,,2.0,2026-10-03,0.8112,1.0,0.4484,1.0,0.8336,25.0,0.7504,0.5452,0.7358,0.55,0.6754,0.7026,0.68,0.3,19.0,0.6343,0.0075023999999999,0.145211,0.06343,0.6080000000000001,2026-10-03,0.555,0.0,0.9304,0.4636,0.011590000000000001
KRNY,Kearny Financial,NASDAQ,Financial Services,Banks - Regional,9.32,492575.0,585275693.0,62.0,1.0,2026-10-03,0.8492,0.5,0.4018,0.75,0.6531,18.0,0.7304,0.5,0.6037,0.5,0.6181,0.5,0.7333,0.3,8.0,0.5517,0.0058779,0.1328915,0.05517,0.304,2026-10-03,0.57,0.8,1.0,0.725,0.018125
ULTA,"Ulta Beauty, Inc. - Common Stock",NASDAQ,Consumer Cyclical,Specialty Retail,543.69,491585.0,23085187802.0,,1.0,2026-10-03,0.4371,0.5,0.6709,0.45,0.4858,60.0,0.6596,0.45,0.75,0.55,0.6188,0.6895,0.6567,0.3,19.0,0.6196,0.0043722,0.133042,0.06196,0.304,2026-10-03,0.345,0.0,1.0,0.3725,0.0093125
SEZL,Sezzle Inc.,NASDAQ,Financial Services,Credit Services,107.41,488170.0,2160525175.1951523,61.0,1.0,2026-10-03,0.848,0.25,0.6416,0.0,0.4719,31.0,0.9375,0.6,0.75,0.9,0.8025,0.7,0.6529,0.8,20.0,0.6985,0.0042470999999999,0.1725374999999999,0.06985,0.152,2026-10-03,0.36,0.0,1.0,0.38,0.009500000000000001
MATV,Mativ Holdings Inc. Common Stock,NYSE,Basic Materials,Specialty Chemicals,11.9,483355.0,430467109.0,62.0,1.0,2026-10-03,0.861,0.75,0.3577,0.45,0.6581,31.0,0.4867,0.55,0.7158,0.3,0.5411,0.6794,0.5,0.3,17.0,0.5597,0.0059229,0.1163365,0.05597,0.456,2026-10-03,0.555,0.0,1.0,0.4775,0.0119375
BVS,Bioventus Inc.,NASDAQ,Healthcare,Medical Devices,13.13,467135.0,711354504.0,63.0,2.0,2026-10-03,0.9525,0.5,0.6324,0.45,0.6606,30.0,0.7529,0.55,0.75,0.55,0.6812,0.7088,0.746,0.3,17.0,0.6605,0.0059454,0.146458,0.06605,0.304,2026-10-03,0.57,0.0,1.0,0.485,0.012125
SKE,Skeena Resources Limited Common Shares,NASDAQ,Basic Materials,Other Industrial Metals & Mining,29.94,457760.0,3854571553.0,,2.0,2026-10-03,0.8907,0.5,0.6105,0.45,0.6359,39.0,0.5,0.3,0.409,0.5,0.4272,0.6895,0.5,0.3,19.0,0.5647,0.0057231,0.091848,0.05647,0.304,2026-10-03,0.21,0.0,0.5333,0.2117,0.0052925
INTC,Intel Corporation,NASDAQ,Technology,Semiconductors,119.33,112112985.0,219970464983.98825,61.0,0.0,2026-10-03,0.58255,0.5,0.44155,0.0695,0.4882499999999999,,0.75,0.4778,0.7119,0.65,0.6543,0.6833,0.6629,0.3,19.0,0.6293,0.00439425,0.1406745,0.06293,0.304,2026-10-03,0.57,0.55,0.7339,0.5968,0.014920000000000001
NOK,Nokia Corporation Sponsored American Depositary Shares,NASDAQ,Technology,Communication Equipment,10.6,87298420.0,58393307641.0,,0.0,2026-10-03,0.58255,0.5,0.44155,0.0695,0.4882499999999999,,0.75,0.4778,0.7119,0.65,0.6543,0.6833,0.6629,0.3,19.0,0.6293,0.00439425,0.1406745,0.06293,0.304,2026-10-03,0.555,0.0,1.0,0.4775,0.0119375
AAL,"American Airlines Group, Inc.",NASDAQ,Industrials,Airlines,12.94,71010585.0,6939801213.361723,61.0,0.0,2026-10-03,0.42575,0.25,0.4852999999999999,0.1068,0.40095,,0.7152000000000001,0.45,0.75,0.6000000000000001,0.6344,0.6844,0.6418,0.3,19.0,0.61435,0.00360855,0.136396,0.061435,0.152,2026-10-03,0.3375,0.0,1.0,0.3541499999999999,0.008853749999999999
ONDS,Ondas Inc,NASDAQ,Technology,Communication Equipment,7.24,60774555.0,4213495487.371936,61.0,0.0,2026-10-03,0.58255,0.5,0.44155,0.0695,0.4882499999999999,,0.75,0.4778,0.7119,0.65,0.6543,0.6833,0.6629,0.3,19.0,0.6293,0.00439425,0.1406745,0.06293,0.304,2026-10-03,0.225,0.0,1.0,0.3125,0.0078125
PATH,UiPath Inc. Class A Common Stock,NASDAQ,Technology,Software - Infrastructure,13.12,52185310.0,5433069752.0,,0.0,2026-10-03,0.58255,0.5,0.44155,0.0695,0.4882499999999999,,0.75,0.4778,0.7119,0.65,0.6543,0.6833,0.6629,0.3,19.0,0.6293,0.00439425,0.1406745,0.06293,0.304,2026-10-03,0.36,0.0,0.87,0.354,0.00885
WBD,"Warner Bros. Discovery, Inc. - Series A Common Stock",NASDAQ,Communication Services,Entertainment,30.94,50791885.0,68785725932.0,,0.0,2026-10-03,0.4121,0.2674,0.4984,0.0947,0.4045,,0.5903,0.45,0.6953499999999999,0.65,0.5902499999999999,0.6770499999999999,0.6206,0.3,18.5,0.61235,0.0036405,0.1269037499999999,0.061235,0.1625792,2026-10-03,0.0,0.0,0.95835,0.2,0.005000000000000001
F,Ford Motor Company Common Stock,NASDAQ,Consumer Cyclical,Auto Manufacturers,12.1,48750385.0,49657198850.0,,0.0,2026-10-03,0.23515,0.25,0.50275,0.08835,0.2476499999999999,,0.6992,0.45,0.7465999999999999,0.65,0.64295,0.6875,0.6443,0.3,19.0,0.6271,0.0022288499999999,0.13823425,0.06271,0.152,2026-10-03,0.345,0.0,1.0,0.3656,0.00914
TLT,iShares 20+ Year Treasury Bond ETF,NASDAQ,,,77.48,47843020.0,9487952896.0,62.0,0.0,2026-10-03,0.5297,0.2674,0.49685,0.1166,0.4607,,0.70855,0.45,0.7119,0.65,0.6271,0.6833,0.6443,0.3,19.0,0.6198,0.0041463,0.1348265,0.06198,0.1625792,2026-10-03,0.0,0.0,1.0,0.2,0.005000000000000001
SOFI,"SoFi Technologies, Inc. ",NASDAQ,Financial Services,Credit Services,15.77,44796015.0,19734708565.224552,61.0,0.0,2026-10-03,0.5297,0.25,0.5036,0.6,0.4695,,0.70855,0.5,0.6757,0.65,0.6241000000000001,0.6875,0.62175,0.3,19.0,0.6051500000000001,0.0042254999999999,0.1341815,0.060515,0.152,2026-10-03,0.345,0.0,1.0,0.33335,0.00833375
MARA,"MARA Holdings, Inc.",NASDAQ,Financial Services,Capital Markets,11.23,44758415.0,2975335946.350999,61.0,0.0,2026-10-03,0.5297,0.25,0.5036,0.6,0.4695,,0.70855,0.5,0.6757,0.65,0.6241000000000001,0.6875,0.62175,0.3,19.0,0.6051500000000001,0.0042254999999999,0.1341815,0.060515,0.152,2026-10-03,0.345,0.0,1.0,0.33335,0.00833375
RIG,Transocean Ltd (Switzerland) Common Stock,NASDAQ,Energy,Oil & Gas Drilling,5.17,44294135.0,6762246478.0,,0.0,2026-10-03,0.6603,0.5,0.5166,0.6,0.6019,,0.7292,0.4065499999999999,0.7446999999999999,0.65,0.62495,0.675,0.64585,0.3,18.0,0.6146499999999999,0.0054171,0.13436425,0.0614649999999999,0.304,2026-10-03,0.435,0.0,1.0,0.4175,0.0104375
NKE,Nike Inc. Common Stock,NASDAQ,Consumer Cyclical,Footwear & Accessories,33.87,44004505.0,66180839471.0,,0.0,2026-10-03,0.23515,0.25,0.50275,0.08835,0.2476499999999999,,0.6992,0.45,0.7465999999999999,0.65,0.64295,0.6875,0.6443,0.3,19.0,0.6271,0.0022288499999999,0.13823425,0.06271,0.152,2026-10-03,0.345,0.0,1.0,0.3656,0.00914
AGNC,AGNC Investment Corp.,NASDAQ,Real Estate,REIT - Mortgage,8.79,42947830.0,10979663914.743204,61.0,0.0,2026-10-03,0.4608,0.25,0.4744,0.45,0.407,,0.646,0.45,0.7034,0.5,0.5803,0.6778,0.6275,0.3,18.0,0.6198,0.0036629999999999,0.1247645,0.06198,0.152,2026-10-03,0.0,0.0,1.0,0.2,0.005000000000000001
AAPL,Apple Inc.,NASDAQ,Technology,Consumer Electronics,333.69,42234205.0,3714459876661.804,61.0,0.0,2026-10-03,0.58255,0.5,0.44155,0.0695,0.4882499999999999,,0.75,0.4778,0.7119,0.65,0.6543,0.6833,0.6629,0.3,19.0,0.6293,0.00439425,0.1406745,0.06293,0.304,2026-10-03,0.57,0.0,0.7471,0.4344,0.010860000000000002
PCG,Pacific Gas & Electric Co. Common Stock,NASDAQ,Utilities,Utilities - Regulated Electric,12.32,41381070.0,36578954076.0,,0.0,2026-10-03,0.2791,0.0,0.53205,0.45,0.3046,,0.645,0.0,0.7225999999999999,0.45,0.49755,0.6917,0.60385,0.3,17.0,0.60505,0.0027413999999999,0.10697325,0.060505,0.0,2026-10-03,0.0,0.0,0.99835,0.2,0.005000000000000001
BAC,Bank of America Corporation Common Stock,NASDAQ,Financial Services,Banks - Diversified,53.75,38941625.0,371111707625.0,,0.0,2026-10-03,0.5297,0.25,0.5036,0.6,0.4695,,0.70855,0.5,0.6757,0.65,0.6241000000000001,0.6875,0.62175,0.3,19.0,0.6051500000000001,0.0042254999999999,0.1341815,0.060515,0.152,2026-10-03,0.345,0.0,1.0,0.33335,0.00833375
SMCI,"Super Micro Computer, Inc.",NASDAQ,Technology,Computer Hardware,43.69,38514170.0,13198472770.596008,61.0,0.0,2026-10-03,0.58255,0.5,0.44155,0.0695,0.4882499999999999,,0.75,0.4778,0.7119,0.65,0.6543,0.6833,0.6629,0.3,19.0,0.6293,0.00439425,0.1406745,0.06293,0.304,2026-10-03,0.57,0.0,0.43,0.371,0.009275
TSLA,"Tesla, Inc.  - Common Stock",NASDAQ,Consumer Cyclical,Auto Manufacturers,370.59,38116105.0,1309411186622.0,,0.0,2026-10-03,0.23515,0.25,0.50275,0.08835,0.2476499999999999,,0.6992,0.45,0.7465999999999999,0.65,0.64295,0.6875,0.6443,0.3,19.0,0.6271,0.0022288499999999,0.13823425,0.06271,0.152,2026-10-03,0.345,0.0,1.0,0.3656,0.00914
RKT,Rocket Companies Inc. Class A Common Stock,NASDAQ,Financial Services,Mortgage Finance,11.7,37582290.0,43989120956.0,,0.0,2026-10-03,0.5297,0.25,0.5036,0.6,0.4695,,0.70855,0.5,0.6757,0.65,0.6241000000000001,0.6875,0.62175,0.3,19.0,0.6051500000000001,0.0042254999999999,0.1341815,0.060515,0.152,2026-10-03,0.345,0.0,1.0,0.33335,0.00833375
ORCL,Oracle Corporation Common Stock,NASDAQ,Technology,Software - Infrastructure,142.3,36279495.0,498361247369.0,,0.0,2026-10-03,0.58255,0.5,0.44155,0.0695,0.4882499999999999,,0.75,0.4778,0.7119,0.65,0.6543,0.6833,0.6629,0.3,19.0,0.6293,0.00439425,0.1406745,0.06293,0.304,2026-10-03,0.15,0.0,1.0,0.275,0.006875000000000001
NFLX,"Netflix, Inc.",NASDAQ,Communication Services,Entertainment,67.06,35806080.0,395662261804.1349,61.0,0.0,2026-10-03,0.4121,0.2674,0.4984,0.0947,0.4045,,0.5903,0.45,0.6953499999999999,0.65,0.5902499999999999,0.6770499999999999,0.6206,0.3,18.5,0.61235,0.0036405,0.1269037499999999,0.061235,0.1625792,2026-10-03,0.0,0.0,0.95835,0.2,0.005000000000000001
IREN,IREN Limited,NASDAQ,Financial Services,Capital Markets,41.76,35759215.0,11827215166.27433,61.0,0.0,2026-10-03,0.5297,0.25,0.5036,0.6,0.4695,,0.70855,0.5,0.6757,0.65,0.6241000000000001,0.6875,0.62175,0.3,19.0,0.6051500000000001,0.0042254999999999,0.1341815,0.060515,0.152,2026-10-03,0.345,0.0,1.0,0.33335,0.00833375
AMZN,"Amazon.com, Inc.",NASDAQ,Consumer Cyclical,Internet Retail,251.52,35179745.0,2158148419631.967,61.0,0.0,2026-10-03,0.23515,0.25,0.50275,0.08835,0.2476499999999999,,0.6992,0.45,0.7465999999999999,0.65,0.64295,0.6875,0.6443,0.3,19.0,0.6271,0.0022288499999999,0.13823425,0.06271,0.152,2026-10-03,0.345,0.0,1.0,0.3656,0.00914
HOLX,"Hologic, Inc.",NASDAQ,Healthcare,Medical Instruments & Supplies,76.01,34937305.0,16876198865.990751,61.0,0.0,2026-10-03,0.61995,0.49245,0.49685,0.45,0.4607,,0.6198,0.4585,0.6244,0.5,0.5658,0.6778,0.69395,0.3,19.0,0.6323,0.0041463,0.1216469999999999,0.06323,0.2994096,2026-10-03,0.0,0.0,1.0,0.2,0.005000000000000001
CDE,Coeur Mining Inc. Common Stock,NASDAQ,Basic Materials,Gold,17.66,34595585.0,19987733234.0,,0.0,2026-10-03,0.75715,0.5,0.5117499999999999,0.0915,0.49015,,0.7681,0.55,0.75,0.525,0.6791499999999999,0.68035,0.66,0.3,19.0,0.5902499999999999,0.00441135,0.14601725,0.0590249999999999,0.304,2026-10-03,0.45,0.0,1.0,0.425,0.010625
QQQ,"Invesco QQQ Trust, Series 1",NASDAQ,,,749.58,33875335.0,240211623936.0,62.0,0.0,2026-10-03,0.5297,0.2674,0.49685,0.1166,0.4607,,0.70855,0.45,0.7119,0.65,0.6271,0.6833,0.6443,0.3,19.0,0.6198,0.0041463,0.1348265,0.06198,0.1625792,2026-10-03,0.0,0.0,1.0,0.2,0.005000000000000001
PFE,Pfizer Inc. Common Stock,NASDAQ,Healthcare,Drug Manufacturers - General,27.8,32392190.0,153585615483.0,,0.0,2026-10-03,0.61995,0.49245,0.49685,0.45,0.4607,,0.6198,0.4585,0.6244,0.5,0.5658,0.6778,0.69395,0.3,19.0,0.6323,0.0041463,0.1216469999999999,0.06323,0.2994096,2026-10-03,0.0,0.0,1.0,0.2,0.005000000000000001
CMCSA,Comcast Corporation,NASDAQ,Communication Services,Telecom Services,21.57,32159135.0,103960312758.2438,61.0,0.0,2026-10-03,0.4121,0.2674,0.4984,0.0947,0.4045,,0.5903,0.45,0.6953499999999999,0.65,0.5902499999999999,0.6770499999999999,0.6206,0.3,18.5,0.61235,0.0036405,0.1269037499999999,0.061235,0.1625792,2026-10-03,0.0,0.0,0.95835,0.2,0.005000000000000001
HBAN,Huntington Bancshares Incorporated,NASDAQ,Financial Services,Banks - Regional,15.33,31257690.0,30984386117.696533,61.0,0.0,2026-10-03,0.5297,0.25,0.5036,0.6,0.4695,,0.70855,0.5,0.6757,0.65,0.6241000000000001,0.6875,0.62175,0.3,19.0,0.6051500000000001,0.0042254999999999,0.1341815,0.060515,0.152,2026-10-03,0.345,0.0,1.0,0.33335,0.00833375
CRWV,"CoreWeave, Inc.",NASDAQ,Technology,Software - Infrastructure,89.62,30702715.0,39426609975.0,61.0,0.0,2026-10-03,0.58255,0.5,0.44155,0.0695,0.4882499999999999,,0.75,0.4778,0.7119,0.65,0.6543,0.6833,0.6629,0.3,19.0,0.6293,0.00439425,0.1406745,0.06293,0.304,2026-10-03,0.225,0.0,1.0,0.3125,0.0078125
VALE,VALE S.A.  American Depositary Shares Each Representing one common share,NASDAQ,Basic Materials,Other Industrial Metals & Mining,13.76,30102460.0,73222045070.0,,0.0,2026-10-03,0.75715,0.5,0.5117499999999999,0.0915,0.49015,,0.7681,0.55,0.75,0.525,0.6791499999999999,0.68035,0.66,0.3,19.0,0.5902499999999999,0.00441135,0.14601725,0.0590249999999999,0.304,2026-10-03,0.555,0.0,1.0,0.4775,0.0119375
ATAI,AtaiBeckley Inc.,NASDAQ,Healthcare,Biotechnology,7.35,28665733.0,1947601691.0,62.0,0.0,2026-10-03,0.61995,0.49245,0.49685,0.45,0.4607,,0.6198,0.4585,0.6244,0.5,0.5658,0.6778,0.69395,0.3,19.0,0.6323,0.0041463,0.1216469999999999,0.06323,0.2994096,2026-10-03,0.0,0.0,1.0,0.2,0.005000000000000001
SEM,Select Medical Holdings Corporation Common Stock,NASDAQ,Healthcare,Medical Care Facilities,16.51,27813184.0,2040101129.0,,0.0,2026-10-03,0.61995,0.49245,0.49685,0.45,0.4607,,0.6198,0.4585,0.6244,0.5,0.5658,0.6778,0.69395,0.3,19.0,0.6323,0.0041463,0.1216469999999999,0.06323,0.2994096,2026-10-03,0.0,0.0,1.0,0.2,0.005000000000000001
WULF,TeraWulf Inc. - Common Stock,NASDAQ,Financial Services,Capital Markets,15.49,27678415.0,8002165874.0,,0.0,2026-10-03,0.5297,0.25,0.5036,0.6,0.4695,,0.70855,0.5,0.6757,0.65,0.6241000000000001,0.6875,0.62175,0.3,19.0,0.6051500000000001,0.0042254999999999,0.1341815,0.060515,0.152,2026-10-03,0.345,0.0,1.0,0.33335,0.00833375
GOOGL,Alphabet Inc.,NASDAQ,Communication Services,Internet Content & Information,343.5,27370015.0,3351352983367.92,61.0,0.0,2026-10-03,0.4121,0.2674,0.4984,0.0947,0.4045,,0.5903,0.45,0.6953499999999999,0.65,0.5902499999999999,0.6770499999999999,0.6206,0.3,18.5,0.61235,0.0036405,0.1269037499999999,0.061235,0.1625792,2026-10-03,0.0,0.0,0.95835,0.2,0.005000000000000001
PSKY,Paramount Skydance Corporation,NASDAQ,Communication Services,Entertainment,9.5,27030230.0,9738963694.386272,61.0,0.0,2026-10-03,0.4121,0.2674,0.4984,0.0947,0.4045,,0.5903,0.45,0.6953499999999999,0.65,0.5902499999999999,0.6770499999999999,0.6206,0.3,18.5,0.61235,0.0036405,0.1269037499999999,0.061235,0.1625792,2026-10-03,0.0,0.0,0.95835,0.2,0.005000000000000001
CCL,Carnival Corporation Common Stock,NASDAQ,Consumer Cyclical,Travel Services,25.76,26721805.0,37634242412.0,,0.0,2026-10-03,0.23515,0.25,0.50275,0.08835,0.2476499999999999,,0.6992,0.45,0.7465999999999999,0.65,0.64295,0.6875,0.6443,0.3,19.0,0.6271,0.0022288499999999,0.13823425,0.06271,0.152,2026-10-03,0.345,0.0,1.0,0.3656,0.00914
KVUE,Kenvue Inc. Common Stock,NASDAQ,Consumer Defensive,Household & Personal Products,17.2,26493525.0,33579335769.0,,0.0,2026-10-03,0.323,0.25,0.4889,0.0627,0.3528,,0.7212,0.45,0.7174,0.65,0.628,0.6763,0.629,0.3,19.0,0.5958,0.0031752,0.13502,0.05958,0.152,2026-10-03,0.0,0.0,1.0,0.2,0.005000000000000001
ITUB,Itau Unibanco Banco Holding SA American Depositary Shares (Each repstg 500 Preferred shares),NASDAQ,Financial Services,Banks - Regional,8.59,26250360.0,97539030717.0,,0.0,2026-10-03,0.5297,0.25,0.5036,0.6,0.4695,,0.70855,0.5,0.6757,0.65,0.6241000000000001,0.6875,0.62175,0.3,19.0,0.6051500000000001,0.0042254999999999,0.1341815,0.060515,0.152,2026-10-03,0.345,0.0,1.0,0.33335,0.00833375
TTD,"The Trade Desk, Inc. - Class A Common Stock",NASDAQ,Communication Services,Advertising Agencies,11.95,26042880.0,9562378946.0,,0.0,2026-10-03,0.4121,0.2674,0.4984,0.0947,0.4045,,0.5903,0.45,0.6953499999999999,0.65,0.5902499999999999,0.6770499999999999,0.6206,0.3,18.5,0.61235,0.0036405,0.1269037499999999,0.061235,0.1625792,2026-10-03,0.0,0.0,0.95835,0.2,0.005000000000000001
AVGO,Broadcom Inc.,NASDAQ,Technology,Semiconductors,355.14,25036465.0,1440019684019.9678,61.0,0.0,2026-10-03,0.58255,0.5,0.44155,0.0695,0.4882499999999999,,0.75,0.4778,0.7119,0.65,0.6543,0.6833,0.6629,0.3,19.0,0.6293,0.00439425,0.1406745,0.06293,0.304,2026-10-03,0.1064,0.0,1.0,0.2532,0.00633
IONQ,IonQ Inc. Common Stock,NASDAQ,Technology,Computer Hardware,43.77,24783670.0,15651893370.0,,0.0,2026-10-03,0.58255,0.5,0.44155,0.0695,0.4882499999999999,,0.75,0.4778,0.7119,0.65,0.6543,0.6833,0.6629,0.3,19.0,0.6293,0.00439425,0.1406745,0.06293,0.304,2026-10-03,0.54,0.0,1.0,0.47,0.01175
JOBY,Joby Aviation Inc. Common Stock,NASDAQ,Industrials,Airports & Air Services,5.95,24754855.0,8356938897.0,,0.0,2026-10-03,0.42575,0.25,0.4852999999999999,0.1068,0.40095,,0.7152000000000001,0.45,0.75,0.6000000000000001,0.6344,0.6844,0.6418,0.3,19.0,0.61435,0.00360855,0.136396,0.061435,0.152,2026-10-03,0.3375,0.0,1.0,0.3541499999999999,0.008853749999999999
RIVN,"Rivian Automotive, Inc.",NASDAQ,Consumer Cyclical,Auto Manufacturers,14.3,24413370.0,18757560376.694977,61.0,0.0,2026-10-03,0.23515,0.25,0.50275,0.08835,0.2476499999999999,,0.6992,0.45,0.7465999999999999,0.65,0.64295,0.6875,0.6443,0.3,19.0,0.6271,0.0022288499999999,0.13823425,0.06271,0.152,2026-10-03,0.345,0.0,1.0,0.3656,0.00914
META,"Meta Platforms, Inc.",NASDAQ,Communication Services,Internet Content & Information,728.08,23664915.0,1336541208162.335,61.0,0.0,2026-10-03,0.4121,0.2674,0.4984,0.0947,0.4045,,0.5903,0.45,0.6953499999999999,0.65,0.5902499999999999,0.6770499999999999,0.6206,0.3,18.5,0.61235,0.0036405,0.1269037499999999,0.061235,0.1625792,2026-10-03,0.0,0.0,0.95835,0.2,0.005000000000000001
HPE,Hewlett Packard Enterprise Company Common Stock,NASDAQ,Technology,Communication Equipment,69.33,23624740.0,37364210943.0,,0.0,2026-10-03,0.58255,0.5,0.44155,0.0695,0.4882499999999999,,0.75,0.4778,0.7119,0.65,0.6543,0.6833,0.6629,0.3,19.0,0.6293,0.00439425,0.1406745,0.06293,0.304,2026-10-03,0.0,0.0,0.8545,0.1709,0.0042725
AMD,"Advanced Micro Devices, Inc.",NASDAQ,Technology,Semiconductors,633.91,22701825.0,328813111737.64404,61.0,0.0,2026-10-03,0.58255,0.5,0.44155,0.0695,0.4882499999999999,,0.75,0.4778,0.7119,0.65,0.6543,0.6833,0.6629,0.3,19.0,0.6293,0.00439425,0.1406745,0.06293,0.304,2026-10-03,0.57,0.0,0.7476,0.4345,0.0108625
HOOD,"Robinhood Markets, Inc.",NASDAQ,Financial Services,Capital Markets,112.74,22433555.0,60788819470.52452,61.0,0.0,2026-10-03,0.5297,0.25,0.5036,0.6,0.4695,,0.70855,0.5,0.6757,0.65,0.6241000000000001,0.6875,0.62175,0.3,19.0,0.6051500000000001,0.0042254999999999,0.1341815,0.060515,0.152,2026-10-03,0.345,0.0,1.0,0.33335,0.00833375
WMT,Walmart Inc.,NASDAQ,Consumer Defensive,Discount Stores,104.26,22333280.0,1010661438288.0,62.0,0.0,2026-10-03,0.323,0.25,0.4889,0.0627,0.3528,,0.7212,0.45,0.7174,0.65,0.628,0.6763,0.629,0.3,19.0,0.5958,0.0031752,0.13502,0.05958,0.152,2026-10-03,0.0,0.0,1.0,0.2,0.005000000000000001
HLN,Haleon plc American Depositary Shares (Each representing two Ordinary Shares),NASDAQ,Healthcare,Drug Manufacturers - Specialty & Generic,8.8,21915895.0,42618836087.0,,0.0,2026-10-03,0.61995,0.49245,0.49685,0.45,0.4607,,0.6198,0.4585,0.6244,0.5,0.5658,0.6778,0.69395,0.3,19.0,0.6323,0.0041463,0.1216469999999999,0.06323,0.2994096,2026-10-03,0.0,0.0,1.0,0.2,0.005000000000000001
CTRA,Coterra Energy Inc. Common Stock,NASDAQ,Energy,Oil & Gas E&P,32.56,21903307.0,25461092388.0,,0.0,2026-10-03,0.6603,0.5,0.5166,0.6,0.6019,,0.7292,0.4065499999999999,0.7446999999999999,0.65,0.62495,0.675,0.64585,0.3,18.0,0.6146499999999999,0.0054171,0.13436425,0.0614649999999999,0.304,2026-10-03,0.0,0.0,0.0,0.0,0.0
KHC,The Kraft Heinz Company,NASDAQ,Consumer Defensive,Packaged Foods,22.19,21720560.0,26255458938.43023,61.0,0.0,2026-10-03,0.323,0.25,0.4889,0.0627,0.3528,,0.7212,0.45,0.7174,0.65,0.628,0.6763,0.629,0.3,19.0,0.5958,0.0031752,0.13502,0.05958,0.152,2026-10-03,0.0,0.0,1.0,0.2,0.005000000000000001
VZ,Verizon Communications Inc. Common Stock,NASDAQ,Communication Services,Telecom Services,45.92,21428275.0,193868404464.0,,0.0,2026-10-03,0.4121,0.2674,0.4984,0.0947,0.4045,,0.5903,0.45,0.6953499999999999,0.65,0.5902499999999999,0.6770499999999999,0.6206,0.3,18.5,0.61235,0.0036405,0.1269037499999999,0.061235,0.1625792,2026-10-03,0.0,0.0,0.95835,0.2,0.005000000000000001
BSX,Boston Scientific Corporation Common Stock,NASDAQ,Healthcare,Medical Devices,42.6,21337175.0,92246892162.0,,0.0,2026-10-03,0.61995,0.49245,0.49685,0.45,0.4607,,0.6198,0.4585,0.6244,0.5,0.5658,0.6778,0.69395,0.3,19.0,0.6323,0.0041463,0.1216469999999999,0.06323,0.2994096,2026-10-03,0.0,0.0,1.0,0.2,0.005000000000000001
RKLB,Rocket Lab Corporation,NASDAQ,Industrials,Aerospace & Defense,73.92,21287215.0,35195088741.042435,61.0,0.0,2026-10-03,0.42575,0.25,0.4852999999999999,0.1068,0.40095,,0.7152000000000001,0.45,0.75,0.6000000000000001,0.6344,0.6844,0.6418,0.3,19.0,0.61435,0.00360855,0.136396,0.061435,0.152,2026-10-03,0.3375,0.0,1.0,0.3541499999999999,0.008853749999999999
MSFT,Microsoft Corporation,NASDAQ,Technology,Software - Infrastructure,517.53,21253995.0,2676101880673.9067,61.0,0.0,2026-10-03,0.58255,0.5,0.44155,0.0695,0.4882499999999999,,0.75,0.4778,0.7119,0.65,0.6543,0.6833,0.6629,0.3,19.0,0.6293,0.00439425,0.1406745,0.06293,0.304,2026-10-03,0.57,0.0,0.9718,0.4794,0.011985
NCLH,Norwegian Cruise Line Holdings Ltd. Ordinary Shares,NASDAQ,Consumer Cyclical,Travel Services,15.14,20455065.0,8432149919.0,,0.0,2026-10-03,0.23515,0.25,0.50275,0.08835,0.2476499999999999,,0.6992,0.45,0.7465999999999999,0.65,0.64295,0.6875,0.6443,0.3,19.0,0.6271,0.0022288499999999,0.13823425,0.06271,0.152,2026-10-03,0.345,0.0,1.0,0.3656,0.00914
QXO,QXO Inc. Common Stock,NASDAQ,Industrials,Industrial Distribution,12.06,20111320.0,15201738278.0,,0.0,2026-10-03,0.42575,0.25,0.4852999999999999,0.1068,0.40095,,0.7152000000000001,0.45,0.75,0.6000000000000001,0.6344,0.6844,0.6418,0.3,19.0,0.61435,0.00360855,0.136396,0.061435,0.152,2026-10-03,0.3375,0.0,1.0,0.3541499999999999,0.008853749999999999
SOUN,"SoundHound AI, Inc.",NASDAQ,Technology,Software - Application,5.84,19257075.0,2532614794.05,61.0,0.0,2026-10-03,0.58255,0.5,0.44155,0.0695,0.4882499999999999,,0.75,0.4778,0.7119,0.65,0.6543,0.6833,0.6629,0.3,19.0,0.6293,0.00439425,0.1406745,0.06293,0.304,2026-10-03,0.555,0.0,1.0,0.4775,0.0119375
OWL,Blue Owl Capital Inc. Class A Common Stock,NASDAQ,Financial Services,Asset Management,9.08,19015180.0,6203866357.0,,0.0,2026-10-03,0.5297,0.25,0.5036,0.6,0.4695,,0.70855,0.5,0.6757,0.65,0.6241000000000001,0.6875,0.62175,0.3,19.0,0.6051500000000001,0.0042254999999999,0.1341815,0.060515,0.152,2026-10-03,0.345,0.0,1.0,0.33335,0.00833375
CSCO,"Cisco Systems, Inc.",NASDAQ,Technology,Communication Equipment,112.2,18374885.0,315751725619.4801,61.0,0.0,2026-10-03,0.58255,0.5,0.44155,0.0695,0.4882499999999999,,0.75,0.4778,0.7119,0.65,0.6543,0.6833,0.6629,0.3,19.0,0.6293,0.00439425,0.1406745,0.06293,0.304,2026-10-03,0.36,0.0,1.0,0.38,0.009500000000000001
BB,BlackBerry Limited Common Stock,NASDAQ,Technology,Software - Infrastructure,9.3,18131335.0,2992321505.0,,0.0,2026-10-03,0.58255,0.5,0.44155,0.0695,0.4882499999999999,,0.75,0.4778,0.7119,0.65,0.6543,0.6833,0.6629,0.3,19.0,0.6293,0.00439425,0.1406745,0.06293,0.304,2026-10-03,0.135,0.0,0.92,0.2515,0.0062875000000000006
GOOG,Alphabet Inc.,NASDAQ,Communication Services,Internet Content & Information,340.35,17885450.0,3347360766632.08,61.0,0.0,2026-10-03,0.4121,0.2674,0.4984,0.0947,0.4045,,0.5903,0.45,0.6953499999999999,0.65,0.5902499999999999,0.6770499999999999,0.6206,0.3,18.5,0.61235,0.0036405,0.1269037499999999,0.061235,0.1625792,2026-10-03,0.0,0.0,0.95835,0.2,0.005000000000000001
BE,Bloom Energy Corporation Class A Common Stock,NASDAQ,Industrials,Electrical Equipment & Parts,289.15,17788915.0,65698686163.0,,0.0,2026-10-03,0.42575,0.25,0.4852999999999999,0.1068,0.40095,,0.7152000000000001,0.45,0.75,0.6000000000000001,0.6344,0.6844,0.6418,0.3,19.0,0.61435,0.00360855,0.136396,0.061435,0.152,2026-10-03,0.3375,0.0,1.0,0.3541499999999999,0.008853749999999999
MRVL,"Marvell Technology, Inc.",NASDAQ,Technology,Semiconductors,272.29,17691305.0,82977342334.32304,61.0,0.0,2026-10-03,0.58255,0.5,0.44155,0.0695,0.4882499999999999,,0.75,0.4778,0.7119,0.65,0.6543,0.6833,0.6629,0.3,19.0,0.6293,0.00439425,0.1406745,0.06293,0.304,2026-10-03,0.345,0.0,0.9458,0.3617,0.0090425
INFY,Infosys Limited American Depositary Shares,NASDAQ,Technology,Information Technology Services,11.04,17559140.0,52039775417.0,,0.0,2026-10-03,0.58255,0.5,0.44155,0.0695,0.4882499999999999,,0.75,0.4778,0.7119,0.65,0.6543,0.6833,0.6629,0.3,19.0,0.6293,0.00439425,0.1406745,0.06293,0.304,2026-10-03,0.57,0.0,0.9668,0.4784,0.01196
CLSK,"CleanSpark, Inc.",NASDAQ,Financial Services,Capital Markets,12.74,17336445.0,2225050294.319003,61.0,0.0,2026-10-03,0.5297,0.25,0.5036,0.6,0.4695,,0.70855,0.5,0.6757,0.65,0.6241000000000001,0.6875,0.62175,0.3,19.0,0.6051500000000001,0.0042254999999999,0.1341815,0.060515,0.152,2026-10-03,0.345,0.0,1.0,0.33335,0.00833375
CNH,CNH Industrial N.V. Common Shares,NASDAQ,Industrials,Farm & Heavy Construction Machinery,13.47,17099000.0,12716898383.0,,0.0,2026-10-03,0.42575,0.25,0.4852999999999999,0.1068,0.40095,,0.7152000000000001,0.45,0.75,0.6000000000000001,0.6344,0.6844,0.6418,0.3,19.0,0.61435,0.00360855,0.136396,0.061435,0.152,2026-10-03,0.3375,0.0,1.0,0.3541499999999999,0.008853749999999999
RGTI,"Rigetti Computing, Inc. ",NASDAQ,Technology,Computer Hardware,15.25,16983215.0,4543819721.124306,61.0,0.0,2026-10-03,0.58255,0.5,0.44155,0.0695,0.4882499999999999,,0.75,0.4778,0.7119,0.65,0.6543,0.6833,0.6629,0.3,19.0,0.6293,0.00439425,0.1406745,0.06293,0.304,2026-10-03,0.225,0.0,1.0,0.3125,0.0078125
QBTS,D-Wave Quantum Inc. Common Shares,NASDAQ,Technology,Computer Hardware,15.77,16498285.0,6849184421.0,,0.0,2026-10-03,0.58255,0.5,0.44155,0.0695,0.4882499999999999,,0.75,0.4778,0.7119,0.65,0.6543,0.6833,0.6629,0.3,19.0,0.6293,0.00439425,0.1406745,0.06293,0.304,2026-10-03,0.465,0.0,1.0,0.4325,0.010812500000000001
COMP,Compass Inc. Class A Common Stock,NASDAQ,Real Estate,Real Estate Services,9.22,16431505.0,5857241232.0,,0.0,2026-10-03,0.4608,0.25,0.4744,0.45,0.407,,0.646,0.45,0.7034,0.5,0.5803,0.6778,0.6275,0.3,18.0,0.6198,0.0036629999999999,0.1247645,0.06198,0.152,2026-10-03,0.0,0.0,1.0,0.2,0.005000000000000001
APLD,Applied Digital Corporation,NASDAQ,Technology,Information Technology Services,25.38,16258115.0,6751997518.796473,61.0,0.0,2026-10-03,0.58255,0.5,0.44155,0.0695,0.4882499999999999,,0.75,0.4778,0.7119,0.65,0.6543,0.6833,0.6629,0.3,19.0,0.6293,0.00439425,0.1406745,0.06293,0.304,2026-10-03,0.36,0.0,1.0,0.38,0.009500000000000001
CPNG,Coupang Inc. Class A Common Stock,NASDAQ,Consumer Cyclical,Internet Retail,13.78,16043355.0,37496209231.0,,0.0,2026-10-03,0.23515,0.25,0.50275,0.08835,0.2476499999999999,,0.6992,0.45,0.7465999999999999,0.65,0.64295,0.6875,0.6443,0.3,19.0,0.6271,0.0022288499999999,0.13823425,0.06271,0.152,2026-10-03,0.345,0.0,1.0,0.3656,0.00914
LYG,Lloyds Banking Group Plc American Depositary Shares,NASDAQ,Financial Services,Banks - Regional,5.5,16024530.0,78050843627.0,,0.0,2026-10-03,0.5297,0.25,0.5036,0.6,0.4695,,0.70855,0.5,0.6757,0.65,0.6241000000000001,0.6875,0.62175,0.3,19.0,0.6051500000000001,0.0042254999999999,0.1341815,0.060515,0.152,2026-10-03,0.345,0.0,1.0,0.33335,0.00833375
RIOT,"Riot Platforms, Inc.",NASDAQ,Financial Services,Capital Markets,19.73,16012560.0,4911575344.869993,61.0,0.0,2026-10-03,0.5297,0.25,0.5036,0.6,0.4695,,0.70855,0.5,0.6757,0.65,0.6241000000000001,0.6875,0.62175,0.3,19.0,0.6051500000000001,0.0042254999999999,0.1341815,0.060515,0.152,2026-10-03,0.345,0.0,1.0,0.33335,0.00833375
HPQ,HP Inc. Common Stock,NASDAQ,Technology,Computer Hardware,32.12,15869555.0,18166914570.0,,0.0,2026-10-03,0.58255,0.5,0.44155,0.0695,0.4882499999999999,,0.75,0.4778,0.7119,0.65,0.6543,0.6833,0.6629,0.3,19.0,0.6293,0.00439425,0.1406745,0.06293,0.304,2026-10-03,0.36,0.0,0.14,0.208,0.0052
KO,Coca-Cola Company (The) Common Stock,NASDAQ,Consumer Defensive,Beverages - Non-Alcoholic,85.65,15833780.0,329827223142.0,,0.0,2026-10-03,0.323,0.25,0.4889,0.0627,0.3528,,0.7212,0.45,0.7174,0.65,0.628,0.6763,0.629,0.3,19.0,0.5958,0.0031752,0.13502,0.05958,0.152,2026-10-03,0.0,0.0,1.0,0.2,0.005000000000000001
ACVA,ACV Auctions Inc. Class A Common Stock,NASDAQ,Consumer Cyclical,Auto & Truck Dealerships,10.45,15692215.0,941332977.0,,0.0,2026-10-03,0.23515,0.25,0.50275,0.08835,0.2476499999999999,,0.6992,0.45,0.7465999999999999,0.65,0.64295,0.6875,0.6443,0.3,19.0,0.6271,0.0022288499999999,0.13823425,0.06271,0.152,2026-10-03,0.345,0.0,1.0,0.3656,0.00914
KEY,KeyCorp Common Stock,NASDAQ,Financial Services,Banks - Regional,20.08,15641840.0,23518146677.0,,0.0,2026-10-03,0.5297,0.25,0.5036,0.6,0.4695,,0.70855,0.5,0.6757,0.65,0.6241000000000001,0.6875,0.62175,0.3,19.0,0.6051500000000001,0.0042254999999999,0.1341815,0.060515,0.152,2026-10-03,0.345,0.0,1.0,0.33335,0.00833375
NBIS,Nebius Group N.V.,NASDAQ,Communication Services,Internet Content & Information,242.81,15605480.0,26207498319.46791,61.0,0.0,2026-10-03,0.4121,0.2674,0.4984,0.0947,0.4045,,0.5903,0.45,0.6953499999999999,0.65,0.5902499999999999,0.6770499999999999,0.6206,0.3,18.5,0.61235,0.0036405,0.1269037499999999,0.061235,0.1625792,2026-10-03,0.0,0.0,0.95835,0.2,0.005000000000000001
PINS,Pinterest Inc. Class A Common Stock,NASDAQ,Communication Services,Internet Content & Information,19.26,15136515.0,12765134807.0,,0.0,2026-10-03,0.4121,0.2674,0.4984,0.0947,0.4045,,0.5903,0.45,0.6953499999999999,0.65,0.5902499999999999,0.6770499999999999,0.6206,0.3,18.5,0.61235,0.0036405,0.1269037499999999,0.061235,0.1625792,2026-10-03,0.0,0.0,0.95835,0.2,0.005000000000000001
QCOM,QUALCOMM Incorporated,NASDAQ,Technology,Semiconductors,184.87,15126465.0,137948709285.61798,61.0,0.0,2026-10-03,0.58255,0.5,0.44155,0.0695,0.4882499999999999,,0.75,0.4778,0.7119,0.65,0.6543,0.6833,0.6629,0.3,19.0,0.6293,0.00439425,0.1406745,0.06293,0.304,2026-10-03,0.57,0.0,0.7926,0.4435,0.0110875
VG,Venture Global Inc. Class A common stock,NASDAQ,Energy,Oil & Gas Midstream,13.13,14792125.0,29542565166.0,,0.0,2026-10-03,0.6603,0.5,0.5166,0.6,0.6019,,0.7292,0.4065499999999999,0.7446999999999999,0.65,0.62495,0.675,0.64585,0.3,18.0,0.6146499999999999,0.0054171,0.13436425,0.0614649999999999,0.304,2026-10-03,0.225,0.0,1.0,0.3125,0.0078125
MRNA,"Moderna, Inc.",NASDAQ,Healthcare,Biotechnology,190.01,14557570.0,20059364206.13224,61.0,0.0,2026-10-03,0.61995,0.49245,0.49685,0.45,0.4607,,0.6198,0.4585,0.6244,0.5,0.5658,0.6778,0.69395,0.3,19.0,0.6323,0.0041463,0.1216469999999999,0.06323,0.2994096,2026-10-03,0.0,0.0,1.0,0.2,0.005000000000000001
DKNG,DraftKings Inc.,NASDAQ,Consumer Cyclical,Gambling,18.59,14326485.0,10386023286.353914,61.0,0.0,2026-10-03,0.23515,0.25,0.50275,0.08835,0.2476499999999999,,0.6992,0.45,0.7465999999999999,0.65,0.64295,0.6875,0.6443,0.3,19.0,0.6271,0.0022288499999999,0.13823425,0.06271,0.152,2026-10-03,0.345,0.0,1.0,0.3656,0.00914
CMG,Chipotle Mexican Grill Inc. Common Stock,NASDAQ,Consumer Cyclical,Restaurants,32.36,14304765.0,44555889637.0,,0.0,2026-10-03,0.23515,0.25,0.50275,0.08835,0.2476499999999999,,0.6992,0.45,0.7465999999999999,0.65,0.64295,0.6875,0.6443,0.3,19.0,0.6271,0.0022288499999999,0.13823425,0.06271,0.152,2026-10-03,0.345,0.0,1.0,0.3656,0.00914
CLF,Cleveland-Cliffs Inc. Common Stock,NASDAQ,Basic Materials,Steel,11.32,14233965.0,5567247182.0,,0.0,2026-10-03,0.75715,0.5,0.5117499999999999,0.0915,0.49015,,0.7681,0.55,0.75,0.525,0.6791499999999999,0.68035,0.66,0.3,19.0,0.5902499999999999,0.00441135,0.14601725,0.0590249999999999,0.304,2026-10-03,0.805,0.0,0.84,0.5705,0.014262500000000001
NVTS,Navitas Semiconductor Corporation,NASDAQ,Technology,Semiconductors,12.4,14217395.0,1952506800.7040453,61.0,0.0,2026-10-03,0.58255,0.5,0.44155,0.0695,0.4882499999999999,,0.75,0.4778,0.7119,0.65,0.6543,0.6833,0.6629,0.3,19.0,0.6293,0.00439425,0.1406745,0.06293,0.304,2026-10-03,0.57,0.0,0.8467,0.4543,0.0113575
XOM,Exxon Mobil Corporation Common Stock,NASDAQ,Energy,Oil & Gas Integrated,164.01,14114740.0,618953277709.0,,0.0,2026-10-03,0.6603,0.5,0.5166,0.6,0.6019,,0.7292,0.4065499999999999,0.7446999999999999,0.65,0.62495,0.675,0.64585,0.3,18.0,0.6146499999999999,0.0054171,0.13436425,0.0614649999999999,0.304,2026-10-03,0.57,0.0,0.8513,0.4553,0.0113825
JHX,James Hardie Industries plc. Ordinary Shares,NASDAQ,Basic Materials,Building Materials,24.99,14106720.0,12746354054.0,,0.0,2026-10-03,0.75715,0.5,0.5117499999999999,0.0915,0.49015,,0.7681,0.55,0.75,0.525,0.6791499999999999,0.68035,0.66,0.3,19.0,0.5902499999999999,0.00441135,0.14601725,0.0590249999999999,0.304,2026-10-03,0.42,0.0,1.0,0.41,0.01025
NVO,Novo Nordisk A/S Common Stock,NASDAQ,Healthcare,Drug Manufacturers - General,37.32,14052430.0,182603442323.0,,0.0,2026-10-03,0.61995,0.49245,0.49685,0.45,0.4607,,0.6198,0.4585,0.6244,0.5,0.5658,0.6778,0.69395,0.3,19.0,0.6323,0.0041463,0.1216469999999999,0.06323,0.2994096,2026-10-03,0.0,0.0,1.0,0.2,0.005000000000000001
CAG,ConAgra Brands Inc. Common Stock,NASDAQ,Consumer Defensive,Packaged Foods,13.36,13998120.0,6779454537.0,,0.0,2026-10-03,0.323,0.25,0.4889,0.0627,0.3528,,0.7212,0.45,0.7174,0.65,0.628,0.6763,0.629,0.3,19.0,0.5958,0.0031752,0.13502,0.05958,0.152,2026-10-03,0.0,0.0,1.0,0.2,0.005000000000000001
CRCL,Circle Internet Group Inc. Class A Common Stock,NASDAQ,Financial Services,Capital Markets,81.25,13961115.0,24636991362.0,,0.0,2026-10-03,0.5297,0.25,0.5036,0.6,0.4695,,0.70855,0.5,0.6757,0.65,0.6241000000000001,0.6875,0.62175,0.3,19.0,0.6051500000000001,0.0042254999999999,0.1341815,0.060515,0.152,2026-10-03,0.345,0.0,1.0,0.33335,0.00833375
SLB,SLB Limited Common Shares,NASDAQ,Energy,Oil & Gas Equipment & Services,48.74,13912510.0,84288636973.0,,0.0,2026-10-03,0.6603,0.5,0.5166,0.6,0.6019,,0.7292,0.4065499999999999,0.7446999999999999,0.65,0.62495,0.675,0.64585,0.3,18.0,0.6146499999999999,0.0054171,0.13436425,0.0614649999999999,0.304,2026-10-03,0.57,0.0,1.0,0.485,0.012125
MDT,Medtronic plc. Ordinary Shares,NASDAQ,Healthcare,Medical Devices,86.38,13894080.0,106973294808.0,,0.0,2026-10-03,0.61995,0.49245,0.49685,0.45,0.4607,,0.6198,0.4585,0.6244,0.5,0.5658,0.6778,0.69395,0.3,19.0,0.6323,0.0041463,0.1216469999999999,0.06323,0.2994096,2026-10-03,0.0,0.0,1.0,0.2,0.005000000000000001
WFC,Wells Fargo & Company Common Stock,NASDAQ,Financial Services,Banks - Diversified,80.45,13725240.0,243369881398.0,,0.0,2026-10-03,0.5297,0.25,0.5036,0.6,0.4695,,0.70855,0.5,0.6757,0.65,0.6241000000000001,0.6875,0.62175,0.3,19.0,0.6051500000000001,0.0042254999999999,0.1341815,0.060515,0.152,2026-10-03,0.345,0.0,1.0,0.33335,0.00833375
FIG,Figma Inc. Class A Common Stock,NASDAQ,Technology,Software - Application,21.36,13540915.0,9206215589.0,,0.0,2026-10-03,0.58255,0.5,0.44155,0.0695,0.4882499999999999,,0.75,0.4778,0.7119,0.65,0.6543,0.6833,0.6629,0.3,19.0,0.6293,0.00439425,0.1406745,0.06293,0.304,2026-10-03,0.57,0.0,1.0,0.485,0.012125
ACLX,"Arcellx, Inc.",NASDAQ,Healthcare,Biotechnology,115.07,13191486.0,6704125611.986755,61.0,0.0,2026-10-03,0.61995,0.49245,0.49685,0.45,0.4607,,0.6198,0.4585,0.6244,0.5,0.5658,0.6778,0.69395,0.3,19.0,0.6323,0.0041463,0.1216469999999999,0.06323,0.2994096,2026-10-03,0.0,0.0,1.0,0.2,0.005000000000000001
KMI,Kinder Morgan Inc. Common Stock,NASDAQ,Energy,Oil & Gas Midstream,31.07,13094320.0,70615750995.0,,0.0,2026-10-03,0.6603,0.5,0.5166,0.6,0.6019,,0.7292,0.4065499999999999,0.7446999999999999,0.65,0.62495,0.675,0.64585,0.3,18.0,0.6146499999999999,0.0054171,0.13436425,0.0614649999999999,0.304,2026-10-03,0.57,0.0,1.0,0.485,0.012125
IBRX,"ImmunityBio, Inc.",NASDAQ,Healthcare,Biotechnology,10.28,12968970.0,7740240129.623062,61.0,0.0,2026-10-03,0.61995,0.49245,0.49685,0.45,0.4607,,0.6198,0.4585,0.6244,0.5,0.5658,0.6778,0.69395,0.3,19.0,0.6323,0.0041463,0.1216469999999999,0.06323,0.2994096,2026-10-03,0.0,0.0,1.0,0.2,0.005000000000000001
NEE,NextEra Energy Inc. Common Stock,NASDAQ,Utilities,Utilities - Regulated Electric,76.83,12736005.0,198691331382.0,,0.0,2026-10-03,0.2791,0.0,0.53205,0.45,0.3046,,0.645,0.0,0.7225999999999999,0.45,0.49755,0.6917,0.60385,0.3,17.0,0.60505,0.0027413999999999,0.10697325,0.060505,0.0,2026-10-03,0.0,0.0,0.99835,0.2,0.005000000000000001
ALHC,"Alignment Healthcare, Inc.",NASDAQ,Healthcare,Healthcare Plans,7.94,12620675.0,3375999468.8920727,61.0,0.0,2026-10-03,0.0475,0.0,0.6561,0.0,0.1274,,0.6198,0.4585,0.6244,0.5,0.5658,0.6778,0.69395,0.3,19.0,0.6323,0.0011466,0.1216469999999999,0.06323,0.0,2026-10-03,0.0,0.0,1.0,0.2,0.005000000000000001
NLY,Annaly Capital Management Inc. Common Stock,NASDAQ,Real Estate,REIT - Mortgage,18.5,12487675.0,16614108875.0,,0.0,2026-10-03,0.4608,0.25,0.4744,0.45,0.407,,0.646,0.45,0.7034,0.5,0.5803,0.6778,0.6275,0.3,18.0,0.6198,0.0036629999999999,0.1247645,0.06198,0.152,2026-10-03,0.0,0.0,1.0,0.2,0.005000000000000001
PL,Planet Labs PBC Class A Common Stock,NASDAQ,Industrials,Aerospace & Defense,17.5,12454045.0,12267521041.0,,0.0,2026-10-03,0.0926,0.25,0.5779,0.0,0.203,,0.7152000000000001,0.45,0.75,0.6000000000000001,0.6344,0.6844,0.6418,0.3,19.0,0.61435,0.001827,0.136396,0.061435,0.152,2026-10-03,0.3375,0.0,1.0,0.3541499999999999,0.008853749999999999
CTVA,Corteva Inc. Common Stock,NASDAQ,Basic Materials,Agricultural Inputs,11.92,12410290.0,53574250908.0,,0.0,2026-10-03,0.75715,0.5,0.5117499999999999,0.0915,0.49015,,0.7681,0.55,0.75,0.525,0.6791499999999999,0.68035,0.66,0.3,19.0,0.5902499999999999,0.00441135,0.14601725,0.0590249999999999,0.304,2026-10-03,0.57,0.0,1.0,0.485,0.012125
ON,ON Semiconductor Corporation,NASDAQ,Technology,Semiconductors,84.89,12366515.0,23732278614.54578,61.0,0.0,2026-10-03,0.58255,0.5,0.44155,0.0695,0.4882499999999999,,0.75,0.4778,0.7119,0.65,0.6543,0.6833,0.6629,0.3,19.0,0.6293,0.00439425,0.1406745,0.06293,0.304,2026-10-03,0.57,0.0,1.0,0.485,0.012125
ONON,On Holding AG Class A Ordinary Shares,NASDAQ,Consumer Cyclical,Footwear & Accessories,30.85,12322055.0,11998660136.0,,0.0,2026-10-03,0.23515,0.25,0.50275,0.08835,0.2476499999999999,,0.6992,0.45,0.7465999999999999,0.65,0.64295,0.6875,0.6443,0.3,19.0,0.6271,0.0022288499999999,0.13823425,0.06271,0.152,2026-10-03,0.345,0.0,1.0,0.3656,0.00914
CRM,Salesforce Inc. Common Stock,NASDAQ,Technology,Software - Application,234.69,12083870.0,145744458026.0,,0.0,2026-10-03,0.58255,0.5,0.44155,0.0695,0.4882499999999999,,0.75,0.4778,0.7119,0.65,0.6543,0.6833,0.6629,0.3,19.0,0.6293,0.00439425,0.1406745,0.06293,0.304,2026-10-03,0.36,0.0,1.0,0.38,0.009500000000000001
GEN,Gen Digital Inc.,NASDAQ,Technology,Software - Infrastructure,21.99,12072745.0,11483254429.908754,61.0,0.0,2026-10-03,0.58255,0.5,0.44155,0.0695,0.4882499999999999,,0.75,0.4778,0.7119,0.65,0.6543,0.6833,0.6629,0.3,19.0,0.6293,0.00439425,0.1406745,0.06293,0.304,2026-10-03,0.57,0.0,1.0,0.485,0.012125
RBLX,Roblox Corporation Class A Common Stock,NASDAQ,Communication Services,Electronic Gaming & Multimedia,44.12,12025015.0,40148948277.0,,0.0,2026-10-03,0.4121,0.2674,0.4984,0.0947,0.4045,,0.5903,0.45,0.6953499999999999,0.65,0.5902499999999999,0.6770499999999999,0.6206,0.3,18.5,0.61235,0.0036405,0.1269037499999999,0.061235,0.1625792,2026-10-03,0.0,0.0,0.95835,0.2,0.005000000000000001
PYPL,"PayPal Holdings, Inc.",NASDAQ,Financial Services,Credit Services,52.8,12018925.0,41121904048.195786,61.0,0.0,2026-10-03,0.5297,0.25,0.5036,0.6,0.4695,,0.70855,0.5,0.6757,0.65,0.6241000000000001,0.6875,0.62175,0.3,19.0,0.6051500000000001,0.0042254999999999,0.1341815,0.060515,0.152,2026-10-03,0.345,0.0,1.0,0.33335,0.00833375
BMY,Bristol-Myers Squibb Company Common Stock,NASDAQ,Healthcare,Drug Manufacturers - General,61.15,11989665.0,119870286693.0,,0.0,2026-10-03,0.61995,0.49245,0.49685,0.45,0.4607,,0.6198,0.4585,0.6244,0.5,0.5658,0.6778,0.69395,0.3,19.0,0.6323,0.0041463,0.1216469999999999,0.06323,0.2994096,2026-10-03,0.0,0.0,1.0,0.2,0.005000000000000001
FCX,Freeport-McMoRan Inc. Common Stock,NASDAQ,Basic Materials,Copper,72.04,11357280.0,87637371951.0,,0.0,2026-10-03,0.75715,0.5,0.5117499999999999,0.0915,0.49015,,0.7681,0.55,0.75,0.525,0.6791499999999999,0.68035,0.66,0.3,19.0,0.5902499999999999,0.00441135,0.14601725,0.0590249999999999,0.304,2026-10-03,0.54,0.0,0.8274,0.4355,0.010887500000000001
FPS,Forgent Power Solutions Inc. Class A Common Stock,NASDAQ,Industrials,Electrical Equipment & Parts,40.35,11257290.0,8578336240.0,,0.0,2026-10-03,0.42575,0.25,0.4852999999999999,0.1068,0.40095,,0.7152000000000001,0.45,0.75,0.6000000000000001,0.6344,0.6844,0.6418,0.3,19.0,0.61435,0.00360855,0.136396,0.061435,0.152,2026-10-03,0.3375,0.0,1.0,0.3541499999999999,0.008853749999999999
CORZ,"Core Scientific, Inc.",NASDAQ,Technology,Software - Infrastructure,16.45,11218845.0,4815129786.197834,61.0,0.0,2026-10-03,0.2898,0.0,0.5372,0.0,0.2032,,0.75,0.4778,0.7119,0.65,0.6543,0.6833,0.6629,0.3,19.0,0.6293,0.0018288,0.1406745,0.06293,0.0,2026-10-03,0.0,0.0,1.0,0.2,0.005000000000000001
QS,QuantumScape Corporation,NASDAQ,Consumer Cyclical,Auto Parts,4.57,11130895.0,3868454790.387218,61.0,2.0,2026-10-03,0.019,0.0,0.3882,0.0,0.087,,0.6992,0.45,0.7465999999999999,0.65,0.64295,0.6875,0.6443,0.3,19.0,0.6271,0.0007829999999999,0.13823425,0.06271,0.0,2026-10-03,0.345,0.0,1.0,0.3656,0.00914
UMC,United Microelectronics Corporation (NEW) Common Stock,NASDAQ,Technology,Semiconductors,26.27,11042055.0,30892855794.0,,0.0,2026-10-03,0.58255,0.5,0.44155,0.0695,0.4882499999999999,,0.75,0.4778,0.7119,0.65,0.6543,0.6833,0.6629,0.3,19.0,0.6293,0.00439425,0.1406745,0.06293,0.304,2026-10-03,0.57,0.0,0.0667,0.2983,0.007457500000000001
CHWY,Chewy Inc. Class A Common Stock,NASDAQ,Consumer Cyclical,Internet Retail,18.17,11027480.0,10841934794.0,,0.0,2026-10-03,0.23515,0.25,0.50275,0.08835,0.2476499999999999,,0.6992,0.45,0.7465999999999999,0.65,0.64295,0.6875,0.6443,0.3,19.0,0.6271,0.0022288499999999,0.13823425,0.06271,0.152,2026-10-03,0.345,0.0,1.0,0.3656,0.00914
VICI,VICI Properties Inc. Common Stock,NASDAQ,Real Estate,REIT - Diversified,22.65,11020680.0,30380667433.0,,0.0,2026-10-03,0.4608,0.25,0.4744,0.45,0.407,,0.646,0.45,0.7034,0.5,0.5803,0.6778,0.6275,0.3,18.0,0.6198,0.0036629999999999,0.1247645,0.06198,0.152,2026-10-03,0.0,0.0,1.0,0.2,0.005000000000000001
KDP,Keurig Dr Pepper Inc.,NASDAQ,Consumer Defensive,Beverages - Non-Alcoholic,30.37,10860295.0,36038616696.68503,61.0,0.0,2026-10-03,0.323,0.25,0.4889,0.0627,0.3528,,0.7212,0.45,0.7174,0.65,0.628,0.6763,0.629,0.3,19.0,0.5958,0.0031752,0.13502,0.05958,0.152,2026-10-03,0.0,0.0,1.0,0.2,0.005000000000000001
GIS,General Mills Inc. Common Stock,NASDAQ,Consumer Defensive,Packaged Foods,32.01,10793295.0,18662832844.0,,0.0,2026-10-03,0.323,0.25,0.4889,0.0627,0.3528,,0.7212,0.45,0.7174,0.65,0.628,0.6763,0.629,0.3,19.0,0.5958,0.0031752,0.13502,0.05958,0.152,2026-10-03,0.0,0.0,1.0,0.2,0.005000000000000001
TPH,Tri Pointe Homes Inc. Common Stock,NASDAQ,Consumer Cyclical,Residential Construction,46.95,10702114.0,3992858034.0,,0.0,2026-10-03,0.23515,0.25,0.50275,0.08835,0.2476499999999999,,0.6992,0.45,0.7465999999999999,0.65,0.64295,0.6875,0.6443,0.3,19.0,0.6271,0.0022288499999999,0.13823425,0.06271,0.152,2026-10-03,0.345,0.0,1.0,0.3656,0.00914
HDB,HDFC Bank Limited Common Stock,NASDAQ,Financial Services,Banks - Regional,22.34,10568915.0,131627632954.0,,0.0,2026-10-03,0.5297,0.25,0.5036,0.6,0.4695,,0.70855,0.5,0.6757,0.65,0.6241000000000001,0.6875,0.62175,0.3,19.0,0.6051500000000001,0.0042254999999999,0.1341815,0.060515,0.152,2026-10-03,0.345,0.0,1.0,0.33335,0.00833375
CPRT,"Copart, Inc.",NASDAQ,Industrials,Specialty Business Services,27.22,10511320.0,31857461832.732224,61.0,0.0,2026-10-03,0.42575,0.25,0.4852999999999999,0.1068,0.40095,,0.7152000000000001,0.45,0.75,0.6000000000000001,0.6344,0.6844,0.6418,0.3,19.0,0.61435,0.00360855,0.136396,0.061435,0.152,2026-10-03,0.3375,0.0,1.0,0.3541499999999999,0.008853749999999999
SHOP,Shopify Inc.,NASDAQ,Technology,Software - Application,151.39,10473465.0,145660381727.38983,61.0,0.0,2026-10-03,0.58255,0.5,0.44155,0.0695,0.4882499999999999,,0.75,0.4778,0.7119,0.65,0.6543,0.6833,0.6629,0.3,19.0,0.6293,0.00439425,0.1406745,0.06293,0.304,2026-10-03,0.57,1.0,1.0,0.785,0.019625000000000004
GME,GameStop Corporation Common Stock,NASDAQ,Consumer Cyclical,Specialty Retail,24.7,10471735.0,11186960509.0,,0.0,2026-10-03,0.23515,0.25,0.50275,0.08835,0.2476499999999999,,0.6992,0.45,0.7465999999999999,0.65,0.64295,0.6875,0.6443,0.3,19.0,0.6271,0.0022288499999999,0.13823425,0.06271,0.152,2026-10-03,0.345,0.0,1.0,0.3656,0.00914
IEF,iShares 7-10 Year Treasury Bond ETF,NASDAQ,,,89.05,10311945.0,13909419008.0,62.0,0.0,2026-10-03,0.5297,0.2674,0.49685,0.1166,0.4607,,0.70855,0.45,0.7119,0.65,0.6271,0.6833,0.6443,0.3,19.0,0.6198,0.0041463,0.1348265,0.06198,0.1625792,2026-10-03,0.0,0.0,1.0,0.2,0.005000000000000001
ASTS,"AST SpaceMobile, Inc.",NASDAQ,Technology,Communication Equipment,58.45,10293685.0,31280403199.650383,61.0,0.0,2026-10-03,0.0784,0.0,0.4134,0.0,0.1152,,0.75,0.4778,0.7119,0.65,0.6543,0.6833,0.6629,0.3,19.0,0.6293,0.0010367999999999,0.1406745,0.06293,0.0,2026-10-03,0.0,0.0,1.0,0.2,0.005000000000000001
GT,The Goodyear Tire & Rubber Company,NASDAQ,Consumer Cyclical,Auto Parts,4.84,10287285.0,1882074418.536169,61.0,1.0,2026-10-03,0.23515,0.25,0.50275,0.08835,0.2476499999999999,,0.6992,0.45,0.7465999999999999,0.65,0.64295,0.6875,0.6443,0.3,19.0,0.6271,0.0022288499999999,0.13823425,0.06271,0.152,2026-10-03,0.345,0.0,1.0,0.3656,0.00914
MNST,Monster Beverage Corporation,NASDAQ,Consumer Defensive,Beverages - Non-Alcoholic,42.94,10250225.0,70719192256.4936,61.0,0.0,2026-10-03,0.323,0.25,0.4889,0.0627,0.3528,,0.7212,0.45,0.7174,0.65,0.628,0.6763,0.629,0.3,19.0,0.5958,0.0031752,0.13502,0.05958,0.152,2026-10-03,0.0,0.0,1.0,0.2,0.005000000000000001
TSM,Taiwan Semiconductor Manufacturing Company Ltd.,NASDAQ,Technology,Semiconductors,472.78,10161030.0,2087318499682.0,,0.0,2026-10-03,0.58255,0.5,0.44155,0.0695,0.4882499999999999,,0.75,0.4778,0.7119,0.65,0.6543,0.6833,0.6629,0.3,19.0,0.6293,0.00439425,0.1406745,0.06293,0.304,2026-10-03,0.85,0.7,1.0,0.835,0.020875
OKLO,Oklo Inc. Class A common stock,NASDAQ,Utilities,Utilities - Independent Power Producers,35.87,10137690.0,12348308498.0,,0.0,2026-10-03,0.2791,0.0,0.53205,0.45,0.3046,,0.645,0.0,0.7225999999999999,0.45,0.49755,0.6917,0.60385,0.3,17.0,0.60505,0.0027413999999999,0.10697325,0.060505,0.0,2026-10-03,0.0,0.0,0.99835,0.2,0.005000000000000001
CRML,Critical Metals Corp.,NASDAQ,Basic Materials,Other Industrial Metals & Mining,7.03,9946110.0,910107439.3452348,61.0,0.0,2026-10-03,0.75715,0.5,0.5117499999999999,0.0915,0.49015,,0.7681,0.55,0.75,0.525,0.6791499999999999,0.68035,0.66,0.3,19.0,0.5902499999999999,0.00441135,0.14601725,0.0590249999999999,0.304,2026-10-03,0.0,0.0,1.0,0.2,0.005000000000000001
TSCO,Tractor Supply Company,NASDAQ,Consumer Cyclical,Specialty Retail,31.09,9859455.0,23701597766.0,62.0,0.0,2026-10-03,0.23515,0.25,0.50275,0.08835,0.2476499999999999,,0.6992,0.45,0.7465999999999999,0.65,0.64295,0.6875,0.6443,0.3,19.0,0.6271,0.0022288499999999,0.13823425,0.06271,0.152,2026-10-03,0.345,0.0,1.0,0.3656,0.00914
MRK,Merck & Company Inc. Common Stock (new),NASDAQ,Healthcare,Drug Manufacturers - General,144.3,9830375.0,276379486920.0,,0.0,2026-10-03,0.61995,0.49245,0.49685,0.45,0.4607,,0.6198,0.4585,0.6244,0.5,0.5658,0.6778,0.69395,0.3,19.0,0.6323,0.0041463,0.1216469999999999,0.06323,0.2994096,2026-10-03,0.0,0.0,1.0,0.2,0.005000000000000001
C,Citigroup Inc. Common Stock,NASDAQ,Financial Services,Banks - Diversified,128.5,9787260.0,223877852772.0,,0.0,2026-10-03,0.5297,0.25,0.5036,0.6,0.4695,,0.70855,0.5,0.6757,0.65,0.6241000000000001,0.6875,0.62175,0.3,19.0,0.6051500000000001,0.0042254999999999,0.1341815,0.060515,0.152,2026-10-03,0.345,0.0,1.0,0.33335,0.00833375
COIN,"Coinbase Global, Inc.",NASDAQ,Financial Services,Financial Data & Stock Exchanges,183.0,9646800.0,43784305630.86243,61.0,0.0,2026-10-03,0.5297,0.25,0.5036,0.6,0.4695,,0.70855,0.5,0.6757,0.65,0.6241000000000001,0.6875,0.62175,0.3,19.0,0.6051500000000001,0.0042254999999999,0.1341815,0.060515,0.152,2026-10-03,0.345,0.0,1.0,0.33335,0.00833375
LYFT,"Lyft, Inc.",NASDAQ,Technology,Software - Application,15.46,9605490.0,5063801208.512985,61.0,0.0,2026-10-03,0.58255,0.5,0.44155,0.0695,0.4882499999999999,,0.75,0.4778,0.7119,0.65,0.6543,0.6833,0.6629,0.3,19.0,0.6293,0.00439425,0.1406745,0.06293,0.304,2026-10-03,0.57,0.0,0.98,0.481,0.012025000000000001
HIMS,Hims & Hers Health Inc. Class A Common Stock,NASDAQ,Healthcare,Drug Manufacturers - Specialty & Generic,29.0,9574445.0,6965808567.0,,0.0,2026-10-03,0.61995,0.49245,0.49685,0.45,0.4607,,0.6198,0.4585,0.6244,0.5,0.5658,0.6778,0.69395,0.3,19.0,0.6323,0.0041463,0.1216469999999999,0.06323,0.2994096,2026-10-03,0.0,0.0,1.0,0.2,0.005000000000000001
LRCX,Lam Research Corporation,NASDAQ,Technology,Semiconductor Equipment & Materials,347.49,9563965.0,269569152467.04105,61.0,0.0,2026-10-03,0.58255,0.5,0.44155,0.0695,0.4882499999999999,,0.75,0.4778,0.7119,0.65,0.6543,0.6833,0.6629,0.3,19.0,0.6293,0.00439425,0.1406745,0.06293,0.304,2026-10-03,0.85,0.0,0.9676,0.6185,0.015462500000000002
OXY,Occidental Petroleum Corporation Common Stock,NASDAQ,Energy,Oil & Gas E&P,58.08,9486390.0,56645627679.0,,0.0,2026-10-03,0.6603,0.5,0.5166,0.6,0.6019,,0.7292,0.4065499999999999,0.7446999999999999,0.65,0.62495,0.675,0.64585,0.3,18.0,0.6146499999999999,0.0054171,0.13436425,0.0614649999999999,0.304,2026-10-03,0.33,0.0,1.0,0.365,0.009125
SNDK,Sandisk Corporation,NASDAQ,Technology,Computer Hardware,1719.99,9416170.0,92291940096.40724,61.0,0.0,2026-10-03,0.58255,0.5,0.44155,0.0695,0.4882499999999999,,0.75,0.4778,0.7119,0.65,0.6543,0.6833,0.6629,0.3,19.0,0.6293,0.00439425,0.1406745,0.06293,0.304,2026-10-03,0.57,0.0,1.0,0.485,0.012125
RF,Regions Financial Corporation Common Stock,NASDAQ,Financial Services,Banks - Regional,27.1,9373900.0,23715819906.0,,0.0,2026-10-03,0.5297,0.25,0.5036,0.6,0.4695,,0.70855,0.5,0.6757,0.65,0.6241000000000001,0.6875,0.62175,0.3,19.0,0.6051500000000001,0.0042254999999999,0.1341815,0.060515,0.152,2026-10-03,0.345,0.0,1.0,0.33335,0.00833375
AG,First Majestic Silver Corp. Ordinary Shares (Canada),NASDAQ,Basic Materials,Silver,17.67,9255820.0,10138902398.0,,0.0,2026-10-03,0.75715,0.5,0.5117499999999999,0.0915,0.49015,,0.7681,0.55,0.75,0.525,0.6791499999999999,0.68035,0.66,0.3,19.0,0.5902499999999999,0.00441135,0.14601725,0.0590249999999999,0.304,2026-10-03,0.435,0.0,1.0,0.4175,0.0104375
TJX,TJX Companies Inc. (The) Common Stock,NASDAQ,Consumer Cyclical,Apparel Retail,132.68,9219535.0,174376646572.0,,0.0,2026-10-03,0.23515,0.25,0.50275,0.08835,0.2476499999999999,,0.6992,0.45,0.7465999999999999,0.65,0.64295,0.6875,0.6443,0.3,19.0,0.6271,0.0022288499999999,0.13823425,0.06271,0.152,2026-10-03,0.345,0.0,1.0,0.3656,0.00914
PEP,"PepsiCo, Inc.",NASDAQ,Consumer Defensive,Beverages - Non-Alcoholic,125.89,9217985.0,208587739936.4409,61.0,0.0,2026-10-03,0.323,0.25,0.4889,0.0627,0.3528,,0.7212,0.45,0.7174,0.65,0.628,0.6763,0.629,0.3,19.0,0.5958,0.0031752,0.13502,0.05958,0.152,2026-10-03,0.0,0.0,1.0,0.2,0.005000000000000001
TMHC,Taylor Morrison Home Corporation Common Stock,NASDAQ,Consumer Cyclical,Residential Construction,72.45,9182112.0,5908364995.0,,0.0,2026-10-03,0.23515,0.25,0.50275,0.08835,0.2476499999999999,,0.6992,0.45,0.7465999999999999,0.65,0.64295,0.6875,0.6443,0.3,19.0,0.6271,0.0022288499999999,0.13823425,0.06271,0.152,2026-10-03,0.345,0.0,1.0,0.3656,0.00914
MDLN,Medline Inc.,NASDAQ,Healthcare,Medical Instruments & Supplies,35.61,9124790.0,33659024225.76068,61.0,0.0,2026-10-03,0.61995,0.49245,0.49685,0.45,0.4607,,0.6198,0.4585,0.6244,0.5,0.5658,0.6778,0.69395,0.3,19.0,0.6323,0.0041463,0.1216469999999999,0.06323,0.2994096,2026-10-03,0.0,0.0,1.0,0.2,0.005000000000000001
ASAN,Asana Inc. Class A Common Stock,NASDAQ,Technology,Software - Application,8.62,9088180.0,1521382722.0,,0.0,2026-10-03,0.58255,0.5,0.44155,0.0695,0.4882499999999999,,0.75,0.4778,0.7119,0.65,0.6543,0.6833,0.6629,0.3,19.0,0.6293,0.00439425,0.1406745,0.06293,0.304,2026-10-03,0.36,0.0,0.8967,0.3593,0.008982500000000001
BKNG,Booking Holdings Inc. - Common Stock,NASDAQ,Consumer Cyclical,Travel Services,159.02,9082145.0,137351470418.0,,0.0,2026-10-03,0.3468,0.25,0.4718,0.0699,0.2844,,0.6992,0.45,0.7465999999999999,0.65,0.64295,0.6875,0.6443,0.3,19.0,0.6271,0.0025596,0.13823425,0.06271,0.152,2026-10-03,0.345,0.0,1.0,0.3656,0.00914
ET,Energy Transfer LP Common Units,NASDAQ,Energy,Oil & Gas Midstream,20.47,9061210.0,65641201828.0,,0.0,2026-10-03,0.6603,0.5,0.5166,0.6,0.6019,,0.7292,0.4065499999999999,0.7446999999999999,0.65,0.62495,0.675,0.64585,0.3,18.0,0.6146499999999999,0.0054171,0.13436425,0.0614649999999999,0.304,2026-10-03,0.525,0.8,1.0,0.7025,0.0175625
VTRS,Viatris Inc. - Common Stock,NASDAQ,Healthcare,Drug Manufacturers - Specialty & Generic,17.6,9027355.0,15684749955.0,,0.0,2026-10-03,0.61995,0.49245,0.49685,0.45,0.4607,,0.6198,0.4585,0.6244,0.5,0.5658,0.6778,0.69395,0.3,19.0,0.6323,0.0041463,0.1216469999999999,0.06323,0.2994096,2026-10-03,0.0,0.0,1.0,0.2,0.005000000000000001
O,Realty Income Corporation Common Stock,NASDAQ,Real Estate,REIT - Retail,54.13,9000280.0,59052100358.0,,0.0,2026-10-03,0.4608,0.25,0.4744,0.45,0.407,,0.646,0.45,0.7034,0.5,0.5803,0.6778,0.6275,0.3,18.0,0.6198,0.0036629999999999,0.1247645,0.06198,0.152,2026-10-03,0.0,0.0,1.0,0.2,0.005000000000000001
AXTI,AXT Inc,NASDAQ,Technology,Semiconductor Equipment & Materials,85.87,8954795.0,3423889468.309433,61.0,0.0,2026-10-03,0.58255,0.5,0.44155,0.0695,0.4882499999999999,,0.75,0.4778,0.7119,0.65,0.6543,0.6833,0.6629,0.3,19.0,0.6293,0.00439425,0.1406745,0.06293,0.304,2026-10-03,0.555,0.0,0.9704,0.4716,0.011790000000000002
STM,STMicroelectronics N.V. Common Stock,NASDAQ,Technology,Semiconductors,57.26,8945910.0,44857440826.0,,0.0,2026-10-03,0.58255,0.5,0.44155,0.0695,0.4882499999999999,,0.75,0.4778,0.7119,0.65,0.6543,0.6833,0.6629,0.3,19.0,0.6293,0.00439425,0.1406745,0.06293,0.304,2026-10-03,0.555,0.0,1.0,0.4775,0.0119375
ABT,Abbott Laboratories Common Stock,NASDAQ,Healthcare,Medical Devices,97.5,8832850.0,158355036719.0,,0.0,2026-10-03,0.61995,0.49245,0.49685,0.45,0.4607,,0.6198,0.4585,0.6244,0.5,0.5658,0.6778,0.69395,0.3,19.0,0.6323,0.0041463,0.1216469999999999,0.06323,0.2994096,2026-10-03,0.0,0.0,1.0,0.2,0.005000000000000001
ROIV,Roivant Sciences Ltd.,NASDAQ,Healthcare,Biotechnology,35.72,8788620.0,19187947100.744354,61.0,0.0,2026-10-03,0.61995,0.49245,0.49685,0.45,0.4607,,0.6198,0.4585,0.6244,0.5,0.5658,0.6778,0.69395,0.3,19.0,0.6323,0.0041463,0.1216469999999999,0.06323,0.2994096,2026-10-03,0.0,0.0,1.0,0.2,0.005000000000000001
HST,"Host Hotels & Resorts, Inc.",NASDAQ,Real Estate,REIT - Hotel & Motel,22.56,8785895.0,13271928328.41834,61.0,0.0,2026-10-03,0.4608,0.25,0.4744,0.45,0.407,,0.646,0.45,0.7034,0.5,0.5803,0.6778,0.6275,0.3,18.0,0.6198,0.0036629999999999,0.1247645,0.06198,0.152,2026-10-03,0.0,0.0,1.0,0.2,0.005000000000000001
RCAT,"Red Cat Holdings, Inc.",NASDAQ,Industrials,Aerospace & Defense,6.4,8765405.0,1556633163.6107712,61.0,0.0,2026-10-03,0.42575,0.25,0.4852999999999999,0.1068,0.40095,,0.7152000000000001,0.45,0.75,0.6000000000000001,0.6344,0.6844,0.6418,0.3,19.0,0.61435,0.00360855,0.136396,0.061435,0.152,2026-10-03,0.3375,0.0,1.0,0.3541499999999999,0.008853749999999999
BZ,KANZHUN LIMITED,NASDAQ,Communication Services,Internet Content & Information,14.83,8738780.0,6125403463.944926,61.0,0.0,2026-10-03,0.4121,0.2674,0.4984,0.0947,0.4045,,0.5903,0.45,0.6953499999999999,0.65,0.5902499999999999,0.6770499999999999,0.6206,0.3,18.5,0.61235,0.0036405,0.1269037499999999,0.061235,0.1625792,2026-10-03,0.0,0.0,0.95835,0.2,0.005000000000000001
FLNC,"Fluence Energy, Inc.",NASDAQ,Utilities,Utilities - Renewable,7.61,8707065.0,2678097652.062312,61.0,0.0,2026-10-03,0.2791,0.0,0.53205,0.45,0.3046,,0.645,0.0,0.7225999999999999,0.45,0.49755,0.6917,0.60385,0.3,17.0,0.60505,0.0027413999999999,0.10697325,0.060505,0.0,2026-10-03,0.0,0.0,0.99835,0.2,0.005000000000000001
ASST,"Strive, Inc.",NASDAQ,Financial Services,Asset Management,30.03,8700850.0,668765456.2263966,61.0,0.0,2026-10-03,0.5297,0.25,0.5036,0.6,0.4695,,0.70855,0.5,0.6757,0.65,0.6241000000000001,0.6875,0.62175,0.3,19.0,0.6051500000000001,0.0042254999999999,0.1341815,0.060515,0.152,2026-10-03,0.345,0.0,1.0,0.33335,0.00833375
S,SentinelOne Inc. Class A Common Stock,NASDAQ,Technology,Software - Infrastructure,25.06,8668240.0,4845537225.0,,0.0,2026-10-03,0.58255,0.5,0.44155,0.0695,0.4882499999999999,,0.75,0.4778,0.7119,0.65,0.6543,0.6833,0.6629,0.3,19.0,0.6293,0.00439425,0.1406745,0.06293,0.304,2026-10-03,0.0,0.0,0.6996,0.1399,0.0034975
DIS,Walt Disney Company (The) Common Stock,NASDAQ,Communication Services,Entertainment,102.19,8662675.0,181757934009.0,,0.0,2026-10-03,0.4121,0.2674,0.4984,0.0947,0.4045,,0.5903,0.45,0.6953499999999999,0.65,0.5902499999999999,0.6770499999999999,0.6206,0.3,18.5,0.61235,0.0036405,0.1269037499999999,0.061235,0.1625792,2026-10-03,0.0,0.0,0.95835,0.2,0.005000000000000001
SBET,"Sharplink, Inc.",NASDAQ,Financial Services,Capital Markets,9.35,8616690.0,1217473059.6305952,61.0,0.0,2026-10-03,0.5297,0.25,0.5036,0.6,0.4695,,0.70855,0.5,0.6757,0.65,0.6241000000000001,0.6875,0.62175,0.3,19.0,0.6051500000000001,0.0042254999999999,0.1341815,0.060515,0.152,2026-10-03,0.345,0.0,1.0,0.33335,0.00833375
EXC,Exelon Corporation,NASDAQ,Utilities,Utilities - Regulated Electric,40.73,8545880.0,49879785686.25,61.0,0.0,2026-10-03,0.2791,0.0,0.53205,0.45,0.3046,,0.645,0.0,0.7225999999999999,0.45,0.49755,0.6917,0.60385,0.3,17.0,0.60505,0.0027413999999999,0.10697325,0.060505,0.0,2026-10-03,0.0,0.0,0.99835,0.2,0.005000000000000001
DELL,Dell Technologies Inc. Class C Common Stock,NASDAQ,Technology,Computer Hardware,562.52,8539980.0,140499278123.0,,0.0,2026-10-03,0.58255,0.5,0.44155,0.0695,0.4882499999999999,,0.75,0.4778,0.7119,0.65,0.6543,0.6833,0.6629,0.3,19.0,0.6293,0.00439425,0.1406745,0.06293,0.304,2026-10-03,0.36,0.0,0.8618,0.3524,0.00881
TOST,Toast Inc. Class A Common Stock,NASDAQ,Technology,Software - Infrastructure,29.79,8502045.0,16834458764.0,,0.0,2026-10-03,0.58255,0.5,0.44155,0.0695,0.4882499999999999,,0.75,0.4778,0.7119,0.65,0.6543,0.6833,0.6629,0.3,19.0,0.6293,0.00439425,0.1406745,0.06293,0.304,2026-10-03,0.42,0.0,1.0,0.41,0.01025
BA,Boeing Company (The) Common Stock,NASDAQ,Industrials,Aerospace & Defense,193.56,8456975.0,183232995742.0,,0.0,2026-10-03,0.42575,0.25,0.4852999999999999,0.1068,0.40095,,0.7152000000000001,0.45,0.75,0.6000000000000001,0.6344,0.6844,0.6418,0.3,19.0,0.61435,0.00360855,0.136396,0.061435,0.152,2026-10-03,0.3375,0.0,1.0,0.3541499999999999,0.008853749999999999
MOS,Mosaic Company (The) Common Stock,NASDAQ,Basic Materials,Agricultural Inputs,21.07,8411275.0,7628319456.0,,0.0,2026-10-03,0.75715,0.5,0.5117499999999999,0.0915,0.49015,,0.7681,0.55,0.75,0.525,0.6791499999999999,0.68035,0.66,0.3,19.0,0.5902499999999999,0.00441135,0.14601725,0.0590249999999999,0.304,2026-10-03,0.57,0.0,0.99,0.483,0.012075
JPM,JP Morgan Chase & Co. Common Stock,NASDAQ,Financial Services,Banks - Diversified,332.38,8406385.0,826036256729.0,,0.0,2026-10-03,0.5297,0.25,0.5036,0.6,0.4695,,0.70855,0.5,0.6757,0.65,0.6241000000000001,0.6875,0.62175,0.3,19.0,0.6051500000000001,0.0042254999999999,0.1341815,0.060515,0.152,2026-10-03,0.345,0.0,1.0,0.33335,0.00833375
MCHP,Microchip Technology Incorporated,NASDAQ,Technology,Semiconductors,81.32,8381470.0,33761440894.337128,61.0,0.0,2026-10-03,0.58255,0.5,0.44155,0.0695,0.4882499999999999,,0.75,0.4778,0.7119,0.65,0.6543,0.6833,0.6629,0.3,19.0,0.6293,0.00439425,0.1406745,0.06293,0.304,2026-10-03,0.57,0.0,1.0,0.485,0.012125
TWO,Two Harbors Investment Corp,NASDAQ,Real Estate,REIT - Mortgage,12.18,8374400.0,1155509663.0,,0.0,2026-10-03,0.4608,0.25,0.4744,0.45,0.407,,0.646,0.45,0.7034,0.5,0.5803,0.6778,0.6275,0.3,18.0,0.6198,0.0036629999999999,0.1247645,0.06198,0.152,2026-10-03,0.0,0.0,1.0,0.2,0.005000000000000001
VFC,V.F. Corporation Common Stock,NASDAQ,Consumer Cyclical,Apparel Manufacturing,14.33,8306945.0,7743101916.0,,0.0,2026-10-03,0.23515,0.25,0.50275,0.08835,0.2476499999999999,,0.6992,0.45,0.7465999999999999,0.65,0.64295,0.6875,0.6443,0.3,19.0,0.6271,0.0022288499999999,0.13823425,0.06271,0.152,2026-10-03,0.345,0.0,1.0,0.3656,0.00914
AEO,American Eagle Outfitters Inc. Common Stock,NASDAQ,Consumer Cyclical,Apparel Retail,17.71,8253345.0,2985143206.0,,0.0,2026-10-03,0.3409,0.25,0.5794,0.0,0.2924,,0.6992,0.45,0.7465999999999999,0.65,0.64295,0.6875,0.6443,0.3,19.0,0.6271,0.0026316,0.13823425,0.06271,0.152,2026-10-03,0.345,0.0,1.0,0.3656,0.00914
MDLZ,"Mondelez International, Inc.",NASDAQ,Consumer Defensive,Confectioners,58.19,8244740.0,75472553518.56772,61.0,0.0,2026-10-03,0.323,0.25,0.4889,0.0627,0.3528,,0.7212,0.45,0.7174,0.65,0.628,0.6763,0.629,0.3,19.0,0.5958,0.0031752,0.13502,0.05958,0.152,2026-10-03,0.0,0.0,1.0,0.2,0.005000000000000001
XP,XP Inc. - Class A Common Stock,NASDAQ,Financial Services,Capital Markets,21.5,8234605.0,10337782524.0,,0.0,2026-10-03,0.5297,0.25,0.5036,0.6,0.4695,,0.70855,0.5,0.6757,0.65,0.6241000000000001,0.6875,0.62175,0.3,19.0,0.6051500000000001,0.0042254999999999,0.1341815,0.060515,0.152,2026-10-03,0.345,0.0,1.0,0.33335,0.00833375
B,Barrick Mining Corporation Common Shares,NASDAQ,Basic Materials,Gold,40.23,8157815.0,69012233523.0,,0.0,2026-10-03,0.75715,0.5,0.5117499999999999,0.0915,0.49015,,0.7681,0.55,0.75,0.525,0.6791499999999999,0.68035,0.66,0.3,19.0,0.5902499999999999,0.00441135,0.14601725,0.0590249999999999,0.304,2026-10-03,0.36,0.0,1.0,0.38,0.009500000000000001
USB,U.S. Bancorp Common Stock,NASDAQ,Financial Services,Banks - Regional,57.51,8157775.0,86426902847.0,,0.0,2026-10-03,0.5297,0.25,0.5036,0.6,0.4695,,0.70855,0.5,0.6757,0.65,0.6241000000000001,0.6875,0.62175,0.3,19.0,0.6051500000000001,0.0042254999999999,0.1341815,0.060515,0.152,2026-10-03,0.345,0.0,1.0,0.33335,0.00833375
BABA,Alibaba Group Holding Limited American Depositary Shares each representing eight Ordinary share,NASDAQ,Consumer Cyclical,Internet Retail,105.85,8148000.0,335146918659.0,,0.0,2026-10-03,0.0986,0.1871,0.6783,0.0,0.1976,,0.6992,0.45,0.7465999999999999,0.65,0.64295,0.6875,0.6443,0.3,19.0,0.6271,0.0017783999999999,0.13823425,0.06271,0.1137567999999999,2026-10-03,0.345,0.0,1.0,0.3656,0.00914
PTEN,"Patterson-UTI Energy, Inc.",NASDAQ,Energy,Oil & Gas Drilling,11.21,8141550.0,4365114800.0,61.0,0.0,2026-10-03,0.6603,0.5,0.5166,0.6,0.6019,,0.7292,0.4065499999999999,0.7446999999999999,0.65,0.62495,0.675,0.64585,0.3,18.0,0.6146499999999999,0.0054171,0.13436425,0.0614649999999999,0.304,2026-10-03,0.7706,0.0,1.0,0.5853,0.014632500000000001
VKTX,"Viking Therapeutics, Inc. - Common Stock",NASDAQ,Healthcare,Biotechnology,29.94,8136405.0,3970526292.0,,0.0,2026-10-03,0.61995,0.49245,0.49685,0.45,0.4607,,0.6198,0.4585,0.6244,0.5,0.5658,0.6778,0.69395,0.3,19.0,0.6323,0.0041463,0.1216469999999999,0.06323,0.2994096,2026-10-03,0.0,0.0,1.0,0.2,0.005000000000000001
ACI,Albertsons Companies Inc. Class A Common Stock,NASDAQ,Consumer Defensive,Grocery Stores,11.75,8106190.0,8419910496.0,,0.0,2026-10-03,0.323,0.25,0.4889,0.0627,0.3528,,0.7212,0.45,0.7174,0.65,0.628,0.6763,0.629,0.3,19.0,0.5958,0.0031752,0.13502,0.05958,0.152,2026-10-03,0.0,0.0,1.0,0.2,0.005000000000000001
FLO,Flowers Foods Inc. Common Stock,NASDAQ,Consumer Defensive,Packaged Foods,5.57,7929815.0,1864336950.0,,0.0,2026-10-03,0.0249,0.0,0.5166,0.0,0.1056,,0.7212,0.45,0.7174,0.65,0.628,0.6763,0.629,0.3,19.0,0.5958,0.0009504,0.13502,0.05958,0.0,2026-10-03,0.0,0.0,1.0,0.2,0.005000000000000001
ROL,Rollins Inc. Common Stock,NASDAQ,Consumer Cyclical,Personal Services,30.16,7915630.0,27250748465.0,,0.0,2026-10-03,0.0309,0.0,0.2358,0.0,0.0693,,0.6992,0.45,0.7465999999999999,0.65,0.64295,0.6875,0.6443,0.3,19.0,0.6271,0.0006237,0.13823425,0.06271,0.0,2026-10-03,0.345,0.0,1.0,0.3656,0.00914
GM,General Motors Company Common Stock,NASDAQ,Consumer Cyclical,Auto Manufacturers,78.27,7872560.0,70374298664.0,,0.0,2026-10-03,0.23515,0.25,0.50275,0.08835,0.2476499999999999,,0.6992,0.45,0.7465999999999999,0.65,0.64295,0.6875,0.6443,0.3,19.0,0.6271,0.0022288499999999,0.13823425,0.06271,0.152,2026-10-03,0.345,0.0,1.0,0.3656,0.00914
EQT,EQT Corporation Common Stock,NASDAQ,Energy,Oil & Gas E&P,50.17,7834985.0,36846908884.0,,0.0,2026-10-03,0.3052,0.1898,0.518,0.1094,0.2717,,0.7292,0.4065499999999999,0.7446999999999999,0.65,0.62495,0.675,0.64585,0.3,18.0,0.6146499999999999,0.0024453,0.13436425,0.0614649999999999,0.1153984,2026-10-03,0.0,0.0,1.0,0.2,0.005000000000000001
MO,Altria Group Inc.,NASDAQ,Consumer Defensive,Tobacco,67.35,7832530.0,111816539533.0,,0.0,2026-10-03,0.323,0.25,0.4889,0.0627,0.3528,,0.7212,0.45,0.7174,0.65,0.628,0.6763,0.629,0.3,19.0,0.5958,0.0031752,0.13502,0.05958,0.152,2026-10-03,0.0,0.0,1.0,0.2,0.005000000000000001
CVNA,Carvana Co. Class A Common Stock,NASDAQ,Consumer Cyclical,Auto & Truck Dealerships,63.77,7794620.0,58495889102.0,,0.0,2026-10-03,0.4074,0.0316,0.595,0.0,0.2561,,0.6992,0.45,0.7465999999999999,0.65,0.64295,0.6875,0.6443,0.3,19.0,0.6271,0.0023049,0.13823425,0.06271,0.0192128,2026-10-03,0.345,0.0,1.0,0.3656,0.00914
CPB,The Campbell's Company,NASDAQ,Consumer Defensive,Packaged Foods,19.62,7791020.0,6571148868.481262,61.0,0.0,2026-10-03,0.1425,0.0,0.4542,0.0,0.1398,,0.7212,0.45,0.7174,0.65,0.628,0.6763,0.629,0.3,19.0,0.5958,0.0012582,0.13502,0.05958,0.0,2026-10-03,0.0,0.0,1.0,0.2,0.005000000000000001
FISV,"Fiserv, Inc.",NASDAQ,,,44.36,7750080.0,28931053494.14811,61.0,0.0,2026-10-03,0.5297,0.2674,0.49685,0.1166,0.4607,,0.70855,0.45,0.7119,0.65,0.6271,0.6833,0.6443,0.3,19.0,0.6198,0.0041463,0.1348265,0.06198,0.1625792,2026-10-03,0.0,0.0,1.0,0.2,0.005000000000000001
WDC,Western Digital Corporation - Common Stock,NASDAQ,Technology,Computer Hardware,415.29,7747460.0,117418467569.0,,0.0,2026-10-03,0.58255,0.5,0.44155,0.0695,0.4882499999999999,,0.75,0.4778,0.7119,0.65,0.6543,0.6833,0.6629,0.3,19.0,0.6293,0.00439425,0.1406745,0.06293,0.304,2026-10-03,0.57,0.0,1.0,0.485,0.012125
CHYM,"Chime Financial, Inc.",NASDAQ,Technology,Software - Application,27.25,7682150.0,6625721895.0,61.0,0.0,2026-10-03,0.58255,0.5,0.44155,0.0695,0.4882499999999999,,0.75,0.4778,0.7119,0.65,0.6543,0.6833,0.6629,0.3,19.0,0.6293,0.00439425,0.1406745,0.06293,0.304,2026-10-03,0.555,0.0,1.0,0.4775,0.0119375
VLY,Valley National Bancorp,NASDAQ,Financial Services,Banks - Regional,12.82,7580130.0,7253866666.0,62.0,0.0,2026-10-03,0.5297,0.25,0.5036,0.6,0.4695,,0.70855,0.5,0.6757,0.65,0.6241000000000001,0.6875,0.62175,0.3,19.0,0.6051500000000001,0.0042254999999999,0.1341815,0.060515,0.152,2026-10-03,0.345,0.0,1.0,0.33335,0.00833375
RUN,Sunrun Inc.,NASDAQ,Technology,Solar,7.71,7548630.0,2926465082.0978966,61.0,0.0,2026-10-03,0.0119,0.0,0.4182,0.0,0.0895,,0.75,0.4778,0.7119,0.65,0.6543,0.6833,0.6629,0.3,19.0,0.6293,0.0008055,0.1406745,0.06293,0.0,2026-10-03,0.0,0.0,1.0,0.2,0.005000000000000001
WMB,Williams Companies Inc. (The) Common Stock,NASDAQ,Energy,Oil & Gas Midstream,70.54,7543840.0,88265815168.0,,0.0,2026-10-03,0.6603,0.5,0.5166,0.6,0.6019,,0.7292,0.4065499999999999,0.7446999999999999,0.65,0.62495,0.675,0.64585,0.3,18.0,0.6146499999999999,0.0054171,0.13436425,0.0614649999999999,0.304,2026-10-03,0.555,0.0,1.0,0.4775,0.0119375
KGC,Kinross Gold Corporation Common Stock,NASDAQ,Basic Materials,Gold,24.06,7478500.0,39421816309.0,,0.0,2026-10-03,0.75715,0.5,0.5117499999999999,0.0915,0.49015,,0.7681,0.55,0.75,0.525,0.6791499999999999,0.68035,0.66,0.3,19.0,0.5902499999999999,0.00441135,0.14601725,0.0590249999999999,0.304,2026-10-03,0.345,0.0,1.0,0.3725,0.0093125
ERIC,Ericsson,NASDAQ,Technology,Communication Equipment,9.29,7428745.0,37710909547.07801,61.0,0.0,2026-10-03,0.58255,0.5,0.44155,0.0695,0.4882499999999999,,0.75,0.4778,0.7119,0.65,0.6543,0.6833,0.6629,0.3,19.0,0.6293,0.00439425,0.1406745,0.06293,0.304,2026-10-03,0.82,0.0,0.7148,0.553,0.013825000000000002
WY,Weyerhaeuser Company Common Stock,NASDAQ,Real Estate,REIT - Specialty,18.47,7364680.0,18047696998.0,,0.0,2026-10-03,0.4608,0.25,0.4744,0.45,0.407,,0.646,0.45,0.7034,0.5,0.5803,0.6778,0.6275,0.3,18.0,0.6198,0.0036629999999999,0.1247645,0.06198,0.152,2026-10-03,0.0,0.0,1.0,0.2,0.005000000000000001
CELH,"Celsius Holdings, Inc.",NASDAQ,Consumer Defensive,Beverages - Non-Alcoholic,26.75,7359035.0,8919370882.850853,61.0,0.0,2026-10-03,0.0606,0.0,0.6585,0.0,0.1342,,0.7212,0.45,0.7174,0.65,0.628,0.6763,0.629,0.3,19.0,0.5958,0.0012078,0.13502,0.05958,0.0,2026-10-03,0.0,0.0,1.0,0.2,0.005000000000000001
DX,Dynex Capital Inc. Common Stock,NASDAQ,Real Estate,REIT - Mortgage,11.02,7291975.0,2850445485.0,,0.0,2026-10-03,0.4608,0.25,0.4744,0.45,0.407,,0.646,0.45,0.7034,0.5,0.5803,0.6778,0.6275,0.3,18.0,0.6198,0.0036629999999999,0.1247645,0.06198,0.152,2026-10-03,0.0,0.0,1.0,0.2,0.005000000000000001
AS,Amer Sports Inc. Ordinary Shares,NASDAQ,Consumer Cyclical,Leisure,27.17,7289420.0,20852501428.0,,0.0,2026-10-03,0.0867,0.0,0.5886,0.0,0.1361,,0.6992,0.45,0.7465999999999999,0.65,0.64295,0.6875,0.6443,0.3,19.0,0.6271,0.0012249,0.13823425,0.06271,0.0,2026-10-03,0.345,0.0,1.0,0.3656,0.00914
GPK,Graphic Packaging Holding Company,NASDAQ,Consumer Cyclical,Packaging & Containers,8.78,7281770.0,2765177630.0,,0.0,2026-10-03,0.23515,0.25,0.50275,0.08835,0.2476499999999999,,0.6992,0.45,0.7465999999999999,0.65,0.64295,0.6875,0.6443,0.3,19.0,0.6271,0.0022288499999999,0.13823425,0.06271,0.152,2026-10-03,0.345,0.0,1.0,0.3656,0.00914
CX,Cemex S.A.B. de C.V. Sponsored ADR,NASDAQ,Basic Materials,Building Materials,9.53,7279975.0,17932293206.0,,0.0,2026-10-03,0.75715,0.5,0.5117499999999999,0.0915,0.49015,,0.7681,0.55,0.75,0.525,0.6791499999999999,0.68035,0.66,0.3,19.0,0.5902499999999999,0.00441135,0.14601725,0.0590249999999999,0.304,2026-10-03,0.435,0.0,1.0,0.4175,0.0104375
SAN,Banco Santander S.A. Sponsored ADR (Spain),NASDAQ,Financial Services,Banks - Diversified,13.36,7248820.0,174076773227.0,,0.0,2026-10-03,0.5297,0.25,0.5036,0.6,0.4695,,0.70855,0.5,0.6757,0.65,0.6241000000000001,0.6875,0.62175,0.3,19.0,0.6051500000000001,0.0042254999999999,0.1341815,0.060515,0.152,2026-10-03,0.345,0.0,1.0,0.33335,0.00833375
PPL,PPL Corporation Common Stock,NASDAQ,Utilities,Utilities - Regulated Electric,32.8,7238840.0,29146397508.0,,0.0,2026-10-03,0.2387,0.0,0.5875,0.45,0.2765,,0.645,0.0,0.7225999999999999,0.45,0.49755,0.6917,0.60385,0.3,17.0,0.60505,0.0024885,0.10697325,0.060505,0.0,2026-10-03,0.0,0.0,0.99835,0.2,0.005000000000000001
IOT,Samsara Inc. Class A Common Stock,NASDAQ,Technology,Software - Infrastructure,41.12,7235185.0,17398259726.0,,0.0,2026-10-03,0.58255,0.5,0.44155,0.0695,0.4882499999999999,,0.75,0.4778,0.7119,0.65,0.6543,0.6833,0.6629,0.3,19.0,0.6293,0.00439425,0.1406745,0.06293,0.304,2026-10-03,0.36,0.0,1.0,0.38,0.009500000000000001
NTSK,"Netskope, Inc.",NASDAQ,Technology,Software - Infrastructure,17.75,7189680.0,3155999946.5942383,61.0,0.0,2026-10-03,0.58255,0.5,0.44155,0.0695,0.4882499999999999,,0.75,0.4778,0.7119,0.65,0.6543,0.6833,0.6629,0.3,19.0,0.6293,0.00439425,0.1406745,0.06293,0.304,2026-10-03,0.0,0.8,0.8047,0.4009,0.0100225
MAT,"Mattel, Inc.",NASDAQ,Consumer Cyclical,Leisure,15.27,7117690.0,4514369881.439209,61.0,0.0,2026-10-03,0.23515,0.25,0.50275,0.08835,0.2476499999999999,,0.6992,0.45,0.7465999999999999,0.65,0.64295,0.6875,0.6443,0.3,19.0,0.6271,0.0022288499999999,0.13823425,0.06271,0.152,2026-10-03,0.345,0.0,1.0,0.3656,0.00914
TME,Tencent Music Entertainment Group American Depositary Shares each representing two Class A Ordinary Shares,NASDAQ,Communication Services,Internet Content & Information,7.74,7104530.0,14717510975.0,,0.0,2026-10-03,0.0356,0.0,0.6781,0.0,0.1294,,0.5903,0.45,0.6953499999999999,0.65,0.5902499999999999,0.6770499999999999,0.6206,0.3,18.5,0.61235,0.0011645999999999,0.1269037499999999,0.061235,0.0,2026-10-03,0.0,0.0,0.95835,0.2,0.005000000000000001
ASX,ASE Technology Holding Co. Ltd. American Depositary Shares (each representing Two Common Shares),NASDAQ,Technology,Semiconductors,47.45,7062660.0,70093697248.0,,0.0,2026-10-03,0.58255,0.5,0.44155,0.0695,0.4882499999999999,,0.75,0.4778,0.7119,0.65,0.6543,0.6833,0.6629,0.3,19.0,0.6293,0.00439425,0.1406745,0.06293,0.304,2026-10-03,0.57,0.0,0.8996,0.4649,0.011622500000000001
SBUX,Starbucks Corporation,NASDAQ,Consumer Cyclical,Restaurants,94.71,7041065.0,99796984890.74709,61.0,0.0,2026-10-03,0.23515,0.25,0.50275,0.08835,0.2476499999999999,,0.6992,0.45,0.7465999999999999,0.65,0.64295,0.6875,0.6443,0.3,19.0,0.6271,0.0022288499999999,0.13823425,0.06271,0.152,2026-10-03,0.345,0.0,1.0,0.3656,0.00914
M,Macy's Inc Common Stock,NASDAQ,Consumer Cyclical,Department Stores,22.73,7026600.0,5301606230.0,,0.0,2026-10-03,0.23515,0.25,0.50275,0.08835,0.2476499999999999,,0.6992,0.45,0.7465999999999999,0.65,0.64295,0.6875,0.6443,0.3,19.0,0.6271,0.0022288499999999,0.13823425,0.06271,0.152,2026-10-03,0.345,0.0,1.0,0.3656,0.00914
XPEV,XPeng Inc. American depositary shares each representing two Class A ordinary shares,NASDAQ,Consumer Cyclical,Auto Manufacturers,9.25,7008730.0,15922806349.0,,0.0,2026-10-03,0.0131,0.0,0.4889,0.0,0.0938,,0.6992,0.45,0.7465999999999999,0.65,0.64295,0.6875,0.6443,0.3,19.0,0.6271,0.0008442,0.13823425,0.06271,0.0,2026-10-03,0.345,0.0,1.0,0.3656,0.00914
BAX,Baxter International Inc. Common Stock,NASDAQ,Healthcare,Medical Instruments & Supplies,23.49,6999505.0,9375145575.0,,0.0,2026-10-03,0.61995,0.49245,0.49685,0.45,0.4607,,0.6198,0.4585,0.6244,0.5,0.5658,0.6778,0.69395,0.3,19.0,0.6323,0.0041463,0.1216469999999999,0.06323,0.2994096,2026-10-03,0.0,0.0,1.0,0.2,0.005000000000000001
STUB,StubHub Holdings Inc. Class A Common Stock,NASDAQ,Communication Services,Internet Content & Information,5.41,6987705.0,2550577484.0,,0.0,2026-10-03,0.0166,0.0,0.535,0.0,0.1033,,0.5903,0.45,0.6953499999999999,0.65,0.5902499999999999,0.6770499999999999,0.6206,0.3,18.5,0.61235,0.0009297,0.1269037499999999,0.061235,0.0,2026-10-03,0.0,0.0,0.95835,0.2,0.005000000000000001
QUBT,Quantum Computing Inc.,NASDAQ,Technology,Computer Hardware,8.18,6984790.0,1523492019.1281817,61.0,0.0,2026-10-03,0.58255,0.5,0.44155,0.0695,0.4882499999999999,,0.75,0.4778,0.7119,0.65,0.6543,0.6833,0.6629,0.3,19.0,0.6293,0.00439425,0.1406745,0.06293,0.304,2026-10-03,0.225,0.0,1.0,0.3125,0.0078125
SOXX,iShares PHLX SOX Semiconductor Sector Index Fund,NASDAQ,,,588.9,6962295.0,2957489920.0,62.0,0.0,2026-10-03,0.5297,0.2674,0.49685,0.1166,0.4607,,0.70855,0.45,0.7119,0.65,0.6271,0.6833,0.6443,0.3,19.0,0.6198,0.0041463,0.1348265,0.06198,0.1625792,2026-10-03,0.0,0.0,1.0,0.2,0.005000000000000001
CTSH,Cognizant Technology Solutions Corporation,NASDAQ,Technology,Information Technology Services,58.51,6942385.0,28925003334.11201,61.0,0.0,2026-10-03,0.58255,0.5,0.44155,0.0695,0.4882499999999999,,0.75,0.4778,0.7119,0.65,0.6543,0.6833,0.6629,0.3,19.0,0.6293,0.00439425,0.1406745,0.06293,0.304,2026-10-03,0.465,0.0,0.9517,0.4228,0.010570000000000001
COP,ConocoPhillips Common Stock,NASDAQ,Energy,Oil & Gas E&P,126.75,6880350.0,148407548875.0,,0.0,2026-10-03,0.6603,0.5,0.5166,0.6,0.6019,,0.7292,0.4065499999999999,0.7446999999999999,0.65,0.62495,0.675,0.64585,0.3,18.0,0.6146499999999999,0.0054171,0.13436425,0.0614649999999999,0.304,2026-10-03,0.555,0.0,1.0,0.4775,0.0119375
CNP,CenterPoint Energy Inc (Holding Co) Common Stock,NASDAQ,Utilities,Utilities - Regulated Electric,37.79,6732910.0,27782578614.0,,0.0,2026-10-03,0.2791,0.0,0.53205,0.45,0.3046,,0.645,0.0,0.7225999999999999,0.45,0.49755,0.6917,0.60385,0.3,17.0,0.60505,0.0027413999999999,0.10697325,0.060505,0.0,2026-10-03,0.0,0.0,0.99835,0.2,0.005000000000000001
NEM,Newmont Corporation,NASDAQ,Basic Materials,Gold,115.56,6616955.0,128853615356.0,,0.0,2026-10-03,0.75715,0.5,0.5117499999999999,0.0915,0.49015,,0.7681,0.55,0.75,0.525,0.6791499999999999,0.68035,0.66,0.3,19.0,0.5902499999999999,0.00441135,0.14601725,0.0590249999999999,0.304,2026-10-03,0.555,0.0,1.0,0.4775,0.0119375
JNJ,Johnson & Johnson Common Stock,NASDAQ,Healthcare,Drug Manufacturers - General,256.03,6582520.0,547641860902.0,,0.0,2026-10-03,0.61995,0.49245,0.49685,0.45,0.4607,,0.6198,0.4585,0.6244,0.5,0.5658,0.6778,0.69395,0.3,19.0,0.6323,0.0041463,0.1216469999999999,0.06323,0.2994096,2026-10-03,0.0,0.0,1.0,0.2,0.005000000000000001
KVYO,Klaviyo Inc. Series A Common Stock,NASDAQ,Technology,Software - Application,15.71,6487710.0,5927856944.0,,0.0,2026-10-03,0.58255,0.5,0.44155,0.0695,0.4882499999999999,,0.75,0.4778,0.7119,0.65,0.6543,0.6833,0.6629,0.3,19.0,0.6293,0.00439425,0.1406745,0.06293,0.304,2026-10-03,0.57,0.0,1.0,0.485,0.012125
BBWI,Bath & Body Works Inc.,NASDAQ,Consumer Cyclical,Specialty Retail,16.06,6481700.0,4040787414.0,,0.0,2026-10-03,0.1698,0.0,0.5146,0.0,0.1526,,0.6992,0.45,0.7465999999999999,0.65,0.64295,0.6875,0.6443,0.3,19.0,0.6271,0.0013734,0.13823425,0.06271,0.0,2026-10-03,0.345,0.0,1.0,0.3656,0.00914
FIS,Fidelity National Information Services Inc. Common Stock,NASDAQ,Technology,Information Technology Services,32.44,6468410.0,23681315200.0,,0.0,2026-10-03,0.0879,0.0,0.4334,0.0,0.1078,,0.75,0.4778,0.7119,0.65,0.6543,0.6833,0.6629,0.3,19.0,0.6293,0.0009702,0.1406745,0.06293,0.0,2026-10-03,0.0,0.0,1.0,0.2,0.005000000000000001
RITM,Rithm Capital Corp. Common Stock,NASDAQ,Real Estate,REIT - Mortgage,8.71,6449735.0,5655645891.0,,0.0,2026-10-03,0.4608,0.25,0.4744,0.45,0.407,,0.646,0.45,0.7034,0.5,0.5803,0.6778,0.6275,0.3,18.0,0.6198,0.0036629999999999,0.1247645,0.06198,0.152,2026-10-03,0.0,0.0,1.0,0.2,0.005000000000000001
FITB,Fifth Third Bancorp,NASDAQ,Financial Services,Banks - Regional,50.87,6397960.0,40587355704.00395,61.0,0.0,2026-10-03,0.5297,0.25,0.5036,0.6,0.4695,,0.70855,0.5,0.6757,0.65,0.6241000000000001,0.6875,0.62175,0.3,19.0,0.6051500000000001,0.0042254999999999,0.1341815,0.060515,0.152,2026-10-03,0.345,0.0,1.0,0.33335,0.00833375
PDD,PDD Holdings Inc.,NASDAQ,Consumer Cyclical,Internet Retail,75.38,6360090.0,144385146017.1603,61.0,0.0,2026-10-03,0.23515,0.25,0.50275,0.08835,0.2476499999999999,,0.6992,0.45,0.7465999999999999,0.65,0.64295,0.6875,0.6443,0.3,19.0,0.6271,0.0022288499999999,0.13823425,0.06271,0.152,2026-10-03,0.345,0.0,1.0,0.3656,0.00914
AMAT,"Applied Materials, Inc.",NASDAQ,Technology,Semiconductor Equipment & Materials,540.04,6337535.0,271454245319.72955,61.0,0.0,2026-10-03,0.58255,0.5,0.44155,0.0695,0.4882499999999999,,0.75,0.4778,0.7119,0.65,0.6543,0.6833,0.6629,0.3,19.0,0.6293,0.00439425,0.1406745,0.06293,0.304,2026-10-03,0.36,0.0,1.0,0.38,0.009500000000000001
TERN,"Terns Pharmaceuticals, Inc. - Common Stock",NASDAQ,Healthcare,Biotechnology,52.95,6331482.0,6074206944.0,,0.0,2026-10-03,0.61995,0.49245,0.49685,0.45,0.4607,,0.6198,0.4585,0.6244,0.5,0.5658,0.6778,0.69395,0.3,19.0,0.6323,0.0041463,0.1216469999999999,0.06323,0.2994096,2026-10-03,0.0,0.0,1.0,0.2,0.005000000000000001
SLS,"SELLAS Life Sciences Group, Inc. ",NASDAQ,Healthcare,Biotechnology,11.74,6312125.0,924508237.0,63.0,0.0,2026-10-03,0.61995,0.49245,0.49685,0.45,0.4607,,0.6198,0.4585,0.6244,0.5,0.5658,0.6778,0.69395,0.3,19.0,0.6323,0.0041463,0.1216469999999999,0.06323,0.2994096,2026-10-03,0.0,0.0,1.0,0.2,0.005000000000000001
CSGP,"CoStar Group, Inc.",NASDAQ,Real Estate,Real Estate Services,27.38,6185055.0,16938077906.985226,61.0,0.0,2026-10-03,0.0285,0.1218,0.3647,0.0,0.1181,,0.646,0.45,0.7034,0.5,0.5803,0.6778,0.6275,0.3,18.0,0.6198,0.0010629,0.1247645,0.06198,0.0740544,2026-10-03,0.0,0.0,1.0,0.2,0.005000000000000001
ORLY,"O'Reilly Automotive, Inc.",NASDAQ,Consumer Cyclical,Auto Parts,84.9,6153155.0,77750428429.32025,61.0,0.0,2026-10-03,0.23515,0.25,0.50275,0.08835,0.2476499999999999,,0.6992,0.45,0.7465999999999999,0.65,0.64295,0.6875,0.6443,0.3,19.0,0.6271,0.0022288499999999,0.13823425,0.06271,0.152,2026-10-03,0.345,0.0,1.0,0.3656,0.00914
V,Visa Inc.,NASDAQ,Financial Services,Credit Services,360.66,6129995.0,596574039230.0,,0.0,2026-10-03,0.5297,0.25,0.5036,0.6,0.4695,,0.70855,0.5,0.6757,0.65,0.6241000000000001,0.6875,0.62175,0.3,19.0,0.6051500000000001,0.0042254999999999,0.1341815,0.060515,0.152,2026-10-03,0.345,0.0,1.0,0.33335,0.00833375
MCD,McDonald's Corporation Common Stock,NASDAQ,Consumer Cyclical,Restaurants,231.89,6115965.0,212793349203.0,,0.0,2026-10-03,0.23515,0.25,0.50275,0.08835,0.2476499999999999,,0.6992,0.45,0.7465999999999999,0.65,0.64295,0.6875,0.6443,0.3,19.0,0.6271,0.0022288499999999,0.13823425,0.06271,0.152,2026-10-03,0.345,0.0,1.0,0.3656,0.00914
RARE,Ultragenyx Pharmaceutical Inc.,NASDAQ,Healthcare,Biotechnology,15.22,6071050.0,1894910201.658142,61.0,0.0,2026-10-03,0.0036,0.25,0.543,0.0,0.1687,,0.6198,0.4585,0.6244,0.5,0.5658,0.6778,0.69395,0.3,19.0,0.6323,0.0015183,0.1216469999999999,0.06323,0.152,2026-10-03,0.0,0.0,1.0,0.2,0.005000000000000001
VIAV,Viavi Solutions Inc. - Common Stock,NASDAQ,Technology,Communication Equipment,47.1,6021705.0,9669760939.0,,0.0,2026-10-03,0.58255,0.5,0.44155,0.0695,0.4882499999999999,,0.75,0.4778,0.7119,0.65,0.6543,0.6833,0.6629,0.3,19.0,0.6293,0.00439425,0.1406745,0.06293,0.304,2026-10-03,0.57,0.0,1.0,0.485,0.012125
LVS,Las Vegas Sands Corp. Common Stock,NASDAQ,Consumer Cyclical,Resorts & Casinos,36.23,5999430.0,35045678634.0,,0.0,2026-10-03,0.1057,0.0,0.4654,0.0,0.119,,0.6992,0.45,0.7465999999999999,0.65,0.64295,0.6875,0.6443,0.3,19.0,0.6271,0.001071,0.13823425,0.06271,0.0,2026-10-03,0.345,0.0,1.0,0.3656,0.00914
DBRG,DigitalBridge Group Inc.,NASDAQ,Financial Services,Asset Management,16.0,5991000.0,2847657812.0,,0.0,2026-10-03,0.5297,0.25,0.5036,0.6,0.4695,,0.70855,0.5,0.6757,0.65,0.6241000000000001,0.6875,0.62175,0.3,19.0,0.6051500000000001,0.0042254999999999,0.1341815,0.060515,0.152,2026-10-03,0.345,0.0,1.0,0.33335,0.00833375
WEN,Wendy's Company (The) - Common Stock,NASDAQ,Consumer Cyclical,Restaurants,6.12,5990850.0,1312312409.0,,0.0,2026-10-03,0.23515,0.25,0.50275,0.08835,0.2476499999999999,,0.6992,0.45,0.7465999999999999,0.65,0.64295,0.6875,0.6443,0.3,19.0,0.6271,0.0022288499999999,0.13823425,0.06271,0.152,2026-10-03,0.345,0.0,1.0,0.3656,0.00914
JD,"JD.com, Inc.",NASDAQ,Consumer Cyclical,Internet Retail,25.78,5965245.0,42004788291.271866,61.0,0.0,2026-10-03,0.1983,0.25,0.5687,0.0865,0.2473,,0.6992,0.45,0.7465999999999999,0.65,0.64295,0.6875,0.6443,0.3,19.0,0.6271,0.0022257,0.13823425,0.06271,0.152,2026-10-03,0.345,0.0,1.0,0.3656,0.00914
ARM,Arm Holdings plc,NASDAQ,Technology,Semiconductors,307.49,5952190.0,155338535224.97742,61.0,0.0,2026-10-03,0.58255,0.5,0.44155,0.0695,0.4882499999999999,,0.75,0.4778,0.7119,0.65,0.6543,0.6833,0.6629,0.3,19.0,0.6293,0.00439425,0.1406745,0.06293,0.304,2026-10-03,0.57,0.0,0.6666,0.4183,0.010457500000000002
ORC,Orchid Island Capital Inc. Common Stock,NASDAQ,Real Estate,REIT - Mortgage,5.11,5941165.0,1414936631.0,,0.0,2026-10-03,0.4608,0.25,0.4744,0.45,0.407,,0.646,0.45,0.7034,0.5,0.5803,0.6778,0.6275,0.3,18.0,0.6198,0.0036629999999999,0.1247645,0.06198,0.152,2026-10-03,0.0,0.0,1.0,0.2,0.005000000000000001
IBM,International Business Machines Corporation Common Stock,NASDAQ,Technology,Information Technology Services,222.64,5934030.0,218034583238.0,,0.0,2026-10-03,0.1128,0.25,0.5006,0.0117,0.201,,0.75,0.4778,0.7119,0.65,0.6543,0.6833,0.6629,0.3,19.0,0.6293,0.001809,0.1406745,0.06293,0.152,2026-10-03,0.0,0.0,1.0,0.2,0.005000000000000001
CPRI,Capri Holdings Limited Ordinary Shares,NASDAQ,Consumer Cyclical,Luxury Goods,14.44,5904560.0,2458309174.0,,0.0,2026-10-03,0.23515,0.25,0.50275,0.08835,0.2476499999999999,,0.6992,0.45,0.7465999999999999,0.65,0.64295,0.6875,0.6443,0.3,19.0,0.6271,0.0022288499999999,0.13823425,0.06271,0.152,2026-10-03,0.345,0.0,1.0,0.3656,0.00914
AVB,AvalonBay Communities Inc. Common Stock,NASDAQ,Real Estate,REIT - Residential,68.14,5897926.0,23979995540.0,,0.0,2026-10-03,0.4608,0.25,0.4744,0.45,0.407,,0.646,0.45,0.7034,0.5,0.5803,0.6778,0.6275,0.3,18.0,0.6198,0.0036629999999999,0.1247645,0.06198,0.152,2026-10-03,0.0,0.0,1.0,0.2,0.005000000000000001
AKAM,"Akamai Technologies, Inc.",NASDAQ,Technology,Software - Infrastructure,108.92,5890130.0,16530284395.66388,61.0,0.0,2026-10-03,0.58255,0.5,0.44155,0.0695,0.4882499999999999,,0.75,0.4778,0.7119,0.65,0.6543,0.6833,0.6629,0.3,19.0,0.6293,0.00439425,0.1406745,0.06293,0.304,2026-10-03,0.57,0.0,1.0,0.485,0.012125
SATS,EchoStar Corporation,NASDAQ,Communication Services,Telecom Services,92.03,5871266.0,33554375049.513336,61.0,0.0,2026-10-03,0.4121,0.2674,0.4984,0.0947,0.4045,,0.5903,0.45,0.6953499999999999,0.65,0.5902499999999999,0.6770499999999999,0.6206,0.3,18.5,0.61235,0.0036405,0.1269037499999999,0.061235,0.1625792,2026-10-03,0.0,0.0,0.95835,0.2,0.005000000000000001
TXN,Texas Instruments Incorporated - Common Stock,NASDAQ,Technology,Semiconductors,293.8,5862225.0,195503797053.0,,0.0,2026-10-03,0.58255,0.5,0.44155,0.0695,0.4882499999999999,,0.75,0.4778,0.7119,0.65,0.6543,0.6833,0.6629,0.3,19.0,0.6293,0.00439425,0.1406745,0.06293,0.304,2026-10-03,0.85,0.0,1.0,0.625,0.015625
MBLY,Mobileye Global Inc.,NASDAQ,Consumer Cyclical,Auto Parts,7.42,5843250.0,5704566841.448867,61.0,0.0,2026-10-03,0.23515,0.25,0.50275,0.08835,0.2476499999999999,,0.6992,0.45,0.7465999999999999,0.65,0.64295,0.6875,0.6443,0.3,19.0,0.6271,0.0022288499999999,0.13823425,0.06271,0.152,2026-10-03,0.345,0.0,1.0,0.3656,0.00914
CUK,Carnival Plc ADS ADS,NASDAQ,Consumer Cyclical,Travel Services,27.47,5781570.0,37584144059.0,,0.0,2026-10-03,0.23515,0.25,0.50275,0.08835,0.2476499999999999,,0.6992,0.45,0.7465999999999999,0.65,0.64295,0.6875,0.6443,0.3,19.0,0.6271,0.0022288499999999,0.13823425,0.06271,0.152,2026-10-03,0.345,0.0,1.0,0.3656,0.00914
LEN,Lennar Corporation Class A Common Stock,NASDAQ,Consumer Cyclical,Residential Construction,79.81,5727205.0,23164355490.0,,0.0,2026-10-03,0.23515,0.25,0.50275,0.08835,0.2476499999999999,,0.6992,0.45,0.7465999999999999,0.65,0.64295,0.6875,0.6443,0.3,19.0,0.6271,0.0022288499999999,0.13823425,0.06271,0.152,2026-10-03,0.345,0.0,1.0,0.3656,0.00914
COO,"The Cooper Companies, Inc. ",NASDAQ,Healthcare,Medical Instruments & Supplies,56.91,5707070.0,13630691963.368378,61.0,0.0,2026-10-03,0.61995,0.49245,0.49685,0.45,0.4607,,0.6198,0.4585,0.6244,0.5,0.5658,0.6778,0.69395,0.3,19.0,0.6323,0.0041463,0.1216469999999999,0.06323,0.2994096,2026-10-03,0.0,0.0,1.0,0.2,0.005000000000000001
TAP,Molson Coors Beverage Company Class B Common Stock,NASDAQ,Consumer Defensive,Beverages - Brewers,36.86,5697380.0,7990828297.0,,0.0,2026-10-03,0.2375,0.0,0.4394,0.0432,0.1776,,0.7212,0.45,0.7174,0.65,0.628,0.6763,0.629,0.3,19.0,0.5958,0.0015984,0.13502,0.05958,0.0,2026-10-03,0.0,0.0,1.0,0.2,0.005000000000000001
KIM,Kimco Realty Corporation (HC) Common Stock,NASDAQ,Real Estate,REIT - Retail,22.24,5693840.0,15976612452.0,,0.0,2026-10-03,0.4608,0.25,0.4744,0.45,0.407,,0.646,0.45,0.7034,0.5,0.5803,0.6778,0.6275,0.3,18.0,0.6198,0.0036629999999999,0.1247645,0.06198,0.152,2026-10-03,0.0,0.0,1.0,0.2,0.005000000000000001
NI,NiSource Inc Common Stock,NASDAQ,Utilities,Utilities - Regulated Gas,39.43,5688635.0,22964807679.0,,0.0,2026-10-03,0.2791,0.0,0.53205,0.45,0.3046,,0.645,0.0,0.7225999999999999,0.45,0.49755,0.6917,0.60385,0.3,17.0,0.60505,0.0027413999999999,0.10697325,0.060505,0.0,2026-10-03,0.0,0.0,0.99835,0.2,0.005000000000000001
ADBE,Adobe Inc.,NASDAQ,Technology,Software - Application,237.69,5638105.0,96161546704.0817,61.0,0.0,2026-10-03,0.58255,0.5,0.44155,0.0695,0.4882499999999999,,0.75,0.4778,0.7119,0.65,0.6543,0.6833,0.6629,0.3,19.0,0.6293,0.00439425,0.1406745,0.06293,0.304,2026-10-03,0.15,0.0,0.93,0.261,0.006525
BEKE,KE Holdings Inc American Depositary Shares (each representing three Class A Ordinary Shares),NASDAQ,Real Estate,Real Estate Services,16.43,5632735.0,18058481659.0,,0.0,2026-10-03,0.4608,0.25,0.4744,0.45,0.407,,0.646,0.45,0.7034,0.5,0.5803,0.6778,0.6275,0.3,18.0,0.6198,0.0036629999999999,0.1247645,0.06198,0.152,2026-10-03,0.0,0.0,1.0,0.2,0.005000000000000001
CRH,CRH PLC Ordinary Shares,NASDAQ,Basic Materials,Building Materials,81.94,5601330.0,78847637288.0,,0.0,2026-10-03,0.75715,0.5,0.5117499999999999,0.0915,0.49015,,0.7681,0.55,0.75,0.525,0.6791499999999999,0.68035,0.66,0.3,19.0,0.5902499999999999,0.00441135,0.14601725,0.0590249999999999,0.304,2026-10-03,0.54,0.0,1.0,0.47,0.01175
ELAN,Elanco Animal Health Incorporated Common Stock,NASDAQ,Healthcare,Drug Manufacturers - Specialty & Generic,22.14,5574550.0,11360882237.0,,0.0,2026-10-03,0.61995,0.49245,0.49685,0.45,0.4607,,0.6198,0.4585,0.6244,0.5,0.5658,0.6778,0.69395,0.3,19.0,0.6323,0.0041463,0.1216469999999999,0.06323,0.2994096,2026-10-03,0.0,0.0,1.0,0.2,0.005000000000000001
MS,Morgan Stanley Common Stock,NASDAQ,Financial Services,Capital Markets,190.31,5573095.0,298628880572.0,,0.0,2026-10-03,0.5297,0.25,0.5036,0.6,0.4695,,0.70855,0.5,0.6757,0.65,0.6241000000000001,0.6875,0.62175,0.3,19.0,0.6051500000000001,0.0042254999999999,0.1341815,0.060515,0.152,2026-10-03,0.345,0.0,1.0,0.33335,0.00833375
BFLY,Butterfly Network Inc. Class A Common Stock,NYSE,Healthcare,Medical Devices,8.95,5502940.0,2087894434.0,62.0,0.0,2026-10-03,0.61995,0.49245,0.49685,0.45,0.4607,,0.6198,0.4585,0.6244,0.5,0.5658,0.6778,0.69395,0.3,19.0,0.6323,0.0041463,0.1216469999999999,0.06323,0.2994096,2026-10-03,0.0,0.0,1.0,0.2,0.005000000000000001
SG,Sweetgreen Inc. Class A Common Stock,NASDAQ,Consumer Cyclical,Restaurants,9.1,5485695.0,848387229.0,,0.0,2026-10-03,0.23515,0.25,0.50275,0.08835,0.2476499999999999,,0.6992,0.45,0.7465999999999999,0.65,0.64295,0.6875,0.6443,0.3,19.0,0.6271,0.0022288499999999,0.13823425,0.06271,0.152,2026-10-03,0.345,0.0,1.0,0.3656,0.00914
YMM,Full Truck Alliance Co. Ltd. American Depositary Shares (each representing 20 Class A Ordinary Shares),NASDAQ,Technology,Software - Application,8.17,5475760.0,9057443560.0,,0.0,2026-10-03,0.1342,0.0,0.3552,0.0,0.1242,,0.75,0.4778,0.7119,0.65,0.6543,0.6833,0.6629,0.3,19.0,0.6293,0.0011178,0.1406745,0.06293,0.0,2026-10-03,0.0,0.0,1.0,0.2,0.005000000000000001
IP,International Paper Company Common Stock,NASDAQ,Consumer Cyclical,Packaging & Containers,31.97,5468060.0,17287725597.0,,0.0,2026-10-03,0.2126,0.25,0.4127,0.0,0.2185,,0.6992,0.45,0.7465999999999999,0.65,0.64295,0.6875,0.6443,0.3,19.0,0.6271,0.0019665,0.13823425,0.06271,0.152,2026-10-03,0.345,0.0,1.0,0.3656,0.00914
IAG,Iamgold Corporation Ordinary Shares,NASDAQ,Basic Materials,Gold,18.52,5439200.0,10031684259.0,,0.0,2026-10-03,0.75715,0.5,0.5117499999999999,0.0915,0.49015,,0.7681,0.55,0.75,0.525,0.6791499999999999,0.68035,0.66,0.3,19.0,0.5902499999999999,0.00441135,0.14601725,0.0590249999999999,0.304,2026-10-03,0.45,0.0,1.0,0.425,0.010625
BWIN,"The Baldwin Insurance Group, Inc.",NASDAQ,Financial Services,Insurance Brokers,31.77,5427165.0,2085306174.425377,61.0,0.0,2026-10-03,0.5297,0.25,0.5036,0.6,0.4695,,0.70855,0.5,0.6757,0.65,0.6241000000000001,0.6875,0.62175,0.3,19.0,0.6051500000000001,0.0042254999999999,0.1341815,0.060515,0.152,2026-10-03,0.345,0.0,1.0,0.33335,0.00833375
BTI,British American Tobacco  Industries p.l.c. Common Stock ADR,NASDAQ,Consumer Defensive,Tobacco,52.64,5383090.0,125724955047.0,,0.0,2026-10-03,0.323,0.25,0.4889,0.0627,0.3528,,0.7212,0.45,0.7174,0.65,0.628,0.6763,0.629,0.3,19.0,0.5958,0.0031752,0.13502,0.05958,0.152,2026-10-03,0.0,0.0,1.0,0.2,0.005000000000000001
MP,MP Materials Corp. Common Stock,NASDAQ,Basic Materials,Other Industrial Metals & Mining,46.97,5382680.0,10789744157.0,,0.0,2026-10-03,0.75715,0.5,0.5117499999999999,0.0915,0.49015,,0.7681,0.55,0.75,0.525,0.6791499999999999,0.68035,0.66,0.3,19.0,0.5902499999999999,0.00441135,0.14601725,0.0590249999999999,0.304,2026-10-03,0.57,0.0,1.0,0.485,0.012125
AMPX,Amprius Technologies Inc. Common Stock,NASDAQ,Industrials,Electrical Equipment & Parts,9.67,5372785.0,2830812601.0,,0.0,2026-10-03,0.42575,0.25,0.4852999999999999,0.1068,0.40095,,0.7152000000000001,0.45,0.75,0.6000000000000001,0.6344,0.6844,0.6418,0.3,19.0,0.61435,0.00360855,0.136396,0.061435,0.152,2026-10-03,0.3375,0.0,1.0,0.3541499999999999,0.008853749999999999
BN,Brookfield Corporation Class A Limited Voting Shares,NASDAQ,Financial Services,Asset Management,36.92,5323825.0,101744619483.0,,0.0,2026-10-03,0.1995,0.0,0.7055,0.123,0.2109,,0.70855,0.5,0.6757,0.65,0.6241000000000001,0.6875,0.62175,0.3,19.0,0.6051500000000001,0.0018981,0.1341815,0.060515,0.0,2026-10-03,0.345,0.0,1.0,0.33335,0.00833375
APP,Applovin Corporation,NASDAQ,Communication Services,Advertising Agencies,268.22,5278565.0,131440835674.74364,61.0,0.0,2026-10-03,0.4121,0.2674,0.4984,0.0947,0.4045,,0.5903,0.45,0.6953499999999999,0.65,0.5902499999999999,0.6770499999999999,0.6206,0.3,18.5,0.61235,0.0036405,0.1269037499999999,0.061235,0.1625792,2026-10-03,0.0,0.0,0.95835,0.2,0.005000000000000001
JBS,JBS N.V. Class A Common Shares,NASDAQ,Consumer Defensive,Packaged Foods,11.67,5272900.0,17797974361.0,,0.0,2026-10-03,0.323,0.25,0.4889,0.0627,0.3528,,0.7212,0.45,0.7174,0.65,0.628,0.6763,0.629,0.3,19.0,0.5958,0.0031752,0.13502,0.05958,0.152,2026-10-03,0.0,0.0,1.0,0.2,0.005000000000000001
DOC,Healthpeak Properties Inc. Common Stock,NASDAQ,Real Estate,REIT - Healthcare Facilities,19.49,5242730.0,11423067135.0,,0.0,2026-10-03,0.4608,0.25,0.4744,0.45,0.407,,0.646,0.45,0.7034,0.5,0.5803,0.6778,0.6275,0.3,18.0,0.6198,0.0036629999999999,0.1247645,0.06198,0.152,2026-10-03,0.0,0.0,1.0,0.2,0.005000000000000001
STWD,STARWOOD PROPERTY TRUST INC. Starwood Property Trust Inc.,NASDAQ,Real Estate,REIT - Mortgage,13.05,5216380.0,6924892679.0,,0.0,2026-10-03,0.4608,0.25,0.4744,0.45,0.407,,0.646,0.45,0.7034,0.5,0.5803,0.6778,0.6275,0.3,18.0,0.6198,0.0036629999999999,0.1247645,0.06198,0.152,2026-10-03,0.0,0.0,1.0,0.2,0.005000000000000001
VST,Vistra Corp. Common Stock,NASDAQ,Utilities,Utilities - Independent Power Producers,140.02,5200050.0,55640578206.0,,0.0,2026-10-03,0.0998,0.0,0.72,0.0,0.1575,,0.645,0.0,0.7225999999999999,0.45,0.49755,0.6917,0.60385,0.3,17.0,0.60505,0.0014175,0.10697325,0.060505,0.0,2026-10-03,0.0,0.0,0.99835,0.2,0.005000000000000001
EIX,Edison International Common Stock,NASDAQ,Utilities,Utilities - Regulated Electric,53.89,5168250.0,26504624020.0,,0.0,2026-10-03,0.2791,0.0,0.53205,0.45,0.3046,,0.645,0.0,0.7225999999999999,0.45,0.49755,0.6917,0.60385,0.3,17.0,0.60505,0.0027413999999999,0.10697325,0.060505,0.0,2026-10-03,0.0,0.0,0.99835,0.2,0.005000000000000001
NVAX,"Novavax, Inc.",NASDAQ,Healthcare,Biotechnology,10.46,5167530.0,1403693128.8819218,61.0,0.0,2026-10-03,0.61995,0.49245,0.49685,0.45,0.4607,,0.6198,0.4585,0.6244,0.5,0.5658,0.6778,0.69395,0.3,19.0,0.6323,0.0041463,0.1216469999999999,0.06323,0.2994096,2026-10-03,0.0,0.0,1.0,0.2,0.005000000000000001
TMUS,"T-Mobile US, Inc.",NASDAQ,Communication Services,Telecom Services,163.64,5150465.0,218902939283.0,62.0,0.0,2026-10-03,0.4121,0.2674,0.4984,0.0947,0.4045,,0.5903,0.45,0.6953499999999999,0.65,0.5902499999999999,0.6770499999999999,0.6206,0.3,18.5,0.61235,0.0036405,0.1269037499999999,0.061235,0.1625792,2026-10-03,0.0,0.0,0.95835,0.2,0.005000000000000001
SHY,iShares 1-3 Year Treasury Bond ETF,NASDAQ,,,81.05,5141630.0,17248413696.0,62.0,0.0,2026-10-03,0.5297,0.2674,0.49685,0.1166,0.4607,,0.70855,0.45,0.7119,0.65,0.6271,0.6833,0.6443,0.3,19.0,0.6198,0.0041463,0.1348265,0.06198,0.1625792,2026-10-03,0.0,0.0,1.0,0.2,0.005000000000000001
EBAY,eBay Inc.,NASDAQ,Consumer Cyclical,Internet Retail,106.4,5136265.0,40225741241.45508,61.0,0.0,2026-10-03,0.23515,0.25,0.50275,0.08835,0.2476499999999999,,0.6992,0.45,0.7465999999999999,0.65,0.64295,0.6875,0.6443,0.3,19.0,0.6271,0.0022288499999999,0.13823425,0.06271,0.152,2026-10-03,0.345,0.0,1.0,0.3656,0.00914
AEG,Aegon Ltd. New York Registry Shares,NASDAQ,Financial Services,Insurance - Diversified,8.45,5134105.0,12130454825.0,,0.0,2026-10-03,0.5297,0.25,0.5036,0.6,0.4695,,0.70855,0.5,0.6757,0.65,0.6241000000000001,0.6875,0.62175,0.3,19.0,0.6051500000000001,0.0042254999999999,0.1341815,0.060515,0.152,2026-10-03,0.345,0.0,1.0,0.33335,0.00833375
HD,Home Depot Inc. (The) Common Stock,NASDAQ,Consumer Cyclical,Home Improvement Retail,282.85,5130255.0,334555744635.0,,0.0,2026-10-03,0.1603,0.0,0.3138,0.0902,0.1417,,0.6992,0.45,0.7465999999999999,0.65,0.64295,0.6875,0.6443,0.3,19.0,0.6271,0.0012753,0.13823425,0.06271,0.0,2026-10-03,0.345,0.0,1.0,0.3656,0.00914
NAVN,"Navan, Inc.",NASDAQ,Technology,Software - Application,21.43,5100075.0,3290605166.649971,61.0,0.0,2026-10-03,0.58255,0.5,0.44155,0.0695,0.4882499999999999,,0.75,0.4778,0.7119,0.65,0.6543,0.6833,0.6629,0.3,19.0,0.6293,0.00439425,0.1406745,0.06293,0.304,2026-10-03,0.0,0.0,1.0,0.2,0.005000000000000001
AIG,American International Group Inc. New Common Stock,NASDAQ,Financial Services,Insurance - Diversified,74.93,5067545.0,40189888771.0,,0.0,2026-10-03,0.5297,0.25,0.5036,0.6,0.4695,,0.70855,0.5,0.6757,0.65,0.6241000000000001,0.6875,0.62175,0.3,19.0,0.6051500000000001,0.0042254999999999,0.1341815,0.060515,0.152,2026-10-03,0.345,0.0,1.0,0.33335,0.00833375
PCT,"PureCycle Technologies, Inc.",NASDAQ,Industrials,Pollution & Treatment Controls,4.39,5061710.0,967109876.1246604,61.0,1.0,2026-10-03,0.42575,0.25,0.4852999999999999,0.1068,0.40095,,0.7152000000000001,0.45,0.75,0.6000000000000001,0.6344,0.6844,0.6418,0.3,19.0,0.61435,0.00360855,0.136396,0.061435,0.152,2026-10-03,0.3375,0.0,1.0,0.3541499999999999,0.008853749999999999
NAT,Nordic American Tankers Limited Common Stock,NASDAQ,Energy,Oil & Gas Midstream,8.42,5030450.0,1173098664.0,,0.0,2026-10-03,0.6603,0.5,0.5166,0.6,0.6019,,0.7292,0.4065499999999999,0.7446999999999999,0.65,0.62495,0.675,0.64585,0.3,18.0,0.6146499999999999,0.0054171,0.13436425,0.0614649999999999,0.304,2026-10-03,0.225,0.0,0.4667,0.2058,0.005145
ABNB,"Airbnb, Inc.",NASDAQ,Consumer Cyclical,Travel Services,162.43,5022005.0,74708430595.47002,61.0,0.0,2026-10-03,0.23515,0.25,0.50275,0.08835,0.2476499999999999,,0.6992,0.45,0.7465999999999999,0.65,0.64295,0.6875,0.6443,0.3,19.0,0.6271,0.0022288499999999,0.13823425,0.06271,0.152,2026-10-03,0.345,0.0,1.0,0.3656,0.00914
OTIS,Otis Worldwide Corporation Common Stock,NASDAQ,Industrials,Specialty Industrial Machinery,64.05,5000605.0,29910666953.0,,0.0,2026-10-03,0.42575,0.25,0.4852999999999999,0.1068,0.40095,,0.7152000000000001,0.45,0.75,0.6000000000000001,0.6344,0.6844,0.6418,0.3,19.0,0.61435,0.00360855,0.136396,0.061435,0.152,2026-10-03,0.3375,0.0,1.0,0.3541499999999999,0.008853749999999999
FLG,Flagstar Bank N.A. Common Stock,NASDAQ,Financial Services,Banks - Regional,11.7,4990985.0,5836382815.0,,0.0,2026-10-03,0.5297,0.25,0.5036,0.6,0.4695,,0.70855,0.5,0.6757,0.65,0.6241000000000001,0.6875,0.62175,0.3,19.0,0.6051500000000001,0.0042254999999999,0.1341815,0.060515,0.152,2026-10-03,0.345,0.0,1.0,0.33335,0.00833375
XRAY,DENTSPLY SIRONA Inc.,NASDAQ,Healthcare,Medical Instruments & Supplies,8.67,4970060.0,2339064697.0,62.0,0.0,2026-10-03,0.2007,0.0,0.3752,0.0,0.1449,,0.6198,0.4585,0.6244,0.5,0.5658,0.6778,0.69395,0.3,19.0,0.6323,0.0013040999999999,0.1216469999999999,0.06323,0.0,2026-10-03,0.0,0.0,1.0,0.2,0.005000000000000001
SYY,Sysco Corporation Common Stock,NASDAQ,Consumer Defensive,Food Distribution,77.49,4957130.0,36666929318.0,,0.0,2026-10-03,0.323,0.25,0.4889,0.0627,0.3528,,0.7212,0.45,0.7174,0.65,0.628,0.6763,0.629,0.3,19.0,0.5958,0.0031752,0.13502,0.05958,0.152,2026-10-03,0.0,0.0,1.0,0.2,0.005000000000000001
FOXA,Fox Corporation,NASDAQ,Communication Services,Entertainment,62.28,4942670.0,24877162446.70913,61.0,0.0,2026-10-03,0.4121,0.2674,0.4984,0.0947,0.4045,,0.5903,0.45,0.6953499999999999,0.65,0.5902499999999999,0.6770499999999999,0.6206,0.3,18.5,0.61235,0.0036405,0.1269037499999999,0.061235,0.1625792,2026-10-03,0.0,0.0,0.95835,0.2,0.005000000000000001
MGM,MGM Resorts International Common Stock,NASDAQ,Consumer Cyclical,Resorts & Casinos,30.48,4913675.0,10115459875.0,,0.0,2026-10-03,0.23515,0.25,0.50275,0.08835,0.2476499999999999,,0.6992,0.45,0.7465999999999999,0.65,0.64295,0.6875,0.6443,0.3,19.0,0.6271,0.0022288499999999,0.13823425,0.06271,0.152,2026-10-03,0.345,0.0,1.0,0.3656,0.00914
LITE,Lumentum Holdings Inc.,NASDAQ,Technology,Communication Equipment,1085.42,4893095.0,50840369128.41797,61.0,0.0,2026-10-03,0.58255,0.5,0.44155,0.0695,0.4882499999999999,,0.75,0.4778,0.7119,0.65,0.6543,0.6833,0.6629,0.3,19.0,0.6293,0.00439425,0.1406745,0.06293,0.304,2026-10-03,0.57,0.0,0.8936,0.4637,0.0115925
ARCC,Ares Capital Corporation,NASDAQ,Financial Services,Asset Management,18.86,4892125.0,12730544713.165226,61.0,0.0,2026-10-03,0.5297,0.25,0.5036,0.6,0.4695,,0.70855,0.5,0.6757,0.65,0.6241000000000001,0.6875,0.62175,0.3,19.0,0.6051500000000001,0.0042254999999999,0.1341815,0.060515,0.152,2026-10-03,0.345,0.0,1.0,0.33335,0.00833375
KMB,Kimberly-Clark Corporation,NASDAQ,Consumer Defensive,Household & Personal Products,94.36,4881870.0,32975165628.45282,61.0,0.0,2026-10-03,0.323,0.25,0.4889,0.0627,0.3528,,0.7212,0.45,0.7174,0.65,0.628,0.6763,0.629,0.3,19.0,0.5958,0.0031752,0.13502,0.05958,0.152,2026-10-03,0.0,0.0,1.0,0.2,0.005000000000000001
CLBK,"Columbia Financial, Inc.",NASDAQ,Financial Services,Banks - Regional,11.41,4856100.0,1124869564.0,62.0,0.0,2026-10-03,0.5297,0.25,0.5036,0.6,0.4695,,0.70855,0.5,0.6757,0.65,0.6241000000000001,0.6875,0.62175,0.3,19.0,0.6051500000000001,0.0042254999999999,0.1341815,0.060515,0.152,2026-10-03,0.345,0.0,1.0,0.33335,0.00833375
ABCL,AbCellera Biologics Inc.,NASDAQ,Healthcare,Biotechnology,13.74,4835690.0,1599588252.0,63.0,0.0,2026-10-03,0.61995,0.49245,0.49685,0.45,0.4607,,0.6198,0.4585,0.6244,0.5,0.5658,0.6778,0.69395,0.3,19.0,0.6323,0.0041463,0.1216469999999999,0.06323,0.2994096,2026-10-03,0.0,0.0,1.0,0.2,0.005000000000000001
UPS,United Parcel Service Inc. Common Stock,NASDAQ,Industrials,Integrated Freight & Logistics,93.02,4816005.0,90931990584.0,,0.0,2026-10-03,0.42575,0.25,0.4852999999999999,0.1068,0.40095,,0.7152000000000001,0.45,0.75,0.6000000000000001,0.6344,0.6844,0.6418,0.3,19.0,0.61435,0.00360855,0.136396,0.061435,0.152,2026-10-03,0.3375,0.0,1.0,0.3541499999999999,0.008853749999999999
ENPH,"Enphase Energy, Inc.",NASDAQ,Technology,Solar,33.47,4810685.0,5025017972.319107,61.0,0.0,2026-10-03,0.2708,0.0,0.5784,0.0,0.2007,,0.75,0.4778,0.7119,0.65,0.6543,0.6833,0.6629,0.3,19.0,0.6293,0.0018063,0.1406745,0.06293,0.0,2026-10-03,0.0,0.0,1.0,0.2,0.005000000000000001
AQN,Algonquin Power & Utilities Corp. Common Shares,NASDAQ,Utilities,Utilities - Diversified,5.1,4808765.0,4873506268.0,,0.0,2026-10-03,0.2791,0.0,0.53205,0.45,0.3046,,0.645,0.0,0.7225999999999999,0.45,0.49755,0.6917,0.60385,0.3,17.0,0.60505,0.0027413999999999,0.10697325,0.060505,0.0,2026-10-03,0.0,0.0,0.99835,0.2,0.005000000000000001
RDDT,Reddit Inc. Class A Common Stock,NASDAQ,Communication Services,Internet Content & Information,147.86,4784235.0,29806280111.0,,0.0,2026-10-03,0.1508,0.0,0.3379,0.0,0.1315,,0.5903,0.45,0.6953499999999999,0.65,0.5902499999999999,0.6770499999999999,0.6206,0.3,18.5,0.61235,0.0011835,0.1269037499999999,0.061235,0.0,2026-10-03,0.0,0.0,0.95835,0.2,0.005000000000000001
HRL,Hormel Foods Corporation Common Stock,NASDAQ,Consumer Defensive,Packaged Foods,20.25,4776060.0,11858624241.0,,0.0,2026-10-03,0.2209,0.0,0.5884,0.45,0.2722,,0.7212,0.45,0.7174,0.65,0.628,0.6763,0.629,0.3,19.0,0.5958,0.0024498,0.13502,0.05958,0.0,2026-10-03,0.0,0.0,1.0,0.2,0.005000000000000001
AI,C3.ai Inc. Class A Common Stock,NASDAQ,Technology,Software - Infrastructure,11.01,4757965.0,1255316207.0,,0.0,2026-10-03,0.58255,0.5,0.44155,0.0695,0.4882499999999999,,0.75,0.4778,0.7119,0.65,0.6543,0.6833,0.6629,0.3,19.0,0.6293,0.00439425,0.1406745,0.06293,0.304,2026-10-03,0.0,0.0,0.0667,0.0133,0.0003325
VIK,Viking Holdings Ltd Ordinary Shares,NASDAQ,Consumer Cyclical,Travel Services,80.56,4757855.0,36497539229.0,,0.0,2026-10-03,0.23515,0.25,0.50275,0.08835,0.2476499999999999,,0.6992,0.45,0.7465999999999999,0.65,0.64295,0.6875,0.6443,0.3,19.0,0.6271,0.0022288499999999,0.13823425,0.06271,0.152,2026-10-03,0.345,0.0,1.0,0.3656,0.00914
TENB,"Tenable Holdings, Inc. - Common Stock",NASDAQ,Technology,Software - Infrastructure,36.85,4744640.0,1914282135.0,,0.0,2026-10-03,0.58255,0.5,0.44155,0.0695,0.4882499999999999,,0.75,0.4778,0.7119,0.65,0.6543,0.6833,0.6629,0.3,19.0,0.6293,0.00439425,0.1406745,0.06293,0.304,2026-10-03,0.57,0.0,0.6287,0.4107,0.0102675
CNC,Centene Corporation Common Stock,NASDAQ,Healthcare,Healthcare Plans,62.99,4732545.0,20565925507.0,,0.0,2026-10-03,0.61995,0.49245,0.49685,0.45,0.4607,,0.6198,0.4585,0.6244,0.5,0.5658,0.6778,0.69395,0.3,19.0,0.6323,0.0041463,0.1216469999999999,0.06323,0.2994096,2026-10-03,0.0,0.0,1.0,0.2,0.005000000000000001
STNE,StoneCo Ltd.,NASDAQ,Technology,Software - Infrastructure,9.55,4715875.0,3474709160.8149595,61.0,0.0,2026-10-03,0.58255,0.5,0.44155,0.0695,0.4882499999999999,,0.75,0.4778,0.7119,0.65,0.6543,0.6833,0.6629,0.3,19.0,0.6293,0.00439425,0.1406745,0.06293,0.304,2026-10-03,0.225,0.0,1.0,0.3125,0.0078125
ONB,Old National Bancorp,NASDAQ,Financial Services,Banks - Regional,24.96,4715505.0,8405246491.081238,61.0,0.0,2026-10-03,0.5297,0.25,0.5036,0.6,0.4695,,0.70855,0.5,0.6757,0.65,0.6241000000000001,0.6875,0.62175,0.3,19.0,0.6051500000000001,0.0042254999999999,0.1341815,0.060515,0.152,2026-10-03,0.345,0.0,1.0,0.33335,0.00833375
ZTS,Zoetis Inc. Class A Common Stock,NASDAQ,Healthcare,Drug Manufacturers - Specialty & Generic,69.69,4694985.0,49334066510.0,,0.0,2026-10-03,0.61995,0.49245,0.49685,0.45,0.4607,,0.6198,0.4585,0.6244,0.5,0.5658,0.6778,0.69395,0.3,19.0,0.6323,0.0041463,0.1216469999999999,0.06323,0.2994096,2026-10-03,0.0,0.0,1.0,0.2,0.005000000000000001
PDI,PIMCO Dynamic Income Fund Common Stock,NASDAQ,Financial Services,Asset Management,14.4,4674770.0,7625029833.0,,0.0,2026-10-03,0.5297,0.25,0.5036,0.6,0.4695,,0.70855,0.5,0.6757,0.65,0.6241000000000001,0.6875,0.62175,0.3,19.0,0.6051500000000001,0.0042254999999999,0.1341815,0.060515,0.152,2026-10-03,0.345,0.0,1.0,0.33335,0.00833375
ERAS,"Erasca, Inc.",NASDAQ,Healthcare,Biotechnology,14.74,4665490.0,4699289115.071815,61.0,0.0,2026-10-03,0.61995,0.49245,0.49685,0.45,0.4607,,0.6198,0.4585,0.6244,0.5,0.5658,0.6778,0.69395,0.3,19.0,0.6323,0.0041463,0.1216469999999999,0.06323,0.2994096,2026-10-03,0.0,0.0,1.0,0.2,0.005000000000000001
BCS,Barclays PLC Common Stock,NASDAQ,Financial Services,Banks - Diversified,23.71,4615755.0,78394822300.0,,0.0,2026-10-03,0.5297,0.25,0.5036,0.6,0.4695,,0.70855,0.5,0.6757,0.65,0.6241000000000001,0.6875,0.62175,0.3,19.0,0.6051500000000001,0.0042254999999999,0.1341815,0.060515,0.152,2026-10-03,0.345,0.0,1.0,0.33335,0.00833375
IONS,"Ionis Pharmaceuticals, Inc.",NASDAQ,Healthcare,Biotechnology,43.54,4592310.0,11971465238.820404,61.0,0.0,2026-10-03,0.0665,0.0,0.556,0.0,0.12,,0.6198,0.4585,0.6244,0.5,0.5658,0.6778,0.69395,0.3,19.0,0.6323,0.00108,0.1216469999999999,0.06323,0.0,2026-10-03,0.0,0.0,1.0,0.2,0.005000000000000001
TRIP,"TripAdvisor, Inc. - Common Stock",NASDAQ,Consumer Cyclical,Travel Services,8.51,4587215.0,1276639070.0,,0.0,2026-10-03,0.23515,0.25,0.50275,0.08835,0.2476499999999999,,0.6992,0.45,0.7465999999999999,0.65,0.64295,0.6875,0.6443,0.3,19.0,0.6271,0.0022288499999999,0.13823425,0.06271,0.152,2026-10-03,0.345,0.0,1.0,0.3656,0.00914
TTAN,"ServiceTitan, Inc. - Class A Common Stock",NASDAQ,Technology,Software - Application,67.09,4565730.0,5266993106.0,,0.0,2026-10-03,0.58255,0.5,0.44155,0.0695,0.4882499999999999,,0.75,0.4778,0.7119,0.65,0.6543,0.6833,0.6629,0.3,19.0,0.6293,0.00439425,0.1406745,0.06293,0.304,2026-10-03,0.345,0.0,1.0,0.3725,0.0093125
NWSA,News Corporation,NASDAQ,Communication Services,Entertainment,28.69,4549055.0,13921157379.33682,61.0,0.0,2026-10-03,0.4121,0.2674,0.4984,0.0947,0.4045,,0.5903,0.45,0.6953499999999999,0.65,0.5902499999999999,0.6770499999999999,0.6206,0.3,18.5,0.61235,0.0036405,0.1269037499999999,0.061235,0.1625792,2026-10-03,0.0,0.0,0.95835,0.2,0.005000000000000001
HUT,Hut 8 Corp.,NASDAQ,Financial Services,Capital Markets,89.63,4542870.0,5323698318.719376,61.0,0.0,2026-10-03,0.5297,0.25,0.5036,0.6,0.4695,,0.70855,0.5,0.6757,0.65,0.6241000000000001,0.6875,0.62175,0.3,19.0,0.6051500000000001,0.0042254999999999,0.1341815,0.060515,0.152,2026-10-03,0.345,0.0,1.0,0.33335,0.00833375
NTLA,"Intellia Therapeutics, Inc.",NASDAQ,Healthcare,Biotechnology,12.26,4503355.0,1468990706.515809,61.0,0.0,2026-10-03,0.61995,0.49245,0.49685,0.45,0.4607,,0.6198,0.4585,0.6244,0.5,0.5658,0.6778,0.69395,0.3,19.0,0.6323,0.0041463,0.1216469999999999,0.06323,0.2994096,2026-10-03,0.0,0.0,1.0,0.2,0.005000000000000001
PM,Philip Morris International Inc Common Stock,NASDAQ,Consumer Defensive,Tobacco,187.46,4468465.0,255910665249.0,,0.0,2026-10-03,0.323,0.25,0.4889,0.0627,0.3528,,0.7212,0.45,0.7174,0.65,0.628,0.6763,0.629,0.3,19.0,0.5958,0.0031752,0.13502,0.05958,0.152,2026-10-03,0.0,0.0,1.0,0.2,0.005000000000000001
ESI,Element Solutions Inc. Common Stock,NASDAQ,Basic Materials,Specialty Chemicals,37.93,4451725.0,9826638110.0,,0.0,2026-10-03,0.75715,0.5,0.5117499999999999,0.0915,0.49015,,0.7681,0.55,0.75,0.525,0.6791499999999999,0.68035,0.66,0.3,19.0,0.5902499999999999,0.00441135,0.14601725,0.0590249999999999,0.304,2026-10-03,0.57,0.0,1.0,0.485,0.012125
UPST,"Upstart Holdings, Inc. - Common stock",NASDAQ,Financial Services,Credit Services,22.81,4448330.0,2673150406.0,,0.0,2026-10-03,0.5297,0.25,0.5036,0.6,0.4695,,0.70855,0.5,0.6757,0.65,0.6241000000000001,0.6875,0.62175,0.3,19.0,0.6051500000000001,0.0042254999999999,0.1341815,0.060515,0.152,2026-10-03,0.345,0.0,1.0,0.33335,0.00833375
IVZ,Invesco Ltd Common Stock,NASDAQ,Financial Services,Asset Management,30.66,4443030.0,11334438226.0,,0.0,2026-10-03,0.5297,0.25,0.5036,0.6,0.4695,,0.70855,0.5,0.6757,0.65,0.6241000000000001,0.6875,0.62175,0.3,19.0,0.6051500000000001,0.0042254999999999,0.1341815,0.060515,0.152,2026-10-03,0.345,0.0,1.0,0.33335,0.00833375
BKD,Brookdale Senior Living Inc. Common Stock,NASDAQ,Healthcare,Medical Care Facilities,10.86,4441965.0,3300960254.0,,0.0,2026-10-03,0.61995,0.49245,0.49685,0.45,0.4607,,0.6198,0.4585,0.6244,0.5,0.5658,0.6778,0.69395,0.3,19.0,0.6323,0.0041463,0.1216469999999999,0.06323,0.2994096,2026-10-03,0.0,0.0,1.0,0.2,0.005000000000000001
GE,GE Aerospace Common Stock,NASDAQ,Industrials,Aerospace & Defense,309.56,4427545.0,297358511390.0,,0.0,2026-10-03,0.42575,0.25,0.4852999999999999,0.1068,0.40095,,0.7152000000000001,0.45,0.75,0.6000000000000001,0.6344,0.6844,0.6418,0.3,19.0,0.61435,0.00360855,0.136396,0.061435,0.152,2026-10-03,0.3375,0.0,1.0,0.3541499999999999,0.008853749999999999
BCE,BCE Inc. Common Stock,NASDAQ,Communication Services,Telecom Services,19.73,4414945.0,22268715727.0,,0.0,2026-10-03,0.4121,0.2674,0.4984,0.0947,0.4045,,0.5903,0.45,0.6953499999999999,0.65,0.5902499999999999,0.6770499999999999,0.6206,0.3,18.5,0.61235,0.0036405,0.1269037499999999,0.061235,0.1625792,2026-10-03,0.0,0.0,0.95835,0.2,0.005000000000000001
IRT,Independence Realty Trust Inc. Common Stock,NASDAQ,Real Estate,REIT - Residential,14.51,4413440.0,3840473981.0,,0.0,2026-10-03,0.3504,0.0,0.2696,0.45,0.2757,,0.646,0.45,0.7034,0.5,0.5803,0.6778,0.6275,0.3,18.0,0.6198,0.0024813,0.1247645,0.06198,0.0,2026-10-03,0.0,0.0,1.0,0.2,0.005000000000000001
BK,The Bank of New York Mellon Corporation Common Stock,NASDAQ,Financial Services,Banks - Diversified,143.56,4380974.0,92009107044.0,,0.0,2026-10-03,0.5297,0.25,0.5036,0.6,0.4695,,0.70855,0.5,0.6757,0.65,0.6241000000000001,0.6875,0.62175,0.3,19.0,0.6051500000000001,0.0042254999999999,0.1341815,0.060515,0.152,2026-10-03,0.345,0.0,1.0,0.33335,0.00833375
TCOM,Trip.com Group Limited - American Depositary Shares,NASDAQ,Consumer Cyclical,Travel Services,38.09,4379005.0,33542927930.0,,0.0,2026-10-03,0.057,0.0,0.4957,0.0,0.1137,,0.6992,0.45,0.7465999999999999,0.65,0.64295,0.6875,0.6443,0.3,19.0,0.6271,0.0010233,0.13823425,0.06271,0.0,2026-10-03,0.345,0.0,1.0,0.3656,0.00914
FRSH,Freshworks Inc.,NASDAQ,Technology,Software - Application,12.78,4358810.0,2265978113.1527567,61.0,0.0,2026-10-03,0.58255,0.5,0.44155,0.0695,0.4882499999999999,,0.75,0.4778,0.7119,0.65,0.6543,0.6833,0.6629,0.3,19.0,0.6293,0.00439425,0.1406745,0.06293,0.304,2026-10-03,0.555,0.0,1.0,0.4775,0.0119375
FE,FirstEnergy Corp. Common Stock,NASDAQ,Utilities,Utilities - Regulated Electric,43.34,4350175.0,28578677208.0,,0.0,2026-10-03,0.2791,0.0,0.53205,0.45,0.3046,,0.645,0.0,0.7225999999999999,0.45,0.49755,0.6917,0.60385,0.3,17.0,0.60505,0.0027413999999999,0.10697325,0.060505,0.0,2026-10-03,0.0,0.0,0.99835,0.2,0.005000000000000001
DASH,"DoorDash, Inc.",NASDAQ,Consumer Cyclical,Internet Retail,189.15,4347685.0,63660834705.39917,61.0,0.0,2026-10-03,0.23515,0.25,0.50275,0.08835,0.2476499999999999,,0.6992,0.45,0.7465999999999999,0.65,0.64295,0.6875,0.6443,0.3,19.0,0.6271,0.0022288499999999,0.13823425,0.06271,0.152,2026-10-03,0.345,0.0,1.0,0.3656,0.00914
ACGL,Arch Capital Group Ltd.,NASDAQ,Financial Services,Insurance - Diversified,93.6,4330585.0,33660659213.66427,61.0,0.0,2026-10-03,0.5297,0.25,0.5036,0.6,0.4695,,0.70855,0.5,0.6757,0.65,0.6241000000000001,0.6875,0.62175,0.3,19.0,0.6051500000000001,0.0042254999999999,0.1341815,0.060515,0.152,2026-10-03,0.345,0.0,1.0,0.33335,0.00833375
Z,"Zillow Group, Inc. - Class C Capital Stock",NASDAQ,Communication Services,Internet Content & Information,27.41,4328775.0,9655284429.0,,0.0,2026-10-03,0.4121,0.2674,0.4984,0.0947,0.4045,,0.5903,0.45,0.6953499999999999,0.65,0.5902499999999999,0.6770499999999999,0.6206,0.3,18.5,0.61235,0.0036405,0.1269037499999999,0.061235,0.1625792,2026-10-03,0.0,0.0,0.95835,0.2,0.005000000000000001
DHT,DHT Holdings Inc.,NASDAQ,Energy,Oil & Gas Midstream,23.68,4294215.0,2908411878.0,,0.0,2026-10-03,0.6603,0.5,0.5166,0.6,0.6019,,0.7292,0.4065499999999999,0.7446999999999999,0.65,0.62495,0.675,0.64585,0.3,18.0,0.6146499999999999,0.0054171,0.13436425,0.0614649999999999,0.304,2026-10-03,0.555,0.0,0.6235,0.4022,0.010055000000000001
STX,Seagate Technology Holdings PLC - Ordinary Shares (Ireland),NASDAQ,Technology,Computer Hardware,848.99,4294080.0,112713889023.0,,0.0,2026-10-03,0.58255,0.5,0.44155,0.0695,0.4882499999999999,,0.75,0.4778,0.7119,0.65,0.6543,0.6833,0.6629,0.3,19.0,0.6293,0.00439425,0.1406745,0.06293,0.304,2026-10-03,0.57,0.0,1.0,0.485,0.012125
ABBV,AbbVie Inc. Common Stock,NASDAQ,Healthcare,Drug Manufacturers - General,262.82,4276535.0,351470783808.0,,0.0,2026-10-03,0.61995,0.49245,0.49685,0.45,0.4607,,0.6198,0.4585,0.6244,0.5,0.5658,0.6778,0.69395,0.3,19.0,0.6323,0.0041463,0.1216469999999999,0.06323,0.2994096,2026-10-03,0.0,0.0,1.0,0.2,0.005000000000000001
SHLS,"Shoals Technologies Group, Inc.",NASDAQ,Technology,Solar,8.3,4256820.0,1127426575.040072,61.0,0.0,2026-10-03,0.58255,0.5,0.44155,0.0695,0.4882499999999999,,0.75,0.4778,0.7119,0.65,0.6543,0.6833,0.6629,0.3,19.0,0.6293,0.00439425,0.1406745,0.06293,0.304,2026-10-03,0.5376,0.0,1.0,0.4688,0.011720000000000001
BROS,Dutch Bros Inc. Class A Common Stock,NASDAQ,Consumer Cyclical,Restaurants,38.67,4245540.0,7311688032.0,,0.0,2026-10-03,0.23515,0.25,0.50275,0.08835,0.2476499999999999,,0.6992,0.45,0.7465999999999999,0.65,0.64295,0.6875,0.6443,0.3,19.0,0.6271,0.0022288499999999,0.13823425,0.06271,0.152,2026-10-03,0.345,0.0,1.0,0.3656,0.00914
ALAB,"Astera Labs, Inc.",NASDAQ,Technology,Semiconductors,350.33,4242705.0,19345729130.683624,61.0,0.0,2026-10-03,0.58255,0.5,0.44155,0.0695,0.4882499999999999,,0.75,0.4778,0.7119,0.65,0.6543,0.6833,0.6629,0.3,19.0,0.6293,0.00439425,0.1406745,0.06293,0.304,2026-10-03,0.57,0.0,1.0,0.485,0.012125
AEP,"American Electric Power Company, Inc.",NASDAQ,Utilities,Utilities - Regulated Electric,119.57,4235455.0,70973087564.77783,61.0,0.0,2026-10-03,0.2791,0.0,0.53205,0.45,0.3046,,0.645,0.0,0.7225999999999999,0.45,0.49755,0.6917,0.60385,0.3,17.0,0.60505,0.0027413999999999,0.10697325,0.060505,0.0,2026-10-03,0.0,0.0,0.99835,0.2,0.005000000000000001
KRMN,Karman Holdings Inc. Common Stock,NASDAQ,Industrials,Aerospace & Defense,34.14,4226815.0,9305996877.0,,0.0,2026-10-03,0.0071,0.0,0.483,0.0,0.0963,,0.7152000000000001,0.45,0.75,0.6000000000000001,0.6344,0.6844,0.6418,0.3,19.0,0.61435,0.0008667,0.136396,0.061435,0.0,2026-10-03,0.3375,0.0,1.0,0.3541499999999999,0.008853749999999999
KD,Kyndryl Holdings Inc. Common Stock,NASDAQ,Technology,Information Technology Services,11.56,4215150.0,3059318326.0,,0.0,2026-10-03,0.58255,0.5,0.44155,0.0695,0.4882499999999999,,0.75,0.4778,0.7119,0.65,0.6543,0.6833,0.6629,0.3,19.0,0.6293,0.00439425,0.1406745,0.06293,0.304,2026-10-03,0.555,0.0,0.6733,0.4122,0.010305000000000002
VNET,"VNET Group, Inc. - American Depositary Shares",NASDAQ,Technology,Information Technology Services,5.13,4207040.0,2265198106.0,,0.0,2026-10-03,0.0273,0.0,0.4312,0.0,0.0964,,0.75,0.4778,0.7119,0.65,0.6543,0.6833,0.6629,0.3,19.0,0.6293,0.0008676,0.1406745,0.06293,0.0,2026-10-03,0.0,0.0,1.0,0.2,0.005000000000000001
CART,Maplebear Inc.,NASDAQ,Consumer Cyclical,Internet Retail,44.25,4206315.0,9402617745.12584,61.0,0.0,2026-10-03,0.23515,0.25,0.50275,0.08835,0.2476499999999999,,0.6992,0.45,0.7465999999999999,0.65,0.64295,0.6875,0.6443,0.3,19.0,0.6271,0.0022288499999999,0.13823425,0.06271,0.152,2026-10-03,0.345,0.0,1.0,0.3656,0.00914
DXCM,"DexCom, Inc.",NASDAQ,Healthcare,Medical Devices,85.36,4204910.0,24278512932.0,61.0,0.0,2026-10-03,0.61995,0.49245,0.49685,0.45,0.4607,,0.6198,0.4585,0.6244,0.5,0.5658,0.6778,0.69395,0.3,19.0,0.6323,0.0041463,0.1216469999999999,0.06323,0.2994096,2026-10-03,0.0,0.0,1.0,0.2,0.005000000000000001
RELY,"Remitly Global, Inc.",NASDAQ,Technology,Software - Infrastructure,21.77,4190770.0,3212479386.5,61.0,0.0,2026-10-03,0.58255,0.5,0.44155,0.0695,0.4882499999999999,,0.75,0.4778,0.7119,0.65,0.6543,0.6833,0.6629,0.3,19.0,0.6293,0.00439425,0.1406745,0.06293,0.304,2026-10-03,0.57,0.0,1.0,0.485,0.012125
AMRZ,Amrize Ltd Ordinary Shares,NASDAQ,Basic Materials,Building Materials,37.26,4189820.0,31851054041.0,,0.0,2026-10-03,0.75715,0.5,0.5117499999999999,0.0915,0.49015,,0.7681,0.55,0.75,0.525,0.6791499999999999,0.68035,0.66,0.3,19.0,0.5902499999999999,0.00441135,0.14601725,0.0590249999999999,0.304,2026-10-03,0.435,1.0,1.0,0.7175,0.017937500000000002
PSTG,Everpure Inc. Class A common stock,NASDAQ,Technology,Computer Hardware,72.31,4183073.0,23604824330.0,,0.0,2026-10-03,0.58255,0.5,0.44155,0.0695,0.4882499999999999,,0.75,0.4778,0.7119,0.65,0.6543,0.6833,0.6629,0.3,19.0,0.6293,0.00439425,0.1406745,0.06293,0.304,2026-10-03,0.0,0.0,0.8546,0.1709,0.0042725
EXAS,Exact Sciences Corporation - Common Stock,NASDAQ,Healthcare,Diagnostics & Research,104.91,4182231.0,20026082216.0,,0.0,2026-10-03,0.61995,0.49245,0.49685,0.45,0.4607,,0.6198,0.4585,0.6244,0.5,0.5658,0.6778,0.69395,0.3,19.0,0.6323,0.0041463,0.1216469999999999,0.06323,0.2994096,2026-10-03,0.0,0.0,1.0,0.2,0.005000000000000001
ILMN,"Illumina, Inc.",NASDAQ,Healthcare,Diagnostics & Research,273.04,4169875.0,18106417720.03174,61.0,0.0,2026-10-03,0.61995,0.49245,0.49685,0.45,0.4607,,0.6198,0.4585,0.6244,0.5,0.5658,0.6778,0.69395,0.3,19.0,0.6323,0.0041463,0.1216469999999999,0.06323,0.2994096,2026-10-03,0.0,0.0,1.0,0.2,0.005000000000000001
FMC,FMC Corporation Common Stock,NASDAQ,Basic Materials,Agricultural Inputs,8.44,4159065.0,1860670105.0,,0.0,2026-10-03,0.75715,0.5,0.5117499999999999,0.0915,0.49015,,0.7681,0.55,0.75,0.525,0.6791499999999999,0.68035,0.66,0.3,19.0,0.5902499999999999,0.00441135,0.14601725,0.0590249999999999,0.304,2026-10-03,0.5423,0.0,0.9167,0.4545,0.011362500000000001
KTOS,"Kratos Defense & Security Solutions, Inc.",NASDAQ,Industrials,Aerospace & Defense,43.07,4152110.0,13732295658.924255,61.0,0.0,2026-10-03,0.42575,0.25,0.4852999999999999,0.1068,0.40095,,0.7152000000000001,0.45,0.75,0.6000000000000001,0.6344,0.6844,0.6418,0.3,19.0,0.61435,0.00360855,0.136396,0.061435,0.152,2026-10-03,0.3375,0.0,1.0,0.3541499999999999,0.008853749999999999
HBM,Hudbay Minerals Inc. Ordinary Shares (Canada),NASDAQ,Basic Materials,Copper,27.2,4150010.0,9671725649.0,,0.0,2026-10-03,0.75715,0.5,0.5117499999999999,0.0915,0.49015,,0.7681,0.55,0.75,0.525,0.6791499999999999,0.68035,0.66,0.3,19.0,0.5902499999999999,0.00441135,0.14601725,0.0590249999999999,0.304,2026-10-03,0.45,0.0,1.0,0.425,0.010625
NXE,Nexgen Energy Ltd. Common Shares,NASDAQ,Energy,Uranium,9.0,4129970.0,8197262366.0,,0.0,2026-10-03,0.6603,0.5,0.5166,0.6,0.6019,,0.7292,0.4065499999999999,0.7446999999999999,0.65,0.62495,0.675,0.64585,0.3,18.0,0.6146499999999999,0.0054171,0.13436425,0.0614649999999999,0.304,2026-10-03,0.42,0.0,1.0,0.41,0.01025
CFG,Citizens Financial Group Inc. Common Stock,NASDAQ,Financial Services,Banks - Regional,64.33,4105690.0,27176044430.0,,0.0,2026-10-03,0.5297,0.25,0.5036,0.6,0.4695,,0.70855,0.5,0.6757,0.65,0.6241000000000001,0.6875,0.62175,0.3,19.0,0.6051500000000001,0.0042254999999999,0.1341815,0.060515,0.152,2026-10-03,0.345,0.0,1.0,0.33335,0.00833375
PUMP,ProPetro Holding Corp. Common Stock,NASDAQ,Energy,Oil & Gas Equipment & Services,9.27,4103930.0,2084488592.0,,0.0,2026-10-03,0.6603,0.5,0.5166,0.6,0.6019,,0.7292,0.4065499999999999,0.7446999999999999,0.65,0.62495,0.675,0.64585,0.3,18.0,0.6146499999999999,0.0054171,0.13436425,0.0614649999999999,0.304,2026-10-03,0.57,0.0,1.0,0.485,0.012125
SARO,StandardAero Inc. Common Stock,NASDAQ,Industrials,Aerospace & Defense,21.05,4064575.0,8163349440.0,,0.0,2026-10-03,0.42575,0.25,0.4852999999999999,0.1068,0.40095,,0.7152000000000001,0.45,0.75,0.6000000000000001,0.6344,0.6844,0.6418,0.3,19.0,0.61435,0.00360855,0.136396,0.061435,0.152,2026-10-03,0.3375,0.0,1.0,0.3541499999999999,0.008853749999999999
BEN,Franklin Resources Inc. Common Stock,NASDAQ,Financial Services,Asset Management,32.81,4056795.0,14123105146.0,,0.0,2026-10-03,0.5297,0.25,0.5036,0.6,0.4695,,0.70855,0.5,0.6757,0.65,0.6241000000000001,0.6875,0.62175,0.3,19.0,0.6051500000000001,0.0042254999999999,0.1341815,0.060515,0.152,2026-10-03,0.345,0.0,1.0,0.33335,0.00833375
PBF,PBF Energy Inc. Class A Common Stock,NASDAQ,Energy,Oil & Gas Refining & Marketing,80.78,4049200.0,4785063487.0,,0.0,2026-10-03,0.6603,0.5,0.5166,0.6,0.6019,,0.7292,0.4065499999999999,0.7446999999999999,0.65,0.62495,0.675,0.64585,0.3,18.0,0.6146499999999999,0.0054171,0.13436425,0.0614649999999999,0.304,2026-10-03,0.435,0.0,0.26,0.2695,0.0067375
FRO,Frontline Plc Ordinary Shares,NASDAQ,Energy,Oil & Gas Midstream,52.74,4022300.0,7923148689.0,,0.0,2026-10-03,0.6603,0.5,0.5166,0.6,0.6019,,0.7292,0.4065499999999999,0.7446999999999999,0.65,0.62495,0.675,0.64585,0.3,18.0,0.6146499999999999,0.0054171,0.13436425,0.0614649999999999,0.304,2026-10-03,0.0,0.0,0.5286,0.1057,0.0026425000000000003
BNY,The Bank of New York Mellon Corporation Common Stock,NYSE,Financial Services,Banks - Diversified,145.4,4020965.0,95509633660.0,64.0,0.0,2026-10-03,0.5297,0.25,0.5036,0.6,0.4695,,0.70855,0.5,0.6757,0.65,0.6241000000000001,0.6875,0.62175,0.3,19.0,0.6051500000000001,0.0042254999999999,0.1341815,0.060515,0.152,2026-10-03,0.345,0.0,1.0,0.33335,0.00833375
ABSI,Absci Corporation,NASDAQ,Healthcare,Biotechnology,11.07,4019715.0,919839845.0,63.0,0.0,2026-10-03,0.61995,0.49245,0.49685,0.45,0.4607,,0.6198,0.4585,0.6244,0.5,0.5658,0.6778,0.69395,0.3,19.0,0.6323,0.0041463,0.1216469999999999,0.06323,0.2994096,2026-10-03,0.0,0.0,1.0,0.2,0.005000000000000001
DCH,Dauch Corporation Common Stock,NASDAQ,Consumer Cyclical,Auto Parts,5.6,4003645.0,1406276486.0,,0.0,2026-10-03,0.23515,0.25,0.50275,0.08835,0.2476499999999999,,0.6992,0.45,0.7465999999999999,0.65,0.64295,0.6875,0.6443,0.3,19.0,0.6271,0.0022288499999999,0.13823425,0.06271,0.152,2026-10-03,0.345,0.0,1.0,0.3656,0.00914
PRMB,Primo Brands Corporation Class A Common Stock,NASDAQ,Consumer Defensive,Beverages - Non-Alcoholic,19.51,3999325.0,7411910747.0,,0.0,2026-10-03,0.323,0.25,0.4889,0.0627,0.3528,,0.7212,0.45,0.7174,0.65,0.628,0.6763,0.629,0.3,19.0,0.5958,0.0031752,0.13502,0.05958,0.152,2026-10-03,0.0,0.0,1.0,0.2,0.005000000000000001
PONY,Pony AI Inc.,NASDAQ,Technology,Information Technology Services,6.07,3980455.0,4092632078.398725,61.0,0.0,2026-10-03,0.58255,0.5,0.44155,0.0695,0.4882499999999999,,0.75,0.4778,0.7119,0.65,0.6543,0.6833,0.6629,0.3,19.0,0.6293,0.00439425,0.1406745,0.06293,0.304,2026-10-03,0.36,0.0,1.0,0.38,0.009500000000000001
WLTH,Wealthfront Corporation,NASDAQ,Technology,Software - Application,10.03,3978850.0,1491386105.0,62.0,0.0,2026-10-03,0.58255,0.5,0.44155,0.0695,0.4882499999999999,,0.75,0.4778,0.7119,0.65,0.6543,0.6833,0.6629,0.3,19.0,0.6293,0.00439425,0.1406745,0.06293,0.304,2026-10-03,0.0,0.0,1.0,0.2,0.005000000000000001
FTNT,"Fortinet, Inc.",NASDAQ,Technology,Software - Infrastructure,180.95,3976270.0,58807693267.82034,61.0,0.0,2026-10-03,0.58255,0.5,0.44155,0.0695,0.4882499999999999,,0.75,0.4778,0.7119,0.65,0.6543,0.6833,0.6629,0.3,19.0,0.6293,0.00439425,0.1406745,0.06293,0.304,2026-10-03,0.57,0.0,0.4132,0.3676,0.00919
VLO,Valero Energy Corporation Common Stock,NASDAQ,Energy,Oil & Gas Refining & Marketing,406.3,3975265.0,70525337227.0,,0.0,2026-10-03,0.6603,0.5,0.5166,0.6,0.6019,,0.7292,0.4065499999999999,0.7446999999999999,0.65,0.62495,0.675,0.64585,0.3,18.0,0.6146499999999999,0.0054171,0.13436425,0.0614649999999999,0.304,2026-10-03,0.57,0.0,0.5612,0.3972,0.009930000000000001
RTX,RTX Corporation Common Stock,NASDAQ,Industrials,Aerospace & Defense,184.68,3939750.0,234673046765.0,,0.0,2026-10-03,0.42575,0.25,0.4852999999999999,0.1068,0.40095,,0.7152000000000001,0.45,0.75,0.6000000000000001,0.6344,0.6844,0.6418,0.3,19.0,0.61435,0.00360855,0.136396,0.061435,0.152,2026-10-03,0.3375,0.0,1.0,0.3541499999999999,0.008853749999999999
BETA,Beta Technologies Inc. Class A Common Stock,NASDAQ,Industrials,Aerospace & Defense,22.17,3932940.0,3512889035.0,,0.0,2026-10-03,0.42575,0.25,0.4852999999999999,0.1068,0.40095,,0.7152000000000001,0.45,0.75,0.6000000000000001,0.6344,0.6844,0.6418,0.3,19.0,0.61435,0.00360855,0.136396,0.061435,0.152,2026-10-03,0.3375,0.0,1.0,0.3541499999999999,0.008853749999999999
TAL,TAL Education Group American Depositary Shares,NASDAQ,Consumer Defensive,Education & Training Services,12.06,3925905.0,6839784218.0,,0.0,2026-10-03,0.323,0.25,0.4889,0.0627,0.3528,,0.7212,0.45,0.7174,0.65,0.628,0.6763,0.629,0.3,19.0,0.5958,0.0031752,0.13502,0.05958,0.152,2026-10-03,0.0,0.0,1.0,0.2,0.005000000000000001
LBRT,Liberty Energy Inc. Class A common stock,NASDAQ,Energy,Oil & Gas Equipment & Services,19.31,3925080.0,5342887233.0,,0.0,2026-10-03,0.6603,0.5,0.5166,0.6,0.6019,,0.7292,0.4065499999999999,0.7446999999999999,0.65,0.62495,0.675,0.64585,0.3,18.0,0.6146499999999999,0.0054171,0.13436425,0.0614649999999999,0.304,2026-10-03,0.73,0.0,1.0,0.565,0.014124999999999999
UAL,"United Airlines Holdings, Inc. - Common Stock",NASDAQ,Industrials,Airlines,112.51,3920065.0,31296200920.0,,0.0,2026-10-03,0.42575,0.25,0.4852999999999999,0.1068,0.40095,,0.7152000000000001,0.45,0.75,0.6000000000000001,0.6344,0.6844,0.6418,0.3,19.0,0.61435,0.00360855,0.136396,0.061435,0.152,2026-10-03,0.3375,0.0,1.0,0.3541499999999999,0.008853749999999999
CMS,CMS Energy Corporation Common Stock,NASDAQ,Utilities,Utilities - Regulated Electric,63.74,3917840.0,23490903842.0,,0.0,2026-10-03,0.2791,0.0,0.53205,0.45,0.3046,,0.645,0.0,0.7225999999999999,0.45,0.49755,0.6917,0.60385,0.3,17.0,0.60505,0.0027413999999999,0.10697325,0.060505,0.0,2026-10-03,0.0,0.0,0.99835,0.2,0.005000000000000001
XYZ,Block Inc. Class A Common Stock,NASDAQ,Technology,Software - Infrastructure,74.33,3913400.0,43527042280.0,,0.0,2026-10-03,0.58255,0.5,0.44155,0.0695,0.4882499999999999,,0.75,0.4778,0.7119,0.65,0.6543,0.6833,0.6629,0.3,19.0,0.6293,0.00439425,0.1406745,0.06293,0.304,2026-10-03,0.57,0.0,1.0,0.485,0.012125
APTV,Aptiv PLC Ordinary Shares,NASDAQ,Consumer Cyclical,Auto Parts,43.54,3907790.0,15093879265.0,,0.0,2026-10-03,0.23515,0.25,0.50275,0.08835,0.2476499999999999,,0.6992,0.45,0.7465999999999999,0.65,0.64295,0.6875,0.6443,0.3,19.0,0.6271,0.0022288499999999,0.13823425,0.06271,0.152,2026-10-03,0.345,0.0,1.0,0.3656,0.00914
OKTA,"Okta, Inc.",NASDAQ,Technology,Software - Infrastructure,211.49,3902390.0,13160229647.832657,61.0,0.0,2026-10-03,0.58255,0.5,0.44155,0.0695,0.4882499999999999,,0.75,0.4778,0.7119,0.65,0.6543,0.6833,0.6629,0.3,19.0,0.6293,0.00439425,0.1406745,0.06293,0.304,2026-10-03,0.36,0.0,0.7855,0.3371,0.008427500000000001
UGP,Ultrapar Participacoes S.A. (New) American Depositary Shares (Each representing one Common Share),NYSE,Energy,Oil & Gas Refining & Marketing,7.45,3892915.0,6412927356.0,62.0,0.0,2026-10-03,0.6603,0.5,0.5166,0.6,0.6019,,0.7292,0.4065499999999999,0.7446999999999999,0.65,0.62495,0.675,0.64585,0.3,18.0,0.6146499999999999,0.0054171,0.13436425,0.0614649999999999,0.304,2026-10-03,0.225,0.0,0.6588,0.2443,0.0061075
CAVA,CAVA Group Inc. Common Stock,NASDAQ,Consumer Cyclical,Restaurants,54.41,3888825.0,11135024590.0,,0.0,2026-10-03,0.1211,0.25,0.4893,0.0,0.1985,,0.6992,0.45,0.7465999999999999,0.65,0.64295,0.6875,0.6443,0.3,19.0,0.6271,0.0017865,0.13823425,0.06271,0.152,2026-10-03,0.345,0.0,1.0,0.3656,0.00914
AA,Alcoa Corporation Common Stock,NASDAQ,Basic Materials,Aluminum,41.95,3865800.0,17417570261.0,,0.0,2026-10-03,0.75715,0.5,0.5117499999999999,0.0915,0.49015,,0.7681,0.55,0.75,0.525,0.6791499999999999,0.68035,0.66,0.3,19.0,0.5902499999999999,0.00441135,0.14601725,0.0590249999999999,0.304,2026-10-03,0.85,0.0,1.0,0.625,0.015625
WRB,W.R. Berkley Corporation Common Stock,NASDAQ,Financial Services,Insurance - Property & Casualty,68.98,3865765.0,25947963327.0,,0.0,2026-10-03,0.5297,0.25,0.5036,0.6,0.4695,,0.70855,0.5,0.6757,0.65,0.6241000000000001,0.6875,0.62175,0.3,19.0,0.6051500000000001,0.0042254999999999,0.1341815,0.060515,0.152,2026-10-03,0.345,0.0,1.0,0.33335,0.00833375
MKC,McCormick & Company Incorporated Common Stock,NASDAQ,Consumer Defensive,Packaged Foods,44.67,3862460.0,13853489510.0,,0.0,2026-10-03,0.323,0.25,0.4889,0.0627,0.3528,,0.7212,0.45,0.7174,0.65,0.628,0.6763,0.629,0.3,19.0,0.5958,0.0031752,0.13502,0.05958,0.152,2026-10-03,0.0,0.0,1.0,0.2,0.005000000000000001
GDEN,"Golden Entertainment, Inc.",NASDAQ,Consumer Cyclical,Resorts & Casinos,28.55,3857433.0,753686033.0,63.0,0.0,2026-10-03,0.23515,0.25,0.50275,0.08835,0.2476499999999999,,0.6992,0.45,0.7465999999999999,0.65,0.64295,0.6875,0.6443,0.3,19.0,0.6271,0.0022288499999999,0.13823425,0.06271,0.152,2026-10-03,0.345,0.0,1.0,0.3656,0.00914
HMY,Harmony Gold Mining Company Limited,NASDAQ,Basic Materials,Gold,17.38,3856685.0,10588329086.0,,0.0,2026-10-03,0.75715,0.5,0.5117499999999999,0.0915,0.49015,,0.7681,0.55,0.75,0.525,0.6791499999999999,0.68035,0.66,0.3,19.0,0.5902499999999999,0.00441135,0.14601725,0.0590249999999999,0.304,2026-10-03,0.0,0.0,1.0,0.2,0.005000000000000001
KSS,Kohl's Corporation Common Stock,NASDAQ,Consumer Cyclical,Department Stores,18.81,3852150.0,1648998741.0,,0.0,2026-10-03,0.23515,0.25,0.50275,0.08835,0.2476499999999999,,0.6992,0.45,0.7465999999999999,0.65,0.64295,0.6875,0.6443,0.3,19.0,0.6271,0.0022288499999999,0.13823425,0.06271,0.152,2026-10-03,0.345,0.0,1.0,0.3656,0.00914
DYN,"Dyne Therapeutics, Inc.",NASDAQ,Healthcare,Biotechnology,15.2,3852075.0,2985340607.89114,61.0,0.0,2026-10-03,0.61995,0.49245,0.49685,0.45,0.4607,,0.6198,0.4585,0.6244,0.5,0.5658,0.6778,0.69395,0.3,19.0,0.6323,0.0041463,0.1216469999999999,0.06323,0.2994096,2026-10-03,0.0,0.0,1.0,0.2,0.005000000000000001
GFS,GlobalFoundries Inc.,NASDAQ,Technology,Semiconductors,50.17,3842365.0,23813270138.817387,61.0,0.0,2026-10-03,0.58255,0.5,0.44155,0.0695,0.4882499999999999,,0.75,0.4778,0.7119,0.65,0.6543,0.6833,0.6629,0.3,19.0,0.6293,0.00439425,0.1406745,0.06293,0.304,2026-10-03,0.57,0.0,1.0,0.485,0.012125
RSI,Rush Street Interactive Inc. Class A Common Stock,NASDAQ,Consumer Cyclical,Gambling,20.01,3815050.0,5505354755.0,,0.0,2026-10-03,0.23515,0.25,0.50275,0.08835,0.2476499999999999,,0.6992,0.45,0.7465999999999999,0.65,0.64295,0.6875,0.6443,0.3,19.0,0.6271,0.0022288499999999,0.13823425,0.06271,0.152,2026-10-03,0.345,0.0,1.0,0.3656,0.00914
MAC,Macerich Company (The) Common Stock,NASDAQ,Real Estate,REIT - Retail,23.05,3811540.0,5515734536.0,,0.0,2026-10-03,0.4608,0.25,0.4744,0.45,0.407,,0.646,0.45,0.7034,0.5,0.5803,0.6778,0.6275,0.3,18.0,0.6198,0.0036629999999999,0.1247645,0.06198,0.152,2026-10-03,0.0,0.0,1.0,0.2,0.005000000000000001
OKE,ONEOK Inc. Common Stock,NASDAQ,Energy,Oil & Gas Midstream,87.88,3791070.0,55127679600.0,,0.0,2026-10-03,0.6603,0.5,0.5166,0.6,0.6019,,0.7292,0.4065499999999999,0.7446999999999999,0.65,0.62495,0.675,0.64585,0.3,18.0,0.6146499999999999,0.0054171,0.13436425,0.0614649999999999,0.304,2026-10-03,0.555,0.0,0.9867,0.4748,0.01187
LQDA,Liquidia Corporation,NASDAQ,Healthcare,Drug Manufacturers - Specialty & Generic,28.64,3712490.0,3098543976.456169,61.0,0.0,2026-10-03,0.61995,0.49245,0.49685,0.45,0.4607,,0.6198,0.4585,0.6244,0.5,0.5658,0.6778,0.69395,0.3,19.0,0.6323,0.0041463,0.1216469999999999,0.06323,0.2994096,2026-10-03,0.0,0.0,1.0,0.2,0.005000000000000001
YSS,York Space Systems Inc. Common Stock,NASDAQ,Industrials,Aerospace & Defense,8.98,3711325.0,3963542149.0,,0.0,2026-10-03,0.42575,0.25,0.4852999999999999,0.1068,0.40095,,0.7152000000000001,0.45,0.75,0.6000000000000001,0.6344,0.6844,0.6418,0.3,19.0,0.61435,0.00360855,0.136396,0.061435,0.152,2026-10-03,0.3375,0.0,1.0,0.3541499999999999,0.008853749999999999
GFI,Gold Fields Limited American Depositary Shares,NASDAQ,Basic Materials,Gold,35.62,3707410.0,40910705520.0,,0.0,2026-10-03,0.75715,0.5,0.5117499999999999,0.0915,0.49015,,0.7681,0.55,0.75,0.525,0.6791499999999999,0.68035,0.66,0.3,19.0,0.5902499999999999,0.00441135,0.14601725,0.0590249999999999,0.304,2026-10-03,0.0,0.0,1.0,0.2,0.005000000000000001
DV,DoubleVerify Holdings Inc. Common Stock,NASDAQ,Communication Services,Advertising Agencies,13.49,3696795.0,1764049059.0,,0.0,2026-10-03,0.4121,0.2674,0.4984,0.0947,0.4045,,0.5903,0.45,0.6953499999999999,0.65,0.5902499999999999,0.6770499999999999,0.6206,0.3,18.5,0.61235,0.0036405,0.1269037499999999,0.061235,0.1625792,2026-10-03,0.0,0.0,0.95835,0.2,0.005000000000000001
APG,APi Group Corporation Common Stock,NASDAQ,Industrials,Engineering & Construction,40.48,3686955.0,20968765169.0,,0.0,2026-10-03,0.42575,0.25,0.4852999999999999,0.1068,0.40095,,0.7152000000000001,0.45,0.75,0.6000000000000001,0.6344,0.6844,0.6418,0.3,19.0,0.61435,0.00360855,0.136396,0.061435,0.152,2026-10-03,0.3375,0.0,1.0,0.3541499999999999,0.008853749999999999
SE,Sea Limited American Depositary Shares each representing one Class A Ordinary Share,NASDAQ,Consumer Cyclical,Internet Retail,95.19,3684450.0,52330679055.0,,0.0,2026-10-03,0.23515,0.25,0.50275,0.08835,0.2476499999999999,,0.6992,0.45,0.7465999999999999,0.65,0.64295,0.6875,0.6443,0.3,19.0,0.6271,0.0022288499999999,0.13823425,0.06271,0.152,2026-10-03,0.345,0.0,1.0,0.3656,0.00914
GEHC,GE HealthCare Technologies Inc.,NASDAQ,Healthcare,Medical Devices,64.29,3682965.0,31785173032.36441,61.0,0.0,2026-10-03,0.61995,0.49245,0.49685,0.45,0.4607,,0.6198,0.4585,0.6244,0.5,0.5658,0.6778,0.69395,0.3,19.0,0.6323,0.0041463,0.1216469999999999,0.06323,0.2994096,2026-10-03,0.0,0.0,1.0,0.2,0.005000000000000001
OI,O-I Glass Inc. Common Stock,NASDAQ,Consumer Cyclical,Packaging & Containers,5.6,3671995.0,1640143703.0,,0.0,2026-10-03,0.23515,0.25,0.50275,0.08835,0.2476499999999999,,0.6992,0.45,0.7465999999999999,0.65,0.64295,0.6875,0.6443,0.3,19.0,0.6271,0.0022288499999999,0.13823425,0.06271,0.152,2026-10-03,0.345,0.0,1.0,0.3656,0.00914
AGI,Alamos Gold Inc. Class A Common Shares,NASDAQ,Basic Materials,Gold,32.46,3669895.0,18965637896.0,,0.0,2026-10-03,0.75715,0.5,0.5117499999999999,0.0915,0.49015,,0.7681,0.55,0.75,0.525,0.6791499999999999,0.68035,0.66,0.3,19.0,0.5902499999999999,0.00441135,0.14601725,0.0590249999999999,0.304,2026-10-03,0.555,0.0,1.0,0.4775,0.0119375
NYT,New York Times Company (The) Common Stock,NASDAQ,Communication Services,Publishing,62.7,3658135.0,13097462148.0,,0.0,2026-10-03,0.2957,0.0,0.4326,0.0832,0.209,,0.5903,0.45,0.6953499999999999,0.65,0.5902499999999999,0.6770499999999999,0.6206,0.3,18.5,0.61235,0.0018809999999999,0.1269037499999999,0.061235,0.0,2026-10-03,0.0,0.0,0.95835,0.2,0.005000000000000001
RYN,Rayonier Inc. REIT Common Stock,NASDAQ,Real Estate,REIT - Specialty,18.06,3635885.0,6483919442.0,,0.0,2026-10-03,0.4608,0.25,0.4744,0.45,0.407,,0.646,0.45,0.7034,0.5,0.5803,0.6778,0.6275,0.3,18.0,0.6198,0.0036629999999999,0.1247645,0.06198,0.152,2026-10-03,0.0,0.0,1.0,0.2,0.005000000000000001
COLD,Americold Realty Trust Inc. Common Stock,NASDAQ,Real Estate,REIT - Industrial,13.97,3634535.0,3677863276.0,,0.0,2026-10-03,0.4608,0.25,0.4744,0.45,0.407,,0.646,0.45,0.7034,0.5,0.5803,0.6778,0.6275,0.3,18.0,0.6198,0.0036629999999999,0.1247645,0.06198,0.152,2026-10-03,0.0,0.0,1.0,0.2,0.005000000000000001
BRX,Brixmor Property Group Inc. Common Stock,NASDAQ,Real Estate,REIT - Retail,27.39,3634235.0,9312481427.0,,0.0,2026-10-03,0.4608,0.25,0.4744,0.45,0.407,,0.646,0.45,0.7034,0.5,0.5803,0.6778,0.6275,0.3,18.0,0.6198,0.0036629999999999,0.1247645,0.06198,0.152,2026-10-03,0.0,0.0,1.0,0.2,0.005000000000000001
RLAY,"Relay Therapeutics, Inc.",NASDAQ,Healthcare,Biotechnology,18.96,3628910.0,1701469783.4941826,61.0,0.0,2026-10-03,0.61995,0.49245,0.49685,0.45,0.4607,,0.6198,0.4585,0.6244,0.5,0.5658,0.6778,0.69395,0.3,19.0,0.6323,0.0041463,0.1216469999999999,0.06323,0.2994096,2026-10-03,0.0,0.0,1.0,0.2,0.005000000000000001
PAYX,"Paychex, Inc.",NASDAQ,Technology,Software - Application,98.94,3628170.0,32906270687.86621,61.0,0.0,2026-10-03,0.58255,0.5,0.44155,0.0695,0.4882499999999999,,0.75,0.4778,0.7119,0.65,0.6543,0.6833,0.6629,0.3,19.0,0.6293,0.00439425,0.1406745,0.06293,0.304,2026-10-03,0.15,0.0,0.8167,0.2383,0.005957500000000001
CCI,Crown Castle Inc. Common Stock,NASDAQ,Real Estate,REIT - Specialty,66.44,3619255.0,37675955055.0,,0.0,2026-10-03,0.4608,0.25,0.4744,0.45,0.407,,0.646,0.45,0.7034,0.5,0.5803,0.6778,0.6275,0.3,18.0,0.6198,0.0036629999999999,0.1247645,0.06198,0.152,2026-10-03,0.0,0.0,1.0,0.2,0.005000000000000001
BILI,Bilibili Inc.,NASDAQ,Communication Services,Internet Content & Information,14.44,3612810.0,9145579679.13893,61.0,0.0,2026-10-03,0.4121,0.2674,0.4984,0.0947,0.4045,,0.5903,0.45,0.6953499999999999,0.65,0.5902499999999999,0.6770499999999999,0.6206,0.3,18.5,0.61235,0.0036405,0.1269037499999999,0.061235,0.1625792,2026-10-03,0.0,0.0,0.95835,0.2,0.005000000000000001
NXPI,NXP Semiconductors N.V.,NASDAQ,Technology,Semiconductors,243.66,3591975.0,48912491159.35089,61.0,0.0,2026-10-03,0.3266,0.25,0.3685,0.0836,0.2828,,0.75,0.4778,0.7119,0.65,0.6543,0.6833,0.6629,0.3,19.0,0.6293,0.0025452,0.1406745,0.06293,0.152,2026-10-03,0.0,0.0,1.0,0.2,0.005000000000000001
PEG,Public Service Enterprise Group Incorporated Common Stock,NASDAQ,Utilities,Utilities - Regulated Electric,68.07,3552575.0,40301690955.0,,0.0,2026-10-03,0.1734,0.0,0.674,0.45,0.2631,,0.645,0.0,0.7225999999999999,0.45,0.49755,0.6917,0.60385,0.3,17.0,0.60505,0.0023679,0.10697325,0.060505,0.0,2026-10-03,0.0,0.0,0.99835,0.2,0.005000000000000001
EXE,Expand Energy Corporation,NASDAQ,Energy,Oil & Gas E&P,85.52,3529700.0,27358524052.663727,61.0,0.0,2026-10-03,0.2945,0.1652,0.5529,0.031,0.2473,,0.7292,0.4065499999999999,0.7446999999999999,0.65,0.62495,0.675,0.64585,0.3,18.0,0.6146499999999999,0.0022257,0.13436425,0.0614649999999999,0.1004416,2026-10-03,0.0,0.0,1.0,0.2,0.005000000000000001
GSK,GSK plc American Depositary Shares (Each representing two Ordinary Shares),NASDAQ,Healthcare,Drug Manufacturers - General,47.03,3526975.0,108660754694.0,,0.0,2026-10-03,0.61995,0.49245,0.49685,0.45,0.4607,,0.6198,0.4585,0.6244,0.5,0.5658,0.6778,0.69395,0.3,19.0,0.6323,0.0041463,0.1216469999999999,0.06323,0.2994096,2026-10-03,0.0,0.0,1.0,0.2,0.005000000000000001
SRE,DBA Sempra Common Stock,NASDAQ,Utilities,Utilities - Diversified,78.38,3494580.0,60890592225.0,,0.0,2026-10-03,0.1686,0.0,0.4881,0.45,0.2406,,0.645,0.0,0.7225999999999999,0.45,0.49755,0.6917,0.60385,0.3,17.0,0.60505,0.0021654,0.10697325,0.060505,0.0,2026-10-03,0.0,0.0,0.99835,0.2,0.005000000000000001
DECK,Deckers Outdoor Corporation Common Stock,NASDAQ,Consumer Cyclical,Footwear & Accessories,79.12,3486315.0,15405830179.0,,0.0,2026-10-03,0.0796,0.0,0.5759,0.0,0.1311,,0.6992,0.45,0.7465999999999999,0.65,0.64295,0.6875,0.6443,0.3,19.0,0.6271,0.0011799,0.13823425,0.06271,0.0,2026-10-03,0.345,0.0,1.0,0.3656,0.00914
GLPI,"Gaming and Leisure Properties, Inc.",NASDAQ,Real Estate,REIT - Specialty,37.68,3448600.0,12657183685.34399,61.0,0.0,2026-10-03,0.2399,0.0,0.5709,0.45,0.2726,,0.646,0.45,0.7034,0.5,0.5803,0.6778,0.6275,0.3,18.0,0.6198,0.0024534,0.1247645,0.06198,0.0,2026-10-03,0.0,0.0,1.0,0.2,0.005000000000000001
OS,"OneStream, Inc.",NASDAQ,Technology,Software - Infrastructure,24.0,3439783.0,5896458998.523483,61.0,0.0,2026-10-03,0.58255,0.5,0.44155,0.0695,0.4882499999999999,,0.75,0.4778,0.7119,0.65,0.6543,0.6833,0.6629,0.3,19.0,0.6293,0.00439425,0.1406745,0.06293,0.304,2026-10-03,0.0,0.0,0.0,0.0,0.0
CG,The Carlyle Group Inc.,NASDAQ,Financial Services,Asset Management,39.82,3422205.0,16733056195.433975,61.0,0.0,2026-10-03,0.2292,0.0,0.4512,0.0,0.1652,,0.70855,0.5,0.6757,0.65,0.6241000000000001,0.6875,0.62175,0.3,19.0,0.6051500000000001,0.0014868,0.1341815,0.060515,0.0,2026-10-03,0.345,0.0,1.0,0.33335,0.00833375
MBC,MasterBrand Inc. Common Stock,NASDAQ,Consumer Cyclical,"Furnishings, Fixtures & Appliances",7.02,3413680.0,1197915791.0,,0.0,2026-10-03,0.0808,0.0,0.703,0.0,0.1464,,0.6992,0.45,0.7465999999999999,0.65,0.64295,0.6875,0.6443,0.3,19.0,0.6271,0.0013176,0.13823425,0.06271,0.0,2026-10-03,0.345,0.0,1.0,0.3656,0.00914
TDOC,Teladoc Health Inc. Common Stock,NASDAQ,Healthcare,Health Information Services,5.52,3400440.0,1037478836.0,,0.0,2026-10-03,0.152,0.25,0.5541,0.0,0.2162,,0.6198,0.4585,0.6244,0.5,0.5658,0.6778,0.69395,0.3,19.0,0.6323,0.0019458,0.1216469999999999,0.06323,0.152,2026-10-03,0.0,0.0,1.0,0.2,0.005000000000000001
ETSY,Etsy Inc. Common Stock,NASDAQ,Consumer Cyclical,Internet Retail,72.77,3394785.0,5972011739.0,,0.0,2026-10-03,0.23515,0.25,0.50275,0.08835,0.2476499999999999,,0.6992,0.45,0.7465999999999999,0.65,0.64295,0.6875,0.6443,0.3,19.0,0.6271,0.0022288499999999,0.13823425,0.06271,0.152,2026-10-03,0.345,0.0,1.0,0.3656,0.00914
ECHO,EchoStar Corporation,NASDAQ,Communication Services,Telecom Services,94.25,3382005.0,29416069032.0,62.0,0.0,2026-10-03,0.1924,0.5,0.4784,0.0,0.293,,0.5903,0.45,0.6953499999999999,0.65,0.5902499999999999,0.6770499999999999,0.6206,0.3,18.5,0.61235,0.002637,0.1269037499999999,0.061235,0.304,2026-10-03,0.0,0.0,0.95835,0.2,0.005000000000000001
PLAY,"Dave & Buster's Entertainment, Inc.",NASDAQ,Communication Services,Entertainment,6.75,3379045.0,344375042.03357697,61.0,0.0,2026-10-03,0.4121,0.2674,0.4984,0.0947,0.4045,,0.5903,0.45,0.6953499999999999,0.65,0.5902499999999999,0.6770499999999999,0.6206,0.3,18.5,0.61235,0.0036405,0.1269037499999999,0.061235,0.1625792,2026-10-03,0.0,0.0,0.95835,0.2,0.005000000000000001
PENN,"PENN Entertainment, Inc.",NASDAQ,Consumer Cyclical,Resorts & Casinos,14.77,3372930.0,1858964130.348772,61.0,0.0,2026-10-03,0.2755,0.25,0.3028,0.0,0.2291,,0.6992,0.45,0.7465999999999999,0.65,0.64295,0.6875,0.6443,0.3,19.0,0.6271,0.0020618999999999,0.13823425,0.06271,0.152,2026-10-03,0.345,0.0,1.0,0.3656,0.00914
AXP,American Express Company Common Stock,NASDAQ,Financial Services,Credit Services,302.78,3345480.0,214305080055.0,,0.0,2026-10-03,0.3432,0.0,0.3945,0.45,0.2905,,0.70855,0.5,0.6757,0.65,0.6241000000000001,0.6875,0.62175,0.3,19.0,0.6051500000000001,0.0026145,0.1341815,0.060515,0.0,2026-10-03,0.345,0.0,1.0,0.33335,0.00833375
NWG,NatWest Group plc American Depositary Shares (each representing two (2) Ordinary Shares),NASDAQ,Financial Services,Banks - Regional,17.67,3332220.0,62814712768.0,,0.0,2026-10-03,0.5297,0.25,0.5036,0.6,0.4695,,0.70855,0.5,0.6757,0.65,0.6241000000000001,0.6875,0.62175,0.3,19.0,0.6051500000000001,0.0042254999999999,0.1341815,0.060515,0.152,2026-10-03,0.345,0.0,1.0,0.33335,0.00833375
FLY,Firefly Aerospace Inc.,NASDAQ,Industrials,Aerospace & Defense,23.32,3299145.0,3736487857.947189,61.0,0.0,2026-10-03,0.0451,0.25,0.368,0.0,0.1645,,0.7152000000000001,0.45,0.75,0.6000000000000001,0.6344,0.6844,0.6418,0.3,19.0,0.61435,0.0014805,0.136396,0.061435,0.152,2026-10-03,0.3375,0.0,1.0,0.3541499999999999,0.008853749999999999
TOI,"The Oncology Institute, Inc.",NASDAQ,Healthcare,Medical Care Facilities,6.2,3276493.0,588899462.0,62.0,0.0,2026-10-03,0.61995,0.49245,0.49685,0.45,0.4607,,0.6198,0.4585,0.6244,0.5,0.5658,0.6778,0.69395,0.3,19.0,0.6323,0.0041463,0.1216469999999999,0.06323,0.2994096,2026-10-03,0.0,0.0,1.0,0.2,0.005000000000000001
CXM,Sprinklr Inc. Class A Common Stock,NASDAQ,Technology,Software - Application,5.2,3273000.0,1249299007.0,,0.0,2026-10-03,0.2565,0.25,0.4555,0.0,0.2414,,0.75,0.4778,0.7119,0.65,0.6543,0.6833,0.6629,0.3,19.0,0.6293,0.0021726,0.1406745,0.06293,0.152,2026-10-03,0.0,0.0,1.0,0.2,0.005000000000000001
LKQ,LKQ Corporation,NASDAQ,Consumer Cyclical,Auto Parts,22.8,3270075.0,7519736789.206821,61.0,0.0,2026-10-03,0.1413,0.0,0.6024,0.0,0.154,,0.6992,0.45,0.7465999999999999,0.65,0.64295,0.6875,0.6443,0.3,19.0,0.6271,0.001386,0.13823425,0.06271,0.0,2026-10-03,0.345,0.0,1.0,0.3656,0.00914
SEDG,"SolarEdge Technologies, Inc.",NASDAQ,Technology,Solar,33.09,3217070.0,3114296961.901165,61.0,0.0,2026-10-03,0.0653,0.0,0.3794,0.0,0.1073,,0.75,0.4778,0.7119,0.65,0.6543,0.6833,0.6629,0.3,19.0,0.6293,0.0009657,0.1406745,0.06293,0.0,2026-10-03,0.0,0.0,1.0,0.2,0.005000000000000001
CLX,Clorox Company (The) Common Stock,NASDAQ,Consumer Defensive,Household & Personal Products,80.41,3200150.0,11931582677.0,,0.0,2026-10-03,0.1366,0.0,0.5114,0.0,0.1399,,0.7212,0.45,0.7174,0.65,0.628,0.6763,0.629,0.3,19.0,0.5958,0.0012591,0.13502,0.05958,0.0,2026-10-03,0.0,0.0,1.0,0.2,0.005000000000000001
ZTO,ZTO Express (Cayman) Inc. American Depositary Shares each representing one Class A ordinary share.,NASDAQ,Industrials,Integrated Freight & Logistics,19.5,3200000.0,19734561702.0,,0.0,2026-10-03,0.42575,0.25,0.4852999999999999,0.1068,0.40095,,0.7152000000000001,0.45,0.75,0.6000000000000001,0.6344,0.6844,0.6418,0.3,19.0,0.61435,0.00360855,0.136396,0.061435,0.152,2026-10-03,0.3375,0.0,1.0,0.3541499999999999,0.008853749999999999
SYK,Stryker Corporation Common Stock,NASDAQ,Healthcare,Medical Devices,275.43,3176365.0,125431176440.0,,0.0,2026-10-03,0.1473,0.0,0.4738,0.0641,0.1534,,0.6198,0.4585,0.6244,0.5,0.5658,0.6778,0.69395,0.3,19.0,0.6323,0.0013806,0.1216469999999999,0.06323,0.0,2026-10-03,0.0,0.0,1.0,0.2,0.005000000000000001
LI,Li Auto Inc.,NASDAQ,Consumer Cyclical,Auto Manufacturers,10.69,3166265.0,18243096984.78971,61.0,0.0,2026-10-03,0.0214,0.0,0.4058,0.0,0.0893,,0.6992,0.45,0.7465999999999999,0.65,0.64295,0.6875,0.6443,0.3,19.0,0.6271,0.0008037,0.13823425,0.06271,0.0,2026-10-03,0.345,0.0,1.0,0.3656,0.00914
VYX,NCR Voyix Corporation Common Stock,NASDAQ,Technology,Information Technology Services,6.7,3155695.0,985054003.0,,0.0,2026-10-03,0.405,0.0,0.4392,0.0,0.2258,,0.75,0.4778,0.7119,0.65,0.6543,0.6833,0.6629,0.3,19.0,0.6293,0.0020322,0.1406745,0.06293,0.0,2026-10-03,0.0,0.0,1.0,0.2,0.005000000000000001
SGI,Somnigroup International Inc. Common Stock,NASDAQ,Consumer Cyclical,"Furnishings, Fixtures & Appliances",61.97,3151030.0,16629529219.0,,0.0,2026-10-03,0.1449,0.0,0.5796,0.0,0.154,,0.6992,0.45,0.7465999999999999,0.65,0.64295,0.6875,0.6443,0.3,19.0,0.6271,0.001386,0.13823425,0.06271,0.0,2026-10-03,0.345,0.0,1.0,0.3656,0.00914
DJT,Trump Media & Technology Group Corp.,NASDAQ,Communication Services,Internet Content & Information,8.91,3144115.0,2371614995.810809,61.0,0.0,2026-10-03,0.1188,0.2009,0.5415,0.0,0.1961,,0.5903,0.45,0.6953499999999999,0.65,0.5902499999999999,0.6770499999999999,0.6206,0.3,18.5,0.61235,0.0017648999999999,0.1269037499999999,0.061235,0.1221472,2026-10-03,0.0,0.0,0.95835,0.2,0.005000000000000001
DKS,Dick's Sporting Goods Inc Common Stock,NASDAQ,Consumer Cyclical,Specialty Retail,136.08,3102565.0,20324875883.0,,0.0,2026-10-03,0.0178,0.25,0.3961,0.0,0.1555,,0.6992,0.45,0.7465999999999999,0.65,0.64295,0.6875,0.6443,0.3,19.0,0.6271,0.0013995,0.13823425,0.06271,0.152,2026-10-03,0.345,0.0,1.0,0.3656,0.00914
EPD,Enterprise Products Partners L.P. Common Stock,NASDAQ,Energy,Oil & Gas Midstream,36.18,3070710.0,82146905954.0,,0.0,2026-10-03,0.6603,0.5,0.5166,0.6,0.6019,,0.7292,0.4065499999999999,0.7446999999999999,0.65,0.62495,0.675,0.64585,0.3,18.0,0.6146499999999999,0.0054171,0.13436425,0.0614649999999999,0.304,2026-10-03,0.57,0.0,1.0,0.485,0.012125
VVV,Valvoline Inc. Common Stock,NASDAQ,Consumer Cyclical,Auto & Truck Dealerships,30.58,3067090.0,4230704839.0,,0.0,2026-10-03,0.1295,0.25,0.6612,0.1166,0.248,,0.6992,0.45,0.7465999999999999,0.65,0.64295,0.6875,0.6443,0.3,19.0,0.6271,0.002232,0.13823425,0.06271,0.152,2026-10-03,0.345,0.0,1.0,0.3656,0.00914
CEG,Constellation Energy Corporation,NASDAQ,Utilities,Utilities - Independent Power Producers,257.49,3060795.0,110845065449.33447,61.0,0.0,2026-10-03,0.2803,0.25,0.42,0.0,0.2439,,0.645,0.0,0.7225999999999999,0.45,0.49755,0.6917,0.60385,0.3,17.0,0.60505,0.0021950999999999,0.10697325,0.060505,0.152,2026-10-03,0.0,0.0,0.99835,0.2,0.005000000000000001
FNF,Fidelity National Financial Inc. Common Stock,NASDAQ,Financial Services,Insurance - Specialty,39.26,3052490.0,14188629743.0,,0.0,2026-10-03,0.2019,0.0,0.2195,0.0429,0.1367,,0.70855,0.5,0.6757,0.65,0.6241000000000001,0.6875,0.62175,0.3,19.0,0.6051500000000001,0.0012303,0.1341815,0.060515,0.0,2026-10-03,0.345,0.0,1.0,0.33335,0.00833375
TECK,Teck Resources Ltd Ordinary Shares,NASDAQ,Basic Materials,Other Industrial Metals & Mining,68.56,3048700.0,29476938772.0,,0.0,2026-10-03,0.75715,0.5,0.5117499999999999,0.0915,0.49015,,0.7681,0.55,0.75,0.525,0.6791499999999999,0.68035,0.66,0.3,19.0,0.5902499999999999,0.00441135,0.14601725,0.0590249999999999,0.304,2026-10-03,0.4586,0.0,0.5657,0.3425,0.0085625
CMPS,COMPASS Pathways Plc,NASDAQ,Healthcare,Medical Care Facilities,11.9,3037610.0,688450414.9721336,61.0,0.0,2026-10-03,0.61995,0.49245,0.49685,0.45,0.4607,,0.6198,0.4585,0.6244,0.5,0.5658,0.6778,0.69395,0.3,19.0,0.6323,0.0041463,0.1216469999999999,0.06323,0.2994096,2026-10-03,0.0,0.0,1.0,0.2,0.005000000000000001
AZN,AstraZeneca PLC - American Depositary Shares,NASDAQ,Healthcare,Drug Manufacturers - General,156.9,3030510.0,315467203425.1918,,0.0,2026-10-03,0.1437,0.0,0.6119,0.118,0.1837,,0.6198,0.4585,0.6244,0.5,0.5658,0.6778,0.69395,0.3,19.0,0.6323,0.0016533,0.1216469999999999,0.06323,0.0,2026-10-03,0.0,0.0,1.0,0.2,0.005000000000000001
LBTYA,Liberty Global Ltd.,NASDAQ,Communication Services,Telecom Services,8.92,3028810.0,4018669398.0840063,61.0,0.0,2026-10-03,0.4121,0.2674,0.4984,0.0947,0.4045,,0.5903,0.45,0.6953499999999999,0.65,0.5902499999999999,0.6770499999999999,0.6206,0.3,18.5,0.61235,0.0036405,0.1269037499999999,0.061235,0.1625792,2026-10-03,0.0,0.0,0.95835,0.2,0.005000000000000001
HE,Hawaiian Electric Industries Inc. Common Stock,NASDAQ,Utilities,Utilities - Regulated Electric,8.9,3027145.0,2634188503.0,,0.0,2026-10-03,0.1045,0.0,0.4033,0.0,0.1121,,0.645,0.0,0.7225999999999999,0.45,0.49755,0.6917,0.60385,0.3,17.0,0.60505,0.0010089,0.10697325,0.060505,0.0,2026-10-03,0.0,0.0,0.99835,0.2,0.005000000000000001
EL,Estee Lauder Companies Inc. (The) Common Stock,NASDAQ,Consumer Defensive,Household & Personal Products,91.97,3021485.0,28149598375.0,,0.0,2026-10-03,0.323,0.25,0.4889,0.0627,0.3528,,0.7212,0.45,0.7174,0.65,0.628,0.6763,0.629,0.3,19.0,0.5958,0.0031752,0.13502,0.05958,0.152,2026-10-03,0.0,0.0,1.0,0.2,0.005000000000000001
BBIO,"BridgeBio Pharma, Inc.",NASDAQ,Healthcare,Biotechnology,67.25,3021155.0,13688657439.634506,61.0,0.0,2026-10-03,0.61995,0.49245,0.49685,0.45,0.4607,,0.6198,0.4585,0.6244,0.5,0.5658,0.6778,0.69395,0.3,19.0,0.6323,0.0041463,0.1216469999999999,0.06323,0.2994096,2026-10-03,0.0,0.0,1.0,0.2,0.005000000000000001
MPC,Marathon Petroleum Corporation Common Stock,NASDAQ,Energy,Oil & Gas Refining & Marketing,422.33,3017170.0,66008530055.0,,0.0,2026-10-03,0.6603,0.5,0.5166,0.6,0.6019,,0.7292,0.4065499999999999,0.7446999999999999,0.65,0.62495,0.675,0.64585,0.3,18.0,0.6146499999999999,0.0054171,0.13436425,0.0614649999999999,0.304,2026-10-03,0.57,0.0,0.5861,0.4022,0.010055000000000001
FLUT,Flutter Entertainment plc Ordinary Shares,NASDAQ,Consumer Cyclical,Gambling,74.81,3010925.0,19404353197.0,,0.0,2026-10-03,0.23515,0.25,0.50275,0.08835,0.2476499999999999,,0.6992,0.45,0.7465999999999999,0.65,0.64295,0.6875,0.6443,0.3,19.0,0.6271,0.0022288499999999,0.13823425,0.06271,0.152,2026-10-03,0.345,0.0,1.0,0.3656,0.00914
MUFG,Mitsubishi UFJ Financial Group Inc. Common Stock,NASDAQ,Financial Services,Banks - Diversified,22.82,2995120.0,195162568740.0,,0.0,2026-10-03,0.5297,0.25,0.5036,0.6,0.4695,,0.70855,0.5,0.6757,0.65,0.6241000000000001,0.6875,0.62175,0.3,19.0,0.6051500000000001,0.0042254999999999,0.1341815,0.060515,0.152,2026-10-03,0.345,0.0,1.0,0.33335,0.00833375
DHI,D.R. Horton Inc. Common Stock,NASDAQ,Consumer Cyclical,Residential Construction,135.0,2978675.0,45344378387.0,,0.0,2026-10-03,0.1936,0.0,0.3531,0.45,0.2364,,0.6992,0.45,0.7465999999999999,0.65,0.64295,0.6875,0.6443,0.3,19.0,0.6271,0.0021276,0.13823425,0.06271,0.0,2026-10-03,0.345,0.0,1.0,0.3656,0.00914
DOCS,Doximity Inc. Class A Common Stock,NASDAQ,Healthcare,Health Information Services,27.93,2977815.0,4520393235.0,,0.0,2026-10-03,0.61995,0.49245,0.49685,0.45,0.4607,,0.6198,0.4585,0.6244,0.5,0.5658,0.6778,0.69395,0.3,19.0,0.6323,0.0041463,0.1216469999999999,0.06323,0.2994096,2026-10-03,0.0,0.0,1.0,0.2,0.005000000000000001
WT,WisdomTree Inc. Common Stock,NASDAQ,Financial Services,Asset Management,24.38,2977300.0,2318265465.0,,0.0,2026-10-03,0.5297,0.25,0.5036,0.6,0.4695,,0.70855,0.5,0.6757,0.65,0.6241000000000001,0.6875,0.62175,0.3,19.0,0.6051500000000001,0.0042254999999999,0.1341815,0.060515,0.152,2026-10-03,0.345,0.0,1.0,0.33335,0.00833375
GOF,Guggenheim Strategic Opportunities Fund Common Shares of Beneficial Interest,NASDAQ,Financial Services,Asset Management,8.74,2976270.0,2379123863.0,,0.0,2026-10-03,0.5297,0.25,0.5036,0.6,0.4695,,0.70855,0.5,0.6757,0.65,0.6241000000000001,0.6875,0.62175,0.3,19.0,0.6051500000000001,0.0042254999999999,0.1341815,0.060515,0.152,2026-10-03,0.345,0.0,1.0,0.33335,0.00833375
APPS,"Digital Turbine, Inc.",NASDAQ,Technology,Software - Application,11.17,2970250.0,1059412143.0,62.0,0.0,2026-10-03,0.58255,0.5,0.44155,0.0695,0.4882499999999999,,0.75,0.4778,0.7119,0.65,0.6543,0.6833,0.6629,0.3,19.0,0.6293,0.00439425,0.1406745,0.06293,0.304,2026-10-03,0.57,0.0,1.0,0.485,0.012125
HON,Honeywell International Inc.,NASDAQ,Industrials,Conglomerates,213.99,2968410.0,142845862822.30106,61.0,0.0,2026-10-03,0.42575,0.25,0.4852999999999999,0.1068,0.40095,,0.7152000000000001,0.45,0.75,0.6000000000000001,0.6344,0.6844,0.6418,0.3,19.0,0.61435,0.00360855,0.136396,0.061435,0.152,2026-10-03,0.3375,0.0,1.0,0.3541499999999999,0.008853749999999999
SYF,Synchrony Financial Common Stock,NASDAQ,Financial Services,Credit Services,71.77,2951795.0,25709387965.0,,0.0,2026-10-03,0.5297,0.25,0.5036,0.6,0.4695,,0.70855,0.5,0.6757,0.65,0.6241000000000001,0.6875,0.62175,0.3,19.0,0.6051500000000001,0.0042254999999999,0.1341815,0.060515,0.152,2026-10-03,0.345,0.0,1.0,0.33335,0.00833375
SNY,Sanofi,NASDAQ,Healthcare,Drug Manufacturers - General,39.92,2921980.0,115048761008.43442,61.0,0.0,2026-10-03,0.2732,0.0,0.2757,0.45,0.2483,,0.6198,0.4585,0.6244,0.5,0.5658,0.6778,0.69395,0.3,19.0,0.6323,0.0022347,0.1216469999999999,0.06323,0.0,2026-10-03,0.0,0.0,1.0,0.2,0.005000000000000001
LPTH,"LightPath Technologies, Inc.",NASDAQ,Technology,Electronic Components,11.04,2920755.0,563813077.726902,61.0,0.0,2026-10-03,0.2363,0.25,0.3837,0.0,0.2369,,0.75,0.4778,0.7119,0.65,0.6543,0.6833,0.6629,0.3,19.0,0.6293,0.0021321,0.1406745,0.06293,0.152,2026-10-03,0.0,0.0,1.0,0.2,0.005000000000000001
STKL,"SunOpta, Inc.",NASDAQ,Consumer Defensive,Beverages - Non-Alcoholic,6.5,2917348.0,767414846.7243667,61.0,0.0,2026-10-03,0.323,0.25,0.4889,0.0627,0.3528,,0.7212,0.45,0.7174,0.65,0.628,0.6763,0.629,0.3,19.0,0.5958,0.0031752,0.13502,0.05958,0.152,2026-10-03,0.0,0.0,1.0,0.2,0.005000000000000001
ICE,Intercontinental Exchange Inc. Common Stock,NASDAQ,Financial Services,Financial Data & Stock Exchanges,150.15,2908980.0,89750952351.0,,0.0,2026-10-03,0.5297,0.25,0.5036,0.6,0.4695,,0.70855,0.5,0.6757,0.65,0.6241000000000001,0.6875,0.62175,0.3,19.0,0.6051500000000001,0.0042254999999999,0.1341815,0.060515,0.152,2026-10-03,0.345,0.0,1.0,0.33335,0.00833375
NRG,NRG Energy Inc. Common Stock,NASDAQ,Utilities,Utilities - Independent Power Producers,95.23,2907665.0,33939840003.0,,0.0,2026-10-03,0.2791,0.0,0.53205,0.45,0.3046,,0.645,0.0,0.7225999999999999,0.45,0.49755,0.6917,0.60385,0.3,17.0,0.60505,0.0027413999999999,0.10697325,0.060505,0.0,2026-10-03,0.0,0.0,0.99835,0.2,0.005000000000000001
CUBE,CubeSmart Common Shares,NASDAQ,Real Estate,REIT - Industrial,37.52,2907545.0,9013649597.0,,0.0,2026-10-03,0.4608,0.25,0.4744,0.45,0.407,,0.646,0.45,0.7034,0.5,0.5803,0.6778,0.6275,0.3,18.0,0.6198,0.0036629999999999,0.1247645,0.06198,0.152,2026-10-03,0.0,0.0,1.0,0.2,0.005000000000000001
ALK,Alaska Air Group Inc. Common Stock,NASDAQ,Industrials,Airlines,39.53,2907390.0,4712569488.0,,0.0,2026-10-03,0.19,0.0,0.3214,0.0,0.1421,,0.7152000000000001,0.45,0.75,0.6000000000000001,0.6344,0.6844,0.6418,0.3,19.0,0.61435,0.0012789,0.136396,0.061435,0.0,2026-10-03,0.3375,0.0,1.0,0.3541499999999999,0.008853749999999999
CLBT,Cellebrite DI Ltd.,NASDAQ,Technology,Software - Infrastructure,11.07,2902370.0,3322538286.317009,61.0,0.0,2026-10-03,0.0463,0.0,0.601,0.0,0.1265,,0.75,0.4778,0.7119,0.65,0.6543,0.6833,0.6629,0.3,19.0,0.6293,0.0011385,0.1406745,0.06293,0.0,2026-10-03,0.0,0.0,1.0,0.2,0.005000000000000001
CCJ,Cameco Corporation Common Stock,NASDAQ,Energy,Uranium,85.18,2893370.0,53200353927.0,,0.0,2026-10-03,0.4335,0.0407,0.4834,0.0,0.2512,,0.7292,0.4065499999999999,0.7446999999999999,0.65,0.62495,0.675,0.64585,0.3,18.0,0.6146499999999999,0.0022608,0.13436425,0.0614649999999999,0.0247456,2026-10-03,0.0,0.0,1.0,0.2,0.005000000000000001
CNM,Core & Main Inc. Class A Common Stock,NASDAQ,Industrials,Industrial Distribution,41.35,2890820.0,9677859295.0,,0.0,2026-10-03,0.42575,0.25,0.4852999999999999,0.1068,0.40095,,0.7152000000000001,0.45,0.75,0.6000000000000001,0.6344,0.6844,0.6418,0.3,19.0,0.61435,0.00360855,0.136396,0.061435,0.152,2026-10-03,0.3375,0.0,1.0,0.3541499999999999,0.008853749999999999
AMRX,"Amneal Pharmaceuticals, Inc.",NASDAQ,Healthcare,Drug Manufacturers - Specialty & Generic,20.3,2888955.0,3815228243.528847,61.0,0.0,2026-10-03,0.61995,0.49245,0.49685,0.45,0.4607,,0.6198,0.4585,0.6244,0.5,0.5658,0.6778,0.69395,0.3,19.0,0.6323,0.0041463,0.1216469999999999,0.06323,0.2994096,2026-10-03,0.0,0.0,1.0,0.2,0.005000000000000001
DK,Delek US Holdings Inc. Common Stock,NASDAQ,Energy,Oil & Gas Refining & Marketing,74.19,2878120.0,2372001967.0,,0.0,2026-10-03,0.6603,0.5,0.5166,0.6,0.6019,,0.7292,0.4065499999999999,0.7446999999999999,0.65,0.62495,0.675,0.64585,0.3,18.0,0.6146499999999999,0.0054171,0.13436425,0.0614649999999999,0.304,2026-10-03,0.24,0.0,0.745,0.269,0.006725000000000001
PRGO,Perrigo Company plc Ordinary Shares,NASDAQ,Healthcare,Drug Manufacturers - Specialty & Generic,14.26,2877340.0,1627015298.0,,0.0,2026-10-03,0.61995,0.49245,0.49685,0.45,0.4607,,0.6198,0.4585,0.6244,0.5,0.5658,0.6778,0.69395,0.3,19.0,0.6323,0.0041463,0.1216469999999999,0.06323,0.2994096,2026-10-03,0.0,0.0,1.0,0.2,0.005000000000000001
LWLG,"Lightwave Logic, Inc.",NASDAQ,Basic Materials,Specialty Chemicals,5.7,2875410.0,1101350324.393642,61.0,0.0,2026-10-03,0.75715,0.5,0.5117499999999999,0.0915,0.49015,,0.7681,0.55,0.75,0.525,0.6791499999999999,0.68035,0.66,0.3,19.0,0.5902499999999999,0.00441135,0.14601725,0.0590249999999999,0.304,2026-10-03,0.21,0.0,1.0,0.305,0.007625
XYL,Xylem Inc. Common Stock New,NASDAQ,Industrials,Specialty Industrial Machinery,101.79,2875205.0,29531954950.0,,0.0,2026-10-03,0.0843,0.0,0.5439,0.0036,0.1323,,0.7152000000000001,0.45,0.75,0.6000000000000001,0.6344,0.6844,0.6418,0.3,19.0,0.61435,0.0011907,0.136396,0.061435,0.0,2026-10-03,0.3375,0.0,1.0,0.3541499999999999,0.008853749999999999
VIPS,Vipshop Holdings Limited American Depositary Shares each representing two ordinary shares,NASDAQ,Consumer Cyclical,Internet Retail,12.33,2860725.0,6896684789.0,,0.0,2026-10-03,0.0855,0.0,0.5026,0.0,0.1242,,0.6992,0.45,0.7465999999999999,0.65,0.64295,0.6875,0.6443,0.3,19.0,0.6271,0.0011178,0.13823425,0.06271,0.0,2026-10-03,0.345,0.0,1.0,0.3656,0.00914
TH,Target Hospitality Corp. - Common Stock,NASDAQ,Industrials,Specialty Business Services,18.84,2839385.0,1448215333.0,,0.0,2026-10-03,0.42575,0.25,0.4852999999999999,0.1068,0.40095,,0.7152000000000001,0.45,0.75,0.6000000000000001,0.6344,0.6844,0.6418,0.3,19.0,0.61435,0.00360855,0.136396,0.061435,0.152,2026-10-03,0.3375,0.0,1.0,0.3541499999999999,0.008853749999999999
DINO,HF Sinclair Corporation Common Stock,NASDAQ,Energy,Oil & Gas Refining & Marketing,113.36,2808910.0,10863277975.0,,0.0,2026-10-03,0.6603,0.5,0.5166,0.6,0.6019,,0.7292,0.4065499999999999,0.7446999999999999,0.65,0.62495,0.675,0.64585,0.3,18.0,0.6146499999999999,0.0054171,0.13436425,0.0614649999999999,0.304,2026-10-03,0.54,0.0,0.5375,0.3775,0.009437500000000001
OLN,Olin Corporation Common Stock,NASDAQ,Basic Materials,Chemicals,15.9,2799620.0,3047952932.0,,0.0,2026-10-03,0.0333,0.0,0.3813,0.0,0.0923,,0.7681,0.55,0.75,0.525,0.6791499999999999,0.68035,0.66,0.3,19.0,0.5902499999999999,0.0008306999999999,0.14601725,0.0590249999999999,0.0,2026-10-03,0.0,0.0,1.0,0.2,0.005000000000000001
PLNT,Planet Fitness Inc. Common Stock,NASDAQ,Consumer Cyclical,Leisure,42.41,2789960.0,5570576083.0,,0.0,2026-10-03,0.23515,0.25,0.50275,0.08835,0.2476499999999999,,0.6992,0.45,0.7465999999999999,0.65,0.64295,0.6875,0.6443,0.3,19.0,0.6271,0.0022288499999999,0.13823425,0.06271,0.152,2026-10-03,0.345,0.0,1.0,0.3656,0.00914
LZ,"LegalZoom.com, Inc.",NASDAQ,Industrials,Specialty Business Services,5.6,2785845.0,988281654.5383816,61.0,0.0,2026-10-03,0.0914,0.0,0.4497,0.0,0.1218,,0.7152000000000001,0.45,0.75,0.6000000000000001,0.6344,0.6844,0.6418,0.3,19.0,0.61435,0.0010962,0.136396,0.061435,0.0,2026-10-03,0.3375,0.0,1.0,0.3541499999999999,0.008853749999999999
DOCN,DigitalOcean Holdings Inc. Common Stock,NASDAQ,Technology,Software - Infrastructure,140.07,2782830.0,9896522045.0,,0.0,2026-10-03,0.58255,0.5,0.44155,0.0695,0.4882499999999999,,0.75,0.4778,0.7119,0.65,0.6543,0.6833,0.6629,0.3,19.0,0.6293,0.00439425,0.1406745,0.06293,0.304,2026-10-03,0.57,0.0,1.0,0.485,0.012125
BSY,"Bentley Systems, Incorporated",NASDAQ,Technology,Software - Application,32.23,2779555.0,10676101560.900406,61.0,0.0,2026-10-03,0.58255,0.5,0.44155,0.0695,0.4882499999999999,,0.75,0.4778,0.7119,0.65,0.6543,0.6833,0.6629,0.3,19.0,0.6293,0.00439425,0.1406745,0.06293,0.304,2026-10-03,0.57,0.0,1.0,0.485,0.012125
TRLV,Trulieve Cannabis Corp. Subordinate Voting Shares,NYSE,Healthcare,Drug Manufacturers - Specialty & Generic,10.72,2774360.0,1657686826.0,62.0,0.0,2026-10-03,0.61995,0.49245,0.49685,0.45,0.4607,,0.6198,0.4585,0.6244,0.5,0.5658,0.6778,0.69395,0.3,19.0,0.6323,0.0041463,0.1216469999999999,0.06323,0.2994096,2026-10-03,0.0,0.0,1.0,0.2,0.005000000000000001
WRD,WeRide Inc. - American Depositary Shares,NASDAQ,Technology,Software - Application,5.03,2773805.0,2665208205.0,,0.0,2026-10-03,0.58255,0.5,0.44155,0.0695,0.4882499999999999,,0.75,0.4778,0.7119,0.65,0.6543,0.6833,0.6629,0.3,19.0,0.6293,0.00439425,0.1406745,0.06293,0.304,2026-10-03,0.21,0.0,1.0,0.305,0.007625
LNT,Alliant Energy Corporation,NASDAQ,Utilities,Utilities - Regulated Electric,64.33,2773575.0,18274998638.556847,61.0,0.0,2026-10-03,0.2791,0.0,0.53205,0.45,0.3046,,0.645,0.0,0.7225999999999999,0.45,0.49755,0.6917,0.60385,0.3,17.0,0.60505,0.0027413999999999,0.10697325,0.060505,0.0,2026-10-03,0.0,0.0,0.99835,0.2,0.005000000000000001
WSC,WillScot Holdings Corporation,NASDAQ,Industrials,Rental & Leasing Services,17.3,2772350.0,3395106528.0,62.0,0.0,2026-10-03,0.42575,0.25,0.4852999999999999,0.1068,0.40095,,0.7152000000000001,0.45,0.75,0.6000000000000001,0.6344,0.6844,0.6418,0.3,19.0,0.61435,0.00360855,0.136396,0.061435,0.152,2026-10-03,0.3375,0.0,1.0,0.3541499999999999,0.008853749999999999
BANC,Banc of California Inc. Common Stock,NASDAQ,Financial Services,Banks - Regional,17.74,2771805.0,2901363112.0,,0.0,2026-10-03,0.5297,0.25,0.5036,0.6,0.4695,,0.70855,0.5,0.6757,0.65,0.6241000000000001,0.6875,0.62175,0.3,19.0,0.6051500000000001,0.0042254999999999,0.1341815,0.060515,0.152,2026-10-03,0.345,0.0,1.0,0.33335,0.00833375
BXMT,Blackstone Mortgage Trust Inc. Common Stock,NASDAQ,Real Estate,REIT - Mortgage,10.9,2765405.0,3388271918.0,,0.0,2026-10-03,0.4608,0.25,0.4744,0.45,0.407,,0.646,0.45,0.7034,0.5,0.5803,0.6778,0.6275,0.3,18.0,0.6198,0.0036629999999999,0.1247645,0.06198,0.152,2026-10-03,0.0,0.0,1.0,0.2,0.005000000000000001
MA,Mastercard Incorporated Common Stock,NASDAQ,Financial Services,Credit Services,552.26,2753465.0,449940309546.0,,0.0,2026-10-03,0.5297,0.25,0.5036,0.6,0.4695,,0.70855,0.5,0.6757,0.65,0.6241000000000001,0.6875,0.62175,0.3,19.0,0.6051500000000001,0.0042254999999999,0.1341815,0.060515,0.152,2026-10-03,0.345,0.0,1.0,0.33335,0.00833375
PAA,"Plains All American Pipeline, L.P.",NASDAQ,Energy,Oil & Gas Midstream,23.75,2748360.0,16022623874.996452,61.0,0.0,2026-10-03,0.6603,0.5,0.5166,0.6,0.6019,,0.7292,0.4065499999999999,0.7446999999999999,0.65,0.62495,0.675,0.64585,0.3,18.0,0.6146499999999999,0.0054171,0.13436425,0.0614649999999999,0.304,2026-10-03,0.33,0.0,0.9551,0.356,0.0089
TPG,TPG Inc. - Class A Common Stock,NASDAQ,Financial Services,Asset Management,44.67,2727815.0,14752634834.0,,0.0,2026-10-03,0.5297,0.25,0.5036,0.6,0.4695,,0.70855,0.5,0.6757,0.65,0.6241000000000001,0.6875,0.62175,0.3,19.0,0.6051500000000001,0.0042254999999999,0.1341815,0.060515,0.152,2026-10-03,0.345,0.0,1.0,0.33335,0.00833375
NSA,National Storage Affiliates Trust Common Shares of Beneficial Interest,NASDAQ,Real Estate,REIT - Industrial,44.5,2727359.0,6368847666.0,,0.0,2026-10-03,0.4608,0.25,0.4744,0.45,0.407,,0.646,0.45,0.7034,0.5,0.5803,0.6778,0.6275,0.3,18.0,0.6198,0.0036629999999999,0.1247645,0.06198,0.152,2026-10-03,0.0,0.0,1.0,0.2,0.005000000000000001
GDDY,GoDaddy Inc. Class A Common Stock,NASDAQ,Technology,Software - Infrastructure,97.21,2696390.0,11473788348.0,,0.0,2026-10-03,0.58255,0.5,0.44155,0.0695,0.4882499999999999,,0.75,0.4778,0.7119,0.65,0.6543,0.6833,0.6629,0.3,19.0,0.6293,0.00439425,0.1406745,0.06293,0.304,2026-10-03,0.435,0.0,0.9388,0.4053,0.010132500000000001
CERT,"Certara, Inc.",NASDAQ,Healthcare,Health Information Services,9.36,2694900.0,935731031.125,61.0,0.0,2026-10-03,0.61995,0.49245,0.49685,0.45,0.4607,,0.6198,0.4585,0.6244,0.5,0.5658,0.6778,0.69395,0.3,19.0,0.6323,0.0041463,0.1216469999999999,0.06323,0.2994096,2026-10-03,0.0,0.0,1.0,0.2,0.005000000000000001
GNL,Global Net Lease Inc. Common Stock,NASDAQ,Real Estate,REIT - Diversified,8.25,2693325.0,2036908918.0,,0.0,2026-10-03,0.4608,0.25,0.4744,0.45,0.407,,0.646,0.45,0.7034,0.5,0.5803,0.6778,0.6275,0.3,18.0,0.6198,0.0036629999999999,0.1247645,0.06198,0.152,2026-10-03,0.0,0.0,1.0,0.2,0.005000000000000001
AMX,America Movil S.A.B. de C.V. American Depositary Shares (each representing the right to receive twenty (20) Series B Shares,NASDAQ,Communication Services,Telecom Services,21.29,2680925.0,80154163763.0,,0.0,2026-10-03,0.4121,0.2674,0.4984,0.0947,0.4045,,0.5903,0.45,0.6953499999999999,0.65,0.5902499999999999,0.6770499999999999,0.6206,0.3,18.5,0.61235,0.0036405,0.1269037499999999,0.061235,0.1625792,2026-10-03,0.0,0.0,0.95835,0.2,0.005000000000000001
BKV,BKV Corporation Common Stock,NASDAQ,Energy,Oil & Gas E&P,21.57,2662870.0,3180906776.0,,0.0,2026-10-03,0.3539,0.0,0.5742,0.0,0.2241,,0.7292,0.4065499999999999,0.7446999999999999,0.65,0.62495,0.675,0.64585,0.3,18.0,0.6146499999999999,0.0020169,0.13436425,0.0614649999999999,0.0,2026-10-03,0.0,0.0,1.0,0.2,0.005000000000000001
FBRT,Franklin BSP Realty Trust Inc. Common Stock,NASDAQ,Real Estate,REIT - Mortgage,6.27,2649135.0,703441928.0,,0.0,2026-10-03,0.4608,0.25,0.4744,0.45,0.407,,0.646,0.45,0.7034,0.5,0.5803,0.6778,0.6275,0.3,18.0,0.6198,0.0036629999999999,0.1247645,0.06198,0.152,2026-10-03,0.0,0.0,1.0,0.2,0.005000000000000001
RMBS,"Rambus, Inc.",NASDAQ,Technology,Semiconductors,111.97,2643750.0,9843584676.773346,61.0,0.0,2026-10-03,0.0974,0.5,0.326,0.0,0.2506,,0.75,0.4778,0.7119,0.65,0.6543,0.6833,0.6629,0.3,19.0,0.6293,0.0022554,0.1406745,0.06293,0.304,2026-10-03,0.0,0.0,1.0,0.2,0.005000000000000001
ES,Eversource Energy (D/B/A) Common Stock,NASDAQ,Utilities,Utilities - Regulated Electric,64.5,2639540.0,25798024251.0,,0.0,2026-10-03,0.2791,0.0,0.53205,0.45,0.3046,,0.645,0.0,0.7225999999999999,0.45,0.49755,0.6917,0.60385,0.3,17.0,0.60505,0.0027413999999999,0.10697325,0.060505,0.0,2026-10-03,0.0,0.0,0.99835,0.2,0.005000000000000001
SGML,Sigma Lithium Corporation,NASDAQ,Basic Materials,Other Industrial Metals & Mining,9.09,2635810.0,1184011709.5168848,61.0,0.0,2026-10-03,0.75715,0.5,0.5117499999999999,0.0915,0.49015,,0.7681,0.55,0.75,0.525,0.6791499999999999,0.68035,0.66,0.3,19.0,0.5902499999999999,0.00441135,0.14601725,0.0590249999999999,0.304,2026-10-03,0.21,0.0,0.9667,0.2983,0.007457500000000001
UPWK,Upwork Inc. - Common Stock,NASDAQ,Communication Services,Internet Content & Information,8.05,2631625.0,1392781032.0,,0.0,2026-10-03,0.4121,0.2674,0.4984,0.0947,0.4045,,0.5903,0.45,0.6953499999999999,0.65,0.5902499999999999,0.6770499999999999,0.6206,0.3,18.5,0.61235,0.0036405,0.1269037499999999,0.061235,0.1625792,2026-10-03,0.0,0.0,0.95835,0.2,0.005000000000000001
AHCO,AdaptHealth Corp. ,NASDAQ,Healthcare,Medical Devices,5.6,2622935.0,1523605092.5447388,61.0,0.0,2026-10-03,0.61995,0.49245,0.49685,0.45,0.4607,,0.6198,0.4585,0.6244,0.5,0.5658,0.6778,0.69395,0.3,19.0,0.6323,0.0041463,0.1216469999999999,0.06323,0.2994096,2026-10-03,0.0,0.0,1.0,0.2,0.005000000000000001
ALB,Albemarle Corporation Common Stock,NASDAQ,Basic Materials,Specialty Chemicals,104.59,2615110.0,22201637644.0,,0.0,2026-10-03,0.75715,0.5,0.5117499999999999,0.0915,0.49015,,0.7681,0.55,0.75,0.525,0.6791499999999999,0.68035,0.66,0.3,19.0,0.5902499999999999,0.00441135,0.14601725,0.0590249999999999,0.304,2026-10-03,0.57,0.0,1.0,0.485,0.012125
JEF,Jefferies Financial Group Inc. Common Stock,NASDAQ,Financial Services,Capital Markets,45.97,2613160.0,9702357103.0,,0.0,2026-10-03,0.5297,0.25,0.5036,0.6,0.4695,,0.70855,0.5,0.6757,0.65,0.6241000000000001,0.6875,0.62175,0.3,19.0,0.6051500000000001,0.0042254999999999,0.1341815,0.060515,0.152,2026-10-03,0.345,0.0,1.0,0.33335,0.00833375
HUN,Huntsman Corporation Common Stock,NASDAQ,Basic Materials,Chemicals,8.53,2608335.0,2370007327.0,,0.0,2026-10-03,0.1401,0.0,0.5084,0.0,0.1441,,0.7681,0.55,0.75,0.525,0.6791499999999999,0.68035,0.66,0.3,19.0,0.5902499999999999,0.0012969,0.14601725,0.0590249999999999,0.0,2026-10-03,0.0,0.0,1.0,0.2,0.005000000000000001
APLE,Apple Hospitality REIT Inc. Common Shares,NASDAQ,Real Estate,REIT - Hotel & Motel,16.51,2595660.0,3113442591.0,,0.0,2026-10-03,0.4608,0.25,0.4744,0.45,0.407,,0.646,0.45,0.7034,0.5,0.5803,0.6778,0.6275,0.3,18.0,0.6198,0.0036629999999999,0.1247645,0.06198,0.152,2026-10-03,0.0,0.0,1.0,0.2,0.005000000000000001
CF,CF Industries Holdings Inc. Common Stock,NASDAQ,Basic Materials,Agricultural Inputs,115.01,2584010.0,18576835410.0,,0.0,2026-10-03,0.75715,0.5,0.5117499999999999,0.0915,0.49015,,0.7681,0.55,0.75,0.525,0.6791499999999999,0.68035,0.66,0.3,19.0,0.5902499999999999,0.00441135,0.14601725,0.0590249999999999,0.304,2026-10-03,0.45,0.0,0.8191,0.3888,0.00972
WTRG,Essential Utilities Inc. Common Stock,NASDAQ,Utilities,Utilities - Regulated Water,39.38,2575890.0,11196162235.0,,0.0,2026-10-03,0.2791,0.0,0.53205,0.45,0.3046,,0.645,0.0,0.7225999999999999,0.45,0.49755,0.6917,0.60385,0.3,17.0,0.60505,0.0027413999999999,0.10697325,0.060505,0.0,2026-10-03,0.0,0.0,0.99835,0.2,0.005000000000000001
PGY,Pagaya Technologies Ltd.,NASDAQ,Technology,Software - Infrastructure,17.98,2575675.0,934199230.3349304,61.0,0.0,2026-10-03,0.58255,0.5,0.44155,0.0695,0.4882499999999999,,0.75,0.4778,0.7119,0.65,0.6543,0.6833,0.6629,0.3,19.0,0.6293,0.00439425,0.1406745,0.06293,0.304,2026-10-03,0.24,0.0,1.0,0.32,0.008
BLMN,"Bloomin' Brands, Inc.",NASDAQ,Consumer Cyclical,Restaurants,8.48,2568445.0,451349745.9833527,61.0,0.0,2026-10-03,0.23515,0.25,0.50275,0.08835,0.2476499999999999,,0.6992,0.45,0.7465999999999999,0.65,0.64295,0.6875,0.6443,0.3,19.0,0.6271,0.0022288499999999,0.13823425,0.06271,0.152,2026-10-03,0.345,0.0,1.0,0.3656,0.00914
NEXT,NextDecade Corporation,NASDAQ,Energy,Oil & Gas Equipment & Services,6.48,2567035.0,2134011754.42524,61.0,0.0,2026-10-03,0.6603,0.5,0.5166,0.6,0.6019,,0.7292,0.4065499999999999,0.7446999999999999,0.65,0.62495,0.675,0.64585,0.3,18.0,0.6146499999999999,0.0054171,0.13436425,0.0614649999999999,0.304,2026-10-03,0.45,0.0,1.0,0.425,0.010625
REAL,"The RealReal, Inc.",NASDAQ,Consumer Cyclical,Luxury Goods,8.9,2560720.0,1038125019.013338,61.0,0.0,2026-10-03,0.23515,0.25,0.50275,0.08835,0.2476499999999999,,0.6992,0.45,0.7465999999999999,0.65,0.64295,0.6875,0.6443,0.3,19.0,0.6271,0.0022288499999999,0.13823425,0.06271,0.152,2026-10-03,0.345,0.0,1.0,0.3656,0.00914
HALO,"Halozyme Therapeutics, Inc.",NASDAQ,Healthcare,Biotechnology,109.86,2548640.0,7354292262.888718,61.0,0.0,2026-10-03,0.61995,0.49245,0.49685,0.45,0.4607,,0.6198,0.4585,0.6244,0.5,0.5658,0.6778,0.69395,0.3,19.0,0.6323,0.0041463,0.1216469999999999,0.06323,0.2994096,2026-10-03,0.0,0.0,1.0,0.2,0.005000000000000001
CRK,Comstock Resources Inc. Common Stock,NASDAQ,Energy,Oil & Gas E&P,12.78,2542580.0,4975207550.0,,0.0,2026-10-03,0.6603,0.5,0.5166,0.6,0.6019,,0.7292,0.4065499999999999,0.7446999999999999,0.65,0.62495,0.675,0.64585,0.3,18.0,0.6146499999999999,0.0054171,0.13436425,0.0614649999999999,0.304,2026-10-03,0.465,0.0,0.87,0.4065,0.0101625
EPRT,Essential Properties Realty Trust Inc. Common Stock,NASDAQ,Real Estate,REIT - Retail,25.9,2528725.0,6794447922.0,,0.0,2026-10-03,0.4608,0.25,0.4744,0.45,0.407,,0.646,0.45,0.7034,0.5,0.5803,0.6778,0.6275,0.3,18.0,0.6198,0.0036629999999999,0.1247645,0.06198,0.152,2026-10-03,0.0,0.0,1.0,0.2,0.005000000000000001
GTX,Garrett Motion Inc.,NASDAQ,Consumer Cyclical,Auto Parts,27.07,2527495.0,3553195711.157032,61.0,0.0,2026-10-03,0.23515,0.25,0.50275,0.08835,0.2476499999999999,,0.6992,0.45,0.7465999999999999,0.65,0.64295,0.6875,0.6443,0.3,19.0,0.6271,0.0022288499999999,0.13823425,0.06271,0.152,2026-10-03,0.345,0.0,1.0,0.3656,0.00914
BRSL,Brightstar Lottery PLC Trading under the Legal Name to begin at the market open on July 21 2025. Ordinary Shares,NASDAQ,Consumer Cyclical,Gambling,9.85,2520540.0,2384109642.0,,0.0,2026-10-03,0.23515,0.25,0.50275,0.08835,0.2476499999999999,,0.6992,0.45,0.7465999999999999,0.65,0.64295,0.6875,0.6443,0.3,19.0,0.6271,0.0022288499999999,0.13823425,0.06271,0.152,2026-10-03,0.345,0.0,1.0,0.3656,0.00914
FND,Floor & Decor Holdings Inc. Common Stock,NASDAQ,Consumer Cyclical,Home Improvement Retail,45.49,2515595.0,5521449379.0,,0.0,2026-10-03,0.23515,0.25,0.50275,0.08835,0.2476499999999999,,0.6992,0.45,0.7465999999999999,0.65,0.64295,0.6875,0.6443,0.3,19.0,0.6271,0.0022288499999999,0.13823425,0.06271,0.152,2026-10-03,0.345,0.0,1.0,0.3656,0.00914
NTAP,"NetApp, Inc.",NASDAQ,Technology,Software - Infrastructure,226.27,2508180.0,20364564920.91678,61.0,0.0,2026-10-03,0.58255,0.5,0.44155,0.0695,0.4882499999999999,,0.75,0.4778,0.7119,0.65,0.6543,0.6833,0.6629,0.3,19.0,0.6293,0.00439425,0.1406745,0.06293,0.304,2026-10-03,0.36,0.0,0.45,0.27,0.006750000000000001
EBC,"Eastern Bankshares, Inc.",NASDAQ,Financial Services,Banks - Regional,21.47,2499515.0,4312287740.672308,61.0,0.0,2026-10-03,0.5297,0.25,0.5036,0.6,0.4695,,0.70855,0.5,0.6757,0.65,0.6241000000000001,0.6875,0.62175,0.3,19.0,0.6051500000000001,0.0042254999999999,0.1341815,0.060515,0.152,2026-10-03,0.345,0.0,1.0,0.33335,0.00833375
MRVI,"Maravai LifeSciences Holdings, Inc.",NASDAQ,Healthcare,Biotechnology,7.9,2495150.0,917488309.0,62.0,0.0,2026-10-03,0.61995,0.49245,0.49685,0.45,0.4607,,0.6198,0.4585,0.6244,0.5,0.5658,0.6778,0.69395,0.3,19.0,0.6323,0.0041463,0.1216469999999999,0.06323,0.2994096,2026-10-03,0.0,0.0,1.0,0.2,0.005000000000000001
GPN,Global Payments Inc. Common Stock,NASDAQ,Industrials,Specialty Business Services,78.38,2492820.0,18650467148.0,,0.0,2026-10-03,0.42575,0.25,0.4852999999999999,0.1068,0.40095,,0.7152000000000001,0.45,0.75,0.6000000000000001,0.6344,0.6844,0.6418,0.3,19.0,0.61435,0.00360855,0.136396,0.061435,0.152,2026-10-03,0.3375,0.0,1.0,0.3541499999999999,0.008853749999999999
ULCC,"Frontier Group Holdings, Inc.",NASDAQ,Industrials,Airlines,6.19,2483720.0,1215585573.0,63.0,0.0,2026-10-03,0.42575,0.25,0.4852999999999999,0.1068,0.40095,,0.7152000000000001,0.45,0.75,0.6000000000000001,0.6344,0.6844,0.6418,0.3,19.0,0.61435,0.00360855,0.136396,0.061435,0.152,2026-10-03,0.3375,0.0,1.0,0.3541499999999999,0.008853749999999999
NN,NextNav Inc.,NASDAQ,Technology,Software - Infrastructure,13.98,2482670.0,2458349292.653589,61.0,0.0,2026-10-03,0.58255,0.5,0.44155,0.0695,0.4882499999999999,,0.75,0.4778,0.7119,0.65,0.6543,0.6833,0.6629,0.3,19.0,0.6293,0.00439425,0.1406745,0.06293,0.304,2026-10-03,0.42,0.0,1.0,0.41,0.01025
A,Agilent Technologies Inc. Common Stock,NASDAQ,Healthcare,Diagnostics & Research,167.78,2472005.0,32654698591.0,,0.0,2026-10-03,0.61995,0.49245,0.49685,0.45,0.4607,,0.6198,0.4585,0.6244,0.5,0.5658,0.6778,0.69395,0.3,19.0,0.6323,0.0041463,0.1216469999999999,0.06323,0.2994096,2026-10-03,0.0,0.0,1.0,0.2,0.005000000000000001
ATEC,"Alphatec Holdings, Inc.",NASDAQ,Healthcare,Medical Devices,10.03,2461910.0,1678544938.8951874,61.0,0.0,2026-10-03,0.61995,0.49245,0.49685,0.45,0.4607,,0.6198,0.4585,0.6244,0.5,0.5658,0.6778,0.69395,0.3,19.0,0.6323,0.0041463,0.1216469999999999,0.06323,0.2994096,2026-10-03,0.0,0.0,1.0,0.2,0.005000000000000001
FIVN,"Five9, Inc.",NASDAQ,Technology,Software - Infrastructure,34.36,2460965.0,1138825749.9407616,61.0,0.0,2026-10-03,0.58255,0.5,0.44155,0.0695,0.4882499999999999,,0.75,0.4778,0.7119,0.65,0.6543,0.6833,0.6629,0.3,19.0,0.6293,0.00439425,0.1406745,0.06293,0.304,2026-10-03,0.36,0.0,0.8265,0.3453,0.0086325
FUN,Six Flags Entertainment Corporation Common Stock New,NASDAQ,Consumer Cyclical,Leisure,11.6,2460375.0,1864332319.0,,0.0,2026-10-03,0.23515,0.25,0.50275,0.08835,0.2476499999999999,,0.6992,0.45,0.7465999999999999,0.65,0.64295,0.6875,0.6443,0.3,19.0,0.6271,0.0022288499999999,0.13823425,0.06271,0.152,2026-10-03,0.345,0.0,1.0,0.3656,0.00914
ALL,Allstate Corporation (The) Common Stock,NASDAQ,Financial Services,Insurance - Property & Casualty,223.74,2459945.0,54971431439.0,,0.0,2026-10-03,0.5297,0.25,0.5036,0.6,0.4695,,0.70855,0.5,0.6757,0.65,0.6241000000000001,0.6875,0.62175,0.3,19.0,0.6051500000000001,0.0042254999999999,0.1341815,0.060515,0.152,2026-10-03,0.345,0.0,1.0,0.33335,0.00833375
EXPE,"Expedia Group, Inc.",NASDAQ,Consumer Cyclical,Travel Services,265.0,2456400.0,27787233673.73546,61.0,0.0,2026-10-03,0.23515,0.25,0.50275,0.08835,0.2476499999999999,,0.6992,0.45,0.7465999999999999,0.65,0.64295,0.6875,0.6443,0.3,19.0,0.6271,0.0022288499999999,0.13823425,0.06271,0.152,2026-10-03,0.345,0.0,1.0,0.3656,0.00914
BWA,BorgWarner Inc. Common Stock,NASDAQ,Consumer Cyclical,Auto Parts,60.52,2454660.0,11654775340.0,,0.0,2026-10-03,0.23515,0.25,0.50275,0.08835,0.2476499999999999,,0.6992,0.45,0.7465999999999999,0.65,0.64295,0.6875,0.6443,0.3,19.0,0.6271,0.0022288499999999,0.13823425,0.06271,0.152,2026-10-03,0.345,0.0,1.0,0.3656,0.00914
VERA,"Vera Therapeutics, Inc. - Class A Common Stock",NASDAQ,Healthcare,Biotechnology,30.42,2454380.0,3229994346.0,,0.0,2026-10-03,0.61995,0.49245,0.49685,0.45,0.4607,,0.6198,0.4585,0.6244,0.5,0.5658,0.6778,0.69395,0.3,19.0,0.6323,0.0041463,0.1216469999999999,0.06323,0.2994096,2026-10-03,0.0,0.0,1.0,0.2,0.005000000000000001
UNIT,Uniti Group Inc. - Common Stock,NASDAQ,Real Estate,REIT - Specialty,8.04,2453890.0,2591553773.0,,0.0,2026-10-03,0.4608,0.25,0.4744,0.45,0.407,,0.646,0.45,0.7034,0.5,0.5803,0.6778,0.6275,0.3,18.0,0.6198,0.0036629999999999,0.1247645,0.06198,0.152,2026-10-03,0.0,0.0,1.0,0.2,0.005000000000000001
FOLD,"Amicus Therapeutics, Inc.",NASDAQ,Healthcare,Biotechnology,14.49,2445333.0,4526320251.501823,61.0,0.0,2026-10-03,0.61995,0.49245,0.49685,0.45,0.4607,,0.6198,0.4585,0.6244,0.5,0.5658,0.6778,0.69395,0.3,19.0,0.6323,0.0041463,0.1216469999999999,0.06323,0.2994096,2026-10-03,0.0,0.0,1.0,0.2,0.005000000000000001
DFTX,"Definium Therapeutics, Inc. ",NASDAQ,Healthcare,Biotechnology,37.4,2422170.0,1793569317.8909092,61.0,0.0,2026-10-03,0.61995,0.49245,0.49685,0.45,0.4607,,0.6198,0.4585,0.6244,0.5,0.5658,0.6778,0.69395,0.3,19.0,0.6323,0.0041463,0.1216469999999999,0.06323,0.2994096,2026-10-03,0.0,0.0,1.0,0.2,0.005000000000000001
ISRG,"Intuitive Surgical, Inc.",NASDAQ,Healthcare,Medical Instruments & Supplies,391.95,2416320.0,161140493595.96753,61.0,0.0,2026-10-03,0.61995,0.49245,0.49685,0.45,0.4607,,0.6198,0.4585,0.6244,0.5,0.5658,0.6778,0.69395,0.3,19.0,0.6323,0.0041463,0.1216469999999999,0.06323,0.2994096,2026-10-03,0.0,0.0,1.0,0.2,0.005000000000000001
TKC,Turkcell Iletisim Hizmetleri AS Common Stock,NASDAQ,Communication Services,Telecom Services,5.04,2407130.0,5536869976.0,,0.0,2026-10-03,0.4121,0.2674,0.4984,0.0947,0.4045,,0.5903,0.45,0.6953499999999999,0.65,0.5902499999999999,0.6770499999999999,0.6206,0.3,18.5,0.61235,0.0036405,0.1269037499999999,0.061235,0.1625792,2026-10-03,0.0,0.0,0.95835,0.2,0.005000000000000001
DG,Dollar General Corporation Common Stock,NASDAQ,Consumer Defensive,Discount Stores,118.94,2395415.0,26583518885.0,,0.0,2026-10-03,0.323,0.25,0.4889,0.0627,0.3528,,0.7212,0.45,0.7174,0.65,0.628,0.6763,0.629,0.3,19.0,0.5958,0.0031752,0.13502,0.05958,0.152,2026-10-03,0.0,0.0,1.0,0.2,0.005000000000000001
WYNN,"Wynn Resorts, Limited - Common Stock",NASDAQ,Consumer Cyclical,Resorts & Casinos,75.88,2390215.0,10845462368.0,,0.0,2026-10-03,0.23515,0.25,0.50275,0.08835,0.2476499999999999,,0.6992,0.45,0.7465999999999999,0.65,0.64295,0.6875,0.6443,0.3,19.0,0.6271,0.0022288499999999,0.13823425,0.06271,0.152,2026-10-03,0.345,0.0,1.0,0.3656,0.00914
OGN,Organon & Co. Common Stock,NASDAQ,Healthcare,Drug Manufacturers - General,13.72,2389290.0,2931154278.0,,0.0,2026-10-03,0.61995,0.49245,0.49685,0.45,0.4607,,0.6198,0.4585,0.6244,0.5,0.5658,0.6778,0.69395,0.3,19.0,0.6323,0.0041463,0.1216469999999999,0.06323,0.2994096,2026-10-03,0.0,0.0,1.0,0.2,0.005000000000000001
VSTM,"Verastem, Inc.",NASDAQ,Healthcare,Biotechnology,7.7,2386035.0,485941242.0,62.0,0.0,2026-10-03,0.61995,0.49245,0.49685,0.45,0.4607,,0.6198,0.4585,0.6244,0.5,0.5658,0.6778,0.69395,0.3,19.0,0.6323,0.0041463,0.1216469999999999,0.06323,0.2994096,2026-10-03,0.0,0.0,1.0,0.2,0.005000000000000001
TRMB,Trimble Inc. - Common Stock,NASDAQ,Technology,Scientific & Technical Instruments,57.52,2381895.0,15151606970.0,,0.0,2026-10-03,0.58255,0.5,0.44155,0.0695,0.4882499999999999,,0.75,0.4778,0.7119,0.65,0.6543,0.6833,0.6629,0.3,19.0,0.6293,0.00439425,0.1406745,0.06293,0.304,2026-10-03,0.57,0.0,1.0,0.485,0.012125
TDAY,USA TODAY Co. Inc. Common Stock,NASDAQ,Communication Services,Publishing,7.05,2371100.0,1072413319.0,,0.0,2026-10-03,0.4121,0.2674,0.4984,0.0947,0.4045,,0.5903,0.45,0.6953499999999999,0.65,0.5902499999999999,0.6770499999999999,0.6206,0.3,18.5,0.61235,0.0036405,0.1269037499999999,0.061235,0.1625792,2026-10-03,0.0,0.0,0.95835,0.2,0.005000000000000001
SNPS,"Synopsys, Inc.",NASDAQ,Technology,Software - Infrastructure,489.9,2370335.0,74140251075.96964,61.0,0.0,2026-10-03,0.58255,0.5,0.44155,0.0695,0.4882499999999999,,0.75,0.4778,0.7119,0.65,0.6543,0.6833,0.6629,0.3,19.0,0.6293,0.00439425,0.1406745,0.06293,0.304,2026-10-03,0.0,0.0,1.0,0.2,0.005000000000000001
CTRE,CareTrust REIT Inc. Common Stock,NASDAQ,Real Estate,REIT - Healthcare Facilities,36.3,2359505.0,8474085274.0,,0.0,2026-10-03,0.4608,0.25,0.4744,0.45,0.407,,0.646,0.45,0.7034,0.5,0.5803,0.6778,0.6275,0.3,18.0,0.6198,0.0036629999999999,0.1247645,0.06198,0.152,2026-10-03,0.0,0.0,1.0,0.2,0.005000000000000001
CCOI,"Cogent Communications Holdings, Inc.",NASDAQ,Communication Services,Telecom Services,8.46,2358560.0,868774999.405014,61.0,0.0,2026-10-03,0.0012,0.0,0.5461,0.0,0.102,,0.5903,0.45,0.6953499999999999,0.65,0.5902499999999999,0.6770499999999999,0.6206,0.3,18.5,0.61235,0.000918,0.1269037499999999,0.061235,0.0,2026-10-03,0.0,0.0,0.95835,0.2,0.005000000000000001
LEGN,Legend Biotech Corporation,NASDAQ,Healthcare,Biotechnology,18.57,2357750.0,3196033724.438965,61.0,0.0,2026-10-03,0.61995,0.49245,0.49685,0.45,0.4607,,0.6198,0.4585,0.6244,0.5,0.5658,0.6778,0.69395,0.3,19.0,0.6323,0.0041463,0.1216469999999999,0.06323,0.2994096,2026-10-03,0.0,0.0,1.0,0.2,0.005000000000000001
ALKS,Alkermes plc,NASDAQ,Healthcare,Drug Manufacturers - Specialty & Generic,41.75,2356595.0,4909506903.067429,61.0,0.0,2026-10-03,0.61995,0.49245,0.49685,0.45,0.4607,,0.6198,0.4585,0.6244,0.5,0.5658,0.6778,0.69395,0.3,19.0,0.6323,0.0041463,0.1216469999999999,0.06323,0.2994096,2026-10-03,0.0,0.0,1.0,0.2,0.005000000000000001
CP,Canadian Pacific Kansas City Limited Common Shares,NASDAQ,Industrials,Railroads,85.94,2356475.0,77966718292.0,,0.0,2026-10-03,0.42575,0.25,0.4852999999999999,0.1068,0.40095,,0.7152000000000001,0.45,0.75,0.6000000000000001,0.6344,0.6844,0.6418,0.3,19.0,0.61435,0.00360855,0.136396,0.061435,0.152,2026-10-03,0.3375,0.0,1.0,0.3541499999999999,0.008853749999999999
BRO,Brown & Brown Inc. Common Stock,NASDAQ,Financial Services,Insurance Brokers,59.91,2354070.0,22433680035.0,,0.0,2026-10-03,0.2447,0.25,0.4716,0.0,0.2331,,0.70855,0.5,0.6757,0.65,0.6241000000000001,0.6875,0.62175,0.3,19.0,0.6051500000000001,0.0020978999999999,0.1341815,0.060515,0.152,2026-10-03,0.345,0.0,1.0,0.33335,0.00833375
BUD,Anheuser-Busch Inbev SA Sponsored ADR (Belgium),NASDAQ,Consumer Defensive,Beverages - Brewers,73.43,2352570.0,141400908966.0,,0.0,2026-10-03,0.323,0.25,0.4889,0.0627,0.3528,,0.7212,0.45,0.7174,0.65,0.628,0.6763,0.629,0.3,19.0,0.5958,0.0031752,0.13502,0.05958,0.152,2026-10-03,0.0,0.0,1.0,0.2,0.005000000000000001
GEO,Geo Group Inc (The) REIT,NASDAQ,Industrials,Security & Protection Services,31.36,2349025.0,2498878204.0,,0.0,2026-10-03,0.42575,0.25,0.4852999999999999,0.1068,0.40095,,0.7152000000000001,0.45,0.75,0.6000000000000001,0.6344,0.6844,0.6418,0.3,19.0,0.61435,0.00360855,0.136396,0.061435,0.152,2026-10-03,0.3375,0.0,1.0,0.3541499999999999,0.008853749999999999
NTNX,"Nutanix, Inc.",NASDAQ,Technology,Software - Infrastructure,72.29,2348405.0,10242749409.938278,61.0,0.0,2026-10-03,0.58255,0.5,0.44155,0.0695,0.4882499999999999,,0.75,0.4778,0.7119,0.65,0.6543,0.6833,0.6629,0.3,19.0,0.6293,0.00439425,0.1406745,0.06293,0.304,2026-10-03,0.36,0.0,0.9113,0.3623,0.009057500000000001
SRAD,Sportradar Group AG,NASDAQ,Technology,Software - Application,11.76,2347010.0,5093327832.068161,61.0,0.0,2026-10-03,0.0238,0.0,0.5751,0.0,0.1142,,0.75,0.4778,0.7119,0.65,0.6543,0.6833,0.6629,0.3,19.0,0.6293,0.0010278,0.1406745,0.06293,0.0,2026-10-03,0.0,0.0,1.0,0.2,0.005000000000000001
SGRY,"Surgery Partners, Inc.",NASDAQ,Healthcare,Medical Care Facilities,13.32,2346865.0,1511623723.9757996,61.0,0.0,2026-10-03,0.61995,0.49245,0.49685,0.45,0.4607,,0.6198,0.4585,0.6244,0.5,0.5658,0.6778,0.69395,0.3,19.0,0.6323,0.0041463,0.1216469999999999,0.06323,0.2994096,2026-10-03,0.0,0.0,1.0,0.2,0.005000000000000001
FWONK,Liberty Media Corporation,NASDAQ,Communication Services,Entertainment,91.2,2346315.0,20207053398.86336,61.0,0.0,2026-10-03,0.4121,0.2674,0.4984,0.0947,0.4045,,0.5903,0.45,0.6953499999999999,0.65,0.5902499999999999,0.6770499999999999,0.6206,0.3,18.5,0.61235,0.0036405,0.1269037499999999,0.061235,0.1625792,2026-10-03,0.0,0.0,0.95835,0.2,0.005000000000000001
SMPL,The Simply Good Foods Company,NASDAQ,Consumer Defensive,Packaged Foods,9.83,2345100.0,1361338156.1721382,61.0,0.0,2026-10-03,0.323,0.25,0.4889,0.0627,0.3528,,0.7212,0.45,0.7174,0.65,0.628,0.6763,0.629,0.3,19.0,0.5958,0.0031752,0.13502,0.05958,0.152,2026-10-03,0.0,0.0,1.0,0.2,0.005000000000000001
GO,Grocery Outlet Holding Corp.,NASDAQ,Consumer Defensive,Grocery Stores,11.62,2337645.0,705229917.2936354,61.0,0.0,2026-10-03,0.323,0.25,0.4889,0.0627,0.3528,,0.7212,0.45,0.7174,0.65,0.628,0.6763,0.629,0.3,19.0,0.5958,0.0031752,0.13502,0.05958,0.152,2026-10-03,0.0,0.0,1.0,0.2,0.005000000000000001
TAK,Takeda Pharmaceutical Company Limited American Depositary Shares (each representing 1/2 of a share of Common Stock),NASDAQ,Healthcare,Drug Manufacturers - Specialty & Generic,17.86,2331985.0,52537373978.0,,0.0,2026-10-03,0.61995,0.49245,0.49685,0.45,0.4607,,0.6198,0.4585,0.6244,0.5,0.5658,0.6778,0.69395,0.3,19.0,0.6323,0.0041463,0.1216469999999999,0.06323,0.2994096,2026-10-03,0.0,0.0,1.0,0.2,0.005000000000000001
RSKD,Riskified Ltd. Class A Ordinary Shares,NYSE,Technology,Software - Application,7.86,2329075.0,686413863.0,62.0,0.0,2026-10-03,0.58255,0.5,0.44155,0.0695,0.4882499999999999,,0.75,0.4778,0.7119,0.65,0.6543,0.6833,0.6629,0.3,19.0,0.6293,0.00439425,0.1406745,0.06293,0.304,2026-10-03,0.345,0.0,0.5609,0.2847,0.0071175000000000006
CAT,Caterpillar Inc. Common Stock,NASDAQ,Industrials,Farm & Heavy Construction Machinery,845.42,2328060.0,386556052328.0,,0.0,2026-10-03,0.42575,0.25,0.4852999999999999,0.1068,0.40095,,0.7152000000000001,0.45,0.75,0.6000000000000001,0.6344,0.6844,0.6418,0.3,19.0,0.61435,0.00360855,0.136396,0.061435,0.152,2026-10-03,0.3375,0.0,1.0,0.3541499999999999,0.008853749999999999
NCNO,"nCino, Inc.",NASDAQ,Technology,Software - Application,18.68,2327020.0,1638778243.8201904,61.0,0.0,2026-10-03,0.58255,0.5,0.44155,0.0695,0.4882499999999999,,0.75,0.4778,0.7119,0.65,0.6543,0.6833,0.6629,0.3,19.0,0.6293,0.00439425,0.1406745,0.06293,0.304,2026-10-03,0.0,0.0,1.0,0.2,0.005000000000000001
YUM,Yum! Brands Inc.,NASDAQ,Consumer Cyclical,Restaurants,136.12,2324800.0,44306220898.0,,0.0,2026-10-03,0.23515,0.25,0.50275,0.08835,0.2476499999999999,,0.6992,0.45,0.7465999999999999,0.65,0.64295,0.6875,0.6443,0.3,19.0,0.6271,0.0022288499999999,0.13823425,0.06271,0.152,2026-10-03,0.345,0.0,1.0,0.3656,0.00914
FBIN,Fortune Brands Innovations Inc. Common Stock,NASDAQ,Industrials,Building Products & Equipment,38.56,2322830.0,4978338811.0,,0.0,2026-10-03,0.42575,0.25,0.4852999999999999,0.1068,0.40095,,0.7152000000000001,0.45,0.75,0.6000000000000001,0.6344,0.6844,0.6418,0.3,19.0,0.61435,0.00360855,0.136396,0.061435,0.152,2026-10-03,0.3375,0.0,1.0,0.3541499999999999,0.008853749999999999
DEI,Douglas Emmett Inc. Common Stock,NASDAQ,Real Estate,REIT - Office,9.82,2320510.0,1792092324.0,,0.0,2026-10-03,0.2506,0.25,0.7174,0.0018,0.2685,,0.646,0.45,0.7034,0.5,0.5803,0.6778,0.6275,0.3,18.0,0.6198,0.0024165,0.1247645,0.06198,0.152,2026-10-03,0.0,0.0,1.0,0.2,0.005000000000000001
EYE,"National Vision Holdings, Inc.",NASDAQ,Consumer Cyclical,Specialty Retail,16.4,2317490.0,2132094057.5211525,61.0,0.0,2026-10-03,0.0261,0.0,0.426,0.0,0.0994,,0.6992,0.45,0.7465999999999999,0.65,0.64295,0.6875,0.6443,0.3,19.0,0.6271,0.0008946,0.13823425,0.06271,0.0,2026-10-03,0.345,0.0,1.0,0.3656,0.00914
TMO,Thermo Fisher Scientific Inc Common Stock,NASDAQ,Healthcare,Diagnostics & Research,654.8,2312180.0,174554266769.0,,0.0,2026-10-03,0.61995,0.49245,0.49685,0.45,0.4607,,0.6198,0.4585,0.6244,0.5,0.5658,0.6778,0.69395,0.3,19.0,0.6323,0.0041463,0.1216469999999999,0.06323,0.2994096,2026-10-03,0.0,0.0,1.0,0.2,0.005000000000000001
ADSK,"Autodesk, Inc.",NASDAQ,Technology,Software - Application,212.0,2307580.0,49412196960.44922,61.0,0.0,2026-10-03,0.1853,0.25,0.4553,0.0,0.2202,,0.75,0.4778,0.7119,0.65,0.6543,0.6833,0.6629,0.3,19.0,0.6293,0.0019818,0.1406745,0.06293,0.152,2026-10-03,0.0,0.0,1.0,0.2,0.005000000000000001
NNN,NNN REIT Inc. Common Stock,NASDAQ,Real Estate,REIT - Retail,40.95,2306290.0,8346503712.0,,0.0,2026-10-03,0.4608,0.25,0.4744,0.45,0.407,,0.646,0.45,0.7034,0.5,0.5803,0.6778,0.6275,0.3,18.0,0.6198,0.0036629999999999,0.1247645,0.06198,0.152,2026-10-03,0.0,0.0,1.0,0.2,0.005000000000000001
TWST,Twist Bioscience Corporation,NASDAQ,Healthcare,Diagnostics & Research,188.67,2306180.0,2937443729.0,62.0,0.0,2026-10-03,0.61995,0.49245,0.49685,0.45,0.4607,,0.6198,0.4585,0.6244,0.5,0.5658,0.6778,0.69395,0.3,19.0,0.6323,0.0041463,0.1216469999999999,0.06323,0.2994096,2026-10-03,0.0,0.0,1.0,0.2,0.005000000000000001
INSM,Insmed Incorporated,NASDAQ,Healthcare,Biotechnology,111.12,2304675.0,31086894704.24488,61.0,0.0,2026-10-03,0.1259,0.5,0.4829,0.0,0.2617,,0.6198,0.4585,0.6244,0.5,0.5658,0.6778,0.69395,0.3,19.0,0.6323,0.0023553,0.1216469999999999,0.06323,0.304,2026-10-03,0.0,0.0,1.0,0.2,0.005000000000000001
EVLV,"Evolv Technologies Holdings, Inc.",NASDAQ,Industrials,Security & Protection Services,4.57,2292370.0,1038440771.9683124,61.0,2.0,2026-10-03,0.42575,0.25,0.4852999999999999,0.1068,0.40095,,0.7152000000000001,0.45,0.75,0.6000000000000001,0.6344,0.6844,0.6418,0.3,19.0,0.61435,0.00360855,0.136396,0.061435,0.152,2026-10-03,0.3375,0.0,1.0,0.3541499999999999,0.008853749999999999
AVAV,"AeroVironment, Inc.",NASDAQ,Industrials,Aerospace & Defense,140.82,2287690.0,9455557825.218842,61.0,0.0,2026-10-03,0.0202,0.1211,0.5883,0.0,0.147,,0.7152000000000001,0.45,0.75,0.6000000000000001,0.6344,0.6844,0.6418,0.3,19.0,0.61435,0.001323,0.136396,0.061435,0.0736288,2026-10-03,0.3375,0.0,1.0,0.3541499999999999,0.008853749999999999
ALKT,"Alkami Technology, Inc.",NASDAQ,Technology,Software - Application,13.89,2285960.0,1652726569.6861572,61.0,0.0,2026-10-03,0.58255,0.5,0.44155,0.0695,0.4882499999999999,,0.75,0.4778,0.7119,0.65,0.6543,0.6833,0.6629,0.3,19.0,0.6293,0.00439425,0.1406745,0.06293,0.304,2026-10-03,0.465,0.0,1.0,0.4325,0.010812500000000001
PWP,Perella Weinberg Partners,NASDAQ,Financial Services,Capital Markets,15.82,2277300.0,1601460331.1681786,61.0,0.0,2026-10-03,0.5297,0.25,0.5036,0.6,0.4695,,0.70855,0.5,0.6757,0.65,0.6241000000000001,0.6875,0.62175,0.3,19.0,0.6051500000000001,0.0042254999999999,0.1341815,0.060515,0.152,2026-10-03,0.345,0.0,1.0,0.33335,0.00833375
TNDM,"Tandem Diabetes Care, Inc. - Common Stock",NASDAQ,Healthcare,Medical Devices,16.5,2276050.0,1313911209.0,,0.0,2026-10-03,0.61995,0.49245,0.49685,0.45,0.4607,,0.6198,0.4585,0.6244,0.5,0.5658,0.6778,0.69395,0.3,19.0,0.6323,0.0041463,0.1216469999999999,0.06323,0.2994096,2026-10-03,0.0,0.0,1.0,0.2,0.005000000000000001
STZ,Constellation Brands Inc. Common Stock,NASDAQ,Consumer Defensive,Beverages - Brewers,112.87,2274840.0,26862960852.0,,0.0,2026-10-03,0.323,0.25,0.4889,0.0627,0.3528,,0.7212,0.45,0.7174,0.65,0.628,0.6763,0.629,0.3,19.0,0.5958,0.0031752,0.13502,0.05958,0.152,2026-10-03,0.0,0.0,1.0,0.2,0.005000000000000001
OUST,"Ouster, Inc.",NASDAQ,Technology,Electronic Components,44.39,2260160.0,1114770840.25,61.0,0.0,2026-10-03,0.58255,0.5,0.44155,0.0695,0.4882499999999999,,0.75,0.4778,0.7119,0.65,0.6543,0.6833,0.6629,0.3,19.0,0.6293,0.00439425,0.1406745,0.06293,0.304,2026-10-03,0.42,0.0,1.0,0.41,0.01025
UBS,UBS Group AG Registered Ordinary Shares,NASDAQ,Financial Services,Banks - Diversified,47.71,2256835.0,128027263027.0,,0.0,2026-10-03,0.5297,0.25,0.5036,0.6,0.4695,,0.70855,0.5,0.6757,0.65,0.6241000000000001,0.6875,0.62175,0.3,19.0,0.6051500000000001,0.0042254999999999,0.1341815,0.060515,0.152,2026-10-03,0.345,0.0,1.0,0.33335,0.00833375
LLY,Eli Lilly and Company Common Stock,NASDAQ,Healthcare,Drug Manufacturers - General,1142.85,2255645.0,789692244612.0,,0.0,2026-10-03,0.61995,0.49245,0.49685,0.45,0.4607,,0.6198,0.4585,0.6244,0.5,0.5658,0.6778,0.69395,0.3,19.0,0.6323,0.0041463,0.1216469999999999,0.06323,0.2994096,2026-10-03,0.0,0.0,1.0,0.2,0.005000000000000001
AON,Aon plc Class A Ordinary Shares (Ireland),NASDAQ,Financial Services,Insurance Brokers,269.45,2252940.0,69024314471.0,,0.0,2026-10-03,0.5297,0.25,0.5036,0.6,0.4695,,0.70855,0.5,0.6757,0.65,0.6241000000000001,0.6875,0.62175,0.3,19.0,0.6051500000000001,0.0042254999999999,0.1341815,0.060515,0.152,2026-10-03,0.345,0.0,1.0,0.33335,0.00833375
PEB,Pebblebrook Hotel Trust Common Shares of Beneficial Interest,NASDAQ,Real Estate,REIT - Hotel & Motel,19.07,2245415.0,1582634524.0,,0.0,2026-10-03,0.4608,0.25,0.4744,0.45,0.407,,0.646,0.45,0.7034,0.5,0.5803,0.6778,0.6275,0.3,18.0,0.6198,0.0036629999999999,0.1247645,0.06198,0.152,2026-10-03,0.0,0.0,1.0,0.2,0.005000000000000001
BIRK,Birkenstock Holding plc Ordinary Shares,NASDAQ,Consumer Cyclical,Footwear & Accessories,33.33,2243075.0,7245898887.0,,0.0,2026-10-03,0.23515,0.25,0.50275,0.08835,0.2476499999999999,,0.6992,0.45,0.7465999999999999,0.65,0.64295,0.6875,0.6443,0.3,19.0,0.6271,0.0022288499999999,0.13823425,0.06271,0.152,2026-10-03,0.345,0.0,1.0,0.3656,0.00914
CCXI,Churchill Capital Corp XI,NASDAQ,Financial Services,Shell Companies,11.99,2240765.0,772001980.0,62.0,0.0,2026-10-03,0.5297,0.25,0.5036,0.6,0.4695,,0.70855,0.5,0.6757,0.65,0.6241000000000001,0.6875,0.62175,0.3,19.0,0.6051500000000001,0.0042254999999999,0.1341815,0.060515,0.152,2026-10-03,0.345,0.0,1.0,0.33335,0.00833375
MGNI,"Magnite, Inc.",NASDAQ,Communication Services,Advertising Agencies,24.73,2237850.0,1664521089.9005556,61.0,0.0,2026-10-03,0.4121,0.2674,0.4984,0.0947,0.4045,,0.5903,0.45,0.6953499999999999,0.65,0.5902499999999999,0.6770499999999999,0.6206,0.3,18.5,0.61235,0.0036405,0.1269037499999999,0.061235,0.1625792,2026-10-03,0.0,0.0,0.95835,0.2,0.005000000000000001
WM,Waste Management Inc. Common Stock,NASDAQ,Industrials,Waste Management,204.45,2217420.0,92577661320.0,,0.0,2026-10-03,0.2767,0.0,0.5016,0.45,0.279,,0.7152000000000001,0.45,0.75,0.6000000000000001,0.6344,0.6844,0.6418,0.3,19.0,0.61435,0.002511,0.136396,0.061435,0.0,2026-10-03,0.3375,0.0,1.0,0.3541499999999999,0.008853749999999999
SFD,"Smithfield Foods, Inc.",NASDAQ,Consumer Defensive,Packaged Foods,18.86,2213330.0,10411408018.740808,61.0,0.0,2026-10-03,0.1496,0.0,0.5272,0.0,0.1415,,0.7212,0.45,0.7174,0.65,0.628,0.6763,0.629,0.3,19.0,0.5958,0.0012735,0.13502,0.05958,0.0,2026-10-03,0.0,0.0,1.0,0.2,0.005000000000000001
SONO,"Sonos, Inc.",NASDAQ,Technology,Consumer Electronics,17.7,2210005.0,1527830425.9783337,61.0,0.0,2026-10-03,0.58255,0.5,0.44155,0.0695,0.4882499999999999,,0.75,0.4778,0.7119,0.65,0.6543,0.6833,0.6629,0.3,19.0,0.6293,0.00439425,0.1406745,0.06293,0.304,2026-10-03,0.36,0.0,0.9807,0.3761,0.009402500000000001
RTO,Rentokil Initial plc American Depositary Shares (each representing five (5) Ordinary Shares),NASDAQ,Industrials,Specialty Business Services,19.95,2204395.0,17150691977.0,,0.0,2026-10-03,0.0938,0.0,0.1958,0.0,0.0827,,0.7152000000000001,0.45,0.75,0.6000000000000001,0.6344,0.6844,0.6418,0.3,19.0,0.61435,0.0007442999999999,0.136396,0.061435,0.0,2026-10-03,0.3375,0.0,1.0,0.3541499999999999,0.008853749999999999
CALY,Callaway Golf Company Common Stock,NASDAQ,Consumer Cyclical,Leisure,14.45,2201090.0,2786053723.0,,0.0,2026-10-03,0.23515,0.25,0.50275,0.08835,0.2476499999999999,,0.6992,0.45,0.7465999999999999,0.65,0.64295,0.6875,0.6443,0.3,19.0,0.6271,0.0022288499999999,0.13823425,0.06271,0.152,2026-10-03,0.345,0.0,1.0,0.3656,0.00914
HLX,Helix Energy Solutions Group Inc. Common Stock,NASDAQ,Energy,Oil & Gas Equipment & Services,10.6,2180764.0,1456758400.0,,0.0,2026-10-03,0.6603,0.5,0.5166,0.6,0.6019,,0.7292,0.4065499999999999,0.7446999999999999,0.65,0.62495,0.675,0.64585,0.3,18.0,0.6146499999999999,0.0054171,0.13436425,0.0614649999999999,0.304,2026-10-03,0.835,0.0,1.0,0.6175,0.015437500000000002
GNTX,Gentex Corporation,NASDAQ,Consumer Cyclical,Auto Parts,22.08,2173780.0,4786092342.972153,61.0,0.0,2026-10-03,0.2221,0.0,0.5017,0.45,0.2632,,0.6992,0.45,0.7465999999999999,0.65,0.64295,0.6875,0.6443,0.3,19.0,0.6271,0.0023688,0.13823425,0.06271,0.0,2026-10-03,0.345,0.0,1.0,0.3656,0.00914
NMRK,"Newmark Group, Inc.",NASDAQ,Real Estate,Real Estate Services,12.65,2173430.0,3716289549.051031,61.0,0.0,2026-10-03,0.1888,0.0,0.6018,0.0,0.1694,,0.646,0.45,0.7034,0.5,0.5803,0.6778,0.6275,0.3,18.0,0.6198,0.0015246,0.1247645,0.06198,0.0,2026-10-03,0.0,0.0,1.0,0.2,0.005000000000000001
RYAN,Ryan Specialty Holdings Inc. Class A Common Stock,NASDAQ,Financial Services,Insurance - Specialty,37.67,2166915.0,9143605712.0,,0.0,2026-10-03,0.3088,0.25,0.5648,0.0,0.2733,,0.70855,0.5,0.6757,0.65,0.6241000000000001,0.6875,0.62175,0.3,19.0,0.6051500000000001,0.0024597,0.1341815,0.060515,0.152,2026-10-03,0.345,0.0,1.0,0.33335,0.00833375
SFM,"Sprouts Farmers Market, Inc.",NASDAQ,Consumer Defensive,Grocery Stores,64.47,2166875.0,7552460851.318359,61.0,0.0,2026-10-03,0.323,0.25,0.4889,0.0627,0.3528,,0.7212,0.45,0.7174,0.65,0.628,0.6763,0.629,0.3,19.0,0.5958,0.0031752,0.13502,0.05958,0.152,2026-10-03,0.0,0.0,1.0,0.2,0.005000000000000001
DHC,Diversified Healthcare Trust ,NASDAQ,Real Estate,REIT - Healthcare Facilities,7.73,2158215.0,1646423022.9809208,61.0,0.0,2026-10-03,0.4608,0.25,0.4744,0.45,0.407,,0.646,0.45,0.7034,0.5,0.5803,0.6778,0.6275,0.3,18.0,0.6198,0.0036629999999999,0.1247645,0.06198,0.152,2026-10-03,0.0,0.0,1.0,0.2,0.005000000000000001
CWK,Cushman & Wakefield Ltd. Common Shares,NASDAQ,Real Estate,Real Estate Services,11.92,2156145.0,3362023604.0,,0.0,2026-10-03,0.2494,0.0,0.8183,0.0276,0.2247,,0.646,0.45,0.7034,0.5,0.5803,0.6778,0.6275,0.3,18.0,0.6198,0.0020223,0.1247645,0.06198,0.0,2026-10-03,0.0,0.0,1.0,0.2,0.005000000000000001
CNK,Cinemark Holdings Inc Cinemark Holdings Inc. Common Stock,NASDAQ,Communication Services,Entertainment,36.05,2153690.0,3326534491.0,,0.0,2026-10-03,0.4121,0.2674,0.4984,0.0947,0.4045,,0.5903,0.45,0.6953499999999999,0.65,0.5902499999999999,0.6770499999999999,0.6206,0.3,18.5,0.61235,0.0036405,0.1269037499999999,0.061235,0.1625792,2026-10-03,0.0,0.0,0.95835,0.2,0.005000000000000001
PDM,Piedmont Realty Trust Inc. Class A Common Stock,NASDAQ,Real Estate,REIT - Office,9.0,2150505.0,1017654727.0,,0.0,2026-10-03,0.4608,0.25,0.4744,0.45,0.407,,0.646,0.45,0.7034,0.5,0.5803,0.6778,0.6275,0.3,18.0,0.6198,0.0036629999999999,0.1247645,0.06198,0.152,2026-10-03,0.0,0.0,1.0,0.2,0.005000000000000001
PEGA,Pegasystems Inc.,NASDAQ,Technology,Software - Application,33.93,2146345.0,6913657669.095566,61.0,0.0,2026-10-03,0.58255,0.5,0.44155,0.0695,0.4882499999999999,,0.75,0.4778,0.7119,0.65,0.6543,0.6833,0.6629,0.3,19.0,0.6293,0.00439425,0.1406745,0.06293,0.304,2026-10-03,0.73,0.0,1.0,0.565,0.014124999999999999
GS,Goldman Sachs Group Inc. (The) Common Stock,NASDAQ,Financial Services,Capital Markets,902.56,2141880.0,275063242961.0,,0.0,2026-10-03,0.5297,0.25,0.5036,0.6,0.4695,,0.70855,0.5,0.6757,0.65,0.6241000000000001,0.6875,0.62175,0.3,19.0,0.6051500000000001,0.0042254999999999,0.1341815,0.060515,0.152,2026-10-03,0.345,0.0,1.0,0.33335,0.00833375
ING,ING Group N.V. Common Stock,NASDAQ,Financial Services,Banks - Diversified,34.78,2140120.0,80306612796.0,,0.0,2026-10-03,0.5297,0.25,0.5036,0.6,0.4695,,0.70855,0.5,0.6757,0.65,0.6241000000000001,0.6875,0.62175,0.3,19.0,0.6051500000000001,0.0042254999999999,0.1341815,0.060515,0.152,2026-10-03,0.345,0.0,1.0,0.33335,0.00833375
LIN,Linde plc,NASDAQ,Basic Materials,Specialty Chemicals,479.48,2123385.0,226664624253.8404,61.0,0.0,2026-10-03,0.75715,0.5,0.5117499999999999,0.0915,0.49015,,0.7681,0.55,0.75,0.525,0.6791499999999999,0.68035,0.66,0.3,19.0,0.5902499999999999,0.00441135,0.14601725,0.0590249999999999,0.304,2026-10-03,0.57,0.55,1.0,0.65,0.01625
EXEL,"Exelixis, Inc.",NASDAQ,Healthcare,Biotechnology,58.39,2123000.0,11221834208.502996,61.0,0.0,2026-10-03,0.61995,0.49245,0.49685,0.45,0.4607,,0.6198,0.4585,0.6244,0.5,0.5658,0.6778,0.69395,0.3,19.0,0.6323,0.0041463,0.1216469999999999,0.06323,0.2994096,2026-10-03,0.0,0.0,1.0,0.2,0.005000000000000001
OPCH,"Option Care Health, Inc.",NASDAQ,Healthcare,Medical Care Facilities,22.64,2121930.0,4360387352.2969,61.0,0.0,2026-10-03,0.209,0.25,0.6367,0.0,0.2479,,0.6198,0.4585,0.6244,0.5,0.5658,0.6778,0.69395,0.3,19.0,0.6323,0.0022311,0.1216469999999999,0.06323,0.152,2026-10-03,0.0,0.0,1.0,0.2,0.005000000000000001
SLNO,"Soleno Therapeutics, Inc.",NASDAQ,Healthcare,Biotechnology,53.01,2120848.0,1591696603.1682491,61.0,0.0,2026-10-03,0.61995,0.49245,0.49685,0.45,0.4607,,0.6198,0.4585,0.6244,0.5,0.5658,0.6778,0.69395,0.3,19.0,0.6323,0.0041463,0.1216469999999999,0.06323,0.2994096,2026-10-03,0.0,0.0,1.0,0.2,0.005000000000000001
NEO,"NeoGenomics, Inc.",NASDAQ,Healthcare,Diagnostics & Research,18.47,2118935.0,982678459.5537428,61.0,0.0,2026-10-03,0.61995,0.49245,0.49685,0.45,0.4607,,0.6198,0.4585,0.6244,0.5,0.5658,0.6778,0.69395,0.3,19.0,0.6323,0.0041463,0.1216469999999999,0.06323,0.2994096,2026-10-03,0.0,0.0,1.0,0.2,0.005000000000000001
SOLS,Solstice Advanced Materials Inc.,NASDAQ,Basic Materials,Specialty Chemicals,57.7,2118150.0,11917971456.41594,61.0,0.0,2026-10-03,0.1805,0.0,0.3872,0.0,0.1437,,0.7681,0.55,0.75,0.525,0.6791499999999999,0.68035,0.66,0.3,19.0,0.5902499999999999,0.0012932999999999,0.14601725,0.0590249999999999,0.0,2026-10-03,0.0,0.0,1.0,0.2,0.005000000000000001
NXT,Nextpower Inc.,NASDAQ,Technology,Solar,84.3,2109005.0,18340914215.518723,61.0,0.0,2026-10-03,0.1271,0.25,0.4273,0.0,0.1981,,0.75,0.4778,0.7119,0.65,0.6543,0.6833,0.6629,0.3,19.0,0.6293,0.0017828999999999,0.1406745,0.06293,0.152,2026-10-03,0.0,0.0,1.0,0.2,0.005000000000000001
BALL,Ball Corporation Common Stock,NASDAQ,Consumer Cyclical,Packaging & Containers,56.37,2096935.0,16320505435.0,,0.0,2026-10-03,0.23515,0.25,0.50275,0.08835,0.2476499999999999,,0.6992,0.45,0.7465999999999999,0.65,0.64295,0.6875,0.6443,0.3,19.0,0.6271,0.0022288499999999,0.13823425,0.06271,0.152,2026-10-03,0.345,0.0,1.0,0.3656,0.00914
HRB,H&R Block Inc. Common Stock,NASDAQ,Consumer Cyclical,Personal Services,41.68,2093575.0,3835749700.0,,0.0,2026-10-03,0.23515,0.25,0.50275,0.08835,0.2476499999999999,,0.6992,0.45,0.7465999999999999,0.65,0.64295,0.6875,0.6443,0.3,19.0,0.6271,0.0022288499999999,0.13823425,0.06271,0.152,2026-10-03,0.345,0.0,1.0,0.3656,0.00914
REZI,Resideo Technologies Inc. Common Stock,NASDAQ,Industrials,Industrial Distribution,18.35,2091545.0,6214327130.0,,0.0,2026-10-03,0.0558,0.0,0.3525,0.0,0.0973,,0.7152000000000001,0.45,0.75,0.6000000000000001,0.6344,0.6844,0.6418,0.3,19.0,0.61435,0.0008757,0.136396,0.061435,0.0,2026-10-03,0.3375,0.0,1.0,0.3541499999999999,0.008853749999999999
SVRA,"Savara, Inc. - Common Stock",NASDAQ,Healthcare,Biotechnology,4.81,2090375.0,1158361418.0,,1.0,2026-10-03,0.6211,0.0,0.0113,0.03,0.2608,,0.6198,0.4585,0.6244,0.5,0.5658,0.6778,0.69395,0.3,19.0,0.6323,0.0023472,0.1216469999999999,0.06323,0.0,2026-10-03,0.0,0.0,1.0,0.2,0.005000000000000001
OTF,Blue Owl Technology Finance Corp. Common Stock,NASDAQ,Financial Services,Asset Management,9.58,2084710.0,5165163088.0,,0.0,2026-10-03,0.5297,0.25,0.5036,0.6,0.4695,,0.70855,0.5,0.6757,0.65,0.6241000000000001,0.6875,0.62175,0.3,19.0,0.6051500000000001,0.0042254999999999,0.1341815,0.060515,0.152,2026-10-03,0.345,0.0,1.0,0.33335,0.00833375
CRNX,"Crinetics Pharmaceuticals, Inc.",NASDAQ,Healthcare,Biotechnology,84.95,2079061.0,3645315920.159111,61.0,0.0,2026-10-03,0.61995,0.49245,0.49685,0.45,0.4607,,0.6198,0.4585,0.6244,0.5,0.5658,0.6778,0.69395,0.3,19.0,0.6323,0.0041463,0.1216469999999999,0.06323,0.2994096,2026-10-03,0.0,0.0,1.0,0.2,0.005000000000000001
LYV,Live Nation Entertainment Inc. Common Stock,NASDAQ,Communication Services,Entertainment,168.77,2075710.0,36829950251.0,,0.0,2026-10-03,0.4121,0.2674,0.4984,0.0947,0.4045,,0.5903,0.45,0.6953499999999999,0.65,0.5902499999999999,0.6770499999999999,0.6206,0.3,18.5,0.61235,0.0036405,0.1269037499999999,0.061235,0.1625792,2026-10-03,0.0,0.0,0.95835,0.2,0.005000000000000001
ENOV,Enovis Corporation Common Stock,NASDAQ,Healthcare,Medical Devices,17.77,2052665.0,1386690982.0,,0.0,2026-10-03,0.0511,0.0,0.4959,0.0,0.1155,,0.6198,0.4585,0.6244,0.5,0.5658,0.6778,0.69395,0.3,19.0,0.6323,0.0010395,0.1216469999999999,0.06323,0.0,2026-10-03,0.0,0.0,1.0,0.2,0.005000000000000001
CBRE,CBRE Group Inc Common Stock Class A,NASDAQ,Real Estate,Real Estate Services,129.58,2049440.0,43421768533.0,,0.0,2026-10-03,0.361,0.0573,0.3633,0.1153,0.2394,,0.646,0.45,0.7034,0.5,0.5803,0.6778,0.6275,0.3,18.0,0.6198,0.0021546,0.1247645,0.06198,0.0348384,2026-10-03,0.0,0.0,1.0,0.2,0.005000000000000001
DB,Deutsche Bank AG Common Stock,NASDAQ,Financial Services,Banks - Regional,34.97,2047955.0,61089278652.0,,0.0,2026-10-03,0.5297,0.25,0.5036,0.6,0.4695,,0.70855,0.5,0.6757,0.65,0.6241000000000001,0.6875,0.62175,0.3,19.0,0.6051500000000001,0.0042254999999999,0.1341815,0.060515,0.152,2026-10-03,0.345,0.0,1.0,0.33335,0.00833375
BEAM,Beam Therapeutics Inc.,NASDAQ,Healthcare,Biotechnology,24.5,2034315.0,2272412771.5528965,61.0,0.0,2026-10-03,0.61995,0.49245,0.49685,0.45,0.4607,,0.6198,0.4585,0.6244,0.5,0.5658,0.6778,0.69395,0.3,19.0,0.6323,0.0041463,0.1216469999999999,0.06323,0.2994096,2026-10-03,0.0,0.0,1.0,0.2,0.005000000000000001
METC,"Ramaco Resources, Inc.",NASDAQ,Basic Materials,Coking Coal,8.11,2023660.0,1030892359.564064,61.0,0.0,2026-10-03,0.0226,0.0,0.5777,0.0,0.106,,0.7681,0.55,0.75,0.525,0.6791499999999999,0.68035,0.66,0.3,19.0,0.5902499999999999,0.000954,0.14601725,0.0590249999999999,0.0,2026-10-03,0.0,0.0,1.0,0.2,0.005000000000000001
CE,Celanese Corporation Common Stock,NASDAQ,Basic Materials,Chemicals,44.19,2017610.0,7274979270.0,,0.0,2026-10-03,0.1247,0.3004,0.5467,0.0,0.2239,,0.7681,0.55,0.75,0.525,0.6791499999999999,0.68035,0.66,0.3,19.0,0.5902499999999999,0.0020151,0.14601725,0.0590249999999999,0.1826432,2026-10-03,0.0,0.0,1.0,0.2,0.005000000000000001
PSNL,"Personalis, Inc.",NASDAQ,Healthcare,Diagnostics & Research,16.28,2013820.0,693709058.1341629,61.0,0.0,2026-10-03,0.61995,0.49245,0.49685,0.45,0.4607,,0.6198,0.4585,0.6244,0.5,0.5658,0.6778,0.69395,0.3,19.0,0.6323,0.0041463,0.1216469999999999,0.06323,0.2994096,2026-10-03,0.0,0.0,1.0,0.2,0.005000000000000001
HLMN,Hillman Solutions Corp.,NASDAQ,Industrials,Tools & Accessories,7.04,2011440.0,1615802052.4339733,61.0,0.0,2026-10-03,0.1639,0.0,0.4963,0.0,0.1516,,0.7152000000000001,0.45,0.75,0.6000000000000001,0.6344,0.6844,0.6418,0.3,19.0,0.61435,0.0013644,0.136396,0.061435,0.0,2026-10-03,0.3375,0.0,1.0,0.3541499999999999,0.008853749999999999
QFIN,"Qfin Holdings, Inc. ",NASDAQ,Financial Services,Credit Services,6.46,2007020.0,1722052342.3291264,61.0,0.0,2026-10-03,0.0024,0.0,0.505,0.0,0.0902,,0.70855,0.5,0.6757,0.65,0.6241000000000001,0.6875,0.62175,0.3,19.0,0.6051500000000001,0.0008118,0.1341815,0.060515,0.0,2026-10-03,0.345,0.0,1.0,0.33335,0.00833375
TSEM,Tower Semiconductor Ltd.,NASDAQ,Technology,Semiconductors,240.86,2004895.0,24143983195.0,62.0,0.0,2026-10-03,0.58255,0.5,0.44155,0.0695,0.4882499999999999,,0.75,0.4778,0.7119,0.65,0.6543,0.6833,0.6629,0.3,19.0,0.6293,0.00439425,0.1406745,0.06293,0.304,2026-10-03,0.3066,0.0,1.0,0.3533,0.0088325
DTE,DTE Energy Company Common Stock,NASDAQ,Utilities,Utilities - Regulated Electric,124.45,1995560.0,30555170840.0,,0.0,2026-10-03,0.2791,0.0,0.53205,0.45,0.3046,,0.645,0.0,0.7225999999999999,0.45,0.49755,0.6917,0.60385,0.3,17.0,0.60505,0.0027413999999999,0.10697325,0.060505,0.0,2026-10-03,0.0,0.0,0.99835,0.2,0.005000000000000001
NAMS,NewAmsterdam Pharma Company N.V.,NASDAQ,Healthcare,Biotechnology,23.2,1989670.0,3561938520.9284286,61.0,0.0,2026-10-03,0.0629,0.25,0.4051,0.0,0.1702,,0.6198,0.4585,0.6244,0.5,0.5658,0.6778,0.69395,0.3,19.0,0.6323,0.0015317999999999,0.1216469999999999,0.06323,0.152,2026-10-03,0.0,0.0,1.0,0.2,0.005000000000000001
PTY,Pimco Corporate & Income Opportunity Fund,NASDAQ,Financial Services,Asset Management,11.04,1980515.0,2571340677.0,,0.0,2026-10-03,0.2542,0.0,0.584,0.45,0.2839,,0.70855,0.5,0.6757,0.65,0.6241000000000001,0.6875,0.62175,0.3,19.0,0.6051500000000001,0.0025551,0.1341815,0.060515,0.0,2026-10-03,0.345,0.0,1.0,0.33335,0.00833375
PMT,PennyMac Mortgage Investment Trust Common Shares of Beneficial Interest,NASDAQ,Real Estate,REIT - Mortgage,7.8,1971860.0,1056892617.0,,0.0,2026-10-03,0.1378,0.0,0.259,0.0,0.1079,,0.646,0.45,0.7034,0.5,0.5803,0.6778,0.6275,0.3,18.0,0.6198,0.0009710999999999,0.1247645,0.06198,0.0,2026-10-03,0.0,0.0,1.0,0.2,0.005000000000000001
TXT,Textron Inc. Common Stock,NASDAQ,Industrials,Aerospace & Defense,77.26,1970710.0,15313738292.0,,0.0,2026-10-03,0.1485,0.0,0.4743,0.45,0.2367,,0.7152000000000001,0.45,0.75,0.6000000000000001,0.6344,0.6844,0.6418,0.3,19.0,0.61435,0.0021303,0.136396,0.061435,0.0,2026-10-03,0.3375,0.0,1.0,0.3541499999999999,0.008853749999999999
GBTG,Global Business Travel Group Inc. Class A Common Stock,NASDAQ,Consumer Cyclical,Travel Services,9.5,1969120.0,2998754930.0,,0.0,2026-10-03,0.23515,0.25,0.50275,0.08835,0.2476499999999999,,0.6992,0.45,0.7465999999999999,0.65,0.64295,0.6875,0.6443,0.3,19.0,0.6271,0.0022288499999999,0.13823425,0.06271,0.152,2026-10-03,0.345,0.0,1.0,0.3656,0.00914
HTFL,"Heartflow, Inc.",NASDAQ,Healthcare,Health Information Services,49.32,1967670.0,2125077203.0051763,61.0,0.0,2026-10-03,0.61995,0.49245,0.49685,0.45,0.4607,,0.6198,0.4585,0.6244,0.5,0.5658,0.6778,0.69395,0.3,19.0,0.6323,0.0041463,0.1216469999999999,0.06323,0.2994096,2026-10-03,0.0,0.0,1.0,0.2,0.005000000000000001
EFX,Equifax Inc. Common Stock,NASDAQ,Industrials,Consulting Services,140.0,1963130.0,20805849091.0,,0.0,2026-10-03,0.2577,0.0,0.138,0.0,0.1352,,0.7152000000000001,0.45,0.75,0.6000000000000001,0.6344,0.6844,0.6418,0.3,19.0,0.61435,0.0012167999999999,0.136396,0.061435,0.0,2026-10-03,0.3375,0.0,1.0,0.3541499999999999,0.008853749999999999
LBTYK,Liberty Global Ltd.,NASDAQ,Communication Services,Telecom Services,8.75,1960850.0,3898059175.7069874,61.0,0.0,2026-10-03,0.158,0.0,0.4782,0.0004,0.143,,0.5903,0.45,0.6953499999999999,0.65,0.5902499999999999,0.6770499999999999,0.6206,0.3,18.5,0.61235,0.001287,0.1269037499999999,0.061235,0.0,2026-10-03,0.0,0.0,0.95835,0.2,0.005000000000000001
ARX,Accelerant Holdings Class A Common Shares,NASDAQ,Financial Services,Insurance Brokers,19.73,1955080.0,2916960877.0,,0.0,2026-10-03,0.5297,0.25,0.5036,0.6,0.4695,,0.70855,0.5,0.6757,0.65,0.6241000000000001,0.6875,0.62175,0.3,19.0,0.6051500000000001,0.0042254999999999,0.1341815,0.060515,0.152,2026-10-03,0.345,0.0,1.0,0.33335,0.00833375
LAZ,Lazard Inc. Common Stock,NASDAQ,Financial Services,Capital Markets,36.07,1953755.0,4441842652.0,,0.0,2026-10-03,0.5297,0.25,0.5036,0.6,0.4695,,0.70855,0.5,0.6757,0.65,0.6241000000000001,0.6875,0.62175,0.3,19.0,0.6051500000000001,0.0042254999999999,0.1341815,0.060515,0.152,2026-10-03,0.345,0.0,1.0,0.33335,0.00833375
AMBA,"Ambarella, Inc.",NASDAQ,Technology,Semiconductor Equipment & Materials,68.65,1951065.0,2244131940.850708,61.0,0.0,2026-10-03,0.58255,0.5,0.44155,0.0695,0.4882499999999999,,0.75,0.4778,0.7119,0.65,0.6543,0.6833,0.6629,0.3,19.0,0.6293,0.00439425,0.1406745,0.06293,0.304,2026-10-03,0.36,0.0,1.0,0.38,0.009500000000000001
KGS,Kodiak Gas Services Inc. Common Stock,NASDAQ,Energy,Oil & Gas Equipment & Services,54.33,1948110.0,5825755926.0,,0.0,2026-10-03,0.6603,0.5,0.5166,0.6,0.6019,,0.7292,0.4065499999999999,0.7446999999999999,0.65,0.62495,0.675,0.64585,0.3,18.0,0.6146499999999999,0.0054171,0.13436425,0.0614649999999999,0.304,2026-10-03,0.54,0.0,1.0,0.47,0.01175
ROST,"Ross Stores, Inc.",NASDAQ,Consumer Cyclical,Apparel Retail,228.54,1946870.0,69445564181.97528,61.0,0.0,2026-10-03,0.23515,0.25,0.50275,0.08835,0.2476499999999999,,0.6992,0.45,0.7465999999999999,0.65,0.64295,0.6875,0.6443,0.3,19.0,0.6271,0.0022288499999999,0.13823425,0.06271,0.152,2026-10-03,0.345,0.0,1.0,0.3656,0.00914
BNL,Broadstone Net Lease Inc. Common Stock,NASDAQ,Real Estate,REIT - Diversified,18.56,1945185.0,3835599175.0,,0.0,2026-10-03,0.4608,0.25,0.4744,0.45,0.407,,0.646,0.45,0.7034,0.5,0.5803,0.6778,0.6275,0.3,18.0,0.6198,0.0036629999999999,0.1247645,0.06198,0.152,2026-10-03,0.0,0.0,1.0,0.2,0.005000000000000001
TTI,Tetra Technologies Inc. Common Stock,NASDAQ,Industrials,Conglomerates,6.0,1943845.0,1311001865.0,,0.0,2026-10-03,0.42575,0.25,0.4852999999999999,0.1068,0.40095,,0.7152000000000001,0.45,0.75,0.6000000000000001,0.6344,0.6844,0.6418,0.3,19.0,0.61435,0.00360855,0.136396,0.061435,0.152,2026-10-03,0.3375,0.0,1.0,0.3541499999999999,0.008853749999999999
SPGI,S&P Global Inc. Common Stock,NASDAQ,Financial Services,Financial Data & Stock Exchanges,386.27,1942675.0,130512854553.0,,0.0,2026-10-03,0.5297,0.25,0.5036,0.6,0.4695,,0.70855,0.5,0.6757,0.65,0.6241000000000001,0.6875,0.62175,0.3,19.0,0.6051500000000001,0.0042254999999999,0.1341815,0.060515,0.152,2026-10-03,0.345,0.0,1.0,0.33335,0.00833375
JAN,Janus Living Inc. Class A-1 Common Stock,NASDAQ,Real Estate,REIT - Residential,29.05,1940295.0,6607465045.0,,0.0,2026-10-03,0.4608,0.25,0.4744,0.45,0.407,,0.646,0.45,0.7034,0.5,0.5803,0.6778,0.6275,0.3,18.0,0.6198,0.0036629999999999,0.1247645,0.06198,0.152,2026-10-03,0.0,0.0,1.0,0.2,0.005000000000000001
NNE,Nano Nuclear Energy Inc.,NASDAQ,Industrials,Specialty Industrial Machinery,15.62,1938535.0,1079882574.0102806,61.0,0.0,2026-10-03,0.42575,0.25,0.4852999999999999,0.1068,0.40095,,0.7152000000000001,0.45,0.75,0.6000000000000001,0.6344,0.6844,0.6418,0.3,19.0,0.61435,0.00360855,0.136396,0.061435,0.152,2026-10-03,0.3375,0.0,1.0,0.3541499999999999,0.008853749999999999
ESTC,Elastic N.V. Ordinary Shares,NASDAQ,Technology,Software - Application,93.94,1938030.0,4802446929.0,,0.0,2026-10-03,0.58255,0.5,0.44155,0.0695,0.4882499999999999,,0.75,0.4778,0.7119,0.65,0.6543,0.6833,0.6629,0.3,19.0,0.6293,0.00439425,0.1406745,0.06293,0.304,2026-10-03,0.36,0.0,1.0,0.38,0.009500000000000001
UTI,Universal Technical Institute Inc Common Stock,NASDAQ,Consumer Defensive,Education & Training Services,19.38,1931635.0,1952677850.0,,0.0,2026-10-03,0.0083,0.0,0.524,0.0,0.1011,,0.7212,0.45,0.7174,0.65,0.628,0.6763,0.629,0.3,19.0,0.5958,0.0009098999999999,0.13502,0.05958,0.0,2026-10-03,0.0,0.0,1.0,0.2,0.005000000000000001
G,Genpact Limited Common Stock,NASDAQ,Technology,Information Technology Services,33.29,1928270.0,5826256155.0,,0.0,2026-10-03,0.58255,0.5,0.44155,0.0695,0.4882499999999999,,0.75,0.4778,0.7119,0.65,0.6543,0.6833,0.6629,0.3,19.0,0.6293,0.00439425,0.1406745,0.06293,0.304,2026-10-03,0.57,0.0,1.0,0.485,0.012125
CWH,Camping World Holdings Inc. Class A Common Stock,NASDAQ,Consumer Cyclical,Auto & Truck Dealerships,5.03,1927310.0,475127985.0,,0.0,2026-10-03,0.23515,0.25,0.50275,0.08835,0.2476499999999999,,0.6992,0.45,0.7465999999999999,0.65,0.64295,0.6875,0.6443,0.3,19.0,0.6271,0.0022288499999999,0.13823425,0.06271,0.152,2026-10-03,0.345,0.0,1.0,0.3656,0.00914
INDV,"Indivior Pharmaceuticals, Inc. ",NASDAQ,Healthcare,Drug Manufacturers - Specialty & Generic,35.71,1923810.0,3650654480.772045,61.0,0.0,2026-10-03,0.61995,0.49245,0.49685,0.45,0.4607,,0.6198,0.4585,0.6244,0.5,0.5658,0.6778,0.69395,0.3,19.0,0.6323,0.0041463,0.1216469999999999,0.06323,0.2994096,2026-10-03,0.0,0.0,1.0,0.2,0.005000000000000001
AEE,Ameren Corporation Common Stock,NASDAQ,Utilities,Utilities - Regulated Electric,99.94,1923375.0,30741706455.0,,0.0,2026-10-03,0.2791,0.0,0.53205,0.45,0.3046,,0.645,0.0,0.7225999999999999,0.45,0.49755,0.6917,0.60385,0.3,17.0,0.60505,0.0027413999999999,0.10697325,0.060505,0.0,2026-10-03,0.0,0.0,0.99835,0.2,0.005000000000000001
ARE,Alexandria Real Estate Equities Inc. Common Stock,NASDAQ,Real Estate,REIT - Office,47.37,1912980.0,8206223950.0,,0.0,2026-10-03,0.4608,0.25,0.4744,0.45,0.407,,0.646,0.45,0.7034,0.5,0.5803,0.6778,0.6275,0.3,18.0,0.6198,0.0036629999999999,0.1247645,0.06198,0.152,2026-10-03,0.0,0.0,1.0,0.2,0.005000000000000001
TAC,TransAlta Corporation Ordinary Shares,NASDAQ,Utilities,Utilities - Independent Power Producers,12.35,1911015.0,3707476925.0,,0.0,2026-10-03,0.2791,0.0,0.53205,0.45,0.3046,,0.645,0.0,0.7225999999999999,0.45,0.49755,0.6917,0.60385,0.3,17.0,0.60505,0.0027413999999999,0.10697325,0.060505,0.0,2026-10-03,0.0,0.0,0.99835,0.2,0.005000000000000001
SILA,Sila Realty Trust Inc. Common Stock,NASDAQ,Real Estate,REIT - Healthcare Facilities,30.36,1906292.0,1679329358.0,,0.0,2026-10-03,0.4608,0.25,0.4744,0.45,0.407,,0.646,0.45,0.7034,0.5,0.5803,0.6778,0.6275,0.3,18.0,0.6198,0.0036629999999999,0.1247645,0.06198,0.152,2026-10-03,0.0,0.0,1.0,0.2,0.005000000000000001
RXO,RXO Inc. Common Stock,NASDAQ,Industrials,Trucking,23.38,1900450.0,3192103344.0,,0.0,2026-10-03,0.42575,0.25,0.4852999999999999,0.1068,0.40095,,0.7152000000000001,0.45,0.75,0.6000000000000001,0.6344,0.6844,0.6418,0.3,19.0,0.61435,0.00360855,0.136396,0.061435,0.152,2026-10-03,0.3375,0.0,1.0,0.3541499999999999,0.008853749999999999
VITL,"Vital Farms, Inc. - Common Stock",NASDAQ,Consumer Defensive,Farm Products,9.06,1898880.0,584154508.0,,0.0,2026-10-03,0.323,0.25,0.4889,0.0627,0.3528,,0.7212,0.45,0.7174,0.65,0.628,0.6763,0.629,0.3,19.0,0.5958,0.0031752,0.13502,0.05958,0.152,2026-10-03,0.0,0.0,1.0,0.2,0.005000000000000001
OGE,OGE Energy Corp Common Stock,NASDAQ,Utilities,Utilities - Regulated Electric,45.34,1897155.0,9720187248.0,,0.0,2026-10-03,0.2791,0.0,0.53205,0.45,0.3046,,0.645,0.0,0.7225999999999999,0.45,0.49755,0.6917,0.60385,0.3,17.0,0.60505,0.0027413999999999,0.10697325,0.060505,0.0,2026-10-03,0.0,0.0,0.99835,0.2,0.005000000000000001
CAH,Cardinal Health Inc. Common Stock,NASDAQ,Healthcare,Medical Distribution,228.3,1896165.0,47027907233.0,,0.0,2026-10-03,0.61995,0.49245,0.49685,0.45,0.4607,,0.6198,0.4585,0.6244,0.5,0.5658,0.6778,0.69395,0.3,19.0,0.6323,0.0041463,0.1216469999999999,0.06323,0.2994096,2026-10-03,0.0,0.0,1.0,0.2,0.005000000000000001
MLI,Mueller Industries Inc. Common Stock,NASDAQ,Industrials,Metal Fabrication,62.56,1894065.0,15039815252.0,,0.0,2026-10-03,0.42575,0.25,0.4852999999999999,0.1068,0.40095,,0.7152000000000001,0.45,0.75,0.6000000000000001,0.6344,0.6844,0.6418,0.3,19.0,0.61435,0.00360855,0.136396,0.061435,0.152,2026-10-03,0.3375,0.0,1.0,0.3541499999999999,0.008853749999999999
CHD,Church & Dwight Company Inc. Common Stock,NASDAQ,Consumer Defensive,Household & Personal Products,94.31,1890600.0,22507870636.0,,0.0,2026-10-03,0.323,0.25,0.4889,0.0627,0.3528,,0.7212,0.45,0.7174,0.65,0.628,0.6763,0.629,0.3,19.0,0.5958,0.0031752,0.13502,0.05958,0.152,2026-10-03,0.0,0.0,1.0,0.2,0.005000000000000001
MFA,MFA Financial Inc.,NASDAQ,Real Estate,REIT - Mortgage,7.65,1889570.0,1042378334.0,,0.0,2026-10-03,0.4608,0.25,0.4744,0.45,0.407,,0.646,0.45,0.7034,0.5,0.5803,0.6778,0.6275,0.3,18.0,0.6198,0.0036629999999999,0.1247645,0.06198,0.152,2026-10-03,0.0,0.0,1.0,0.2,0.005000000000000001
CCEP,Coca-Cola Europacific Partners plc,NASDAQ,Consumer Defensive,Beverages - Non-Alcoholic,101.06,1887600.0,41805430315.0,61.0,0.0,2026-10-03,0.323,0.25,0.4889,0.0627,0.3528,,0.7212,0.45,0.7174,0.65,0.628,0.6763,0.629,0.3,19.0,0.5958,0.0031752,0.13502,0.05958,0.152,2026-10-03,0.0,0.0,1.0,0.2,0.005000000000000001
CSIQ,Canadian Solar Inc.,NASDAQ,Technology,Solar,11.19,1884805.0,924886745.3626728,61.0,0.0,2026-10-03,0.2458,0.0,0.5148,0.0,0.1828,,0.75,0.4778,0.7119,0.65,0.6543,0.6833,0.6629,0.3,19.0,0.6293,0.0016451999999999,0.1406745,0.06293,0.0,2026-10-03,0.0,0.0,1.0,0.2,0.005000000000000001
SAP,SAP  SE ADS,NASDAQ,Technology,Software - Application,208.57,1880590.0,206619667370.0,,0.0,2026-10-03,0.58255,0.5,0.44155,0.0695,0.4882499999999999,,0.75,0.4778,0.7119,0.65,0.6543,0.6833,0.6629,0.3,19.0,0.6293,0.00439425,0.1406745,0.06293,0.304,2026-10-03,0.85,0.0,1.0,0.625,0.015625
AWK,American Water Works Company Inc. Common Stock,NASDAQ,Utilities,Utilities - Regulated Water,130.25,1880325.0,25858992338.0,,0.0,2026-10-03,0.2791,0.0,0.53205,0.45,0.3046,,0.645,0.0,0.7225999999999999,0.45,0.49755,0.6917,0.60385,0.3,17.0,0.60505,0.0027413999999999,0.10697325,0.060505,0.0,2026-10-03,0.0,0.0,0.99835,0.2,0.005000000000000001
ODD,ODDITY Tech Ltd.,NASDAQ,Consumer Defensive,Household & Personal Products,18.9,1876930.0,762213871.0034294,61.0,0.0,2026-10-03,0.323,0.25,0.4889,0.0627,0.3528,,0.7212,0.45,0.7174,0.65,0.628,0.6763,0.629,0.3,19.0,0.5958,0.0031752,0.13502,0.05958,0.152,2026-10-03,0.0,0.0,1.0,0.2,0.005000000000000001
KURA,"Kura Oncology, Inc.",NASDAQ,Healthcare,Biotechnology,10.65,1874645.0,701338291.5142694,61.0,0.0,2026-10-03,0.61995,0.49245,0.49685,0.45,0.4607,,0.6198,0.4585,0.6244,0.5,0.5658,0.6778,0.69395,0.3,19.0,0.6323,0.0041463,0.1216469999999999,0.06323,0.2994096,2026-10-03,0.0,0.0,1.0,0.2,0.005000000000000001
AXIA,AXIA Energia American Depositary Shares (Each representing one Common Share),NASDAQ,Utilities,Utilities - Renewable,9.53,1873230.0,28360231236.0,,0.0,2026-10-03,0.2791,0.0,0.53205,0.45,0.3046,,0.645,0.0,0.7225999999999999,0.45,0.49755,0.6917,0.60385,0.3,17.0,0.60505,0.0027413999999999,0.10697325,0.060505,0.0,2026-10-03,0.0,0.0,0.99835,0.2,0.005000000000000001
RPD,"Rapid7, Inc.",NASDAQ,Technology,Software - Infrastructure,12.19,1870615.0,356481725.86550903,61.0,0.0,2026-10-03,0.58255,0.5,0.44155,0.0695,0.4882499999999999,,0.75,0.4778,0.7119,0.65,0.6543,0.6833,0.6629,0.3,19.0,0.6293,0.00439425,0.1406745,0.06293,0.304,2026-10-03,0.57,0.0,0.4014,0.3653,0.0091325
SB,Safe Bulkers Inc Common Stock ($0.001 par value),NYSE,Industrials,Marine Shipping,8.81,1869775.0,672297572.0,64.0,0.0,2026-10-03,0.42575,0.25,0.4852999999999999,0.1068,0.40095,,0.7152000000000001,0.45,0.75,0.6000000000000001,0.6344,0.6844,0.6418,0.3,19.0,0.61435,0.00360855,0.136396,0.061435,0.152,2026-10-03,0.3375,0.0,1.0,0.3541499999999999,0.008853749999999999
CC,Chemours Company (The) Common Stock,NASDAQ,Basic Materials,Specialty Chemicals,13.71,1868470.0,3994460800.0,,0.0,2026-10-03,0.75715,0.5,0.5117499999999999,0.0915,0.49015,,0.7681,0.55,0.75,0.525,0.6791499999999999,0.68035,0.66,0.3,19.0,0.5902499999999999,0.00441135,0.14601725,0.0590249999999999,0.304,2026-10-03,0.57,1.0,1.0,0.785,0.019625000000000004
BNS,Bank Nova Scotia Halifax Pfd 3 Ordinary Shares,NASDAQ,Financial Services,Banks - Diversified,91.19,1864730.0,93231841271.0,,0.0,2026-10-03,0.5297,0.25,0.5036,0.6,0.4695,,0.70855,0.5,0.6757,0.65,0.6241000000000001,0.6875,0.62175,0.3,19.0,0.6051500000000001,0.0042254999999999,0.1341815,0.060515,0.152,2026-10-03,0.345,0.0,1.0,0.33335,0.00833375
BEPC,Brookfield Renewable Corporation Brookfield Renewable Corporation Class A Subordinate Voting Shares,NASDAQ,Utilities,Utilities - Renewable,28.52,1864605.0,7427691883.0,,0.0,2026-10-03,0.1116,0.0,0.5769,0.0,0.1407,,0.645,0.0,0.7225999999999999,0.45,0.49755,0.6917,0.60385,0.3,17.0,0.60505,0.0012663,0.10697325,0.060505,0.0,2026-10-03,0.0,0.0,0.99835,0.2,0.005000000000000001
KBH,KB Home Common Stock,NASDAQ,Consumer Cyclical,Residential Construction,45.75,1860500.0,3459902028.0,,0.0,2026-10-03,0.23515,0.25,0.50275,0.08835,0.2476499999999999,,0.6992,0.45,0.7465999999999999,0.65,0.64295,0.6875,0.6443,0.3,19.0,0.6271,0.0022288499999999,0.13823425,0.06271,0.152,2026-10-03,0.345,0.0,1.0,0.3656,0.00914
ODFL,"Old Dominion Freight Line, Inc.",NASDAQ,Industrials,Trucking,180.48,1858930.0,38948767125.89491,61.0,0.0,2026-10-03,0.42575,0.25,0.4852999999999999,0.1068,0.40095,,0.7152000000000001,0.45,0.75,0.6000000000000001,0.6344,0.6844,0.6418,0.3,19.0,0.61435,0.00360855,0.136396,0.061435,0.152,2026-10-03,0.3375,0.0,1.0,0.3541499999999999,0.008853749999999999
PBI,Pitney Bowes Inc. Common Stock,NASDAQ,Industrials,Integrated Freight & Logistics,16.76,1858750.0,2329265391.0,,0.0,2026-10-03,0.42575,0.25,0.4852999999999999,0.1068,0.40095,,0.7152000000000001,0.45,0.75,0.6000000000000001,0.6344,0.6844,0.6418,0.3,19.0,0.61435,0.00360855,0.136396,0.061435,0.152,2026-10-03,0.3375,0.0,1.0,0.3541499999999999,0.008853749999999999
GIL,Gildan Activewear Inc. Class A Sub. Vot. Common Stock,NASDAQ,Consumer Cyclical,Apparel Manufacturing,41.0,1858565.0,10853177501.0,,0.0,2026-10-03,0.23515,0.25,0.50275,0.08835,0.2476499999999999,,0.6992,0.45,0.7465999999999999,0.65,0.64295,0.6875,0.6443,0.3,19.0,0.6271,0.0022288499999999,0.13823425,0.06271,0.152,2026-10-03,0.345,0.0,1.0,0.3656,0.00914
SNDX,"Syndax Pharmaceuticals, Inc.",NASDAQ,Healthcare,Biotechnology,17.6,1856970.0,2100497240.8442,61.0,0.0,2026-10-03,0.61995,0.49245,0.49685,0.45,0.4607,,0.6198,0.4585,0.6244,0.5,0.5658,0.6778,0.69395,0.3,19.0,0.6323,0.0041463,0.1216469999999999,0.06323,0.2994096,2026-10-03,0.0,0.0,1.0,0.2,0.005000000000000001
MLTX,MoonLake Immunotherapeutics,NASDAQ,Healthcare,Biotechnology,11.41,1848810.0,1245913248.9464283,61.0,0.0,2026-10-03,0.61995,0.49245,0.49685,0.45,0.4607,,0.6198,0.4585,0.6244,0.5,0.5658,0.6778,0.69395,0.3,19.0,0.6323,0.0041463,0.1216469999999999,0.06323,0.2994096,2026-10-03,0.0,0.0,1.0,0.2,0.005000000000000001
BDX,Becton Dickinson and Company Common Stock,NASDAQ,Healthcare,Medical Instruments & Supplies,176.8,1847970.0,43278755957.0,,0.0,2026-10-03,0.61995,0.49245,0.49685,0.45,0.4607,,0.6198,0.4585,0.6244,0.5,0.5658,0.6778,0.69395,0.3,19.0,0.6323,0.0041463,0.1216469999999999,0.06323,0.2994096,2026-10-03,0.0,0.0,1.0,0.2,0.005000000000000001
HIG,The Hartford Insurance Group Inc. Common Stock,NASDAQ,Financial Services,Insurance - Diversified,126.05,1844665.0,36856887912.0,,0.0,2026-10-03,0.5297,0.25,0.5036,0.6,0.4695,,0.70855,0.5,0.6757,0.65,0.6241000000000001,0.6875,0.62175,0.3,19.0,0.6051500000000001,0.0042254999999999,0.1341815,0.060515,0.152,2026-10-03,0.345,0.0,1.0,0.33335,0.00833375
TEL,TE Connectivity plc Ordinary Shares,NASDAQ,Technology,Electronic Components,220.36,1843705.0,62991534847.0,,0.0,2026-10-03,0.58255,0.5,0.44155,0.0695,0.4882499999999999,,0.75,0.4778,0.7119,0.65,0.6543,0.6833,0.6629,0.3,19.0,0.6293,0.00439425,0.1406745,0.06293,0.304,2026-10-03,0.57,0.0,1.0,0.485,0.012125
FSK,FS KKR Capital Corp. Common Stock,NASDAQ,Financial Services,Asset Management,10.97,1838510.0,2946299003.0,,0.0,2026-10-03,0.5297,0.25,0.5036,0.6,0.4695,,0.70855,0.5,0.6757,0.65,0.6241000000000001,0.6875,0.62175,0.3,19.0,0.6051500000000001,0.0042254999999999,0.1341815,0.060515,0.152,2026-10-03,0.345,0.0,1.0,0.33335,0.00833375
GH,"Guardant Health, Inc.",NASDAQ,Healthcare,Diagnostics & Research,177.8,1835345.0,11140961086.094666,61.0,0.0,2026-10-03,0.61995,0.49245,0.49685,0.45,0.4607,,0.6198,0.4585,0.6244,0.5,0.5658,0.6778,0.69395,0.3,19.0,0.6323,0.0041463,0.1216469999999999,0.06323,0.2994096,2026-10-03,0.0,0.0,1.0,0.2,0.005000000000000001
WPM,Wheaton Precious Metals Corp Common Shares (Canada),NASDAQ,Basic Materials,Gold,136.28,1834005.0,63313785601.0,,0.0,2026-10-03,0.75715,0.5,0.5117499999999999,0.0915,0.49015,,0.7681,0.55,0.75,0.525,0.6791499999999999,0.68035,0.66,0.3,19.0,0.5902499999999999,0.00441135,0.14601725,0.0590249999999999,0.304,2026-10-03,0.435,0.0,1.0,0.4175,0.0104375
BJ,BJ's Wholesale Club Holdings Inc. Common Stock,NASDAQ,Consumer Defensive,Discount Stores,94.96,1831645.0,12229798697.0,,0.0,2026-10-03,0.323,0.25,0.4889,0.0627,0.3528,,0.7212,0.45,0.7174,0.65,0.628,0.6763,0.629,0.3,19.0,0.5958,0.0031752,0.13502,0.05958,0.152,2026-10-03,0.0,0.0,1.0,0.2,0.005000000000000001
VRDN,"Viridian Therapeutics, Inc.  - Common Stock",NASDAQ,Healthcare,Biotechnology,19.4,1824205.0,1527988216.0,,0.0,2026-10-03,0.61995,0.49245,0.49685,0.45,0.4607,,0.6198,0.4585,0.6244,0.5,0.5658,0.6778,0.69395,0.3,19.0,0.6323,0.0041463,0.1216469999999999,0.06323,0.2994096,2026-10-03,0.0,0.0,1.0,0.2,0.005000000000000001
VSXY,Victorias Secret & Co. Common Stock ,NYSE,Consumer Cyclical,Apparel Retail,91.73,1821865.0,6228971227.0,62.0,0.0,2026-10-03,0.23515,0.25,0.50275,0.08835,0.2476499999999999,,0.6992,0.45,0.7465999999999999,0.65,0.64295,0.6875,0.6443,0.3,19.0,0.6271,0.0022288499999999,0.13823425,0.06271,0.152,2026-10-03,0.345,0.0,1.0,0.3656,0.00914
PNC,PNC Financial Services Group Inc. (The) Common Stock,NASDAQ,Financial Services,Banks - Regional,221.03,1819275.0,88685131376.0,,0.0,2026-10-03,0.5297,0.25,0.5036,0.6,0.4695,,0.70855,0.5,0.6757,0.65,0.6241000000000001,0.6875,0.62175,0.3,19.0,0.6051500000000001,0.0042254999999999,0.1341815,0.060515,0.152,2026-10-03,0.345,0.0,1.0,0.33335,0.00833375
ALC,Alcon Inc. Ordinary Shares,NASDAQ,Healthcare,Medical Instruments & Supplies,63.76,1819000.0,37887128335.0,,0.0,2026-10-03,0.61995,0.49245,0.49685,0.45,0.4607,,0.6198,0.4585,0.6244,0.5,0.5658,0.6778,0.69395,0.3,19.0,0.6323,0.0041463,0.1216469999999999,0.06323,0.2994096,2026-10-03,0.0,0.0,1.0,0.2,0.005000000000000001
HUBS,HubSpot Inc. Common Stock,NASDAQ,Technology,Software - Application,214.53,1817415.0,11778016885.0,,0.0,2026-10-03,0.1591,0.25,0.4359,0.0,0.2063,,0.75,0.4778,0.7119,0.65,0.6543,0.6833,0.6629,0.3,19.0,0.6293,0.0018567,0.1406745,0.06293,0.152,2026-10-03,0.0,0.0,1.0,0.2,0.005000000000000001
HOG,Harley-Davidson Inc. Common Stock,NASDAQ,Consumer Cyclical,Recreational Vehicles,24.55,1799770.0,2584866579.0,,0.0,2026-10-03,0.23515,0.25,0.50275,0.08835,0.2476499999999999,,0.6992,0.45,0.7465999999999999,0.65,0.64295,0.6875,0.6443,0.3,19.0,0.6271,0.0022288499999999,0.13823425,0.06271,0.152,2026-10-03,0.345,0.0,1.0,0.3656,0.00914
CTRI,Centuri Holdings Inc. Common Stock,NASDAQ,Utilities,Utilities - Regulated Gas,20.91,1798905.0,3503338620.0,,0.0,2026-10-03,0.2791,0.0,0.53205,0.45,0.3046,,0.645,0.0,0.7225999999999999,0.45,0.49755,0.6917,0.60385,0.3,17.0,0.60505,0.0027413999999999,0.10697325,0.060505,0.0,2026-10-03,0.0,0.0,0.99835,0.2,0.005000000000000001
FULT,Fulton Financial Corporation,NASDAQ,Financial Services,Banks - Regional,22.81,1798525.0,3570509332.4654083,61.0,0.0,2026-10-03,0.5297,0.25,0.5036,0.6,0.4695,,0.70855,0.5,0.6757,0.65,0.6241000000000001,0.6875,0.62175,0.3,19.0,0.6051500000000001,0.0042254999999999,0.1341815,0.060515,0.152,2026-10-03,0.345,0.0,1.0,0.33335,0.00833375
HNGE,Hinge Health Inc. Class A Common Stock,NASDAQ,Healthcare,Health Information Services,97.67,1797980.0,3488424015.0,,0.0,2026-10-03,0.61995,0.49245,0.49685,0.45,0.4607,,0.6198,0.4585,0.6244,0.5,0.5658,0.6778,0.69395,0.3,19.0,0.6323,0.0041463,0.1216469999999999,0.06323,0.2994096,2026-10-03,0.0,0.0,1.0,0.2,0.005000000000000001
TGTX,"TG Therapeutics, Inc.",NASDAQ,Healthcare,Biotechnology,54.29,1792565.0,5386284801.0,62.0,0.0,2026-10-03,0.61995,0.49245,0.49685,0.45,0.4607,,0.6198,0.4585,0.6244,0.5,0.5658,0.6778,0.69395,0.3,19.0,0.6323,0.0041463,0.1216469999999999,0.06323,0.2994096,2026-10-03,0.0,0.0,1.0,0.2,0.005000000000000001
LSCC,Lattice Semiconductor Corporation,NASDAQ,Technology,Semiconductors,134.0,1792375.0,12721328850.745766,61.0,0.0,2026-10-03,0.58255,0.5,0.44155,0.0695,0.4882499999999999,,0.75,0.4778,0.7119,0.65,0.6543,0.6833,0.6629,0.3,19.0,0.6293,0.00439425,0.1406745,0.06293,0.304,2026-10-03,0.57,0.0,1.0,0.485,0.012125
DNLI,Denali Therapeutics Inc.,NASDAQ,Healthcare,Biotechnology,20.0,1790840.0,2994207216.984724,61.0,0.0,2026-10-03,0.61995,0.49245,0.49685,0.45,0.4607,,0.6198,0.4585,0.6244,0.5,0.5658,0.6778,0.69395,0.3,19.0,0.6323,0.0041463,0.1216469999999999,0.06323,0.2994096,2026-10-03,0.0,0.0,1.0,0.2,0.005000000000000001
VSNT,"Versant Media Group, Inc.",NASDAQ,Communication Services,Entertainment,30.94,1787545.0,5744979851.0,62.0,0.0,2026-10-03,0.4121,0.2674,0.4984,0.0947,0.4045,,0.5903,0.45,0.6953499999999999,0.65,0.5902499999999999,0.6770499999999999,0.6206,0.3,18.5,0.61235,0.0036405,0.1269037499999999,0.061235,0.1625792,2026-10-03,0.0,0.0,0.95835,0.2,0.005000000000000001
RIO,Rio Tinto Plc Common Stock,NASDAQ,Basic Materials,Other Industrial Metals & Mining,94.21,1783925.0,161982050605.0,,0.0,2026-10-03,0.75715,0.5,0.5117499999999999,0.0915,0.49015,,0.7681,0.55,0.75,0.525,0.6791499999999999,0.68035,0.66,0.3,19.0,0.5902499999999999,0.00441135,0.14601725,0.0590249999999999,0.304,2026-10-03,0.0,0.0,0.7451,0.149,0.003725
GTES,Gates Industrial Corporation plc Ordinary Shares,NASDAQ,Industrials,Specialty Industrial Machinery,27.65,1777250.0,6499574065.0,,0.0,2026-10-03,0.42575,0.25,0.4852999999999999,0.1068,0.40095,,0.7152000000000001,0.45,0.75,0.6000000000000001,0.6344,0.6844,0.6418,0.3,19.0,0.61435,0.00360855,0.136396,0.061435,0.152,2026-10-03,0.3375,0.0,1.0,0.3541499999999999,0.008853749999999999
RCUS,Arcus Biosciences Inc. Common Stock,NASDAQ,Healthcare,Biotechnology,24.44,1776530.0,3203531391.0,,0.0,2026-10-03,0.61995,0.49245,0.49685,0.45,0.4607,,0.6198,0.4585,0.6244,0.5,0.5658,0.6778,0.69395,0.3,19.0,0.6323,0.0041463,0.1216469999999999,0.06323,0.2994096,2026-10-03,0.0,0.0,1.0,0.2,0.005000000000000001
PPG,PPG Industries Inc. Common Stock,NASDAQ,Basic Materials,Specialty Chemicals,105.15,1774885.0,24573092452.0,,0.0,2026-10-03,0.75715,0.5,0.5117499999999999,0.0915,0.49015,,0.7681,0.55,0.75,0.525,0.6791499999999999,0.68035,0.66,0.3,19.0,0.5902499999999999,0.00441135,0.14601725,0.0590249999999999,0.304,2026-10-03,0.5511,0.5,1.0,0.6256,0.01564
XWIN,"XMAX, Inc.",NASDAQ,Consumer Cyclical,"Furnishings, Fixtures & Appliances",8.79,1773044.0,385960148.0,62.0,0.0,2026-10-03,0.23515,0.25,0.50275,0.08835,0.2476499999999999,,0.6992,0.45,0.7465999999999999,0.65,0.64295,0.6875,0.6443,0.3,19.0,0.6271,0.0022288499999999,0.13823425,0.06271,0.152,2026-10-03,0.345,0.0,1.0,0.3656,0.00914
CBC,"Central Bancompany, Inc.",NASDAQ,Financial Services,Banks - Regional,32.03,1771365.0,5721445269.630432,61.0,0.0,2026-10-03,0.5297,0.25,0.5036,0.6,0.4695,,0.70855,0.5,0.6757,0.65,0.6241000000000001,0.6875,0.62175,0.3,19.0,0.6051500000000001,0.0042254999999999,0.1341815,0.060515,0.152,2026-10-03,0.345,0.0,1.0,0.33335,0.00833375
AMTM,Amentum Holdings Inc. Common Stock,NASDAQ,Industrials,Specialty Business Services,18.14,1771180.0,6305724392.0,,0.0,2026-10-03,0.42575,0.25,0.4852999999999999,0.1068,0.40095,,0.7152000000000001,0.45,0.75,0.6000000000000001,0.6344,0.6844,0.6418,0.3,19.0,0.61435,0.00360855,0.136396,0.061435,0.152,2026-10-03,0.3375,0.0,1.0,0.3541499999999999,0.008853749999999999
HAS,"Hasbro, Inc.",NASDAQ,Consumer Cyclical,Leisure,89.54,1769285.0,12703220261.006683,61.0,0.0,2026-10-03,0.23515,0.25,0.50275,0.08835,0.2476499999999999,,0.6992,0.45,0.7465999999999999,0.65,0.64295,0.6875,0.6443,0.3,19.0,0.6271,0.0022288499999999,0.13823425,0.06271,0.152,2026-10-03,0.345,0.0,1.0,0.3656,0.00914
PTRN,Pattern Group Inc.,NASDAQ,Technology,Software - Application,17.33,1767660.0,2342124722.0519705,61.0,0.0,2026-10-03,0.58255,0.5,0.44155,0.0695,0.4882499999999999,,0.75,0.4778,0.7119,0.65,0.6543,0.6833,0.6629,0.3,19.0,0.6293,0.00439425,0.1406745,0.06293,0.304,2026-10-03,0.55,0.0,1.0,0.475,0.011875
BILL,BILL Holdings Inc. Common Stock,NASDAQ,Technology,Software - Application,43.62,1766160.0,3680338627.0,,0.0,2026-10-03,0.58255,0.5,0.44155,0.0695,0.4882499999999999,,0.75,0.4778,0.7119,0.65,0.6543,0.6833,0.6629,0.3,19.0,0.6293,0.00439425,0.1406745,0.06293,0.304,2026-10-03,0.555,0.0,1.0,0.4775,0.0119375
CENX,Century Aluminum Company,NASDAQ,Basic Materials,Aluminum,35.62,1764585.0,4957610029.332241,61.0,0.0,2026-10-03,0.75715,0.5,0.5117499999999999,0.0915,0.49015,,0.7681,0.55,0.75,0.525,0.6791499999999999,0.68035,0.66,0.3,19.0,0.5902499999999999,0.00441135,0.14601725,0.0590249999999999,0.304,2026-10-03,0.435,0.0,1.0,0.4175,0.0104375
CORT,Corcept Therapeutics Incorporated,NASDAQ,Healthcare,Biotechnology,116.23,1763840.0,4059232586.9686127,61.0,0.0,2026-10-03,0.61995,0.49245,0.49685,0.45,0.4607,,0.6198,0.4585,0.6244,0.5,0.5658,0.6778,0.69395,0.3,19.0,0.6323,0.0041463,0.1216469999999999,0.06323,0.2994096,2026-10-03,0.0,0.0,1.0,0.2,0.005000000000000001
BAH,Booz Allen Hamilton Holding Corporation Common Stock,NASDAQ,Industrials,Consulting Services,67.35,1763305.0,9495601932.0,,0.0,2026-10-03,0.42575,0.25,0.4852999999999999,0.1068,0.40095,,0.7152000000000001,0.45,0.75,0.6000000000000001,0.6344,0.6844,0.6418,0.3,19.0,0.61435,0.00360855,0.136396,0.061435,0.152,2026-10-03,0.3375,0.0,1.0,0.3541499999999999,0.008853749999999999
AAP,Advance Auto Parts Inc.,NASDAQ,Consumer Cyclical,Auto Parts,38.68,1763295.0,3509953339.0,,0.0,2026-10-03,0.23515,0.25,0.50275,0.08835,0.2476499999999999,,0.6992,0.45,0.7465999999999999,0.65,0.64295,0.6875,0.6443,0.3,19.0,0.6271,0.0022288499999999,0.13823425,0.06271,0.152,2026-10-03,0.345,0.0,1.0,0.3656,0.00914
PAGP,"Plains GP Holdings, L.P.",NASDAQ,Energy,Oil & Gas Midstream,26.06,1761385.0,5755505998.777428,61.0,0.0,2026-10-03,0.6603,0.5,0.5166,0.6,0.6019,,0.7292,0.4065499999999999,0.7446999999999999,0.65,0.62495,0.675,0.64585,0.3,18.0,0.6146499999999999,0.0054171,0.13436425,0.0614649999999999,0.304,2026-10-03,0.225,0.0,0.735,0.2595,0.0064875
SWK,Stanley Black & Decker Inc. Common Stock,NASDAQ,Industrials,Tools & Accessories,91.34,1756475.0,11901151823.0,,0.0,2026-10-03,0.42575,0.25,0.4852999999999999,0.1068,0.40095,,0.7152000000000001,0.45,0.75,0.6000000000000001,0.6344,0.6844,0.6418,0.3,19.0,0.61435,0.00360855,0.136396,0.061435,0.152,2026-10-03,0.3375,0.0,1.0,0.3541499999999999,0.008853749999999999
IFF,International Flavors & Fragrances Inc. Common Stock,NASDAQ,Basic Materials,Specialty Chemicals,82.42,1753575.0,18171846430.0,,0.0,2026-10-03,0.75715,0.5,0.5117499999999999,0.0915,0.49015,,0.7681,0.55,0.75,0.525,0.6791499999999999,0.68035,0.66,0.3,19.0,0.5902499999999999,0.00441135,0.14601725,0.0590249999999999,0.304,2026-10-03,0.5432,0.0,1.0,0.4716,0.011790000000000002
PHM,PulteGroup Inc. Common Stock,NASDAQ,Consumer Cyclical,Residential Construction,115.73,1753045.0,24298438723.0,,0.0,2026-10-03,0.23515,0.25,0.50275,0.08835,0.2476499999999999,,0.6992,0.45,0.7465999999999999,0.65,0.64295,0.6875,0.6443,0.3,19.0,0.6271,0.0022288499999999,0.13823425,0.06271,0.152,2026-10-03,0.345,0.0,1.0,0.3656,0.00914
VLTO,Veralto Corp Common Stock,NASDAQ,Industrials,Pollution & Treatment Controls,94.68,1750435.0,21761981343.0,,0.0,2026-10-03,0.42575,0.25,0.4852999999999999,0.1068,0.40095,,0.7152000000000001,0.45,0.75,0.6000000000000001,0.6344,0.6844,0.6418,0.3,19.0,0.61435,0.00360855,0.136396,0.061435,0.152,2026-10-03,0.3375,0.0,1.0,0.3541499999999999,0.008853749999999999
CME,CME Group Inc.,NASDAQ,Financial Services,Financial Data & Stock Exchanges,263.14,1747660.0,107797535255.19617,61.0,0.0,2026-10-03,0.5297,0.25,0.5036,0.6,0.4695,,0.70855,0.5,0.6757,0.65,0.6241000000000001,0.6875,0.62175,0.3,19.0,0.6051500000000001,0.0042254999999999,0.1341815,0.060515,0.152,2026-10-03,0.345,0.0,1.0,0.33335,0.00833375
OUT,OUTFRONT Media Inc. Common Stock,NASDAQ,Real Estate,REIT - Specialty,28.7,1742610.0,5285065540.0,,0.0,2026-10-03,0.4608,0.25,0.4744,0.45,0.407,,0.646,0.45,0.7034,0.5,0.5803,0.6778,0.6275,0.3,18.0,0.6198,0.0036629999999999,0.1247645,0.06198,0.152,2026-10-03,0.0,0.0,1.0,0.2,0.005000000000000001
ADTN,"ADTRAN Holdings, Inc.",NASDAQ,Technology,Communication Equipment,7.04,1741070.0,1037283084.1677064,61.0,0.0,2026-10-03,0.0154,0.0,0.4621,0.0,0.1004,,0.75,0.4778,0.7119,0.65,0.6543,0.6833,0.6629,0.3,19.0,0.6293,0.0009036,0.1406745,0.06293,0.0,2026-10-03,0.0,0.0,1.0,0.2,0.005000000000000001
TD,Toronto Dominion Bank (The) Common Stock,NASDAQ,Financial Services,Banks - Diversified,117.88,1739845.0,176104931071.0,,0.0,2026-10-03,0.5297,0.25,0.5036,0.6,0.4695,,0.70855,0.5,0.6757,0.65,0.6241000000000001,0.6875,0.62175,0.3,19.0,0.6051500000000001,0.0042254999999999,0.1341815,0.060515,0.152,2026-10-03,0.345,0.0,1.0,0.33335,0.00833375
ZIM,ZIM Integrated Shipping Services Ltd. Ordinary Shares,NASDAQ,Industrials,Marine Shipping,29.63,1732890.0,3125070593.0,,0.0,2026-10-03,0.42575,0.25,0.4852999999999999,0.1068,0.40095,,0.7152000000000001,0.45,0.75,0.6000000000000001,0.6344,0.6844,0.6418,0.3,19.0,0.61435,0.00360855,0.136396,0.061435,0.152,2026-10-03,0.3375,0.0,1.0,0.3541499999999999,0.008853749999999999
VRE,Veris Residential Inc. Common Stock,NASDAQ,Real Estate,REIT - Residential,18.99,1731933.0,1776353690.0,,0.0,2026-10-03,0.4608,0.25,0.4744,0.45,0.407,,0.646,0.45,0.7034,0.5,0.5803,0.6778,0.6275,0.3,18.0,0.6198,0.0036629999999999,0.1247645,0.06198,0.152,2026-10-03,0.0,0.0,1.0,0.2,0.005000000000000001
ACHV,"Achieve Life Sciences, Inc. ",NASDAQ,Healthcare,Biotechnology,7.24,1723220.0,534853690.0,63.0,0.0,2026-10-03,0.61995,0.49245,0.49685,0.45,0.4607,,0.6198,0.4585,0.6244,0.5,0.5658,0.6778,0.69395,0.3,19.0,0.6323,0.0041463,0.1216469999999999,0.06323,0.2994096,2026-10-03,0.0,0.0,1.0,0.2,0.005000000000000001
ELS,Equity Lifestyle Properties Inc. Common Stock,NASDAQ,Real Estate,REIT - Residential,58.25,1721895.0,12273898040.0,,0.0,2026-10-03,0.4608,0.25,0.4744,0.45,0.407,,0.646,0.45,0.7034,0.5,0.5803,0.6778,0.6275,0.3,18.0,0.6198,0.0036629999999999,0.1247645,0.06198,0.152,2026-10-03,0.0,0.0,1.0,0.2,0.005000000000000001
PODD,Insulet Corporation,NASDAQ,Healthcare,Medical Devices,131.69,1713605.0,14768344479.291626,61.0,0.0,2026-10-03,0.61995,0.49245,0.49685,0.45,0.4607,,0.6198,0.4585,0.6244,0.5,0.5658,0.6778,0.69395,0.3,19.0,0.6323,0.0041463,0.1216469999999999,0.06323,0.2994096,2026-10-03,0.0,0.0,1.0,0.2,0.005000000000000001
AROC,Archrock Inc. Common Stock,NASDAQ,Energy,Oil & Gas Equipment & Services,30.33,1708890.0,6542001142.0,,0.0,2026-10-03,0.6603,0.5,0.5166,0.6,0.6019,,0.7292,0.4065499999999999,0.7446999999999999,0.65,0.62495,0.675,0.64585,0.3,18.0,0.6146499999999999,0.0054171,0.13436425,0.0614649999999999,0.304,2026-10-03,0.555,0.0,1.0,0.4775,0.0119375
GRND,Grindr Inc. Common Stock,NASDAQ,Technology,Software - Application,13.43,1706305.0,2495791086.0,,0.0,2026-10-03,0.58255,0.5,0.44155,0.0695,0.4882499999999999,,0.75,0.4778,0.7119,0.65,0.6543,0.6833,0.6629,0.3,19.0,0.6293,0.00439425,0.1406745,0.06293,0.304,2026-10-03,0.555,0.0,1.0,0.4775,0.0119375
RBA,RB Global Inc. Common Stock,NASDAQ,Industrials,Specialty Business Services,81.88,1704505.0,19847486064.0,,0.0,2026-10-03,0.42575,0.25,0.4852999999999999,0.1068,0.40095,,0.7152000000000001,0.45,0.75,0.6000000000000001,0.6344,0.6844,0.6418,0.3,19.0,0.61435,0.00360855,0.136396,0.061435,0.152,2026-10-03,0.3375,0.0,1.0,0.3541499999999999,0.008853749999999999
GPGI,GPGI Inc. Class A Common Stock,NASDAQ,Industrials,Metal Fabrication,12.9,1689590.0,4655168035.0,,0.0,2026-10-03,0.0641,0.25,0.6527,0.0,0.2013,,0.7152000000000001,0.45,0.75,0.6000000000000001,0.6344,0.6844,0.6418,0.3,19.0,0.61435,0.0018117,0.136396,0.061435,0.152,2026-10-03,0.3375,0.0,1.0,0.3541499999999999,0.008853749999999999
ABTC,American Bitcoin Corp.,NASDAQ,Financial Services,Capital Markets,8.51,1682715.0,447490008.0,62.0,0.0,2026-10-03,0.0143,0.5,0.7039,0.0,0.256,,0.70855,0.5,0.6757,0.65,0.6241000000000001,0.6875,0.62175,0.3,19.0,0.6051500000000001,0.002304,0.1341815,0.060515,0.304,2026-10-03,0.345,0.0,1.0,0.33335,0.00833375
HLT,Hilton Worldwide Holdings Inc. Common Stock,NASDAQ,Consumer Cyclical,Lodging,319.36,1678850.0,76957146197.0,,0.0,2026-10-03,0.23515,0.25,0.50275,0.08835,0.2476499999999999,,0.6992,0.45,0.7465999999999999,0.65,0.64295,0.6875,0.6443,0.3,19.0,0.6271,0.0022288499999999,0.13823425,0.06271,0.152,2026-10-03,0.345,0.0,1.0,0.3656,0.00914
BURL,Burlington Stores Inc. Common Stock,NASDAQ,Consumer Cyclical,Apparel Retail,275.34,1661605.0,20845198319.0,,0.0,2026-10-03,0.23515,0.25,0.50275,0.08835,0.2476499999999999,,0.6992,0.45,0.7465999999999999,0.65,0.64295,0.6875,0.6443,0.3,19.0,0.6271,0.0022288499999999,0.13823425,0.06271,0.152,2026-10-03,0.345,0.0,1.0,0.3656,0.00914
STAG,Stag Industrial Inc. Common Stock,NASDAQ,Real Estate,REIT - Industrial,36.05,1660590.0,7584287666.0,,0.0,2026-10-03,0.4608,0.25,0.4744,0.45,0.407,,0.646,0.45,0.7034,0.5,0.5803,0.6778,0.6275,0.3,18.0,0.6198,0.0036629999999999,0.1247645,0.06198,0.152,2026-10-03,0.0,0.0,1.0,0.2,0.005000000000000001
VSAT,"ViaSat, Inc.",NASDAQ,Technology,Communication Equipment,72.0,1659405.0,7640516306.0,62.0,0.0,2026-10-03,0.58255,0.5,0.44155,0.0695,0.4882499999999999,,0.75,0.4778,0.7119,0.65,0.6543,0.6833,0.6629,0.3,19.0,0.6293,0.00439425,0.1406745,0.06293,0.304,2026-10-03,0.57,0.0,1.0,0.485,0.012125
NTRA,"Natera, Inc.",NASDAQ,Healthcare,Diagnostics & Research,410.35,1659145.0,26736182913.49411,61.0,0.0,2026-10-03,0.61995,0.49245,0.49685,0.45,0.4607,,0.6198,0.4585,0.6244,0.5,0.5658,0.6778,0.69395,0.3,19.0,0.6323,0.0041463,0.1216469999999999,0.06323,0.2994096,2026-10-03,0.0,0.0,1.0,0.2,0.005000000000000001
LHX,L3Harris Technologies Inc. Common Stock,NASDAQ,Industrials,Aerospace & Defense,236.6,1655340.0,59306391345.0,,0.0,2026-10-03,0.42575,0.25,0.4852999999999999,0.1068,0.40095,,0.7152000000000001,0.45,0.75,0.6000000000000001,0.6344,0.6844,0.6418,0.3,19.0,0.61435,0.00360855,0.136396,0.061435,0.152,2026-10-03,0.3375,0.0,1.0,0.3541499999999999,0.008853749999999999
SYM,Symbotic Inc. - Class A Common Stock,NASDAQ,Industrials,Specialty Industrial Machinery,43.28,1654790.0,32420506986.0,,0.0,2026-10-03,0.0689,0.6589,0.3633,0.0,0.2728,,0.7152000000000001,0.45,0.75,0.6000000000000001,0.6344,0.6844,0.6418,0.3,19.0,0.61435,0.0024552,0.136396,0.061435,0.4006112,2026-10-03,0.3375,0.0,1.0,0.3541499999999999,0.008853749999999999
ATRC,"AtriCure, Inc.",NASDAQ,Healthcare,Medical Instruments & Supplies,55.14,1653885.0,1443989018.5894184,61.0,0.0,2026-10-03,0.61995,0.49245,0.49685,0.45,0.4607,,0.6198,0.4585,0.6244,0.5,0.5658,0.6778,0.69395,0.3,19.0,0.6323,0.0041463,0.1216469999999999,0.06323,0.2994096,2026-10-03,0.0,0.0,1.0,0.2,0.005000000000000001
ADC,Agree Realty Corporation Common Stock,NASDAQ,Real Estate,REIT - Retail,65.88,1653750.0,9210691770.0,,0.0,2026-10-03,0.4608,0.25,0.4744,0.45,0.407,,0.646,0.45,0.7034,0.5,0.5803,0.6778,0.6275,0.3,18.0,0.6198,0.0036629999999999,0.1247645,0.06198,0.152,2026-10-03,0.0,0.0,1.0,0.2,0.005000000000000001
FROG,JFrog Ltd.,NASDAQ,Technology,Software - Application,95.5,1653280.0,5352796389.817516,61.0,0.0,2026-10-03,0.58255,0.5,0.44155,0.0695,0.4882499999999999,,0.75,0.4778,0.7119,0.65,0.6543,0.6833,0.6629,0.3,19.0,0.6293,0.00439425,0.1406745,0.06293,0.304,2026-10-03,0.57,0.0,1.0,0.485,0.012125
FDX,FedEx Corporation Common Stock,NASDAQ,Industrials,Integrated Freight & Logistics,290.36,1650760.0,92574651814.0,,0.0,2026-10-03,0.42575,0.25,0.4852999999999999,0.1068,0.40095,,0.7152000000000001,0.45,0.75,0.6000000000000001,0.6344,0.6844,0.6418,0.3,19.0,0.61435,0.00360855,0.136396,0.061435,0.152,2026-10-03,0.3375,0.0,1.0,0.3541499999999999,0.008853749999999999
TREX,Trex Company Inc. Common Stock,NASDAQ,Industrials,Building Products & Equipment,43.56,1650185.0,4352950557.0,,0.0,2026-10-03,0.42575,0.25,0.4852999999999999,0.1068,0.40095,,0.7152000000000001,0.45,0.75,0.6000000000000001,0.6344,0.6844,0.6418,0.3,19.0,0.61435,0.00360855,0.136396,0.061435,0.152,2026-10-03,0.3375,0.0,1.0,0.3541499999999999,0.008853749999999999
MIAX,Miami International Holdings Inc. Common Stock,NASDAQ,Financial Services,Capital Markets,33.01,1648495.0,4251444704.0,,0.0,2026-10-03,0.5297,0.25,0.5036,0.6,0.4695,,0.70855,0.5,0.6757,0.65,0.6241000000000001,0.6875,0.62175,0.3,19.0,0.6051500000000001,0.0042254999999999,0.1341815,0.060515,0.152,2026-10-03,0.345,0.0,1.0,0.33335,0.00833375
TDS,Telephone and Data Systems Inc. Common Shares,NASDAQ,Communication Services,Telecom Services,35.39,1647335.0,5146883880.0,,0.0,2026-10-03,0.4121,0.2674,0.4984,0.0947,0.4045,,0.5903,0.45,0.6953499999999999,0.65,0.5902499999999999,0.6770499999999999,0.6206,0.3,18.5,0.61235,0.0036405,0.1269037499999999,0.061235,0.1625792,2026-10-03,0.0,0.0,0.95835,0.2,0.005000000000000001
GLDD,Great Lakes Dredge & Dock Corporation,NASDAQ,Industrials,Engineering & Construction,17.0,1646645.0,1133270096.205265,61.0,0.0,2026-10-03,0.42575,0.25,0.4852999999999999,0.1068,0.40095,,0.7152000000000001,0.45,0.75,0.6000000000000001,0.6344,0.6844,0.6418,0.3,19.0,0.61435,0.00360855,0.136396,0.061435,0.152,2026-10-03,0.3375,0.0,1.0,0.3541499999999999,0.008853749999999999
HAPN,"Happen, Inc.",NASDAQ,Financial Services,Banks - Regional,15.38,1644675.0,2271259774.0,62.0,0.0,2026-10-03,0.5297,0.25,0.5036,0.6,0.4695,,0.70855,0.5,0.6757,0.65,0.6241000000000001,0.6875,0.62175,0.3,19.0,0.6051500000000001,0.0042254999999999,0.1341815,0.060515,0.152,2026-10-03,0.345,0.0,1.0,0.33335,0.00833375
RYAAY,Ryanair Holdings plc,NASDAQ,Industrials,Airlines,55.05,1630535.0,31336620920.27665,61.0,0.0,2026-10-03,0.42575,0.25,0.4852999999999999,0.1068,0.40095,,0.7152000000000001,0.45,0.75,0.6000000000000001,0.6344,0.6844,0.6418,0.3,19.0,0.61435,0.00360855,0.136396,0.061435,0.152,2026-10-03,0.3375,0.0,1.0,0.3541499999999999,0.008853749999999999
CRSP,CRISPR Therapeutics AG,NASDAQ,Healthcare,Biotechnology,55.43,1621015.0,4444119872.369019,61.0,0.0,2026-10-03,0.61995,0.49245,0.49685,0.45,0.4607,,0.6198,0.4585,0.6244,0.5,0.5658,0.6778,0.69395,0.3,19.0,0.6323,0.0041463,0.1216469999999999,0.06323,0.2994096,2026-10-03,0.0,0.0,1.0,0.2,0.005000000000000001
INCY,Incyte Corporation,NASDAQ,Healthcare,Biotechnology,115.3,1620235.0,18142161272.57281,61.0,0.0,2026-10-03,0.61995,0.49245,0.49685,0.45,0.4607,,0.6198,0.4585,0.6244,0.5,0.5658,0.6778,0.69395,0.3,19.0,0.6323,0.0041463,0.1216469999999999,0.06323,0.2994096,2026-10-03,0.0,0.0,1.0,0.2,0.005000000000000001
CSTM,Constellium SE Ordinary Shares (France),NASDAQ,Basic Materials,Aluminum,24.4,1619140.0,4272401006.0,,0.0,2026-10-03,0.75715,0.5,0.5117499999999999,0.0915,0.49015,,0.7681,0.55,0.75,0.525,0.6791499999999999,0.68035,0.66,0.3,19.0,0.5902499999999999,0.00441135,0.14601725,0.0590249999999999,0.304,2026-10-03,0.57,0.55,1.0,0.65,0.01625
IQV,IQVIA Holdings Inc. Common Stock,NASDAQ,Healthcare,Diagnostics & Research,258.21,1613825.0,27241349288.0,,0.0,2026-10-03,0.61995,0.49245,0.49685,0.45,0.4607,,0.6198,0.4585,0.6244,0.5,0.5658,0.6778,0.69395,0.3,19.0,0.6323,0.0041463,0.1216469999999999,0.06323,0.2994096,2026-10-03,0.0,0.0,1.0,0.2,0.005000000000000001
GMED,Globus Medical Inc. Class A Common Stock,NASDAQ,Healthcare,Medical Devices,75.6,1610890.0,12831457319.0,,0.0,2026-10-03,0.61995,0.49245,0.49685,0.45,0.4607,,0.6198,0.4585,0.6244,0.5,0.5658,0.6778,0.69395,0.3,19.0,0.6323,0.0041463,0.1216469999999999,0.06323,0.2994096,2026-10-03,0.0,0.0,1.0,0.2,0.005000000000000001
AMPL,"Amplitude, Inc.",NASDAQ,Technology,Software - Application,14.52,1610140.0,872566665.003171,61.0,0.0,2026-10-03,0.58255,0.5,0.44155,0.0695,0.4882499999999999,,0.75,0.4778,0.7119,0.65,0.6543,0.6833,0.6629,0.3,19.0,0.6293,0.00439425,0.1406745,0.06293,0.304,2026-10-03,0.57,0.0,0.7379,0.4326,0.010815
CM,Canadian Imperial Bank of Commerce Common Stock,NASDAQ,Financial Services,Banks - Diversified,111.02,1607890.0,100796732962.0,,0.0,2026-10-03,0.5297,0.25,0.5036,0.6,0.4695,,0.70855,0.5,0.6757,0.65,0.6241000000000001,0.6875,0.62175,0.3,19.0,0.6051500000000001,0.0042254999999999,0.1341815,0.060515,0.152,2026-10-03,0.345,0.0,1.0,0.33335,0.00833375
LC,LendingClub Corporation Common Stock,NASDAQ,Financial Services,Banks - Regional,19.57,1606420.0,2017748058.0,,0.0,2026-10-03,0.5297,0.25,0.5036,0.6,0.4695,,0.70855,0.5,0.6757,0.65,0.6241000000000001,0.6875,0.62175,0.3,19.0,0.6051500000000001,0.0042254999999999,0.1341815,0.060515,0.152,2026-10-03,0.345,0.0,1.0,0.33335,0.00833375
GWRE,Guidewire Software Inc. Common Stock,NASDAQ,Technology,Software - Application,152.15,1605400.0,11865275994.0,,0.0,2026-10-03,0.58255,0.5,0.44155,0.0695,0.4882499999999999,,0.75,0.4778,0.7119,0.65,0.6543,0.6833,0.6629,0.3,19.0,0.6293,0.00439425,0.1406745,0.06293,0.304,2026-10-03,0.36,0.0,1.0,0.38,0.009500000000000001
IRM,Iron Mountain Incorporated (Delaware)Common Stock REIT,NASDAQ,Real Estate,REIT - Specialty,113.39,1604860.0,34516466773.0,,0.0,2026-10-03,0.4608,0.25,0.4744,0.45,0.407,,0.646,0.45,0.7034,0.5,0.5803,0.6778,0.6275,0.3,18.0,0.6198,0.0036629999999999,0.1247645,0.06198,0.152,2026-10-03,0.0,0.0,1.0,0.2,0.005000000000000001
TTE,TotalEnergies SE Ordinary Shares,NASDAQ,Energy,Oil & Gas Integrated,84.4,1598035.0,191287860605.0,,0.0,2026-10-03,0.6603,0.5,0.5166,0.6,0.6019,,0.7292,0.4065499999999999,0.7446999999999999,0.65,0.62495,0.675,0.64585,0.3,18.0,0.6146499999999999,0.0054171,0.13436425,0.0614649999999999,0.304,2026-10-03,0.57,0.0,1.0,0.485,0.012125
REYN,Reynolds Consumer Products Inc.,NASDAQ,Consumer Cyclical,Packaging & Containers,22.32,1595390.0,4433879110.534287,61.0,0.0,2026-10-03,0.23515,0.25,0.50275,0.08835,0.2476499999999999,,0.6992,0.45,0.7465999999999999,0.65,0.64295,0.6875,0.6443,0.3,19.0,0.6271,0.0022288499999999,0.13823425,0.06271,0.152,2026-10-03,0.345,0.0,1.0,0.3656,0.00914
ORI,Old Republic International Corporation Common Stock,NASDAQ,Financial Services,Insurance - Property & Casualty,38.06,1590725.0,9837262638.0,,0.0,2026-10-03,0.5297,0.25,0.5036,0.6,0.4695,,0.70855,0.5,0.6757,0.65,0.6241000000000001,0.6875,0.62175,0.3,19.0,0.6051500000000001,0.0042254999999999,0.1341815,0.060515,0.152,2026-10-03,0.345,0.0,1.0,0.33335,0.00833375
GLBE,Global-E Online Ltd.,NASDAQ,Consumer Cyclical,Internet Retail,39.31,1585350.0,5003524524.86557,61.0,0.0,2026-10-03,0.23515,0.25,0.50275,0.08835,0.2476499999999999,,0.6992,0.45,0.7465999999999999,0.65,0.64295,0.6875,0.6443,0.3,19.0,0.6271,0.0022288499999999,0.13823425,0.06271,0.152,2026-10-03,0.345,0.0,1.0,0.3656,0.00914
ACM,AECOM Common Stock,NASDAQ,Industrials,Engineering & Construction,59.66,1583340.0,10390927065.0,,0.0,2026-10-03,0.42575,0.25,0.4852999999999999,0.1068,0.40095,,0.7152000000000001,0.45,0.75,0.6000000000000001,0.6344,0.6844,0.6418,0.3,19.0,0.61435,0.00360855,0.136396,0.061435,0.152,2026-10-03,0.3375,0.0,1.0,0.3541499999999999,0.008853749999999999
WAFD,"WaFd, Inc. - Common Stock",NASDAQ,Financial Services,Banks - Regional,30.8,1579625.0,2487188689.0,,0.0,2026-10-03,0.5297,0.25,0.5036,0.6,0.4695,,0.70855,0.5,0.6757,0.65,0.6241000000000001,0.6875,0.62175,0.3,19.0,0.6051500000000001,0.0042254999999999,0.1341815,0.060515,0.152,2026-10-03,0.345,0.0,1.0,0.33335,0.00833375
CRI,Carter's Inc. Common Stock,NASDAQ,Consumer Cyclical,Apparel Retail,31.59,1568465.0,1371841168.0,,0.0,2026-10-03,0.3076,0.25,0.4224,0.0784,0.2732,,0.6992,0.45,0.7465999999999999,0.65,0.64295,0.6875,0.6443,0.3,19.0,0.6271,0.0024588,0.13823425,0.06271,0.152,2026-10-03,0.345,0.0,1.0,0.3656,0.00914
QDEL,QuidelOrtho Corporation,NASDAQ,Healthcare,Medical Devices,10.77,1565050.0,1017141570.4117537,61.0,0.0,2026-10-03,0.0297,0.0,0.4527,0.0,0.0962,,0.6198,0.4585,0.6244,0.5,0.5658,0.6778,0.69395,0.3,19.0,0.6323,0.0008657999999999,0.1216469999999999,0.06323,0.0,2026-10-03,0.0,0.0,1.0,0.2,0.005000000000000001
HOMB,Home BancShares Inc. Common Stock,NASDAQ,Financial Services,Banks - Regional,28.67,1564235.0,5345824191.0,,0.0,2026-10-03,0.5297,0.25,0.5036,0.6,0.4695,,0.70855,0.5,0.6757,0.65,0.6241000000000001,0.6875,0.62175,0.3,19.0,0.6051500000000001,0.0042254999999999,0.1341815,0.060515,0.152,2026-10-03,0.345,0.0,1.0,0.33335,0.00833375
FLS,Flowserve Corporation Common Stock,NASDAQ,Industrials,Specialty Industrial Machinery,74.37,1563070.0,10635134425.0,,0.0,2026-10-03,0.42575,0.25,0.4852999999999999,0.1068,0.40095,,0.7152000000000001,0.45,0.75,0.6000000000000001,0.6344,0.6844,0.6418,0.3,19.0,0.61435,0.00360855,0.136396,0.061435,0.152,2026-10-03,0.3375,0.0,1.0,0.3541499999999999,0.008853749999999999
CLYM,"Climb Bio, Inc.",NASDAQ,Healthcare,Biotechnology,10.94,1561405.0,436599353.0,63.0,0.0,2026-10-03,0.61995,0.49245,0.49685,0.45,0.4607,,0.6198,0.4585,0.6244,0.5,0.5658,0.6778,0.69395,0.3,19.0,0.6323,0.0041463,0.1216469999999999,0.06323,0.2994096,2026-10-03,0.0,0.0,1.0,0.2,0.005000000000000001
EAT,Brinker International Inc. Common Stock,NASDAQ,Consumer Cyclical,Restaurants,202.0,1560925.0,6039123904.0,,0.0,2026-10-03,0.23515,0.25,0.50275,0.08835,0.2476499999999999,,0.6992,0.45,0.7465999999999999,0.65,0.64295,0.6875,0.6443,0.3,19.0,0.6271,0.0022288499999999,0.13823425,0.06271,0.152,2026-10-03,0.345,0.0,1.0,0.3656,0.00914
MWA,MUELLER WATER PRODUCTS Common Stock,NASDAQ,Industrials,Specialty Industrial Machinery,21.66,1553680.0,4405374419.0,,0.0,2026-10-03,0.1675,0.0,0.631,0.0536,0.1758,,0.7152000000000001,0.45,0.75,0.6000000000000001,0.6344,0.6844,0.6418,0.3,19.0,0.61435,0.0015822,0.136396,0.061435,0.0,2026-10-03,0.3375,0.0,1.0,0.3541499999999999,0.008853749999999999
HSBC,HSBC Holdings plc. Common Stock,NASDAQ,Financial Services,Banks - Diversified,96.14,1552875.0,310763057543.0,,0.0,2026-10-03,0.5297,0.25,0.5036,0.6,0.4695,,0.70855,0.5,0.6757,0.65,0.6241000000000001,0.6875,0.62175,0.3,19.0,0.6051500000000001,0.0042254999999999,0.1341815,0.060515,0.152,2026-10-03,0.345,0.0,1.0,0.33335,0.00833375
RNG,RingCentral Inc. Class A Common Stock,NASDAQ,Technology,Software - Application,78.28,1551625.0,3502076373.0,,0.0,2026-10-03,0.58255,0.5,0.44155,0.0695,0.4882499999999999,,0.75,0.4778,0.7119,0.65,0.6543,0.6833,0.6629,0.3,19.0,0.6293,0.00439425,0.1406745,0.06293,0.304,2026-10-03,0.57,0.0,0.4133,0.3677,0.009192500000000001
IMVT,"Immunovant, Inc. ",NASDAQ,Healthcare,Biotechnology,33.62,1549195.0,5014015300.884819,61.0,0.0,2026-10-03,0.61995,0.49245,0.49685,0.45,0.4607,,0.6198,0.4585,0.6244,0.5,0.5658,0.6778,0.69395,0.3,19.0,0.6323,0.0041463,0.1216469999999999,0.06323,0.2994096,2026-10-03,0.0,0.0,1.0,0.2,0.005000000000000001
PRCH,"Porch Group, Inc.",NASDAQ,Financial Services,Insurance - Property & Casualty,17.31,1546145.0,730840639.9457359,61.0,0.0,2026-10-03,0.5297,0.25,0.5036,0.6,0.4695,,0.70855,0.5,0.6757,0.65,0.6241000000000001,0.6875,0.62175,0.3,19.0,0.6051500000000001,0.0042254999999999,0.1341815,0.060515,0.152,2026-10-03,0.345,0.0,1.0,0.33335,0.00833375
ORIC,"Oric Pharmaceuticals, Inc.",NASDAQ,Healthcare,Biotechnology,12.2,1544485.0,1347448775.5508022,61.0,0.0,2026-10-03,0.61995,0.49245,0.49685,0.45,0.4607,,0.6198,0.4585,0.6244,0.5,0.5658,0.6778,0.69395,0.3,19.0,0.6323,0.0041463,0.1216469999999999,0.06323,0.2994096,2026-10-03,0.0,0.0,1.0,0.2,0.005000000000000001
CGNX,Cognex Corporation,NASDAQ,Technology,Scientific & Technical Instruments,64.97,1544470.0,8080130531.670044,61.0,0.0,2026-10-03,0.58255,0.5,0.44155,0.0695,0.4882499999999999,,0.75,0.4778,0.7119,0.65,0.6543,0.6833,0.6629,0.3,19.0,0.6293,0.00439425,0.1406745,0.06293,0.304,2026-10-03,0.57,0.0,1.0,0.485,0.012125
TDC,Teradata Corporation Common Stock,NASDAQ,Technology,Software - Infrastructure,30.14,1543785.0,2498438791.0,,0.0,2026-10-03,0.58255,0.5,0.44155,0.0695,0.4882499999999999,,0.75,0.4778,0.7119,0.65,0.6543,0.6833,0.6629,0.3,19.0,0.6293,0.00439425,0.1406745,0.06293,0.304,2026-10-03,0.57,0.0,0.8711,0.4592,0.01148
BBNX,"Beta Bionics, Inc.",NASDAQ,Healthcare,Medical Devices,18.96,1543715.0,483321585.1774006,61.0,0.0,2026-10-03,0.61995,0.49245,0.49685,0.45,0.4607,,0.6198,0.4585,0.6244,0.5,0.5658,0.6778,0.69395,0.3,19.0,0.6323,0.0041463,0.1216469999999999,0.06323,0.2994096,2026-10-03,0.0,0.0,1.0,0.2,0.005000000000000001
GBDC,"Golub Capital BDC, Inc.",NASDAQ,Financial Services,Asset Management,12.54,1537635.0,3270610211.556792,61.0,0.0,2026-10-03,0.5297,0.25,0.5036,0.6,0.4695,,0.70855,0.5,0.6757,0.65,0.6241000000000001,0.6875,0.62175,0.3,19.0,0.6051500000000001,0.0042254999999999,0.1341815,0.060515,0.152,2026-10-03,0.345,0.0,1.0,0.33335,0.00833375
SHAK,Shake Shack Inc. Class A Common Stock,NASDAQ,Consumer Cyclical,Restaurants,60.98,1537125.0,4398182339.0,,0.0,2026-10-03,0.23515,0.25,0.50275,0.08835,0.2476499999999999,,0.6992,0.45,0.7465999999999999,0.65,0.64295,0.6875,0.6443,0.3,19.0,0.6271,0.0022288499999999,0.13823425,0.06271,0.152,2026-10-03,0.345,0.0,1.0,0.3656,0.00914
STTK,"Shattuck Labs, Inc. - Common Stock",NASDAQ,Healthcare,Biotechnology,6.73,1531840.0,523025971.0,,0.0,2026-10-03,0.61995,0.49245,0.49685,0.45,0.4607,,0.6198,0.4585,0.6244,0.5,0.5658,0.6778,0.69395,0.3,19.0,0.6323,0.0041463,0.1216469999999999,0.06323,0.2994096,2026-10-03,0.0,0.0,1.0,0.2,0.005000000000000001
HSY,The Hershey Company Common Stock,NASDAQ,Consumer Defensive,Confectioners,160.19,1531155.0,38811262814.0,,0.0,2026-10-03,0.323,0.25,0.4889,0.0627,0.3528,,0.7212,0.45,0.7174,0.65,0.628,0.6763,0.629,0.3,19.0,0.5958,0.0031752,0.13502,0.05958,0.152,2026-10-03,0.0,0.0,1.0,0.2,0.005000000000000001
SFNC,Simmons First National Corporation,NASDAQ,Financial Services,Banks - Regional,22.9,1528600.0,2772770484.019684,61.0,0.0,2026-10-03,0.5297,0.25,0.5036,0.6,0.4695,,0.70855,0.5,0.6757,0.65,0.6241000000000001,0.6875,0.62175,0.3,19.0,0.6051500000000001,0.0042254999999999,0.1341815,0.060515,0.152,2026-10-03,0.345,0.0,1.0,0.33335,0.00833375
FTRE,Fortrea Holdings Inc.,NASDAQ,Healthcare,Biotechnology,20.0,1527395.0,856459985.7330322,61.0,0.0,2026-10-03,0.61995,0.49245,0.49685,0.45,0.4607,,0.6198,0.4585,0.6244,0.5,0.5658,0.6778,0.69395,0.3,19.0,0.6323,0.0041463,0.1216469999999999,0.06323,0.2994096,2026-10-03,0.0,0.0,1.0,0.2,0.005000000000000001
PZZA,"Papa John's International, Inc.",NASDAQ,Consumer Cyclical,Restaurants,19.43,1525650.0,1055803970.912178,61.0,0.0,2026-10-03,0.23515,0.25,0.50275,0.08835,0.2476499999999999,,0.6992,0.45,0.7465999999999999,0.65,0.64295,0.6875,0.6443,0.3,19.0,0.6271,0.0022288499999999,0.13823425,0.06271,0.152,2026-10-03,0.345,0.0,1.0,0.3656,0.00914
NRIX,"Nurix Therapeutics, Inc.",NASDAQ,Healthcare,Biotechnology,22.99,1523305.0,1535446200.5451963,61.0,0.0,2026-10-03,0.61995,0.49245,0.49685,0.45,0.4607,,0.6198,0.4585,0.6244,0.5,0.5658,0.6778,0.69395,0.3,19.0,0.6323,0.0041463,0.1216469999999999,0.06323,0.2994096,2026-10-03,0.0,0.0,1.0,0.2,0.005000000000000001
TRI,Thomson Reuters Corp - Common Shares,NASDAQ,Industrials,Specialty Business Services,97.62,1521385.0,36959658804.0,,0.0,2026-10-03,0.42575,0.25,0.4852999999999999,0.1068,0.40095,,0.7152000000000001,0.45,0.75,0.6000000000000001,0.6344,0.6844,0.6418,0.3,19.0,0.61435,0.00360855,0.136396,0.061435,0.152,2026-10-03,0.3375,0.0,1.0,0.3541499999999999,0.008853749999999999
GGG,Graco Inc. Common Stock,NASDAQ,Industrials,Specialty Industrial Machinery,78.0,1518935.0,13539684183.0,,0.0,2026-10-03,0.42575,0.25,0.4852999999999999,0.1068,0.40095,,0.7152000000000001,0.45,0.75,0.6000000000000001,0.6344,0.6844,0.6418,0.3,19.0,0.61435,0.00360855,0.136396,0.061435,0.152,2026-10-03,0.3375,0.0,1.0,0.3541499999999999,0.008853749999999999
MTZ,MasTec Inc. Common Stock,NASDAQ,Industrials,Engineering & Construction,215.93,1518780.0,29648712503.0,,0.0,2026-10-03,0.42575,0.25,0.4852999999999999,0.1068,0.40095,,0.7152000000000001,0.45,0.75,0.6000000000000001,0.6344,0.6844,0.6418,0.3,19.0,0.61435,0.00360855,0.136396,0.061435,0.152,2026-10-03,0.3375,0.0,1.0,0.3541499999999999,0.008853749999999999
OMDA,"Omada Health, Inc.",NASDAQ,Healthcare,Health Information Services,20.37,1517795.0,743049765.559556,61.0,0.0,2026-10-03,0.61995,0.49245,0.49685,0.45,0.4607,,0.6198,0.4585,0.6244,0.5,0.5658,0.6778,0.69395,0.3,19.0,0.6323,0.0041463,0.1216469999999999,0.06323,0.2994096,2026-10-03,0.0,0.0,1.0,0.2,0.005000000000000001
HLIT,Harmonic Inc.,NASDAQ,Technology,Communication Equipment,11.17,1517205.0,1064530753.7228287,61.0,0.0,2026-10-03,0.58255,0.5,0.44155,0.0695,0.4882499999999999,,0.75,0.4778,0.7119,0.65,0.6543,0.6833,0.6629,0.3,19.0,0.6293,0.00439425,0.1406745,0.06293,0.304,2026-10-03,0.57,0.0,1.0,0.485,0.012125
ELVN,"Enliven Therapeutics, Inc. ",NASDAQ,Healthcare,Biotechnology,46.97,1513770.0,2305604671.579636,61.0,0.0,2026-10-03,0.61995,0.49245,0.49685,0.45,0.4607,,0.6198,0.4585,0.6244,0.5,0.5658,0.6778,0.69395,0.3,19.0,0.6323,0.0041463,0.1216469999999999,0.06323,0.2994096,2026-10-03,0.0,0.0,1.0,0.2,0.005000000000000001
MLYS,"Mineralys Therapeutics, Inc.",NASDAQ,Healthcare,Biotechnology,23.63,1513630.0,1965227581.7329063,61.0,0.0,2026-10-03,0.61995,0.49245,0.49685,0.45,0.4607,,0.6198,0.4585,0.6244,0.5,0.5658,0.6778,0.69395,0.3,19.0,0.6323,0.0041463,0.1216469999999999,0.06323,0.2994096,2026-10-03,0.0,0.0,1.0,0.2,0.005000000000000001
PFGC,Performance Food Group Company Common Stock,NASDAQ,Consumer Defensive,Food Distribution,93.85,1511365.0,14182894910.0,,0.0,2026-10-03,0.323,0.25,0.4889,0.0627,0.3528,,0.7212,0.45,0.7174,0.65,0.628,0.6763,0.629,0.3,19.0,0.5958,0.0031752,0.13502,0.05958,0.152,2026-10-03,0.0,0.0,1.0,0.2,0.005000000000000001
TYRA,"Tyra Biosciences, Inc. - Common Stock",NASDAQ,Healthcare,Biotechnology,20.43,1508100.0,1899354384.0,,0.0,2026-10-03,0.61995,0.49245,0.49685,0.45,0.4607,,0.6198,0.4585,0.6244,0.5,0.5658,0.6778,0.69395,0.3,19.0,0.6323,0.0041463,0.1216469999999999,0.06323,0.2994096,2026-10-03,0.0,0.0,1.0,0.2,0.005000000000000001
TIC,TIC Solutions Inc. Common Stock,NASDAQ,Industrials,Specialty Business Services,8.26,1506450.0,1906827476.0,,0.0,2026-10-03,0.42575,0.25,0.4852999999999999,0.1068,0.40095,,0.7152000000000001,0.45,0.75,0.6000000000000001,0.6344,0.6844,0.6418,0.3,19.0,0.61435,0.00360855,0.136396,0.061435,0.152,2026-10-03,0.3375,0.0,1.0,0.3541499999999999,0.008853749999999999
AOS,A.O. Smith Corporation Common Stock,NASDAQ,Industrials,Specialty Industrial Machinery,56.75,1501430.0,8899878652.0,,0.0,2026-10-03,0.171,0.0,0.4825,0.052,0.1622,,0.7152000000000001,0.45,0.75,0.6000000000000001,0.6344,0.6844,0.6418,0.3,19.0,0.61435,0.0014598,0.136396,0.061435,0.0,2026-10-03,0.3375,0.0,1.0,0.3541499999999999,0.008853749999999999
SVC,Service Properties Trust,NASDAQ,Real Estate,REIT - Hotel & Motel,6.38,1499330.0,1143749890.0,60.0,0.0,2026-10-03,0.1164,0.0,0.5843,0.0,0.1415,,0.646,0.45,0.7034,0.5,0.5803,0.6778,0.6275,0.3,18.0,0.6198,0.0012735,0.1247645,0.06198,0.0,2026-10-03,0.0,0.0,1.0,0.2,0.005000000000000001
PCVX,"Vaxcyte, Inc.",NASDAQ,Healthcare,Biotechnology,56.48,1495815.0,7810645019.710304,61.0,0.0,2026-10-03,0.61995,0.49245,0.49685,0.45,0.4607,,0.6198,0.4585,0.6244,0.5,0.5658,0.6778,0.69395,0.3,19.0,0.6323,0.0041463,0.1216469999999999,0.06323,0.2994096,2026-10-03,0.0,0.0,1.0,0.2,0.005000000000000001
YELP,Yelp Inc. Common Stock,NASDAQ,Communication Services,Internet Content & Information,18.26,1495780.0,1604645867.0,,0.0,2026-10-03,0.0713,0.0,0.6211,0.0,0.1323,,0.5903,0.45,0.6953499999999999,0.65,0.5902499999999999,0.6770499999999999,0.6206,0.3,18.5,0.61235,0.0011907,0.1269037499999999,0.061235,0.0,2026-10-03,0.0,0.0,0.95835,0.2,0.005000000000000001
DAN,Dana Incorporated Common Stock,NASDAQ,Consumer Cyclical,Auto Parts,27.88,1493195.0,4265034812.0,,0.0,2026-10-03,0.23515,0.25,0.50275,0.08835,0.2476499999999999,,0.6992,0.45,0.7465999999999999,0.65,0.64295,0.6875,0.6443,0.3,19.0,0.6271,0.0022288499999999,0.13823425,0.06271,0.152,2026-10-03,0.345,0.0,1.0,0.3656,0.00914
VCYT,"Veracyte, Inc.",NASDAQ,Healthcare,Diagnostics & Research,45.81,1491325.0,2470362507.0,62.0,0.0,2026-10-03,0.61995,0.49245,0.49685,0.45,0.4607,,0.6198,0.4585,0.6244,0.5,0.5658,0.6778,0.69395,0.3,19.0,0.6323,0.0041463,0.1216469999999999,0.06323,0.2994096,2026-10-03,0.0,0.0,1.0,0.2,0.005000000000000001
COCO,"The Vita Coco Company, Inc.",NASDAQ,Consumer Defensive,Beverages - Non-Alcoholic,55.97,1489885.0,2852966980.409855,61.0,0.0,2026-10-03,0.323,0.25,0.4889,0.0627,0.3528,,0.7212,0.45,0.7174,0.65,0.628,0.6763,0.629,0.3,19.0,0.5958,0.0031752,0.13502,0.05958,0.152,2026-10-03,0.0,0.0,1.0,0.2,0.005000000000000001
AME,AMETEK Inc.,NASDAQ,Industrials,Specialty Industrial Machinery,251.93,1488535.0,53360790986.0,,0.0,2026-10-03,0.42575,0.25,0.4852999999999999,0.1068,0.40095,,0.7152000000000001,0.45,0.75,0.6000000000000001,0.6344,0.6844,0.6418,0.3,19.0,0.61435,0.00360855,0.136396,0.061435,0.152,2026-10-03,0.3375,0.0,1.0,0.3541499999999999,0.008853749999999999
SHAZ,"SharonAI Holdings, Inc.",NASDAQ,Technology,Information Technology Services,50.81,1485770.0,1139613682.0,64.0,0.0,2026-10-03,0.58255,0.5,0.44155,0.0695,0.4882499999999999,,0.75,0.4778,0.7119,0.65,0.6543,0.6833,0.6629,0.3,19.0,0.6293,0.00439425,0.1406745,0.06293,0.304,2026-10-03,0.45,0.0,1.0,0.425,0.010625
PPC,Pilgrim's Pride Corporation,NASDAQ,Consumer Defensive,Packaged Foods,27.5,1485535.0,8679983967.401184,61.0,0.0,2026-10-03,0.101,0.1839,0.4248,0.0,0.1676,,0.7212,0.45,0.7174,0.65,0.628,0.6763,0.629,0.3,19.0,0.5958,0.0015084,0.13502,0.05958,0.1118112,2026-10-03,0.0,0.0,1.0,0.2,0.005000000000000001
SMFG,Sumitomo Mitsui Financial Group Inc Unsponsored American Depositary Shares (Japan),NASDAQ,Financial Services,Banks - Diversified,25.4,1483645.0,128539451180.0,,0.0,2026-10-03,0.5297,0.25,0.5036,0.6,0.4695,,0.70855,0.5,0.6757,0.65,0.6241000000000001,0.6875,0.62175,0.3,19.0,0.6051500000000001,0.0042254999999999,0.1341815,0.060515,0.152,2026-10-03,0.345,0.0,1.0,0.33335,0.00833375
PENG,"Penguin Solutions, Inc.",NASDAQ,Technology,Information Technology Services,61.36,1481180.0,886427052.6399345,61.0,0.0,2026-10-03,0.58255,0.5,0.44155,0.0695,0.4882499999999999,,0.75,0.4778,0.7119,0.65,0.6543,0.6833,0.6629,0.3,19.0,0.6293,0.00439425,0.1406745,0.06293,0.304,2026-10-03,0.36,0.0,1.0,0.38,0.009500000000000001
CIM,Chimera Investment Corporation Common Stock,NASDAQ,Real Estate,REIT - Mortgage,9.26,1479270.0,1135070372.0,,0.0,2026-10-03,0.4608,0.25,0.4744,0.45,0.407,,0.646,0.45,0.7034,0.5,0.5803,0.6778,0.6275,0.3,18.0,0.6198,0.0036629999999999,0.1247645,0.06198,0.152,2026-10-03,0.0,0.0,1.0,0.2,0.005000000000000001
SHOE,"Shoe Station Group, Inc.",NASDAQ,Consumer Cyclical,Apparel Retail,12.58,1476950.0,417044081.0,62.0,0.0,2026-10-03,0.0701,0.0,0.4524,0.0,0.1133,,0.6992,0.45,0.7465999999999999,0.65,0.64295,0.6875,0.6443,0.3,19.0,0.6271,0.0010197,0.13823425,0.06271,0.0,2026-10-03,0.345,0.0,1.0,0.3656,0.00914
CUZ,Cousins Properties Incorporated Common Stock,NASDAQ,Real Estate,REIT - Office,28.01,1476485.0,4137133641.0,,0.0,2026-10-03,0.4608,0.25,0.4744,0.45,0.407,,0.646,0.45,0.7034,0.5,0.5803,0.6778,0.6275,0.3,18.0,0.6198,0.0036629999999999,0.1247645,0.06198,0.152,2026-10-03,0.0,0.0,1.0,0.2,0.005000000000000001
KRC,Kilroy Realty Corporation Common Stock,NASDAQ,Real Estate,REIT - Office,33.63,1475625.0,3716359256.0,,0.0,2026-10-03,0.4608,0.25,0.4744,0.45,0.407,,0.646,0.45,0.7034,0.5,0.5803,0.6778,0.6275,0.3,18.0,0.6198,0.0036629999999999,0.1247645,0.06198,0.152,2026-10-03,0.0,0.0,1.0,0.2,0.005000000000000001
AJG,Arthur J. Gallagher & Co. Common Stock,NASDAQ,Financial Services,Insurance Brokers,226.11,1474965.0,55374199255.0,,0.0,2026-10-03,0.386,0.25,0.3761,0.0944,0.2907,,0.70855,0.5,0.6757,0.65,0.6241000000000001,0.6875,0.62175,0.3,19.0,0.6051500000000001,0.0026163,0.1341815,0.060515,0.152,2026-10-03,0.345,0.0,1.0,0.33335,0.00833375
AXGN,"Axogen, Inc.",NASDAQ,Healthcare,Medical Devices,37.39,1470710.0,1626992350.4973946,61.0,0.0,2026-10-03,0.61995,0.49245,0.49685,0.45,0.4607,,0.6198,0.4585,0.6244,0.5,0.5658,0.6778,0.69395,0.3,19.0,0.6323,0.0041463,0.1216469999999999,0.06323,0.2994096,2026-10-03,0.0,0.0,1.0,0.2,0.005000000000000001
KMT,Kennametal Inc. Common Stock,NASDAQ,Industrials,Tools & Accessories,32.6,1470380.0,2986992704.0,,0.0,2026-10-03,0.42575,0.25,0.4852999999999999,0.1068,0.40095,,0.7152000000000001,0.45,0.75,0.6000000000000001,0.6344,0.6844,0.6418,0.3,19.0,0.61435,0.00360855,0.136396,0.061435,0.152,2026-10-03,0.3375,0.0,1.0,0.3541499999999999,0.008853749999999999
BXSL,Blackstone Secured Lending Fund Common Shares of Beneficial Interest,NASDAQ,Financial Services,Asset Management,23.61,1468015.0,5435347488.0,,0.0,2026-10-03,0.5297,0.25,0.5036,0.6,0.4695,,0.70855,0.5,0.6757,0.65,0.6241000000000001,0.6875,0.62175,0.3,19.0,0.6051500000000001,0.0042254999999999,0.1341815,0.060515,0.152,2026-10-03,0.345,0.0,1.0,0.33335,0.00833375
ARCO,Arcos Dorados Holdings Inc. Class A Shares,NASDAQ,Consumer Cyclical,Restaurants,7.11,1460535.0,1944419919.0,,0.0,2026-10-03,0.5107,0.0,0.0,0.1132,0.2327,,0.6992,0.45,0.7465999999999999,0.65,0.64295,0.6875,0.6443,0.3,19.0,0.6271,0.0020943,0.13823425,0.06271,0.0,2026-10-03,0.345,0.0,1.0,0.3656,0.00914
GNRC,Generac Holdlings Inc. Common Stock,NASDAQ,Industrials,Specialty Industrial Machinery,216.8,1458250.0,12963250029.0,,0.0,2026-10-03,0.2268,0.25,0.3967,0.097,0.2547,,0.7152000000000001,0.45,0.75,0.6000000000000001,0.6344,0.6844,0.6418,0.3,19.0,0.61435,0.0022923,0.136396,0.061435,0.152,2026-10-03,0.3375,0.0,1.0,0.3541499999999999,0.008853749999999999
SPOT,Spotify Technology S.A. Ordinary Shares,NASDAQ,Communication Services,Internet Content & Information,472.89,1452300.0,106647052120.0,,0.0,2026-10-03,0.4121,0.2674,0.4984,0.0947,0.4045,,0.5903,0.45,0.6953499999999999,0.65,0.5902499999999999,0.6770499999999999,0.6206,0.3,18.5,0.61235,0.0036405,0.1269037499999999,0.061235,0.1625792,2026-10-03,0.0,0.0,0.95835,0.2,0.005000000000000001
VERX,"Vertex, Inc. - Class A Common Stock",NASDAQ,Technology,Software - Application,12.01,1448600.0,1727534485.0,,0.0,2026-10-03,0.1235,0.0,0.4337,0.0,0.1295,,0.75,0.4778,0.7119,0.65,0.6543,0.6833,0.6629,0.3,19.0,0.6293,0.0011655,0.1406745,0.06293,0.0,2026-10-03,0.0,0.0,1.0,0.2,0.005000000000000001
GPRE,"Green Plains, Inc.",NASDAQ,Basic Materials,Chemicals,15.23,1446710.0,1191450641.3420334,61.0,0.0,2026-10-03,0.75715,0.5,0.5117499999999999,0.0915,0.49015,,0.7681,0.55,0.75,0.525,0.6791499999999999,0.68035,0.66,0.3,19.0,0.5902499999999999,0.00441135,0.14601725,0.0590249999999999,0.304,2026-10-03,0.435,0.0,1.0,0.4175,0.0104375
PRCT,PROCEPT BioRobotics Corporation,NASDAQ,Healthcare,Medical Devices,17.16,1443685.0,1419341237.6222303,61.0,0.0,2026-10-03,0.0772,0.0,0.4217,0.0,0.1093,,0.6198,0.4585,0.6244,0.5,0.5658,0.6778,0.69395,0.3,19.0,0.6323,0.0009837,0.1216469999999999,0.06323,0.0,2026-10-03,0.0,0.0,1.0,0.2,0.005000000000000001
SGMT,Sagimet Biosciences Inc.,NASDAQ,Healthcare,Biotechnology,9.14,1441735.0,469931259.0,63.0,0.0,2026-10-03,0.61995,0.49245,0.49685,0.45,0.4607,,0.6198,0.4585,0.6244,0.5,0.5658,0.6778,0.69395,0.3,19.0,0.6323,0.0041463,0.1216469999999999,0.06323,0.2994096,2026-10-03,0.0,0.0,1.0,0.2,0.005000000000000001
AEVA,"Aeva Technologies, Inc.",NASDAQ,Technology,Software - Infrastructure,14.76,1441290.0,810136750.2262087,61.0,0.0,2026-10-03,0.2743,0.0,0.4337,0.0,0.1862,,0.75,0.4778,0.7119,0.65,0.6543,0.6833,0.6629,0.3,19.0,0.6293,0.0016757999999999,0.1406745,0.06293,0.0,2026-10-03,0.0,0.0,1.0,0.2,0.005000000000000001
HUBG,"Hub Group, Inc.",NASDAQ,Industrials,Integrated Freight & Logistics,29.77,1439425.0,2167173260.813668,61.0,0.0,2026-10-03,0.42575,0.25,0.4852999999999999,0.1068,0.40095,,0.7152000000000001,0.45,0.75,0.6000000000000001,0.6344,0.6844,0.6418,0.3,19.0,0.61435,0.00360855,0.136396,0.061435,0.152,2026-10-03,0.3375,0.0,1.0,0.3541499999999999,0.008853749999999999
AVT,"Avnet, Inc.",NASDAQ,Technology,Electronics & Computer Distribution,106.94,1435020.0,4946160316.244431,61.0,0.0,2026-10-03,0.58255,0.5,0.44155,0.0695,0.4882499999999999,,0.75,0.4778,0.7119,0.65,0.6543,0.6833,0.6629,0.3,19.0,0.6293,0.00439425,0.1406745,0.06293,0.304,2026-10-03,0.57,0.0,0.7092,0.4268,0.01067
RGNX,REGENXBIO Inc.,NASDAQ,Healthcare,Biotechnology,7.43,1427235.0,408774837.2177582,61.0,0.0,2026-10-03,0.114,0.0,0.4005,0.0,0.1227,,0.6198,0.4585,0.6244,0.5,0.5658,0.6778,0.69395,0.3,19.0,0.6323,0.0011043,0.1216469999999999,0.06323,0.0,2026-10-03,0.0,0.0,1.0,0.2,0.005000000000000001
MUX,McEwen Inc. Common Stock,NASDAQ,Basic Materials,Other Precious Metals & Mining,17.74,1426340.0,1441730375.0,,0.0,2026-10-03,0.5249,0.25,0.0,0.0,0.2813,,0.7681,0.55,0.75,0.525,0.6791499999999999,0.68035,0.66,0.3,19.0,0.5902499999999999,0.0025317,0.14601725,0.0590249999999999,0.152,2026-10-03,0.0,0.0,1.0,0.2,0.005000000000000001
VNO,Vornado Realty Trust Common Stock,NASDAQ,Real Estate,REIT - Office,33.73,1423235.0,5524449106.0,,0.0,2026-10-03,0.4608,0.25,0.4744,0.45,0.407,,0.646,0.45,0.7034,0.5,0.5803,0.6778,0.6275,0.3,18.0,0.6198,0.0036629999999999,0.1247645,0.06198,0.152,2026-10-03,0.0,0.0,1.0,0.2,0.005000000000000001
VET,Vermilion Energy Inc. Common (Canada),NASDAQ,Energy,Oil & Gas E&P,11.68,1421405.0,1892591579.0,,0.0,2026-10-03,0.6603,0.5,0.5166,0.6,0.6019,,0.7292,0.4065499999999999,0.7446999999999999,0.65,0.62495,0.675,0.64585,0.3,18.0,0.6146499999999999,0.0054171,0.13436425,0.0614649999999999,0.304,2026-10-03,0.57,0.9,1.0,0.755,0.018875000000000003
BLSH,Bullish Ordinary Shares,NASDAQ,Technology,Software - Infrastructure,34.23,1414645.0,6004573324.0,,0.0,2026-10-03,0.58255,0.5,0.44155,0.0695,0.4882499999999999,,0.75,0.4778,0.7119,0.65,0.6543,0.6833,0.6629,0.3,19.0,0.6293,0.00439425,0.1406745,0.06293,0.304,2026-10-03,0.225,0.0,1.0,0.3125,0.0078125
AMLX,"Amylyx Pharmaceuticals, Inc.",NASDAQ,Healthcare,Drug Manufacturers - Specialty & Generic,27.79,1414455.0,1498328309.6531982,61.0,0.0,2026-10-03,0.61995,0.49245,0.49685,0.45,0.4607,,0.6198,0.4585,0.6244,0.5,0.5658,0.6778,0.69395,0.3,19.0,0.6323,0.0041463,0.1216469999999999,0.06323,0.2994096,2026-10-03,0.0,0.0,1.0,0.2,0.005000000000000001
GXO,GXO Logistics Inc. Common Stock,NASDAQ,Industrials,Integrated Freight & Logistics,46.56,1413980.0,6473707290.0,,0.0,2026-10-03,0.42575,0.25,0.4852999999999999,0.1068,0.40095,,0.7152000000000001,0.45,0.75,0.6000000000000001,0.6344,0.6844,0.6418,0.3,19.0,0.61435,0.00360855,0.136396,0.061435,0.152,2026-10-03,0.3375,0.0,1.0,0.3541499999999999,0.008853749999999999
SNN,Smith & Nephew SNATS Inc. Common Stock,NASDAQ,Healthcare,Medical Devices,26.42,1409735.0,13473630701.0,,0.0,2026-10-03,0.1105,0.0,0.6601,0.0853,0.1655,,0.6198,0.4585,0.6244,0.5,0.5658,0.6778,0.69395,0.3,19.0,0.6323,0.0014895,0.1216469999999999,0.06323,0.0,2026-10-03,0.0,0.0,1.0,0.2,0.005000000000000001
AVNS,Avanos Medical Inc. Common Stock,NASDAQ,Healthcare,Medical Devices,24.99,1409371.0,1150985074.0,,0.0,2026-10-03,0.61995,0.49245,0.49685,0.45,0.4607,,0.6198,0.4585,0.6244,0.5,0.5658,0.6778,0.69395,0.3,19.0,0.6323,0.0041463,0.1216469999999999,0.06323,0.2994096,2026-10-03,0.0,0.0,1.0,0.2,0.005000000000000001
GLNG,Golar LNG Limited,NASDAQ,Energy,Oil & Gas Midstream,49.21,1406065.0,5565811742.492676,61.0,0.0,2026-10-03,0.6603,0.5,0.5166,0.6,0.6019,,0.7292,0.4065499999999999,0.7446999999999999,0.65,0.62495,0.675,0.64585,0.3,18.0,0.6146499999999999,0.0054171,0.13436425,0.0614649999999999,0.304,2026-10-03,0.45,0.0,1.0,0.425,0.010625
HTHT,H World Group Limited,NASDAQ,Consumer Cyclical,Lodging,41.78,1399845.0,15158808265.429289,61.0,0.0,2026-10-03,0.23515,0.25,0.50275,0.08835,0.2476499999999999,,0.6992,0.45,0.7465999999999999,0.65,0.64295,0.6875,0.6443,0.3,19.0,0.6271,0.0022288499999999,0.13823425,0.06271,0.152,2026-10-03,0.345,0.0,1.0,0.3656,0.00914
NMZ,Nuveen Municipal High Income Opportunity Fund Common Stock $0.01 par value per share,NASDAQ,Financial Services,Asset Management,8.95,1397930.0,1207901068.0,,0.0,2026-10-03,0.5297,0.25,0.5036,0.6,0.4695,,0.70855,0.5,0.6757,0.65,0.6241000000000001,0.6875,0.62175,0.3,19.0,0.6051500000000001,0.0042254999999999,0.1341815,0.060515,0.152,2026-10-03,0.345,0.0,1.0,0.33335,0.00833375
PFG,Principal Financial Group Inc,NASDAQ,Financial Services,Asset Management,111.96,1397295.0,19493435515.617645,61.0,0.0,2026-10-03,0.5297,0.25,0.5036,0.6,0.4695,,0.70855,0.5,0.6757,0.65,0.6241000000000001,0.6875,0.62175,0.3,19.0,0.6051500000000001,0.0042254999999999,0.1341815,0.060515,0.152,2026-10-03,0.345,0.0,1.0,0.33335,0.00833375
JMIA,Jumia Technologies AG American Depositary Shares each representing two Ordinary Shares,NASDAQ,Consumer Cyclical,Internet Retail,6.92,1396725.0,884307654.0,,0.0,2026-10-03,0.23515,0.25,0.50275,0.08835,0.2476499999999999,,0.6992,0.45,0.7465999999999999,0.65,0.64295,0.6875,0.6443,0.3,19.0,0.6271,0.0022288499999999,0.13823425,0.06271,0.152,2026-10-03,0.345,0.0,1.0,0.3656,0.00914
ALNY,"Alnylam Pharmaceuticals, Inc.",NASDAQ,Healthcare,Biotechnology,219.72,1394950.0,42719238971.11816,61.0,0.0,2026-10-03,0.0392,0.25,0.6434,0.0,0.1854,,0.6198,0.4585,0.6244,0.5,0.5658,0.6778,0.69395,0.3,19.0,0.6323,0.0016686,0.1216469999999999,0.06323,0.152,2026-10-03,0.0,0.0,1.0,0.2,0.005000000000000001
PDO,PIMCO Dynamic Income Opportunities Fund Common Shares of Beneficial Interest,NASDAQ,Financial Services,Asset Management,12.11,1390730.0,1905031974.0,,0.0,2026-10-03,0.5297,0.25,0.5036,0.6,0.4695,,0.70855,0.5,0.6757,0.65,0.6241000000000001,0.6875,0.62175,0.3,19.0,0.6051500000000001,0.0042254999999999,0.1341815,0.060515,0.152,2026-10-03,0.345,0.0,1.0,0.33335,0.00833375
ABVX,Abivax SA,NASDAQ,Healthcare,Biotechnology,92.88,1385815.0,8236033418.514526,61.0,0.0,2026-10-03,0.4739,0.0,0.4468,0.0,0.2522,,0.6198,0.4585,0.6244,0.5,0.5658,0.6778,0.69395,0.3,19.0,0.6323,0.0022697999999999,0.1216469999999999,0.06323,0.0,2026-10-03,0.0,0.0,1.0,0.2,0.005000000000000001
EHAB,Enhabit Inc. Common Stock,NASDAQ,Healthcare,Medical Care Facilities,13.8,1382500.0,703839814.0,,0.0,2026-10-03,0.61995,0.49245,0.49685,0.45,0.4607,,0.6198,0.4585,0.6244,0.5,0.5658,0.6778,0.69395,0.3,19.0,0.6323,0.0041463,0.1216469999999999,0.06323,0.2994096,2026-10-03,0.0,0.0,1.0,0.2,0.005000000000000001
LILAK,Liberty Latin America Ltd.,NASDAQ,Communication Services,Telecom Services,8.5,1373975.0,1678821315.4581566,61.0,0.0,2026-10-03,0.4121,0.2674,0.4984,0.0947,0.4045,,0.5903,0.45,0.6953499999999999,0.65,0.5902499999999999,0.6770499999999999,0.6206,0.3,18.5,0.61235,0.0036405,0.1269037499999999,0.061235,0.1625792,2026-10-03,0.0,0.0,0.95835,0.2,0.005000000000000001
CAKE,The Cheesecake Factory Incorporated,NASDAQ,Consumer Cyclical,Restaurants,109.65,1369540.0,2657988209.6810417,61.0,0.0,2026-10-03,0.23515,0.25,0.50275,0.08835,0.2476499999999999,,0.6992,0.45,0.7465999999999999,0.65,0.64295,0.6875,0.6443,0.3,19.0,0.6271,0.0022288499999999,0.13823425,0.06271,0.152,2026-10-03,0.345,0.0,1.0,0.3656,0.00914
BCAT,BlackRock Capital Allocation Term Trust Common Shares of Beneficial Interest,NASDAQ,Financial Services,Asset Management,13.73,1369520.0,1565342504.0,,0.0,2026-10-03,0.5297,0.25,0.5036,0.6,0.4695,,0.70855,0.5,0.6757,0.65,0.6241000000000001,0.6875,0.62175,0.3,19.0,0.6051500000000001,0.0042254999999999,0.1341815,0.060515,0.152,2026-10-03,0.345,0.0,1.0,0.33335,0.00833375
WING,Wingstop Inc. - Common Stock,NASDAQ,Consumer Cyclical,Restaurants,106.89,1365280.0,4944199460.0,,0.0,2026-10-03,0.0059,0.25,0.5112,0.0,0.1651,,0.6992,0.45,0.7465999999999999,0.65,0.64295,0.6875,0.6443,0.3,19.0,0.6271,0.0014859,0.13823425,0.06271,0.152,2026-10-03,0.345,0.0,1.0,0.3656,0.00914
TRV,The Travelers Companies Inc. Common Stock,NASDAQ,Financial Services,Insurance - Property & Casualty,360.38,1364255.0,64373930248.0,,0.0,2026-10-03,0.5297,0.25,0.5036,0.6,0.4695,,0.70855,0.5,0.6757,0.65,0.6241000000000001,0.6875,0.62175,0.3,19.0,0.6051500000000001,0.0042254999999999,0.1341815,0.060515,0.152,2026-10-03,0.345,0.0,1.0,0.33335,0.00833375
YPF,YPF Sociedad Anonima Common Stock,NASDAQ,Energy,Oil & Gas Integrated,49.67,1363890.0,18117941952.0,,0.0,2026-10-03,0.6603,0.5,0.5166,0.6,0.6019,,0.7292,0.4065499999999999,0.7446999999999999,0.65,0.62495,0.675,0.64585,0.3,18.0,0.6146499999999999,0.0054171,0.13436425,0.0614649999999999,0.304,2026-10-03,0.45,0.0,1.0,0.425,0.010625
VIV,Telefonica Brasil S.A. American Depositary Shares (Each representing One Common Share),NASDAQ,Communication Services,Telecom Services,11.54,1357630.0,25644739755.0,,0.0,2026-10-03,0.4121,0.2674,0.4984,0.0947,0.4045,,0.5903,0.45,0.6953499999999999,0.65,0.5902499999999999,0.6770499999999999,0.6206,0.3,18.5,0.61235,0.0036405,0.1269037499999999,0.061235,0.1625792,2026-10-03,0.0,0.0,0.95835,0.2,0.005000000000000001
MTSI,"MACOM Technology Solutions Holdings, Inc.",NASDAQ,Technology,Semiconductors,321.6,1355730.0,17067848868.65204,61.0,0.0,2026-10-03,0.58255,0.5,0.44155,0.0695,0.4882499999999999,,0.75,0.4778,0.7119,0.65,0.6543,0.6833,0.6629,0.3,19.0,0.6293,0.00439425,0.1406745,0.06293,0.304,2026-10-03,0.57,0.0,1.0,0.485,0.012125
ST,Sensata Technologies Holding plc Ordinary Shares,NASDAQ,Technology,Scientific & Technical Instruments,43.51,1354875.0,6078382789.0,,0.0,2026-10-03,0.58255,0.5,0.44155,0.0695,0.4882499999999999,,0.75,0.4778,0.7119,0.65,0.6543,0.6833,0.6629,0.3,19.0,0.6293,0.00439425,0.1406745,0.06293,0.304,2026-10-03,0.57,0.0,1.0,0.485,0.012125
FWRG,"First Watch Restaurant Group, Inc.",NASDAQ,Consumer Cyclical,Restaurants,10.57,1354710.0,654294263.7452745,61.0,0.0,2026-10-03,0.23515,0.25,0.50275,0.08835,0.2476499999999999,,0.6992,0.45,0.7465999999999999,0.65,0.64295,0.6875,0.6443,0.3,19.0,0.6271,0.0022288499999999,0.13823425,0.06271,0.152,2026-10-03,0.345,0.0,1.0,0.3656,0.00914
DRI,Darden Restaurants Inc. Common Stock,NASDAQ,Consumer Cyclical,Restaurants,200.33,1351235.0,23028407423.0,,0.0,2026-10-03,0.23515,0.25,0.50275,0.08835,0.2476499999999999,,0.6992,0.45,0.7465999999999999,0.65,0.64295,0.6875,0.6443,0.3,19.0,0.6271,0.0022288499999999,0.13823425,0.06271,0.152,2026-10-03,0.345,0.0,1.0,0.3656,0.00914
FTAI,FTAI Aviation Ltd.,NASDAQ,Industrials,Rental & Leasing Services,167.03,1350745.0,24829401999.81805,61.0,0.0,2026-10-03,0.2648,0.0,0.5961,0.0,0.1977,,0.7152000000000001,0.45,0.75,0.6000000000000001,0.6344,0.6844,0.6418,0.3,19.0,0.61435,0.0017793,0.136396,0.061435,0.0,2026-10-03,0.3375,0.0,1.0,0.3541499999999999,0.008853749999999999
VNT,Vontier Corporation Common Stock,NASDAQ,Technology,Scientific & Technical Instruments,31.66,1346860.0,5120255978.0,,0.0,2026-10-03,0.58255,0.5,0.44155,0.0695,0.4882499999999999,,0.75,0.4778,0.7119,0.65,0.6543,0.6833,0.6629,0.3,19.0,0.6293,0.00439425,0.1406745,0.06293,0.304,2026-10-03,0.57,0.0,1.0,0.485,0.012125
KT,KT Corporation Common Stock,NASDAQ,Communication Services,Telecom Services,18.94,1346420.0,10436811446.0,,0.0,2026-10-03,0.4121,0.2674,0.4984,0.0947,0.4045,,0.5903,0.45,0.6953499999999999,0.65,0.5902499999999999,0.6770499999999999,0.6206,0.3,18.5,0.61235,0.0036405,0.1269037499999999,0.061235,0.1625792,2026-10-03,0.0,0.0,0.95835,0.2,0.005000000000000001
MOD,Modine Manufacturing Company Common Stock,NASDAQ,Consumer Cyclical,Auto Parts,178.2,1346245.0,13272442123.0,,0.0,2026-10-03,0.23515,0.25,0.50275,0.08835,0.2476499999999999,,0.6992,0.45,0.7465999999999999,0.65,0.64295,0.6875,0.6443,0.3,19.0,0.6271,0.0022288499999999,0.13823425,0.06271,0.152,2026-10-03,0.345,0.0,1.0,0.3656,0.00914
IMNM,"Immunome, Inc.",NASDAQ,Healthcare,Biotechnology,20.9,1345820.0,2247390972.2408657,61.0,0.0,2026-10-03,0.61995,0.49245,0.49685,0.45,0.4607,,0.6198,0.4585,0.6244,0.5,0.5658,0.6778,0.69395,0.3,19.0,0.6323,0.0041463,0.1216469999999999,0.06323,0.2994096,2026-10-03,0.0,0.0,1.0,0.2,0.005000000000000001
NBIX,"Neurocrine Biosciences, Inc.",NASDAQ,Healthcare,Drug Manufacturers - Specialty & Generic,143.18,1343605.0,12992049979.065018,61.0,0.0,2026-10-03,0.61995,0.49245,0.49685,0.45,0.4607,,0.6198,0.4585,0.6244,0.5,0.5658,0.6778,0.69395,0.3,19.0,0.6323,0.0041463,0.1216469999999999,0.06323,0.2994096,2026-10-03,0.0,0.0,1.0,0.2,0.005000000000000001
PHAT,"Phathom Pharmaceuticals, Inc.",NASDAQ,Healthcare,Biotechnology,6.92,1341935.0,829750416.3184738,61.0,0.0,2026-10-03,0.61995,0.49245,0.49685,0.45,0.4607,,0.6198,0.4585,0.6244,0.5,0.5658,0.6778,0.69395,0.3,19.0,0.6323,0.0041463,0.1216469999999999,0.06323,0.2994096,2026-10-03,0.0,0.0,1.0,0.2,0.005000000000000001
SBH,Sally Beauty Holdings Inc. (Name to be changed from Sally Holdings Inc.) Common Stock,NASDAQ,Consumer Cyclical,Specialty Retail,16.24,1335330.0,1450413444.0,,0.0,2026-10-03,0.23515,0.25,0.50275,0.08835,0.2476499999999999,,0.6992,0.45,0.7465999999999999,0.65,0.64295,0.6875,0.6443,0.3,19.0,0.6271,0.0022288499999999,0.13823425,0.06271,0.152,2026-10-03,0.345,0.0,1.0,0.3656,0.00914
BKKT,Bakkt Inc. Class A Common Stock,NYSE,Technology,Software - Infrastructure,7.75,1334225.0,471489534.0,63.0,0.0,2026-10-03,0.58255,0.5,0.44155,0.0695,0.4882499999999999,,0.75,0.4778,0.7119,0.65,0.6543,0.6833,0.6629,0.3,19.0,0.6293,0.00439425,0.1406745,0.06293,0.304,2026-10-03,0.24,0.0,1.0,0.32,0.008
AHRT,AH Realty Trust Inc. Common Stock,NASDAQ,Real Estate,REIT - Diversified,6.03,1332585.0,484452215.0,,0.0,2026-10-03,0.4608,0.25,0.4744,0.45,0.407,,0.646,0.45,0.7034,0.5,0.5803,0.6778,0.6275,0.3,18.0,0.6198,0.0036629999999999,0.1247645,0.06198,0.152,2026-10-03,0.0,0.0,1.0,0.2,0.005000000000000001
PRIM,Primoris Services Corporation Common Stock,NASDAQ,Industrials,Engineering & Construction,79.08,1331965.0,9306130535.0,,0.0,2026-10-03,0.42575,0.25,0.4852999999999999,0.1068,0.40095,,0.7152000000000001,0.45,0.75,0.6000000000000001,0.6344,0.6844,0.6418,0.3,19.0,0.61435,0.00360855,0.136396,0.061435,0.152,2026-10-03,0.3375,0.0,1.0,0.3541499999999999,0.008853749999999999
SVV,Savers Value Village Inc. Common Stock,NASDAQ,Consumer Cyclical,Specialty Retail,9.25,1330315.0,1352094596.0,,0.0,2026-10-03,0.23515,0.25,0.50275,0.08835,0.2476499999999999,,0.6992,0.45,0.7465999999999999,0.65,0.64295,0.6875,0.6443,0.3,19.0,0.6271,0.0022288499999999,0.13823425,0.06271,0.152,2026-10-03,0.345,0.0,1.0,0.3656,0.00914
GDS,GDS Holdings Limited,NASDAQ,Technology,Information Technology Services,27.57,1326710.0,8135330782.048027,61.0,0.0,2026-10-03,0.58255,0.5,0.44155,0.0695,0.4882499999999999,,0.75,0.4778,0.7119,0.65,0.6543,0.6833,0.6629,0.3,19.0,0.6293,0.00439425,0.1406745,0.06293,0.304,2026-10-03,0.21,0.0,1.0,0.305,0.007625
VAL,Valaris Limited Common Shares,NASDAQ,Energy,Oil & Gas Equipment & Services,78.39,1324930.0,6315069348.0,,0.0,2026-10-03,0.6603,0.5,0.5166,0.6,0.6019,,0.7292,0.4065499999999999,0.7446999999999999,0.65,0.62495,0.675,0.64585,0.3,18.0,0.6146499999999999,0.0054171,0.13436425,0.0614649999999999,0.304,2026-10-03,0.57,0.0,0.77,0.439,0.010975
ERO,Ero Copper Corp. Common Shares,NASDAQ,Basic Materials,Copper,37.91,1322570.0,2847790230.0,,0.0,2026-10-03,0.75715,0.5,0.5117499999999999,0.0915,0.49015,,0.7681,0.55,0.75,0.525,0.6791499999999999,0.68035,0.66,0.3,19.0,0.5902499999999999,0.00441135,0.14601725,0.0590249999999999,0.304,2026-10-03,0.555,0.0,0.7638,0.4303,0.010757500000000001
YUMC,Yum China Holdings Inc. Common Stock,NASDAQ,Consumer Cyclical,Restaurants,39.98,1319515.0,17134007605.0,,0.0,2026-10-03,0.3017,0.0063,0.5448,0.046,0.2121,,0.6992,0.45,0.7465999999999999,0.65,0.64295,0.6875,0.6443,0.3,19.0,0.6271,0.0019089,0.13823425,0.06271,0.0038304,2026-10-03,0.345,0.0,1.0,0.3656,0.00914
CARG,"CarGurus, Inc.",NASDAQ,Consumer Cyclical,Auto & Truck Dealerships,30.02,1318475.0,3359952888.825016,61.0,0.0,2026-10-03,0.2197,0.25,0.2895,0.0924,0.2274,,0.6992,0.45,0.7465999999999999,0.65,0.64295,0.6875,0.6443,0.3,19.0,0.6271,0.0020466,0.13823425,0.06271,0.152,2026-10-03,0.345,0.0,1.0,0.3656,0.00914
WCN,Waste Connections Inc. Common Shares,NASDAQ,Industrials,Waste Management,153.82,1317480.0,42195218916.0,,0.0,2026-10-03,0.42575,0.25,0.4852999999999999,0.1068,0.40095,,0.7152000000000001,0.45,0.75,0.6000000000000001,0.6344,0.6844,0.6418,0.3,19.0,0.61435,0.00360855,0.136396,0.061435,0.152,2026-10-03,0.3375,0.0,1.0,0.3541499999999999,0.008853749999999999
MT,Arcelor Mittal NY Registry Shares NEW,NASDAQ,Basic Materials,Steel,64.51,1315070.0,45446821955.0,,0.0,2026-10-03,0.75715,0.5,0.5117499999999999,0.0915,0.49015,,0.7681,0.55,0.75,0.525,0.6791499999999999,0.68035,0.66,0.3,19.0,0.5902499999999999,0.00441135,0.14601725,0.0590249999999999,0.304,2026-10-03,0.465,0.0,1.0,0.4325,0.010812500000000001
ANF,Abercrombie & Fitch Company Common Stock,NASDAQ,Consumer Cyclical,Apparel Retail,135.91,1313605.0,3912921616.0,,0.0,2026-10-03,0.23515,0.25,0.50275,0.08835,0.2476499999999999,,0.6992,0.45,0.7465999999999999,0.65,0.64295,0.6875,0.6443,0.3,19.0,0.6271,0.0022288499999999,0.13823425,0.06271,0.152,2026-10-03,0.345,0.0,1.0,0.3656,0.00914
RCI,Rogers Communication Inc. Common Stock,NASDAQ,Communication Services,Telecom Services,30.83,1311470.0,19480524266.0,,0.0,2026-10-03,0.4121,0.2674,0.4984,0.0947,0.4045,,0.5903,0.45,0.6953499999999999,0.65,0.5902499999999999,0.6770499999999999,0.6206,0.3,18.5,0.61235,0.0036405,0.1269037499999999,0.061235,0.1625792,2026-10-03,0.0,0.0,0.95835,0.2,0.005000000000000001
SJM,The J.M. Smucker Company Common Stock,NASDAQ,Consumer Defensive,Packaged Foods,117.19,1308225.0,10245703973.0,,0.0,2026-10-03,0.323,0.25,0.4889,0.0627,0.3528,,0.7212,0.45,0.7174,0.65,0.628,0.6763,0.629,0.3,19.0,0.5958,0.0031752,0.13502,0.05958,0.152,2026-10-03,0.0,0.0,1.0,0.2,0.005000000000000001
ADAM,"Adamas Trust, Inc.",NASDAQ,Real Estate,REIT - Mortgage,7.81,1307830.0,660915045.47405,61.0,0.0,2026-10-03,0.4608,0.25,0.4744,0.45,0.407,,0.646,0.45,0.7034,0.5,0.5803,0.6778,0.6275,0.3,18.0,0.6198,0.0036629999999999,0.1247645,0.06198,0.152,2026-10-03,0.0,0.0,1.0,0.2,0.005000000000000001
ARLO,Arlo Technologies Inc. Common Stock,NASDAQ,Industrials,Building Products & Equipment,12.78,1302305.0,1560089114.0,,0.0,2026-10-03,0.42575,0.25,0.4852999999999999,0.1068,0.40095,,0.7152000000000001,0.45,0.75,0.6000000000000001,0.6344,0.6844,0.6418,0.3,19.0,0.61435,0.00360855,0.136396,0.061435,0.152,2026-10-03,0.3375,0.0,1.0,0.3541499999999999,0.008853749999999999
RJF,Raymond James Financial Inc. Common Stock,NASDAQ,Financial Services,Asset Management,158.21,1301165.0,29855531643.0,,0.0,2026-10-03,0.5297,0.25,0.5036,0.6,0.4695,,0.70855,0.5,0.6757,0.65,0.6241000000000001,0.6875,0.62175,0.3,19.0,0.6051500000000001,0.0042254999999999,0.1341815,0.060515,0.152,2026-10-03,0.345,0.0,1.0,0.33335,0.00833375
SLGN,Silgan Holdings Inc. Common Stock,NASDAQ,Consumer Cyclical,Packaging & Containers,34.87,1300045.0,4123624205.0,,0.0,2026-10-03,0.23515,0.25,0.50275,0.08835,0.2476499999999999,,0.6992,0.45,0.7465999999999999,0.65,0.64295,0.6875,0.6443,0.3,19.0,0.6271,0.0022288499999999,0.13823425,0.06271,0.152,2026-10-03,0.345,0.0,1.0,0.3656,0.00914
GD,General Dynamics Corporation Common Stock,NASDAQ,Industrials,Aerospace & Defense,330.09,1297045.0,84831630122.0,,0.0,2026-10-03,0.42575,0.25,0.4852999999999999,0.1068,0.40095,,0.7152000000000001,0.45,0.75,0.6000000000000001,0.6344,0.6844,0.6418,0.3,19.0,0.61435,0.00360855,0.136396,0.061435,0.152,2026-10-03,0.3375,0.0,1.0,0.3541499999999999,0.008853749999999999
OLMA,"Olema Pharmaceuticals, Inc.",NASDAQ,Healthcare,Biotechnology,8.23,1297040.0,1169646423.2695484,61.0,0.0,2026-10-03,0.61995,0.49245,0.49685,0.45,0.4607,,0.6198,0.4585,0.6244,0.5,0.5658,0.6778,0.69395,0.3,19.0,0.6323,0.0041463,0.1216469999999999,0.06323,0.2994096,2026-10-03,0.0,0.0,1.0,0.2,0.005000000000000001
WYFI,"WhiteFiber, Inc. - Ordinary Shares",NASDAQ,Technology,Software - Application,17.93,1293115.0,556297749.0,,0.0,2026-10-03,0.58255,0.5,0.44155,0.0695,0.4882499999999999,,0.75,0.4778,0.7119,0.65,0.6543,0.6833,0.6629,0.3,19.0,0.6293,0.00439425,0.1406745,0.06293,0.304,2026-10-03,0.23,0.0,1.0,0.315,0.007875
SYRE,"Spyre Therapeutics, Inc. - Common Stock",NASDAQ,Healthcare,Biotechnology,93.19,1291650.0,4028325083.0,,0.0,2026-10-03,0.61995,0.49245,0.49685,0.45,0.4607,,0.6198,0.4585,0.6244,0.5,0.5658,0.6778,0.69395,0.3,19.0,0.6323,0.0041463,0.1216469999999999,0.06323,0.2994096,2026-10-03,0.0,0.0,1.0,0.2,0.005000000000000001
MKSI,MKS Inc.,NASDAQ,Technology,Scientific & Technical Instruments,279.15,1289045.0,15170724894.43222,61.0,0.0,2026-10-03,0.58255,0.5,0.44155,0.0695,0.4882499999999999,,0.75,0.4778,0.7119,0.65,0.6543,0.6833,0.6629,0.3,19.0,0.6293,0.00439425,0.1406745,0.06293,0.304,2026-10-03,0.57,0.0,1.0,0.485,0.012125
VRSK,"Verisk Analytics, Inc.",NASDAQ,Industrials,Consulting Services,163.88,1287760.0,22661093356.0,62.0,0.0,2026-10-03,0.42575,0.25,0.4852999999999999,0.1068,0.40095,,0.7152000000000001,0.45,0.75,0.6000000000000001,0.6344,0.6844,0.6418,0.3,19.0,0.61435,0.00360855,0.136396,0.061435,0.152,2026-10-03,0.3375,0.0,1.0,0.3541499999999999,0.008853749999999999
KC,Kingsoft Cloud Holdings Limited,NASDAQ,Technology,Software - Application,9.0,1286380.0,4066026032.111253,61.0,0.0,2026-10-03,0.58255,0.5,0.44155,0.0695,0.4882499999999999,,0.75,0.4778,0.7119,0.65,0.6543,0.6833,0.6629,0.3,19.0,0.6293,0.00439425,0.1406745,0.06293,0.304,2026-10-03,0.225,0.0,1.0,0.3125,0.0078125
ECVT,Ecovyst Inc. Common Stock,NASDAQ,Basic Materials,Specialty Chemicals,10.12,1286070.0,1528299840.0,,0.0,2026-10-03,0.75715,0.5,0.5117499999999999,0.0915,0.49015,,0.7681,0.55,0.75,0.525,0.6791499999999999,0.68035,0.66,0.3,19.0,0.5902499999999999,0.00441135,0.14601725,0.0590249999999999,0.304,2026-10-03,0.555,0.55,1.0,0.6425,0.0160625
NOMD,Nomad Foods Limited Ordinary Shares,NASDAQ,Consumer Defensive,Packaged Foods,10.65,1285495.0,1355501312.0,,0.0,2026-10-03,0.323,0.25,0.4889,0.0627,0.3528,,0.7212,0.45,0.7174,0.65,0.628,0.6763,0.629,0.3,19.0,0.5958,0.0031752,0.13502,0.05958,0.152,2026-10-03,0.0,0.0,1.0,0.2,0.005000000000000001
GLUE,"Monte Rosa Therapeutics, Inc.",NASDAQ,Healthcare,Biotechnology,10.5,1284745.0,1237842389.8564882,61.0,0.0,2026-10-03,0.61995,0.49245,0.49685,0.45,0.4607,,0.6198,0.4585,0.6244,0.5,0.5658,0.6778,0.69395,0.3,19.0,0.6323,0.0041463,0.1216469999999999,0.06323,0.2994096,2026-10-03,0.0,0.0,1.0,0.2,0.005000000000000001
FORM,"FormFactor, Inc.",NASDAQ,Technology,Semiconductor Equipment & Materials,149.15,1282230.0,7814780351.692978,61.0,0.0,2026-10-03,0.58255,0.5,0.44155,0.0695,0.4882499999999999,,0.75,0.4778,0.7119,0.65,0.6543,0.6833,0.6629,0.3,19.0,0.6293,0.00439425,0.1406745,0.06293,0.304,2026-10-03,0.57,0.0,0.8297,0.4509,0.011272500000000001
PRVA,"Privia Health Group, Inc.",NASDAQ,Healthcare,Health Information Services,20.3,1281835.0,2445317530.1500053,61.0,0.0,2026-10-03,0.61995,0.49245,0.49685,0.45,0.4607,,0.6198,0.4585,0.6244,0.5,0.5658,0.6778,0.69395,0.3,19.0,0.6323,0.0041463,0.1216469999999999,0.06323,0.2994096,2026-10-03,0.0,0.0,1.0,0.2,0.005000000000000001
VMC,Vulcan Materials Company (Holding Company) Common Stock,NASDAQ,Basic Materials,Building Materials,243.06,1278595.0,38138613711.0,,0.0,2026-10-03,0.75715,0.5,0.5117499999999999,0.0915,0.49015,,0.7681,0.55,0.75,0.525,0.6791499999999999,0.68035,0.66,0.3,19.0,0.5902499999999999,0.00441135,0.14601725,0.0590249999999999,0.304,2026-10-03,0.54,0.0,1.0,0.47,0.01175
PTCT,"PTC Therapeutics, Inc.",NASDAQ,Healthcare,Biotechnology,63.46,1274600.0,5481756367.9457855,61.0,0.0,2026-10-03,0.61995,0.49245,0.49685,0.45,0.4607,,0.6198,0.4585,0.6244,0.5,0.5658,0.6778,0.69395,0.3,19.0,0.6323,0.0041463,0.1216469999999999,0.06323,0.2994096,2026-10-03,0.0,0.0,1.0,0.2,0.005000000000000001
SPG,Simon Property Group Inc. Common Stock,NASDAQ,Real Estate,REIT - Retail,200.95,1271565.0,76570144860.0,,0.0,2026-10-03,0.4608,0.25,0.4744,0.45,0.407,,0.646,0.45,0.7034,0.5,0.5803,0.6778,0.6275,0.3,18.0,0.6198,0.0036629999999999,0.1247645,0.06198,0.152,2026-10-03,0.0,0.0,1.0,0.2,0.005000000000000001
LDOS,Leidos Holdings Inc. Common Stock,NASDAQ,Technology,Information Technology Services,117.74,1270450.0,18460915262.0,,0.0,2026-10-03,0.12,0.25,0.6243,0.0,0.2117,,0.75,0.4778,0.7119,0.65,0.6543,0.6833,0.6629,0.3,19.0,0.6293,0.0019053,0.1406745,0.06293,0.152,2026-10-03,0.0,0.0,1.0,0.2,0.005000000000000001
NUE,Nucor Corporation Common Stock,NASDAQ,Basic Materials,Steel,240.39,1270435.0,48801469623.0,,0.0,2026-10-03,0.75715,0.5,0.5117499999999999,0.0915,0.49015,,0.7681,0.55,0.75,0.525,0.6791499999999999,0.68035,0.66,0.3,19.0,0.5902499999999999,0.00441135,0.14601725,0.0590249999999999,0.304,2026-10-03,0.57,0.0,1.0,0.485,0.012125
DE,Deere & Company Common Stock,NASDAQ,Industrials,Farm & Heavy Construction Machinery,687.0,1267255.0,151973165101.0,,0.0,2026-10-03,0.42575,0.25,0.4852999999999999,0.1068,0.40095,,0.7152000000000001,0.45,0.75,0.6000000000000001,0.6344,0.6844,0.6418,0.3,19.0,0.61435,0.00360855,0.136396,0.061435,0.152,2026-10-03,0.3375,0.0,1.0,0.3541499999999999,0.008853749999999999
HTGC,Hercules Capital Inc. Common Stock,NASDAQ,Financial Services,Asset Management,16.74,1266835.0,2902435323.0,,0.0,2026-10-03,0.5297,0.25,0.5036,0.6,0.4695,,0.70855,0.5,0.6757,0.65,0.6241000000000001,0.6875,0.62175,0.3,19.0,0.6051500000000001,0.0042254999999999,0.1341815,0.060515,0.152,2026-10-03,0.345,0.0,1.0,0.33335,0.00833375
MAA,Mid-America Apartment Communities Inc. Common Stock,NASDAQ,Real Estate,REIT - Residential,115.27,1266760.0,14620244365.0,,0.0,2026-10-03,0.4608,0.25,0.4744,0.45,0.407,,0.646,0.45,0.7034,0.5,0.5803,0.6778,0.6275,0.3,18.0,0.6198,0.0036629999999999,0.1247645,0.06198,0.152,2026-10-03,0.0,0.0,1.0,0.2,0.005000000000000001
CALM,"Cal-Maine Foods, Inc.",NASDAQ,Consumer Defensive,Farm Products,66.67,1261300.0,3757044812.125672,61.0,0.0,2026-10-03,0.323,0.25,0.4889,0.0627,0.3528,,0.7212,0.45,0.7174,0.65,0.628,0.6763,0.629,0.3,19.0,0.5958,0.0031752,0.13502,0.05958,0.152,2026-10-03,0.0,0.0,1.0,0.2,0.005000000000000001
CRVS,"Corvus Pharmaceuticals, Inc.",NASDAQ,Healthcare,Biotechnology,10.9,1255280.0,1187652663.8165045,61.0,0.0,2026-10-03,0.61995,0.49245,0.49685,0.45,0.4607,,0.6198,0.4585,0.6244,0.5,0.5658,0.6778,0.69395,0.3,19.0,0.6323,0.0041463,0.1216469999999999,0.06323,0.2994096,2026-10-03,0.0,0.0,1.0,0.2,0.005000000000000001
FOX,Fox Corporation,NASDAQ,Communication Services,Entertainment,55.89,1254275.0,24589195532.924927,61.0,0.0,2026-10-03,0.4121,0.2674,0.4984,0.0947,0.4045,,0.5903,0.45,0.6953499999999999,0.65,0.5902499999999999,0.6770499999999999,0.6206,0.3,18.5,0.61235,0.0036405,0.1269037499999999,0.061235,0.1625792,2026-10-03,0.0,0.0,0.95835,0.2,0.005000000000000001
ELV,Elevance Health Inc. Common Stock,NASDAQ,Healthcare,Healthcare Plans,386.43,1252645.0,74868904249.0,,0.0,2026-10-03,0.61995,0.49245,0.49685,0.45,0.4607,,0.6198,0.4585,0.6244,0.5,0.5658,0.6778,0.69395,0.3,19.0,0.6323,0.0041463,0.1216469999999999,0.06323,0.2994096,2026-10-03,0.0,0.0,1.0,0.2,0.005000000000000001
FUBO,FuboTV Inc. Class A Common Stock,NASDAQ,Communication Services,Broadcasting,8.66,1248935.0,353494336.0,,0.0,2026-10-03,0.4121,0.2674,0.4984,0.0947,0.4045,,0.5903,0.45,0.6953499999999999,0.65,0.5902499999999999,0.6770499999999999,0.6206,0.3,18.5,0.61235,0.0036405,0.1269037499999999,0.061235,0.1625792,2026-10-03,0.0,0.0,0.95835,0.2,0.005000000000000001
NMAX,Newsmax Inc. Class B Common Stock,NASDAQ,Communication Services,Broadcasting,9.52,1247240.0,804532577.0,,0.0,2026-10-03,0.4121,0.2674,0.4984,0.0947,0.4045,,0.5903,0.45,0.6953499999999999,0.65,0.5902499999999999,0.6770499999999999,0.6206,0.3,18.5,0.61235,0.0036405,0.1269037499999999,0.061235,0.1625792,2026-10-03,0.0,0.0,0.95835,0.2,0.005000000000000001
WH,Wyndham Hotels & Resorts Inc. Common Stock,NASDAQ,Consumer Cyclical,Lodging,71.79,1244205.0,6453782516.0,,0.0,2026-10-03,0.23515,0.25,0.50275,0.08835,0.2476499999999999,,0.6992,0.45,0.7465999999999999,0.65,0.64295,0.6875,0.6443,0.3,19.0,0.6271,0.0022288499999999,0.13823425,0.06271,0.152,2026-10-03,0.345,0.0,1.0,0.3656,0.00914
EMN,Eastman Chemical Company Common Stock,NASDAQ,Basic Materials,Specialty Chemicals,64.87,1243240.0,8233193592.0,,0.0,2026-10-03,0.75715,0.5,0.5117499999999999,0.0915,0.49015,,0.7681,0.55,0.75,0.525,0.6791499999999999,0.68035,0.66,0.3,19.0,0.5902499999999999,0.00441135,0.14601725,0.0590249999999999,0.304,2026-10-03,0.57,0.0,1.0,0.485,0.012125
JBHT,"J.B. Hunt Transport Services, Inc.",NASDAQ,Industrials,Integrated Freight & Logistics,234.2,1239985.0,19523332199.141663,61.0,0.0,2026-10-03,0.42575,0.25,0.4852999999999999,0.1068,0.40095,,0.7152000000000001,0.45,0.75,0.6000000000000001,0.6344,0.6844,0.6418,0.3,19.0,0.61435,0.00360855,0.136396,0.061435,0.152,2026-10-03,0.3375,0.0,1.0,0.3541499999999999,0.008853749999999999
PSN,Parsons Corporation Common Stock,NASDAQ,Technology,Information Technology Services,40.79,1238315.0,5719764542.0,,0.0,2026-10-03,0.58255,0.5,0.44155,0.0695,0.4882499999999999,,0.75,0.4778,0.7119,0.65,0.6543,0.6833,0.6629,0.3,19.0,0.6293,0.00439425,0.1406745,0.06293,0.304,2026-10-03,0.45,0.55,1.0,0.59,0.01475
FCPT,Four Corners Property Trust Inc. Common Stock,NASDAQ,Real Estate,REIT - Retail,21.55,1233975.0,2790922113.0,,0.0,2026-10-03,0.4608,0.25,0.4744,0.45,0.407,,0.646,0.45,0.7034,0.5,0.5803,0.6778,0.6275,0.3,18.0,0.6198,0.0036629999999999,0.1247645,0.06198,0.152,2026-10-03,0.0,0.0,1.0,0.2,0.005000000000000001
EMBJ,Embraer S.A. Common Stock,NASDAQ,Industrials,Aerospace & Defense,75.21,1230770.0,11143744485.0,,0.0,2026-10-03,0.42575,0.25,0.4852999999999999,0.1068,0.40095,,0.7152000000000001,0.45,0.75,0.6000000000000001,0.6344,0.6844,0.6418,0.3,19.0,0.61435,0.00360855,0.136396,0.061435,0.152,2026-10-03,0.3375,0.0,1.0,0.3541499999999999,0.008853749999999999
CADL,"Candel Therapeutics, Inc. - Common Stock",NASDAQ,Healthcare,Biotechnology,10.18,1228855.0,353782656.0,,0.0,2026-10-03,0.61995,0.49245,0.49685,0.45,0.4607,,0.6198,0.4585,0.6244,0.5,0.5658,0.6778,0.69395,0.3,19.0,0.6323,0.0041463,0.1216469999999999,0.06323,0.2994096,2026-10-03,0.0,0.0,1.0,0.2,0.005000000000000001
TKO,TKO Group Holdings Inc. Class A Common Stock,NASDAQ,Communication Services,Entertainment,175.58,1226810.0,13981471014.0,,0.0,2026-10-03,0.4121,0.2674,0.4984,0.0947,0.4045,,0.5903,0.45,0.6953499999999999,0.65,0.5902499999999999,0.6770499999999999,0.6206,0.3,18.5,0.61235,0.0036405,0.1269037499999999,0.061235,0.1625792,2026-10-03,0.0,0.0,0.95835,0.2,0.005000000000000001
MNDY,monday.com Ltd.,NASDAQ,Technology,Software - Application,78.8,1224195.0,3492611618.25,61.0,0.0,2026-10-03,0.58255,0.5,0.44155,0.0695,0.4882499999999999,,0.75,0.4778,0.7119,0.65,0.6543,0.6833,0.6629,0.3,19.0,0.6293,0.00439425,0.1406745,0.06293,0.304,2026-10-03,0.36,0.0,1.0,0.38,0.009500000000000001
ARXS,"Arxis, Inc.",NASDAQ,Industrials,Aerospace & Defense,50.03,1224160.0,22668857972.0,62.0,0.0,2026-10-03,0.42575,0.25,0.4852999999999999,0.1068,0.40095,,0.7152000000000001,0.45,0.75,0.6000000000000001,0.6344,0.6844,0.6418,0.3,19.0,0.61435,0.00360855,0.136396,0.061435,0.152,2026-10-03,0.3375,0.0,1.0,0.3541499999999999,0.008853749999999999
LMT,Lockheed Martin Corporation Common Stock,NASDAQ,Industrials,Aerospace & Defense,505.41,1222785.0,118382887342.0,,0.0,2026-10-03,0.285,0.199,0.5038,0.1095,0.2685,,0.7152000000000001,0.45,0.75,0.6000000000000001,0.6344,0.6844,0.6418,0.3,19.0,0.61435,0.0024165,0.136396,0.061435,0.120992,2026-10-03,0.3375,0.0,1.0,0.3541499999999999,0.008853749999999999
OTEX,Open Text Corporation,NASDAQ,Technology,Software - Application,22.22,1221535.0,5492927752.4614105,61.0,0.0,2026-10-03,0.58255,0.5,0.44155,0.0695,0.4882499999999999,,0.75,0.4778,0.7119,0.65,0.6543,0.6833,0.6629,0.3,19.0,0.6293,0.00439425,0.1406745,0.06293,0.304,2026-10-03,0.57,0.0,0.89,0.463,0.011575000000000002
ECL,Ecolab Inc. Common Stock,NASDAQ,Basic Materials,Specialty Chemicals,273.7,1220195.0,76110378480.0,,0.0,2026-10-03,0.75715,0.5,0.5117499999999999,0.0915,0.49015,,0.7681,0.55,0.75,0.525,0.6791499999999999,0.68035,0.66,0.3,19.0,0.5902499999999999,0.00441135,0.14601725,0.0590249999999999,0.304,2026-10-03,0.4549,0.0,1.0,0.4275,0.0106875
BBT,Beacon Financial Corporation Common stock,NASDAQ,Financial Services,Banks - Regional,28.34,1220055.0,2628402935.0,,0.0,2026-10-03,0.5297,0.25,0.5036,0.6,0.4695,,0.70855,0.5,0.6757,0.65,0.6241000000000001,0.6875,0.62175,0.3,19.0,0.6051500000000001,0.0042254999999999,0.1341815,0.060515,0.152,2026-10-03,0.345,0.0,1.0,0.33335,0.00833375
PGNY,"Progyny, Inc.",NASDAQ,Healthcare,Healthcare Plans,25.23,1219750.0,1414451584.1318665,61.0,0.0,2026-10-03,0.61995,0.49245,0.49685,0.45,0.4607,,0.6198,0.4585,0.6244,0.5,0.5658,0.6778,0.69395,0.3,19.0,0.6323,0.0041463,0.1216469999999999,0.06323,0.2994096,2026-10-03,0.0,0.0,1.0,0.2,0.005000000000000001
ICL,ICL Group Ltd. Ordinary Shares,NASDAQ,Basic Materials,Agricultural Inputs,5.04,1219250.0,6685684514.0,,0.0,2026-10-03,0.75715,0.5,0.5117499999999999,0.0915,0.49015,,0.7681,0.55,0.75,0.525,0.6791499999999999,0.68035,0.66,0.3,19.0,0.5902499999999999,0.00441135,0.14601725,0.0590249999999999,0.304,2026-10-03,0.36,0.0,0.7333,0.3267,0.0081675
CWEN,Clearway Energy Inc. Class C Common Stock,NASDAQ,Utilities,Utilities - Renewable,29.34,1216365.0,4785381570.0,,0.0,2026-10-03,0.2791,0.0,0.53205,0.45,0.3046,,0.645,0.0,0.7225999999999999,0.45,0.49755,0.6917,0.60385,0.3,17.0,0.60505,0.0027413999999999,0.10697325,0.060505,0.0,2026-10-03,0.0,0.0,0.99835,0.2,0.005000000000000001
ZGN,Ermenegildo Zegna N.V. Ordinary Shares,NASDAQ,Consumer Cyclical,Apparel Manufacturing,12.52,1215170.0,3208155553.0,,0.0,2026-10-03,0.23515,0.25,0.50275,0.08835,0.2476499999999999,,0.6992,0.45,0.7465999999999999,0.65,0.64295,0.6875,0.6443,0.3,19.0,0.6271,0.0022288499999999,0.13823425,0.06271,0.152,2026-10-03,0.345,0.0,1.0,0.3656,0.00914
NWS,News Corporation,NASDAQ,Communication Services,Entertainment,31.65,1214715.0,15163552457.190285,61.0,0.0,2026-10-03,0.4121,0.2674,0.4984,0.0947,0.4045,,0.5903,0.45,0.6953499999999999,0.65,0.5902499999999999,0.6770499999999999,0.6206,0.3,18.5,0.61235,0.0036405,0.1269037499999999,0.061235,0.1625792,2026-10-03,0.0,0.0,0.95835,0.2,0.005000000000000001
APD,Air Products and Chemicals Inc. Common Stock,NASDAQ,Basic Materials,Specialty Chemicals,277.57,1213195.0,67188679148.0,,0.0,2026-10-03,0.75715,0.5,0.5117499999999999,0.0915,0.49015,,0.7681,0.55,0.75,0.525,0.6791499999999999,0.68035,0.66,0.3,19.0,0.5902499999999999,0.00441135,0.14601725,0.0590249999999999,0.304,2026-10-03,0.42,0.0,1.0,0.41,0.01025
DRVN,Driven Brands Holdings Inc.,NASDAQ,Consumer Cyclical,Auto & Truck Dealerships,11.68,1213180.0,2078701371.980875,61.0,0.0,2026-10-03,0.23515,0.25,0.50275,0.08835,0.2476499999999999,,0.6992,0.45,0.7465999999999999,0.65,0.64295,0.6875,0.6443,0.3,19.0,0.6271,0.0022288499999999,0.13823425,0.06271,0.152,2026-10-03,0.345,0.0,1.0,0.3656,0.00914
SON,Sonoco Products Company Common Stock,NASDAQ,Consumer Cyclical,Packaging & Containers,48.74,1211195.0,4778809429.0,,0.0,2026-10-03,0.23515,0.25,0.50275,0.08835,0.2476499999999999,,0.6992,0.45,0.7465999999999999,0.65,0.64295,0.6875,0.6443,0.3,19.0,0.6271,0.0022288499999999,0.13823425,0.06271,0.152,2026-10-03,0.345,0.0,1.0,0.3656,0.00914
GENB,"Generate Biomedicines, Inc.",NASDAQ,Healthcare,Biotechnology,13.69,1209545.0,1862636758.0,60.0,0.0,2026-10-03,0.61995,0.49245,0.49685,0.45,0.4607,,0.6198,0.4585,0.6244,0.5,0.5658,0.6778,0.69395,0.3,19.0,0.6323,0.0041463,0.1216469999999999,0.06323,0.2994096,2026-10-03,0.0,0.0,1.0,0.2,0.005000000000000001
CPT,Camden Property Trust Common Stock,NASDAQ,Real Estate,REIT - Residential,95.96,1207855.0,10655922494.0,,0.0,2026-10-03,0.4608,0.25,0.4744,0.45,0.407,,0.646,0.45,0.7034,0.5,0.5803,0.6778,0.6275,0.3,18.0,0.6198,0.0036629999999999,0.1247645,0.06198,0.152,2026-10-03,0.0,0.0,1.0,0.2,0.005000000000000001
AAON,"AAON, Inc.",NASDAQ,Industrials,Building Products & Equipment,83.27,1206555.0,6761749256.446426,61.0,0.0,2026-10-03,0.0891,0.25,0.5535,0.0,0.2022,,0.7152000000000001,0.45,0.75,0.6000000000000001,0.6344,0.6844,0.6418,0.3,19.0,0.61435,0.0018197999999999,0.136396,0.061435,0.152,2026-10-03,0.3375,0.0,1.0,0.3541499999999999,0.008853749999999999
VIRT,Virtu Financial Inc. Class A Common Stock,NASDAQ,Financial Services,Capital Markets,58.79,1202985.0,4202826401.0,,0.0,2026-10-03,0.5297,0.25,0.5036,0.6,0.4695,,0.70855,0.5,0.6757,0.65,0.6241000000000001,0.6875,0.62175,0.3,19.0,0.6051500000000001,0.0042254999999999,0.1341815,0.060515,0.152,2026-10-03,0.345,0.0,1.0,0.33335,0.00833375
TXRH,"Texas Roadhouse, Inc. - Common Stock",NASDAQ,Consumer Cyclical,Restaurants,156.14,1202900.0,10827451996.0,,0.0,2026-10-03,0.23515,0.25,0.50275,0.08835,0.2476499999999999,,0.6992,0.45,0.7465999999999999,0.65,0.64295,0.6875,0.6443,0.3,19.0,0.6271,0.0022288499999999,0.13823425,0.06271,0.152,2026-10-03,0.345,0.0,1.0,0.3656,0.00914
SIG,Signet Jewelers Limited Common Shares,NASDAQ,Consumer Cyclical,Luxury Goods,100.58,1199810.0,3607489486.0,,0.0,2026-10-03,0.23515,0.25,0.50275,0.08835,0.2476499999999999,,0.6992,0.45,0.7465999999999999,0.65,0.64295,0.6875,0.6443,0.3,19.0,0.6271,0.0022288499999999,0.13823425,0.06271,0.152,2026-10-03,0.345,0.0,1.0,0.3656,0.00914
EVC,Entravision Communications Corporation Common Stock,NASDAQ,Communication Services,Advertising Agencies,7.38,1198985.0,345146925.0,,0.0,2026-10-03,0.4121,0.2674,0.4984,0.0947,0.4045,,0.5903,0.45,0.6953499999999999,0.65,0.5902499999999999,0.6770499999999999,0.6206,0.3,18.5,0.61235,0.0036405,0.1269037499999999,0.061235,0.1625792,2026-10-03,0.0,0.0,0.95835,0.2,0.005000000000000001
HTBK,Heritage Commerce Corp,NASDAQ,Financial Services,Banks - Regional,13.45,1197457.0,754517729.0,61.0,0.0,2026-10-03,0.5297,0.25,0.5036,0.6,0.4695,,0.70855,0.5,0.6757,0.65,0.6241000000000001,0.6875,0.62175,0.3,19.0,0.6051500000000001,0.0042254999999999,0.1341815,0.060515,0.152,2026-10-03,0.345,0.0,1.0,0.33335,0.00833375
PB,Prosperity Bancshares Inc. Common Stock,NASDAQ,Financial Services,Banks - Regional,67.38,1191285.0,6968236690.0,,0.0,2026-10-03,0.5297,0.25,0.5036,0.6,0.4695,,0.70855,0.5,0.6757,0.65,0.6241000000000001,0.6875,0.62175,0.3,19.0,0.6051500000000001,0.0042254999999999,0.1341815,0.060515,0.152,2026-10-03,0.345,0.0,1.0,0.33335,0.00833375
STAA,STAAR Surgical Company,NASDAQ,Healthcare,Medical Instruments & Supplies,22.47,1190195.0,916480995.3225688,61.0,0.0,2026-10-03,0.61995,0.49245,0.49685,0.45,0.4607,,0.6198,0.4585,0.6244,0.5,0.5658,0.6778,0.69395,0.3,19.0,0.6323,0.0041463,0.1216469999999999,0.06323,0.2994096,2026-10-03,0.0,0.0,1.0,0.2,0.005000000000000001
SHOO,"Steven Madden, Ltd.",NASDAQ,Consumer Cyclical,Footwear & Accessories,45.97,1189930.0,2362342787.6545944,61.0,0.0,2026-10-03,0.23515,0.25,0.50275,0.08835,0.2476499999999999,,0.6992,0.45,0.7465999999999999,0.65,0.64295,0.6875,0.6443,0.3,19.0,0.6271,0.0022288499999999,0.13823425,0.06271,0.152,2026-10-03,0.345,0.0,1.0,0.3656,0.00914
WKC,World Kinect Corporation Common Stock,NASDAQ,Energy,Oil & Gas Refining & Marketing,35.85,1188510.0,1342054031.0,,0.0,2026-10-03,0.6603,0.5,0.5166,0.6,0.6019,,0.7292,0.4065499999999999,0.7446999999999999,0.65,0.62495,0.675,0.64585,0.3,18.0,0.6146499999999999,0.0054171,0.13436425,0.0614649999999999,0.304,2026-10-03,0.465,0.0,0.4461,0.3217,0.0080425
HGV,Hilton Grand Vacations Inc. Common Stock,NASDAQ,Consumer Cyclical,Resorts & Casinos,34.86,1186990.0,3756088884.0,,0.0,2026-10-03,0.23515,0.25,0.50275,0.08835,0.2476499999999999,,0.6992,0.45,0.7465999999999999,0.65,0.64295,0.6875,0.6443,0.3,19.0,0.6271,0.0022288499999999,0.13823425,0.06271,0.152,2026-10-03,0.345,0.0,1.0,0.3656,0.00914
WSBC,"WesBanco, Inc.",NASDAQ,Financial Services,Banks - Regional,38.11,1186240.0,3465786447.0,62.0,0.0,2026-10-03,0.5297,0.25,0.5036,0.6,0.4695,,0.70855,0.5,0.6757,0.65,0.6241000000000001,0.6875,0.62175,0.3,19.0,0.6051500000000001,0.0042254999999999,0.1341815,0.060515,0.152,2026-10-03,0.345,0.0,1.0,0.33335,0.00833375
BIPC,Brookfield Infrastructure Corporation Brookfield Infrastructure Corporation,NASDAQ,Utilities,Utilities - Regulated Gas,36.65,1180940.0,5002760349.0,,0.0,2026-10-03,0.2791,0.0,0.53205,0.45,0.3046,,0.645,0.0,0.7225999999999999,0.45,0.49755,0.6917,0.60385,0.3,17.0,0.60505,0.0027413999999999,0.10697325,0.060505,0.0,2026-10-03,0.0,0.0,0.99835,0.2,0.005000000000000001
CBRL,"Cracker Barrel Old Country Store, Inc.",NASDAQ,Consumer Cyclical,Restaurants,55.76,1180000.0,590737544.7109909,61.0,0.0,2026-10-03,0.23515,0.25,0.50275,0.08835,0.2476499999999999,,0.6992,0.45,0.7465999999999999,0.65,0.64295,0.6875,0.6443,0.3,19.0,0.6271,0.0022288499999999,0.13823425,0.06271,0.152,2026-10-03,0.345,0.0,1.0,0.3656,0.00914
GRPN,"Groupon, Inc.",NASDAQ,Communication Services,Internet Content & Information,19.31,1178345.0,443004714.8159828,61.0,0.0,2026-10-03,0.4121,0.2674,0.4984,0.0947,0.4045,,0.5903,0.45,0.6953499999999999,0.65,0.5902499999999999,0.6770499999999999,0.6206,0.3,18.5,0.61235,0.0036405,0.1269037499999999,0.061235,0.1625792,2026-10-03,0.0,0.0,0.95835,0.2,0.005000000000000001
CALX,Calix Inc Common Stock,NASDAQ,Technology,Software - Infrastructure,34.81,1169755.0,2766876198.0,,0.0,2026-10-03,0.0546,0.25,0.6274,0.0,0.1949,,0.75,0.4778,0.7119,0.65,0.6543,0.6833,0.6629,0.3,19.0,0.6293,0.0017540999999999,0.1406745,0.06293,0.152,2026-10-03,0.0,0.0,1.0,0.2,0.005000000000000001
CHKP,Check Point Software Technologies Ltd.,NASDAQ,Technology,Software - Infrastructure,130.35,1168710.0,14929499268.52707,61.0,0.0,2026-10-03,0.095,0.3541,0.3453,0.0,0.2004,,0.75,0.4778,0.7119,0.65,0.6543,0.6833,0.6629,0.3,19.0,0.6293,0.0018036,0.1406745,0.06293,0.2152928,2026-10-03,0.0,0.0,1.0,0.2,0.005000000000000001
CHDN,"Churchill Downs, Incorporated",NASDAQ,Consumer Cyclical,Gambling,76.05,1165370.0,5986228604.735657,61.0,0.0,2026-10-03,0.2933,0.0,0.6057,0.0,0.2085,,0.6992,0.45,0.7465999999999999,0.65,0.64295,0.6875,0.6443,0.3,19.0,0.6271,0.0018764999999999,0.13823425,0.06271,0.0,2026-10-03,0.345,0.0,1.0,0.3656,0.00914
RRX,Regal Rexnord Corporation Common Stock,NASDAQ,Industrials,Specialty Industrial Machinery,159.87,1161400.0,14128522917.0,,0.0,2026-10-03,0.2352,0.25,0.3534,0.0,0.2262,,0.7152000000000001,0.45,0.75,0.6000000000000001,0.6344,0.6844,0.6418,0.3,19.0,0.61435,0.0020358,0.136396,0.061435,0.152,2026-10-03,0.3375,0.0,1.0,0.3541499999999999,0.008853749999999999
BWXT,BWX Technologies Inc. Common Stock,NASDAQ,Industrials,Aerospace & Defense,134.86,1160570.0,20443199388.0,,0.0,2026-10-03,0.0819,0.0,0.6976,0.0,0.1439,,0.7152000000000001,0.45,0.75,0.6000000000000001,0.6344,0.6844,0.6418,0.3,19.0,0.61435,0.0012951,0.136396,0.061435,0.0,2026-10-03,0.3375,0.0,1.0,0.3541499999999999,0.008853749999999999
STEP,StepStone Group Inc.,NASDAQ,Financial Services,Asset Management,45.27,1145455.0,5655474155.394154,61.0,0.0,2026-10-03,0.3397,0.25,0.5116,0.0,0.2777,,0.70855,0.5,0.6757,0.65,0.6241000000000001,0.6875,0.62175,0.3,19.0,0.6051500000000001,0.0024993,0.1341815,0.060515,0.152,2026-10-03,0.345,0.0,1.0,0.33335,0.00833375
CMI,Cummins Inc. Common Stock,NASDAQ,Industrials,Specialty Industrial Machinery,528.32,1140605.0,91353590265.0,,0.0,2026-10-03,0.4406,0.0,0.5218,0.0782,0.2679,,0.7152000000000001,0.45,0.75,0.6000000000000001,0.6344,0.6844,0.6418,0.3,19.0,0.61435,0.0024111,0.136396,0.061435,0.0,2026-10-03,0.3375,0.0,1.0,0.3541499999999999,0.008853749999999999
EPAM,EPAM Systems Inc. Common Stock,NASDAQ,Technology,Information Technology Services,108.29,1133955.0,6277009714.0,,0.0,2026-10-03,0.2328,0.5,0.3895,0.0,0.2902,,0.75,0.4778,0.7119,0.65,0.6543,0.6833,0.6629,0.3,19.0,0.6293,0.0026118,0.1406745,0.06293,0.304,2026-10-03,0.0,0.0,1.0,0.2,0.005000000000000001
KNF,Knife Riv Holding Co. Common Stock,NYSE,Basic Materials,Building Materials,50.33,1131570.0,4097628157.0,64.0,0.0,2026-10-03,0.0831,0.0,0.3678,0.0,0.1053,,0.7681,0.55,0.75,0.525,0.6791499999999999,0.68035,0.66,0.3,19.0,0.5902499999999999,0.0009477,0.14601725,0.0590249999999999,0.0,2026-10-03,0.0,0.0,1.0,0.2,0.005000000000000001
LPX,Louisiana-Pacific Corporation Common Stock,NASDAQ,Industrials,Building Products & Equipment,65.1,1126825.0,5260285845.0,,0.0,2026-10-03,0.1069,0.0,0.4851,0.0,0.1329,,0.7152000000000001,0.45,0.75,0.6000000000000001,0.6344,0.6844,0.6418,0.3,19.0,0.61435,0.0011961,0.136396,0.061435,0.0,2026-10-03,0.3375,0.0,1.0,0.3541499999999999,0.008853749999999999
BYD,Boyd Gaming Corporation Common Stock,NASDAQ,Consumer Cyclical,Resorts & Casinos,67.25,1126045.0,6316534794.0,,0.0,2026-10-03,0.1568,0.0,0.3173,0.1064,0.1444,,0.6992,0.45,0.7465999999999999,0.65,0.64295,0.6875,0.6443,0.3,19.0,0.6271,0.0012996,0.13823425,0.06271,0.0,2026-10-03,0.345,0.0,1.0,0.3656,0.00914
SMG,Scotts Miracle-Gro Company (The) Common Stock,NASDAQ,Basic Materials,Agricultural Inputs,49.02,1111590.0,3900271224.0,,0.0,2026-10-03,0.2672,0.0,0.7379,0.0,0.2127,,0.7681,0.55,0.75,0.525,0.6791499999999999,0.68035,0.66,0.3,19.0,0.5902499999999999,0.0019143,0.14601725,0.0590249999999999,0.0,2026-10-03,0.0,0.0,1.0,0.2,0.005000000000000001
JBGS,JBG SMITH Properties Common Shares,NASDAQ,Real Estate,REIT - Office,10.56,1105010.0,916367931.0,,0.0,2026-10-03,0.0416,0.0,0.4762,0.0,0.1058,,0.646,0.45,0.7034,0.5,0.5803,0.6778,0.6275,0.3,18.0,0.6198,0.0009522,0.1247645,0.06198,0.0,2026-10-03,0.0,0.0,1.0,0.2,0.005000000000000001
EBS,Emergent BioSolutions Inc. Common Stock,NASDAQ,Healthcare,Drug Manufacturers - Specialty & Generic,6.33,1100450.0,414705281.0,,0.0,2026-10-03,0.0439,0.25,0.703,0.0,0.203,,0.6198,0.4585,0.6244,0.5,0.5658,0.6778,0.69395,0.3,19.0,0.6323,0.001827,0.1216469999999999,0.06323,0.152,2026-10-03,0.0,0.0,1.0,0.2,0.005000000000000001
SUI,Sun Communities Inc. Common Stock,NASDAQ,Real Estate,REIT - Residential,110.75,1098240.0,16599925894.0,,0.0,2026-10-03,0.2423,0.0,0.6669,0.45,0.287,,0.646,0.45,0.7034,0.5,0.5803,0.6778,0.6275,0.3,18.0,0.6198,0.002583,0.1247645,0.06198,0.0,2026-10-03,0.0,0.0,1.0,0.2,0.005000000000000001
LMND,Lemonade Inc. Common Stock,NASDAQ,Financial Services,Insurance - Property & Casualty,46.49,1097955.0,5047713272.0,,0.0,2026-10-03,0.1556,0.0,0.407,0.0,0.137,,0.70855,0.5,0.6757,0.65,0.6241000000000001,0.6875,0.62175,0.3,19.0,0.6051500000000001,0.001233,0.1341815,0.060515,0.0,2026-10-03,0.345,0.0,1.0,0.33335,0.00833375
TRTX,TPG RE Finance Trust Inc. Common Stock,NASDAQ,Real Estate,REIT - Mortgage,6.14,1096580.0,655039856.0,,0.0,2026-10-03,0.3029,0.0,0.2685,0.082,0.1827,,0.646,0.45,0.7034,0.5,0.5803,0.6778,0.6275,0.3,18.0,0.6198,0.0016443,0.1247645,0.06198,0.0,2026-10-03,0.0,0.0,1.0,0.2,0.005000000000000001
SITE,SiteOne Landscape Supply Inc. Common Stock,NASDAQ,Industrials,Industrial Distribution,89.56,1083195.0,6450602140.0,,0.0,2026-10-03,0.0724,0.0,0.491,0.0,0.1173,,0.7152000000000001,0.45,0.75,0.6000000000000001,0.6344,0.6844,0.6418,0.3,19.0,0.61435,0.0010557,0.136396,0.061435,0.0,2026-10-03,0.3375,0.0,1.0,0.3541499999999999,0.008853749999999999
BHF,"Brighthouse Financial, Inc.",NASDAQ,Financial Services,Insurance - Life,50.02,1081775.0,3588638259.0,64.0,0.0,2026-10-03,0.1948,0.0,0.6219,0.1232,0.2036,,0.70855,0.5,0.6757,0.65,0.6241000000000001,0.6875,0.62175,0.3,19.0,0.6051500000000001,0.0018324,0.1341815,0.060515,0.0,2026-10-03,0.345,0.0,1.0,0.33335,0.00833375
PUK,Prudential Public Limited Company Common Stock,NASDAQ,Financial Services,Insurance - Life,24.57,1069325.0,38489199789.0,,0.0,2026-10-03,0.3385,0.0,0.467,0.1047,0.2237,,0.70855,0.5,0.6757,0.65,0.6241000000000001,0.6875,0.62175,0.3,19.0,0.6051500000000001,0.0020133,0.1341815,0.060515,0.0,2026-10-03,0.345,0.0,1.0,0.33335,0.00833375
VNDA,Vanda Pharmaceuticals Inc. - Common Stock,NASDAQ,Healthcare,Biotechnology,4.63,1067000.0,426759964.0,,1.0,2026-10-03,0.139,0.0,0.0497,0.0,0.0871,,0.6198,0.4585,0.6244,0.5,0.5658,0.6778,0.69395,0.3,19.0,0.6323,0.0007838999999999,0.1216469999999999,0.06323,0.0,2026-10-03,0.0,0.0,1.0,0.2,0.005000000000000001
AXON,"Axon Enterprise, Inc.",NASDAQ,Industrials,Aerospace & Defense,413.35,1061450.0,35081525976.958466,61.0,0.0,2026-10-03,0.2553,0.25,0.5183,0.0,0.2462,,0.7152000000000001,0.45,0.75,0.6000000000000001,0.6344,0.6844,0.6418,0.3,19.0,0.61435,0.0022158,0.136396,0.061435,0.152,2026-10-03,0.3375,0.0,1.0,0.3541499999999999,0.008853749999999999
PAX,Patria Investments Limited,NASDAQ,Financial Services,Asset Management,10.21,1055830.0,1864187305.9643328,61.0,0.0,2026-10-03,0.1722,0.0,0.4141,0.0,0.1435,,0.70855,0.5,0.6757,0.65,0.6241000000000001,0.6875,0.62175,0.3,19.0,0.6051500000000001,0.0012915,0.1341815,0.060515,0.0,2026-10-03,0.345,0.0,1.0,0.33335,0.00833375
DFH,Dream Finders Homes Inc. Class A Common Stock,NASDAQ,Consumer Cyclical,Residential Construction,10.75,1054360.0,1395803116.0,,0.0,2026-10-03,0.0523,0.0,0.4234,0.0,0.1021,,0.6992,0.45,0.7465999999999999,0.65,0.64295,0.6875,0.6443,0.3,19.0,0.6271,0.0009189,0.13823425,0.06271,0.0,2026-10-03,0.345,0.0,1.0,0.3656,0.00914
ADNT,Adient plc Ordinary Shares,NASDAQ,Consumer Cyclical,Auto Parts,17.31,1053250.0,1734472105.0,,0.0,2026-10-03,0.1615,0.0,0.5541,0.0,0.1575,,0.6992,0.45,0.7465999999999999,0.65,0.64295,0.6875,0.6443,0.3,19.0,0.6271,0.0014175,0.13823425,0.06271,0.0,2026-10-03,0.345,0.0,1.0,0.3656,0.00914
ATO,Atmos Energy Corporation Common Stock,NASDAQ,Utilities,Utilities - Regulated Gas,157.17,1051090.0,30680652030.0,,0.0,2026-10-03,0.2589,0.0,0.4797,0.45,0.2686,,0.645,0.0,0.7225999999999999,0.45,0.49755,0.6917,0.60385,0.3,17.0,0.60505,0.0024174,0.10697325,0.060505,0.0,2026-10-03,0.0,0.0,0.99835,0.2,0.005000000000000001
HSAI,Hesai Group,NASDAQ,Consumer Cyclical,Auto Parts,15.38,1048570.0,2888273706.301008,61.0,0.0,2026-10-03,0.1093,0.25,0.7148,0.0,0.2167,,0.6992,0.45,0.7465999999999999,0.65,0.64295,0.6875,0.6443,0.3,19.0,0.6271,0.0019503,0.13823425,0.06271,0.152,2026-10-03,0.345,0.0,1.0,0.3656,0.00914
NSC,Norfolk Southern Corporation Common Stock,NASDAQ,Industrials,Railroads,317.44,1048530.0,71797920513.0,,0.0,2026-10-03,0.42575,0.25,0.4852999999999999,0.1068,0.40095,,0.7152000000000001,0.45,0.75,0.6000000000000001,0.6344,0.6844,0.6418,0.3,19.0,0.61435,0.00360855,0.136396,0.061435,0.152,2026-10-03,0.3375,0.0,1.0,0.3541499999999999,0.008853749999999999
CFFN,"Capitol Federal Financial, Inc.",NASDAQ,Financial Services,Banks - Regional,8.58,1042335.0,916782171.8150665,61.0,0.0,2026-10-03,0.5297,0.25,0.5036,0.6,0.4695,,0.70855,0.5,0.6757,0.65,0.6241000000000001,0.6875,0.62175,0.3,19.0,0.6051500000000001,0.0042254999999999,0.1341815,0.060515,0.152,2026-10-03,0.345,0.0,1.0,0.33335,0.00833375
AUGO,Aura Minerals Inc.,NASDAQ,Basic Materials,Gold,81.95,1041255.0,5808989623.718124,61.0,0.0,2026-10-03,0.75715,0.5,0.5117499999999999,0.0915,0.49015,,0.7681,0.55,0.75,0.525,0.6791499999999999,0.68035,0.66,0.3,19.0,0.5902499999999999,0.00441135,0.14601725,0.0590249999999999,0.304,2026-10-03,0.435,0.0,1.0,0.4175,0.0104375
CCK,Crown Holdings Inc.,NASDAQ,Consumer Cyclical,Packaging & Containers,106.05,1038535.0,11351029308.0,,0.0,2026-10-03,0.23515,0.25,0.50275,0.08835,0.2476499999999999,,0.6992,0.45,0.7465999999999999,0.65,0.64295,0.6875,0.6443,0.3,19.0,0.6271,0.0022288499999999,0.13823425,0.06271,0.152,2026-10-03,0.345,0.0,1.0,0.3656,0.00914
GBCI,Glacier Bancorp Inc. Common Stock,NASDAQ,Financial Services,Banks - Regional,43.91,1034095.0,6339659855.0,,0.0,2026-10-03,0.5297,0.25,0.5036,0.6,0.4695,,0.70855,0.5,0.6757,0.65,0.6241000000000001,0.6875,0.62175,0.3,19.0,0.6051500000000001,0.0042254999999999,0.1341815,0.060515,0.152,2026-10-03,0.345,0.0,1.0,0.33335,0.00833375
URBN,"Urban Outfitters, Inc. - Common Stock",NASDAQ,Consumer Cyclical,Apparel Retail,80.8,1030665.0,6151975078.0,,0.0,2026-10-03,0.23515,0.25,0.50275,0.08835,0.2476499999999999,,0.6992,0.45,0.7465999999999999,0.65,0.64295,0.6875,0.6443,0.3,19.0,0.6271,0.0022288499999999,0.13823425,0.06271,0.152,2026-10-03,0.345,0.0,1.0,0.3656,0.00914
GLOB,Globant S.A. Common Shares,NASDAQ,Technology,Information Technology Services,35.1,1026455.0,1849812185.0,,0.0,2026-10-03,0.58255,0.5,0.44155,0.0695,0.4882499999999999,,0.75,0.4778,0.7119,0.65,0.6543,0.6833,0.6629,0.3,19.0,0.6293,0.00439425,0.1406745,0.06293,0.304,2026-10-03,0.36,0.0,1.0,0.38,0.009500000000000001
ULS,UL Solutions Inc. Class A Common Stock,NASDAQ,Industrials,Specialty Business Services,65.99,1021925.0,18146377755.0,,0.0,2026-10-03,0.42575,0.25,0.4852999999999999,0.1068,0.40095,,0.7152000000000001,0.45,0.75,0.6000000000000001,0.6344,0.6844,0.6418,0.3,19.0,0.61435,0.00360855,0.136396,0.061435,0.152,2026-10-03,0.3375,0.0,1.0,0.3541499999999999,0.008853749999999999
ASGN,ASGN Incorporated Common Stock,NASDAQ,Technology,Information Technology Services,21.02,1020903.0,810018970.0,,0.0,2026-10-03,0.58255,0.5,0.44155,0.0695,0.4882499999999999,,0.75,0.4778,0.7119,0.65,0.6543,0.6833,0.6629,0.3,19.0,0.6293,0.00439425,0.1406745,0.06293,0.304,2026-10-03,0.0,0.0,0.3633,0.0727,0.0018175
IART,Integra LifeSciences Holdings Corporation,NASDAQ,Healthcare,Medical Devices,12.68,1019630.0,728323229.5714798,61.0,0.0,2026-10-03,0.61995,0.49245,0.49685,0.45,0.4607,,0.6198,0.4585,0.6244,0.5,0.5658,0.6778,0.69395,0.3,19.0,0.6323,0.0041463,0.1216469999999999,0.06323,0.2994096,2026-10-03,0.0,0.0,1.0,0.2,0.005000000000000001
AGIO,"Agios Pharmaceuticals, Inc.",NASDAQ,Healthcare,Biotechnology,31.8,1017585.0,1742531181.869316,61.0,0.0,2026-10-03,0.1021,0.25,0.4698,0.037,0.2,,0.6198,0.4585,0.6244,0.5,0.5658,0.6778,0.69395,0.3,19.0,0.6323,0.0018,0.1216469999999999,0.06323,0.152,2026-10-03,0.0,0.0,1.0,0.2,0.005000000000000001
ORA,Ormat Technologies Inc. Common Stock,NASDAQ,Utilities,Utilities - Renewable,92.86,1017450.0,6966375032.0,,0.0,2026-10-03,0.2791,0.0,0.53205,0.45,0.3046,,0.645,0.0,0.7225999999999999,0.45,0.49755,0.6917,0.60385,0.3,17.0,0.60505,0.0027413999999999,0.10697325,0.060505,0.0,2026-10-03,0.0,0.0,0.99835,0.2,0.005000000000000001
SCI,Service Corporation International Common Stock,NASDAQ,Consumer Cyclical,Personal Services,77.14,1016155.0,12214092685.0,,0.0,2026-10-03,0.23515,0.25,0.50275,0.08835,0.2476499999999999,,0.6992,0.45,0.7465999999999999,0.65,0.64295,0.6875,0.6443,0.3,19.0,0.6271,0.0022288499999999,0.13823425,0.06271,0.152,2026-10-03,0.345,0.0,1.0,0.3656,0.00914
SQM,Sociedad Quimica y Minera S.A. Common Stock,NASDAQ,Basic Materials,Specialty Chemicals,64.52,1014380.0,25361781233.0,,0.0,2026-10-03,0.75715,0.5,0.5117499999999999,0.0915,0.49015,,0.7681,0.55,0.75,0.525,0.6791499999999999,0.68035,0.66,0.3,19.0,0.5902499999999999,0.00441135,0.14601725,0.0590249999999999,0.304,2026-10-03,0.3278,0.0,1.0,0.3639,0.0090975
BLFS,"BioLife Solutions, Inc.",NASDAQ,Healthcare,Medical Instruments & Supplies,37.3,1013545.0,1170135126.0,64.0,0.0,2026-10-03,0.61995,0.49245,0.49685,0.45,0.4607,,0.6198,0.4585,0.6244,0.5,0.5658,0.6778,0.69395,0.3,19.0,0.6323,0.0041463,0.1216469999999999,0.06323,0.2994096,2026-10-03,0.0,0.0,1.0,0.2,0.005000000000000001
LNTH,"Lantheus Holdings, Inc.",NASDAQ,Healthcare,Drug Manufacturers - Specialty & Generic,99.96,1011990.0,4853398954.127365,61.0,0.0,2026-10-03,0.61995,0.49245,0.49685,0.45,0.4607,,0.6198,0.4585,0.6244,0.5,0.5658,0.6778,0.69395,0.3,19.0,0.6323,0.0041463,0.1216469999999999,0.06323,0.2994096,2026-10-03,0.0,0.0,1.0,0.2,0.005000000000000001
VRTX,Vertex Pharmaceuticals Incorporated,NASDAQ,Healthcare,Biotechnology,504.73,1010090.0,110969518793.0,62.0,0.0,2026-10-03,0.61995,0.49245,0.49685,0.45,0.4607,,0.6198,0.4585,0.6244,0.5,0.5658,0.6778,0.69395,0.3,19.0,0.6323,0.0041463,0.1216469999999999,0.06323,0.2994096,2026-10-03,0.0,0.0,1.0,0.2,0.005000000000000001
STLD,"Steel Dynamics, Inc.",NASDAQ,Basic Materials,Steel,231.99,1009365.0,25044279113.237305,61.0,0.0,2026-10-03,0.75715,0.5,0.5117499999999999,0.0915,0.49015,,0.7681,0.55,0.75,0.525,0.6791499999999999,0.68035,0.66,0.3,19.0,0.5902499999999999,0.00441135,0.14601725,0.0590249999999999,0.304,2026-10-03,0.85,0.0,1.0,0.625,0.015625
FUL,H. B. Fuller Company Common Stock,NASDAQ,Basic Materials,Specialty Chemicals,50.2,1009275.0,3423436781.0,,0.0,2026-10-03,0.75715,0.5,0.5117499999999999,0.0915,0.49015,,0.7681,0.55,0.75,0.525,0.6791499999999999,0.68035,0.66,0.3,19.0,0.5902499999999999,0.00441135,0.14601725,0.0590249999999999,0.304,2026-10-03,0.0,0.925,1.0,0.4775,0.0119375
CON,Concentra Group Holdings Parent Inc. Common Stock,NASDAQ,Healthcare,Medical Care Facilities,35.65,1008945.0,2932536295.0,,0.0,2026-10-03,0.61995,0.49245,0.49685,0.45,0.4607,,0.6198,0.4585,0.6244,0.5,0.5658,0.6778,0.69395,0.3,19.0,0.6323,0.0041463,0.1216469999999999,0.06323,0.2994096,2026-10-03,0.0,0.0,1.0,0.2,0.005000000000000001
BFAM,Bright Horizons Family Solutions Inc. Common Stock,NASDAQ,Consumer Cyclical,Personal Services,64.26,1008465.0,4279910570.0,,0.0,2026-10-03,0.23515,0.25,0.50275,0.08835,0.2476499999999999,,0.6992,0.45,0.7465999999999999,0.65,0.64295,0.6875,0.6443,0.3,19.0,0.6271,0.0022288499999999,0.13823425,0.06271,0.152,2026-10-03,0.345,0.0,1.0,0.3656,0.00914
MNRO,"Monro, Inc. ",NASDAQ,Consumer Cyclical,Auto Parts,14.18,1004285.0,462002577.70643234,61.0,0.0,2026-10-03,0.23515,0.25,0.50275,0.08835,0.2476499999999999,,0.6992,0.45,0.7465999999999999,0.65,0.64295,0.6875,0.6443,0.3,19.0,0.6271,0.0022288499999999,0.13823425,0.06271,0.152,2026-10-03,0.345,0.0,1.0,0.3656,0.00914
WFRD,Weatherford International plc - Ordinary shares,NASDAQ,Energy,Oil & Gas Equipment & Services,79.72,1002050.0,7372412806.0,,0.0,2026-10-03,0.6603,0.5,0.5166,0.6,0.6019,,0.7292,0.4065499999999999,0.7446999999999999,0.65,0.62495,0.675,0.64585,0.3,18.0,0.6146499999999999,0.0054171,0.13436425,0.0614649999999999,0.304,2026-10-03,0.715,0.0,1.0,0.5575,0.0139375
ORKA,"Oruka Therapeutics, Inc.",NASDAQ,Healthcare,Biotechnology,84.52,998055.0,2211090352.247303,61.0,0.0,2026-10-03,0.61995,0.49245,0.49685,0.45,0.4607,,0.6198,0.4585,0.6244,0.5,0.5658,0.6778,0.69395,0.3,19.0,0.6323,0.0041463,0.1216469999999999,0.06323,0.2994096,2026-10-03,0.0,0.0,1.0,0.2,0.005000000000000001
ZG,"Zillow Group, Inc.",NASDAQ,Communication Services,Internet Content & Information,28.1,996560.0,9651751411.0,62.0,0.0,2026-10-03,0.4121,0.2674,0.4984,0.0947,0.4045,,0.5903,0.45,0.6953499999999999,0.65,0.5902499999999999,0.6770499999999999,0.6206,0.3,18.5,0.61235,0.0036405,0.1269037499999999,0.061235,0.1625792,2026-10-03,0.0,0.0,0.95835,0.2,0.005000000000000001
FRT,Federal Realty Investment Trust Common Stock,NASDAQ,Real Estate,REIT - Retail,106.69,995180.0,9592547250.0,,0.0,2026-10-03,0.4608,0.25,0.4744,0.45,0.407,,0.646,0.45,0.7034,0.5,0.5803,0.6778,0.6275,0.3,18.0,0.6198,0.0036629999999999,0.1247645,0.06198,0.152,2026-10-03,0.0,0.0,1.0,0.2,0.005000000000000001
NGG,National Grid Transco PLC National Grid PLC (NEW) American Depositary Shares,NASDAQ,Utilities,Utilities - Regulated Electric,76.12,993825.0,86955392874.0,,0.0,2026-10-03,0.2791,0.0,0.53205,0.45,0.3046,,0.645,0.0,0.7225999999999999,0.45,0.49755,0.6917,0.60385,0.3,17.0,0.60505,0.0027413999999999,0.10697325,0.060505,0.0,2026-10-03,0.0,0.0,0.99835,0.2,0.005000000000000001
WB,Weibo Corporation - American Depositary Shares,NASDAQ,Communication Services,Internet Content & Information,6.33,992125.0,2172259197.0,,0.0,2026-10-03,0.0499,0.0,0.5378,0.0,0.1155,,0.5903,0.45,0.6953499999999999,0.65,0.5902499999999999,0.6770499999999999,0.6206,0.3,18.5,0.61235,0.0010395,0.1269037499999999,0.061235,0.0,2026-10-03,0.0,0.0,0.95835,0.2,0.005000000000000001
CBZ,CBIZ Inc. Common Stock,NASDAQ,Industrials,Specialty Business Services,54.69,989795.0,1681143482.0,,0.0,2026-10-03,0.42575,0.25,0.4852999999999999,0.1068,0.40095,,0.7152000000000001,0.45,0.75,0.6000000000000001,0.6344,0.6844,0.6418,0.3,19.0,0.61435,0.00360855,0.136396,0.061435,0.152,2026-10-03,0.3375,0.0,1.0,0.3541499999999999,0.008853749999999999
DNP,DNP Select Income Fund Inc. Common Stock,NASDAQ,Financial Services,Asset Management,9.57,988480.0,4039523557.0,,0.0,2026-10-03,0.5297,0.25,0.5036,0.6,0.4695,,0.70855,0.5,0.6757,0.65,0.6241000000000001,0.6875,0.62175,0.3,19.0,0.6051500000000001,0.0042254999999999,0.1341815,0.060515,0.152,2026-10-03,0.345,0.0,1.0,0.33335,0.00833375
BAND,Bandwidth Inc.,NASDAQ,Technology,Software - Infrastructure,63.74,984650.0,1436178654.0,63.0,0.0,2026-10-03,0.58255,0.5,0.44155,0.0695,0.4882499999999999,,0.75,0.4778,0.7119,0.65,0.6543,0.6833,0.6629,0.3,19.0,0.6293,0.00439425,0.1406745,0.06293,0.304,2026-10-03,0.57,0.0,0.9028,0.4656,0.011640000000000001
BKSY,BlackSky Technology Inc. Class A Common Stock,NASDAQ,Industrials,Specialty Business Services,21.92,980695.0,1255398417.0,,0.0,2026-10-03,0.0618,0.25,0.4904,0.0,0.1851,,0.7152000000000001,0.45,0.75,0.6000000000000001,0.6344,0.6844,0.6418,0.3,19.0,0.61435,0.0016658999999999,0.136396,0.061435,0.152,2026-10-03,0.3375,0.0,1.0,0.3541499999999999,0.008853749999999999
DEO,Diageo plc Common Stock,NASDAQ,Consumer Defensive,Beverages - Wineries & Distilleries,84.75,980445.0,44076473017.0,,0.0,2026-10-03,0.323,0.25,0.4889,0.0627,0.3528,,0.7212,0.45,0.7174,0.65,0.628,0.6763,0.629,0.3,19.0,0.5958,0.0031752,0.13502,0.05958,0.152,2026-10-03,0.0,0.0,1.0,0.2,0.005000000000000001
MGTX,MeiraGTx Holdings plc - Ordinary Shares,NASDAQ,Healthcare,Biotechnology,10.79,980115.0,730571771.0,,0.0,2026-10-03,0.61995,0.49245,0.49685,0.45,0.4607,,0.6198,0.4585,0.6244,0.5,0.5658,0.6778,0.69395,0.3,19.0,0.6323,0.0041463,0.1216469999999999,0.06323,0.2994096,2026-10-03,0.0,0.0,1.0,0.2,0.005000000000000001
ESAB,ESAB Corporation Common Stock,NASDAQ,Industrials,Metal Fabrication,69.9,977025.0,6166080473.0,,0.0,2026-10-03,0.0487,0.25,0.5808,0.0,0.1861,,0.7152000000000001,0.45,0.75,0.6000000000000001,0.6344,0.6844,0.6418,0.3,19.0,0.61435,0.0016749,0.136396,0.061435,0.152,2026-10-03,0.3375,0.0,1.0,0.3541499999999999,0.008853749999999999
INSP,Inspire Medical Systems Inc. Common Stock,NASDAQ,Healthcare,Medical Devices,69.97,976820.0,1621576396.0,,0.0,2026-10-03,0.61995,0.49245,0.49685,0.45,0.4607,,0.6198,0.4585,0.6244,0.5,0.5658,0.6778,0.69395,0.3,19.0,0.6323,0.0041463,0.1216469999999999,0.06323,0.2994096,2026-10-03,0.0,0.0,1.0,0.2,0.005000000000000001
SXC,SunCoke Energy Inc. Common Stock,NASDAQ,Basic Materials,Coking Coal,9.9,975330.0,552332988.0,,0.0,2026-10-03,0.75715,0.5,0.5117499999999999,0.0915,0.49015,,0.7681,0.55,0.75,0.525,0.6791499999999999,0.68035,0.66,0.3,19.0,0.5902499999999999,0.00441135,0.14601725,0.0590249999999999,0.304,2026-10-03,0.54,0.0,0.6435,0.3987,0.0099675
BOBS,Bob's Discount Furniture Inc. Common Stock,NASDAQ,Consumer Cyclical,Specialty Retail,14.19,974745.0,1538331332.0,,0.0,2026-10-03,0.23515,0.25,0.50275,0.08835,0.2476499999999999,,0.6992,0.45,0.7465999999999999,0.65,0.64295,0.6875,0.6443,0.3,19.0,0.6271,0.0022288499999999,0.13823425,0.06271,0.152,2026-10-03,0.345,0.0,1.0,0.3656,0.00914
TSSI,"TSS, Inc. - Common Stock",NASDAQ,Technology,Information Technology Services,10.24,973285.0,358255374.0,,0.0,2026-10-03,0.58255,0.5,0.44155,0.0695,0.4882499999999999,,0.75,0.4778,0.7119,0.65,0.6543,0.6833,0.6629,0.3,19.0,0.6293,0.00439425,0.1406745,0.06293,0.304,2026-10-03,0.225,0.0,1.0,0.3125,0.0078125
SBAC,SBA Communications Corporation,NASDAQ,Real Estate,REIT - Specialty,158.49,971945.0,17684367035.88867,61.0,0.0,2026-10-03,0.4608,0.25,0.4744,0.45,0.407,,0.646,0.45,0.7034,0.5,0.5803,0.6778,0.6275,0.3,18.0,0.6198,0.0036629999999999,0.1247645,0.06198,0.152,2026-10-03,0.0,0.0,1.0,0.2,0.005000000000000001
BV,BrightView Holdings Inc. Common Stock,NASDAQ,Industrials,Specialty Business Services,10.28,969305.0,1163370035.0,,0.0,2026-10-03,0.1176,0.0,0.4278,0.028,0.1323,,0.7152000000000001,0.45,0.75,0.6000000000000001,0.6344,0.6844,0.6418,0.3,19.0,0.61435,0.0011907,0.136396,0.061435,0.0,2026-10-03,0.3375,0.0,1.0,0.3541499999999999,0.008853749999999999
KRP,Kimbell Royalty Partners Common Units Representing Limited Partner Interests,NASDAQ,Energy,Oil & Gas E&P,14.58,968570.0,1390818108.0,,0.0,2026-10-03,0.6603,0.5,0.5166,0.6,0.6019,,0.7292,0.4065499999999999,0.7446999999999999,0.65,0.62495,0.675,0.64585,0.3,18.0,0.6146499999999999,0.0054171,0.13436425,0.0614649999999999,0.304,2026-10-03,0.57,0.0,1.0,0.485,0.012125
NOC,Northrop Grumman Corporation Common Stock,NASDAQ,Industrials,Aerospace & Defense,478.0,967445.0,81684870301.0,,0.0,2026-10-03,0.1081,0.0175,0.1883,0.0,0.0989,,0.7152000000000001,0.45,0.75,0.6000000000000001,0.6344,0.6844,0.6418,0.3,19.0,0.61435,0.0008901,0.136396,0.061435,0.01064,2026-10-03,0.3375,0.0,1.0,0.3541499999999999,0.008853749999999999
CEPT,"Cantor Equity Partners II, Inc. - Class A ordinary share",NASDAQ,Financial Services,Shell Companies,11.78,965940.0,333627795.0,,0.0,2026-10-03,0.5297,0.25,0.5036,0.6,0.4695,,0.70855,0.5,0.6757,0.65,0.6241000000000001,0.6875,0.62175,0.3,19.0,0.6051500000000001,0.0042254999999999,0.1341815,0.060515,0.152,2026-10-03,0.345,0.0,1.0,0.33335,0.00833375
KYTX,"Kyverna Therapeutics, Inc.",NASDAQ,Healthcare,Biotechnology,6.22,962765.0,473276431.2307172,61.0,0.0,2026-10-03,0.61995,0.49245,0.49685,0.45,0.4607,,0.6198,0.4585,0.6244,0.5,0.5658,0.6778,0.69395,0.3,19.0,0.6323,0.0041463,0.1216469999999999,0.06323,0.2994096,2026-10-03,0.0,0.0,1.0,0.2,0.005000000000000001
ZVRA,"Zevra Therapeutics, Inc.  - Common Stock",NASDAQ,Healthcare,Biotechnology,9.99,961320.0,555998716.0,,0.0,2026-10-03,0.61995,0.49245,0.49685,0.45,0.4607,,0.6198,0.4585,0.6244,0.5,0.5658,0.6778,0.69395,0.3,19.0,0.6323,0.0041463,0.1216469999999999,0.06323,0.2994096,2026-10-03,0.0,0.0,1.0,0.2,0.005000000000000001
CRC,California Resources Corporation Common Stock,NASDAQ,Energy,Oil & Gas E&P,52.43,960290.0,5744826392.0,,0.0,2026-10-03,0.6603,0.5,0.5166,0.6,0.6019,,0.7292,0.4065499999999999,0.7446999999999999,0.65,0.62495,0.675,0.64585,0.3,18.0,0.6146499999999999,0.0054171,0.13436425,0.0614649999999999,0.304,2026-10-03,0.555,0.0,1.0,0.4775,0.0119375
CRL,Charles River Laboratories International Inc. Common Stock,NASDAQ,Healthcare,Diagnostics & Research,290.19,959970.0,8378264958.0,,0.0,2026-10-03,0.61995,0.49245,0.49685,0.45,0.4607,,0.6198,0.4585,0.6244,0.5,0.5658,0.6778,0.69395,0.3,19.0,0.6323,0.0041463,0.1216469999999999,0.06323,0.2994096,2026-10-03,0.0,0.0,1.0,0.2,0.005000000000000001
MMYT,MakeMyTrip Limited,NASDAQ,Consumer Cyclical,Travel Services,44.62,958660.0,3528065321.260071,61.0,0.0,2026-10-03,0.23515,0.25,0.50275,0.08835,0.2476499999999999,,0.6992,0.45,0.7465999999999999,0.65,0.64295,0.6875,0.6443,0.3,19.0,0.6271,0.0022288499999999,0.13823425,0.06271,0.152,2026-10-03,0.345,0.0,1.0,0.3656,0.00914
POST,Post Holdings Inc. Common Stock,NASDAQ,Consumer Defensive,Packaged Foods,72.56,958515.0,4970713893.0,,0.0,2026-10-03,0.323,0.25,0.4889,0.0627,0.3528,,0.7212,0.45,0.7174,0.65,0.628,0.6763,0.629,0.3,19.0,0.5958,0.0031752,0.13502,0.05958,0.152,2026-10-03,0.0,0.0,1.0,0.2,0.005000000000000001
UPBD,"Upbound Group, Inc. - Common Stock",NASDAQ,Technology,Software - Application,15.91,958365.0,1068782720.0,,0.0,2026-10-03,0.58255,0.5,0.44155,0.0695,0.4882499999999999,,0.75,0.4778,0.7119,0.65,0.6543,0.6833,0.6629,0.3,19.0,0.6293,0.00439425,0.1406745,0.06293,0.304,2026-10-03,0.57,0.0,1.0,0.485,0.012125
AVO,"Mission Produce, Inc.",NASDAQ,Consumer Defensive,Food Distribution,12.81,957995.0,992203335.9277228,61.0,0.0,2026-10-03,0.323,0.25,0.4889,0.0627,0.3528,,0.7212,0.45,0.7174,0.65,0.628,0.6763,0.629,0.3,19.0,0.5958,0.0031752,0.13502,0.05958,0.152,2026-10-03,0.0,0.0,1.0,0.2,0.005000000000000001
OMF,OneMain Holdings Inc. Common Stock,NASDAQ,Financial Services,Credit Services,56.02,954845.0,6997984628.0,,0.0,2026-10-03,0.5297,0.25,0.5036,0.6,0.4695,,0.70855,0.5,0.6757,0.65,0.6241000000000001,0.6875,0.62175,0.3,19.0,0.6051500000000001,0.0042254999999999,0.1341815,0.060515,0.152,2026-10-03,0.345,0.0,1.0,0.33335,0.00833375
LGN,Legence Corp.,NASDAQ,Industrials,Engineering & Construction,53.61,954715.0,5903664433.139954,61.0,0.0,2026-10-03,0.42575,0.25,0.4852999999999999,0.1068,0.40095,,0.7152000000000001,0.45,0.75,0.6000000000000001,0.6344,0.6844,0.6418,0.3,19.0,0.61435,0.00360855,0.136396,0.061435,0.152,2026-10-03,0.3375,0.0,1.0,0.3541499999999999,0.008853749999999999
ERII,"Energy Recovery, Inc.",NASDAQ,Industrials,Pollution & Treatment Controls,6.77,952605.0,524423740.09274864,61.0,0.0,2026-10-03,0.42575,0.25,0.4852999999999999,0.1068,0.40095,,0.7152000000000001,0.45,0.75,0.6000000000000001,0.6344,0.6844,0.6418,0.3,19.0,0.61435,0.00360855,0.136396,0.061435,0.152,2026-10-03,0.3375,0.0,1.0,0.3541499999999999,0.008853749999999999
SYNA,Synaptics Incorporated - Common Stock,NASDAQ,Technology,Semiconductors,121.1,951435.0,2877467580.0,,0.0,2026-10-03,0.58255,0.5,0.44155,0.0695,0.4882499999999999,,0.75,0.4778,0.7119,0.65,0.6543,0.6833,0.6629,0.3,19.0,0.6293,0.00439425,0.1406745,0.06293,0.304,2026-10-03,0.57,0.0,0.8198,0.449,0.011225
STOK,"Stoke Therapeutics, Inc.",NASDAQ,Healthcare,Biotechnology,25.62,950715.0,1948426941.3687515,61.0,0.0,2026-10-03,0.3729,0.0,0.6985,0.0,0.2485,,0.6198,0.4585,0.6244,0.5,0.5658,0.6778,0.69395,0.3,19.0,0.6323,0.0022365,0.1216469999999999,0.06323,0.0,2026-10-03,0.0,0.0,1.0,0.2,0.005000000000000001
CAE,CAE Inc. Ordinary Shares,NASDAQ,Industrials,Aerospace & Defense,24.01,950430.0,8148109160.0,,0.0,2026-10-03,0.42575,0.25,0.4852999999999999,0.1068,0.40095,,0.7152000000000001,0.45,0.75,0.6000000000000001,0.6344,0.6844,0.6418,0.3,19.0,0.61435,0.00360855,0.136396,0.061435,0.152,2026-10-03,0.3375,0.0,1.0,0.3541499999999999,0.008853749999999999
DOX,Amdocs Limited,NASDAQ,Technology,Software - Infrastructure,58.12,949885.0,7023196808.851318,61.0,0.0,2026-10-03,0.58255,0.5,0.44155,0.0695,0.4882499999999999,,0.75,0.4778,0.7119,0.65,0.6543,0.6833,0.6629,0.3,19.0,0.6293,0.00439425,0.1406745,0.06293,0.304,2026-10-03,0.555,0.0,1.0,0.4775,0.0119375
ASPN,Aspen Aerogels Inc. Common Stock,NYSE,Industrials,Building Products & Equipment,5.69,947880.0,417441035.0,63.0,0.0,2026-10-03,0.2043,0.5,0.4235,0.0,0.2933,,0.7152000000000001,0.45,0.75,0.6000000000000001,0.6344,0.6844,0.6418,0.3,19.0,0.61435,0.0026397,0.136396,0.061435,0.304,2026-10-03,0.3375,0.0,1.0,0.3541499999999999,0.008853749999999999
PVH,PVH Corp. Common Stock,NASDAQ,Consumer Cyclical,Apparel Manufacturing,75.53,944735.0,4289791453.0,,0.0,2026-10-03,0.23515,0.25,0.50275,0.08835,0.2476499999999999,,0.6992,0.45,0.7465999999999999,0.65,0.64295,0.6875,0.6443,0.3,19.0,0.6271,0.0022288499999999,0.13823425,0.06271,0.152,2026-10-03,0.345,0.0,1.0,0.3656,0.00914
RPM,RPM International Inc. Common Stock,NASDAQ,Basic Materials,Specialty Chemicals,99.19,943470.0,13445385736.0,,0.0,2026-10-03,0.75715,0.5,0.5117499999999999,0.0915,0.49015,,0.7681,0.55,0.75,0.525,0.6791499999999999,0.68035,0.66,0.3,19.0,0.5902499999999999,0.00441135,0.14601725,0.0590249999999999,0.304,2026-10-03,0.36,0.0,1.0,0.38,0.009500000000000001
JXN,Jackson Financial Inc. Class A Common Stock,NASDAQ,Financial Services,Insurance - Life,131.53,941875.0,7962738233.0,,0.0,2026-10-03,0.5297,0.25,0.5036,0.6,0.4695,,0.70855,0.5,0.6757,0.65,0.6241000000000001,0.6875,0.62175,0.3,19.0,0.6051500000000001,0.0042254999999999,0.1341815,0.060515,0.152,2026-10-03,0.345,0.0,1.0,0.33335,0.00833375
DRS,"Leonardo DRS, Inc.",NASDAQ,Industrials,Aerospace & Defense,36.8,939670.0,12192005339.689484,61.0,0.0,2026-10-03,0.42575,0.25,0.4852999999999999,0.1068,0.40095,,0.7152000000000001,0.45,0.75,0.6000000000000001,0.6344,0.6844,0.6418,0.3,19.0,0.61435,0.00360855,0.136396,0.061435,0.152,2026-10-03,0.3375,0.0,1.0,0.3541499999999999,0.008853749999999999
OPFI,OppFi Inc. Class A Common Stock,NYSE,Financial Services,Credit Services,5.97,936980.0,796718997.0,63.0,0.0,2026-10-03,0.5297,0.25,0.5036,0.6,0.4695,,0.70855,0.5,0.6757,0.65,0.6241000000000001,0.6875,0.62175,0.3,19.0,0.6051500000000001,0.0042254999999999,0.1341815,0.060515,0.152,2026-10-03,0.345,0.0,1.0,0.33335,0.00833375
UCTT,"Ultra Clean Holdings, Inc. - Common Stock",NASDAQ,Technology,Semiconductor Equipment & Materials,72.69,936750.0,3448599669.0,,0.0,2026-10-03,0.58255,0.5,0.44155,0.0695,0.4882499999999999,,0.75,0.4778,0.7119,0.65,0.6543,0.6833,0.6629,0.3,19.0,0.6293,0.00439425,0.1406745,0.06293,0.304,2026-10-03,0.57,0.0,1.0,0.485,0.012125
DOLE,Dole plc Ordinary Shares,NASDAQ,Consumer Defensive,Farm Products,12.75,933265.0,1438889421.0,,0.0,2026-10-03,0.323,0.25,0.4889,0.0627,0.3528,,0.7212,0.45,0.7174,0.65,0.628,0.6763,0.629,0.3,19.0,0.5958,0.0031752,0.13502,0.05958,0.152,2026-10-03,0.0,0.0,1.0,0.2,0.005000000000000001
KREF,KKR Real Estate Finance Trust Inc. Common Stock,NASDAQ,Real Estate,REIT - Mortgage,6.16,932170.0,386445520.0,,0.0,2026-10-03,0.4608,0.25,0.4744,0.45,0.407,,0.646,0.45,0.7034,0.5,0.5803,0.6778,0.6275,0.3,18.0,0.6198,0.0036629999999999,0.1247645,0.06198,0.152,2026-10-03,0.0,0.0,1.0,0.2,0.005000000000000001
TTC,Toro Company (The) Common Stock,NASDAQ,Industrials,Tools & Accessories,98.64,931870.0,9283081960.0,,0.0,2026-10-03,0.42575,0.25,0.4852999999999999,0.1068,0.40095,,0.7152000000000001,0.45,0.75,0.6000000000000001,0.6344,0.6844,0.6418,0.3,19.0,0.61435,0.00360855,0.136396,0.061435,0.152,2026-10-03,0.3375,0.0,1.0,0.3541499999999999,0.008853749999999999
GDYN,"Grid Dynamics Holdings, Inc.",NASDAQ,Technology,Information Technology Services,8.02,931265.0,477170246.3563385,61.0,0.0,2026-10-03,0.58255,0.5,0.44155,0.0695,0.4882499999999999,,0.75,0.4778,0.7119,0.65,0.6543,0.6833,0.6629,0.3,19.0,0.6293,0.00439425,0.1406745,0.06293,0.304,2026-10-03,0.57,0.0,1.0,0.485,0.012125
SKT,Tanger Inc. Common Stock,NASDAQ,Real Estate,REIT - Retail,35.11,930515.0,4199961716.0,,0.0,2026-10-03,0.4608,0.25,0.4744,0.45,0.407,,0.646,0.45,0.7034,0.5,0.5803,0.6778,0.6275,0.3,18.0,0.6198,0.0036629999999999,0.1247645,0.06198,0.152,2026-10-03,0.0,0.0,1.0,0.2,0.005000000000000001
OII,Oceaneering International Inc. Common Stock,NASDAQ,Energy,Oil & Gas Equipment & Services,44.32,929725.0,3725484897.0,,0.0,2026-10-03,0.6603,0.5,0.5166,0.6,0.6019,,0.7292,0.4065499999999999,0.7446999999999999,0.65,0.62495,0.675,0.64585,0.3,18.0,0.6146499999999999,0.0054171,0.13436425,0.0614649999999999,0.304,2026-10-03,0.835,0.0,0.6176,0.541,0.013525000000000002
VIA,Via Transportation Inc. Class A Common Stock,NASDAQ,Technology,Software - Application,29.33,928860.0,1269730521.0,,0.0,2026-10-03,0.58255,0.5,0.44155,0.0695,0.4882499999999999,,0.75,0.4778,0.7119,0.65,0.6543,0.6833,0.6629,0.3,19.0,0.6293,0.00439425,0.1406745,0.06293,0.304,2026-10-03,0.57,0.8,1.0,0.725,0.018125
PPTA,Perpetua Resources Corp.,NASDAQ,Basic Materials,Other Precious Metals & Mining,20.38,925125.0,3255674952.507019,61.0,0.0,2026-10-03,0.75715,0.5,0.5117499999999999,0.0915,0.49015,,0.7681,0.55,0.75,0.525,0.6791499999999999,0.68035,0.66,0.3,19.0,0.5902499999999999,0.00441135,0.14601725,0.0590249999999999,0.304,2026-10-03,0.24,0.0,1.0,0.32,0.008
WES,Western Midstream Partners LP Common Units Representing Limited Partner Interests,NASDAQ,Energy,Oil & Gas Midstream,44.76,923510.0,16744144968.0,,0.0,2026-10-03,0.6603,0.5,0.5166,0.6,0.6019,,0.7292,0.4065499999999999,0.7446999999999999,0.65,0.62495,0.675,0.64585,0.3,18.0,0.6146499999999999,0.0054171,0.13436425,0.0614649999999999,0.304,2026-10-03,0.4627,0.55,0.9148,0.5793,0.014482500000000002
HOPE,"Hope Bancorp, Inc.",NASDAQ,Financial Services,Banks - Regional,13.68,923255.0,1410241129.0,61.0,0.0,2026-10-03,0.5297,0.25,0.5036,0.6,0.4695,,0.70855,0.5,0.6757,0.65,0.6241000000000001,0.6875,0.62175,0.3,19.0,0.6051500000000001,0.0042254999999999,0.1341815,0.060515,0.152,2026-10-03,0.345,0.0,1.0,0.33335,0.00833375
FDS,FactSet Research Systems Inc. Common Stock,NASDAQ,Financial Services,Financial Data & Stock Exchanges,266.0,922815.0,8164944005.0,,0.0,2026-10-03,0.5297,0.25,0.5036,0.6,0.4695,,0.70855,0.5,0.6757,0.65,0.6241000000000001,0.6875,0.62175,0.3,19.0,0.6051500000000001,0.0042254999999999,0.1341815,0.060515,0.152,2026-10-03,0.345,0.0,1.0,0.33335,0.00833375
DNTH,"Dianthus Therapeutics, Inc.",NASDAQ,Healthcare,Biotechnology,88.21,921905.0,4310544382.340149,61.0,0.0,2026-10-03,0.61995,0.49245,0.49685,0.45,0.4607,,0.6198,0.4585,0.6244,0.5,0.5658,0.6778,0.69395,0.3,19.0,0.6323,0.0041463,0.1216469999999999,0.06323,0.2994096,2026-10-03,0.0,0.0,1.0,0.2,0.005000000000000001
JANX,"Janux Therapeutics, Inc.",NASDAQ,Healthcare,Biotechnology,16.93,920345.0,815752497.6778259,61.0,0.0,2026-10-03,0.61995,0.49245,0.49685,0.45,0.4607,,0.6198,0.4585,0.6244,0.5,0.5658,0.6778,0.69395,0.3,19.0,0.6323,0.0041463,0.1216469999999999,0.06323,0.2994096,2026-10-03,0.0,0.0,1.0,0.2,0.005000000000000001
LIND,Lindblad Expeditions Holdings Inc. ,NASDAQ,Consumer Cyclical,Travel Services,34.78,919950.0,1119071569.308342,61.0,0.0,2026-10-03,0.23515,0.25,0.50275,0.08835,0.2476499999999999,,0.6992,0.45,0.7465999999999999,0.65,0.64295,0.6875,0.6443,0.3,19.0,0.6271,0.0022288499999999,0.13823425,0.06271,0.152,2026-10-03,0.345,0.0,1.0,0.3656,0.00914
VSCO,Victorias Secret & Co. Common Stock,NASDAQ,Consumer Cyclical,Apparel Retail,81.45,919731.0,4247048795.0,,0.0,2026-10-03,0.23515,0.25,0.50275,0.08835,0.2476499999999999,,0.6992,0.45,0.7465999999999999,0.65,0.64295,0.6875,0.6443,0.3,19.0,0.6271,0.0022288499999999,0.13823425,0.06271,0.152,2026-10-03,0.345,0.0,1.0,0.3656,0.00914
SLN,Silence Therapeutics Plc,NASDAQ,Healthcare,Biotechnology,10.64,917265.0,429362639.0,62.0,0.0,2026-10-03,0.61995,0.49245,0.49685,0.45,0.4607,,0.6198,0.4585,0.6244,0.5,0.5658,0.6778,0.69395,0.3,19.0,0.6323,0.0041463,0.1216469999999999,0.06323,0.2994096,2026-10-03,0.0,0.0,1.0,0.2,0.005000000000000001
MTH,Meritage Homes Corporation Common Stock,NASDAQ,Consumer Cyclical,Residential Construction,63.85,910590.0,4613921911.0,,0.0,2026-10-03,0.23515,0.25,0.50275,0.08835,0.2476499999999999,,0.6992,0.45,0.7465999999999999,0.65,0.64295,0.6875,0.6443,0.3,19.0,0.6271,0.0022288499999999,0.13823425,0.06271,0.152,2026-10-03,0.345,0.0,1.0,0.3656,0.00914
ALGN,"Align Technology, Inc.",NASDAQ,Healthcare,Medical Instruments & Supplies,143.74,906915.0,12059739459.058168,61.0,0.0,2026-10-03,0.3872,0.0,0.5704,0.0757,0.2529,,0.6198,0.4585,0.6244,0.5,0.5658,0.6778,0.69395,0.3,19.0,0.6323,0.0022761,0.1216469999999999,0.06323,0.0,2026-10-03,0.0,0.0,1.0,0.2,0.005000000000000001
TALK,"Talkspace, Inc.",NASDAQ,Healthcare,Health Information Services,5.25,906529.0,863782984.0,62.0,0.0,2026-10-03,0.61995,0.49245,0.49685,0.45,0.4607,,0.6198,0.4585,0.6244,0.5,0.5658,0.6778,0.69395,0.3,19.0,0.6323,0.0041463,0.1216469999999999,0.06323,0.2994096,2026-10-03,0.0,0.0,1.0,0.2,0.005000000000000001
BL,"BlackLine, Inc.",NASDAQ,Technology,Software - Application,27.41,905310.0,2161282637.5,61.0,0.0,2026-10-03,0.58255,0.5,0.44155,0.0695,0.4882499999999999,,0.75,0.4778,0.7119,0.65,0.6543,0.6833,0.6629,0.3,19.0,0.6293,0.00439425,0.1406745,0.06293,0.304,2026-10-03,0.57,0.0,0.8767,0.4603,0.0115075
KEP,Korea Electric Power Corporation Common Stock,NASDAQ,Utilities,Utilities - Regulated Electric,11.08,901485.0,20067797193.0,,0.0,2026-10-03,0.177,0.0,0.3402,0.0,0.1358,,0.645,0.0,0.7225999999999999,0.45,0.49755,0.6917,0.60385,0.3,17.0,0.60505,0.0012222,0.10697325,0.060505,0.0,2026-10-03,0.0,0.0,0.99835,0.2,0.005000000000000001
MQ,"Marqeta, Inc.",NASDAQ,Technology,Software - Infrastructure,16.55,899125.0,1845591899.0,60.0,0.0,2026-10-03,0.58255,0.5,0.44155,0.0695,0.4882499999999999,,0.75,0.4778,0.7119,0.65,0.6543,0.6833,0.6629,0.3,19.0,0.6293,0.00439425,0.1406745,0.06293,0.304,2026-10-03,0.54,0.0,0.8667,0.4433,0.011082500000000002
THO,Thor Industries Inc. Common Stock,NASDAQ,Consumer Cyclical,Recreational Vehicles,69.55,898530.0,4155078707.0,,0.0,2026-10-03,0.1354,0.0,0.4337,0.0,0.1341,,0.6992,0.45,0.7465999999999999,0.65,0.64295,0.6875,0.6443,0.3,19.0,0.6271,0.0012069,0.13823425,0.06271,0.0,2026-10-03,0.345,0.0,1.0,0.3656,0.00914
ARVN,"Arvinas, Inc.",NASDAQ,Healthcare,Biotechnology,7.41,898345.0,654445528.9104137,61.0,0.0,2026-10-03,0.2518,0.0323,0.5852,0.0,0.197,,0.6198,0.4585,0.6244,0.5,0.5658,0.6778,0.69395,0.3,19.0,0.6323,0.001773,0.1216469999999999,0.06323,0.0196384,2026-10-03,0.0,0.0,1.0,0.2,0.005000000000000001
ESNT,Essent Group Ltd. Common Shares,NASDAQ,Financial Services,Insurance - Specialty,60.22,896865.0,5980891860.0,,0.0,2026-10-03,0.5297,0.25,0.5036,0.6,0.4695,,0.70855,0.5,0.6757,0.65,0.6241000000000001,0.6875,0.62175,0.3,19.0,0.6051500000000001,0.0042254999999999,0.1341815,0.060515,0.152,2026-10-03,0.345,0.0,1.0,0.33335,0.00833375
MLM,Martin Marietta Materials Inc. Common Stock,NYSE,Basic Materials,Building Materials,482.27,895175.0,32213423259.0,64.0,0.0,2026-10-03,0.75715,0.5,0.5117499999999999,0.0915,0.49015,,0.7681,0.55,0.75,0.525,0.6791499999999999,0.68035,0.66,0.3,19.0,0.5902499999999999,0.00441135,0.14601725,0.0590249999999999,0.304,2026-10-03,0.555,0.0,1.0,0.4775,0.0119375
MKTX,"MarketAxess Holdings, Inc.",NASDAQ,Financial Services,Capital Markets,164.14,889325.0,4920437159.0,63.0,0.0,2026-10-03,0.5297,0.25,0.5036,0.6,0.4695,,0.70855,0.5,0.6757,0.65,0.6241000000000001,0.6875,0.62175,0.3,19.0,0.6051500000000001,0.0042254999999999,0.1341815,0.060515,0.152,2026-10-03,0.345,0.0,1.0,0.33335,0.00833375
NFG,National Fuel Gas Company Common Stock,NASDAQ,Energy,Oil & Gas Integrated,76.43,887450.0,8379430009.0,,0.0,2026-10-03,0.2114,0.1241,0.3299,0.45,0.2674,,0.7292,0.4065499999999999,0.7446999999999999,0.65,0.62495,0.675,0.64585,0.3,18.0,0.6146499999999999,0.0024066,0.13436425,0.0614649999999999,0.0754528,2026-10-03,0.0,0.0,1.0,0.2,0.005000000000000001
RH,RH Common Stock,NASDAQ,Consumer Cyclical,Specialty Retail,120.46,886790.0,2589942442.0,,0.0,2026-10-03,0.2102,0.0,0.5335,0.0,0.1694,,0.6992,0.45,0.7465999999999999,0.65,0.64295,0.6875,0.6443,0.3,19.0,0.6271,0.0015246,0.13823425,0.06271,0.0,2026-10-03,0.345,0.0,1.0,0.3656,0.00914
HMC,Honda Motor Company Ltd. Common Stock,NASDAQ,Consumer Cyclical,Auto Manufacturers,31.35,885760.0,31581568432.0,,0.0,2026-10-03,0.23515,0.25,0.50275,0.08835,0.2476499999999999,,0.6992,0.45,0.7465999999999999,0.65,0.64295,0.6875,0.6443,0.3,19.0,0.6271,0.0022288499999999,0.13823425,0.06271,0.152,2026-10-03,0.345,0.0,1.0,0.3656,0.00914
UCB,United Community Banks Inc. Common Stock,NASDAQ,Financial Services,Banks - Regional,34.11,883230.0,3959147964.0,,0.0,2026-10-03,0.5297,0.25,0.5036,0.6,0.4695,,0.70855,0.5,0.6757,0.65,0.6241000000000001,0.6875,0.62175,0.3,19.0,0.6051500000000001,0.0042254999999999,0.1341815,0.060515,0.152,2026-10-03,0.345,0.0,1.0,0.33335,0.00833375
PLAB,"Photronics, Inc.",NASDAQ,Technology,Semiconductor Equipment & Materials,31.49,880835.0,2345512127.7436523,61.0,0.0,2026-10-03,0.2411,0.367,0.3994,0.0,0.2698,,0.75,0.4778,0.7119,0.65,0.6543,0.6833,0.6629,0.3,19.0,0.6293,0.0024282,0.1406745,0.06293,0.223136,2026-10-03,0.0,0.0,1.0,0.2,0.005000000000000001
HLI,Houlihan Lokey Inc. Class A Common Stock,NASDAQ,Financial Services,Capital Markets,126.37,879350.0,11026077242.0,,0.0,2026-10-03,0.1152,0.25,0.5857,0.0,0.2084,,0.70855,0.5,0.6757,0.65,0.6241000000000001,0.6875,0.62175,0.3,19.0,0.6051500000000001,0.0018755999999999,0.1341815,0.060515,0.152,2026-10-03,0.345,0.0,1.0,0.33335,0.00833375
PSA,Public Storage Common Stock,NASDAQ,Real Estate,REIT - Industrial,283.81,877270.0,54117930692.0,,0.0,2026-10-03,0.4608,0.25,0.4744,0.45,0.407,,0.646,0.45,0.7034,0.5,0.5803,0.6778,0.6275,0.3,18.0,0.6198,0.0036629999999999,0.1247645,0.06198,0.152,2026-10-03,0.0,0.0,1.0,0.2,0.005000000000000001
ATAT,Atour Lifestyle Holdings Limited,NASDAQ,Consumer Cyclical,Lodging,32.26,877020.0,4897309913.670475,61.0,0.0,2026-10-03,0.23515,0.25,0.50275,0.08835,0.2476499999999999,,0.6992,0.45,0.7465999999999999,0.65,0.64295,0.6875,0.6443,0.3,19.0,0.6271,0.0022288499999999,0.13823425,0.06271,0.152,2026-10-03,0.345,0.0,1.0,0.3656,0.00914
WNC,Wabash National Corporation Common Stock,NASDAQ,Industrials,Farm & Heavy Construction Machinery,14.04,876535.0,370133115.0,,0.0,2026-10-03,0.42575,0.25,0.4852999999999999,0.1068,0.40095,,0.7152000000000001,0.45,0.75,0.6000000000000001,0.6344,0.6844,0.6418,0.3,19.0,0.61435,0.00360855,0.136396,0.061435,0.152,2026-10-03,0.3375,0.0,1.0,0.3541499999999999,0.008853749999999999
GOOS,Canada Goose Holdings Inc. Subordinate Voting Shares,NYSE,Consumer Cyclical,Apparel Manufacturing,7.66,872360.0,929653140.0,63.0,0.0,2026-10-03,0.0344,0.25,0.5477,0.0,0.1765,,0.6992,0.45,0.7465999999999999,0.65,0.64295,0.6875,0.6443,0.3,19.0,0.6271,0.0015885,0.13823425,0.06271,0.152,2026-10-03,0.345,0.0,1.0,0.3656,0.00914
CRMD,CorMedix Inc.,NASDAQ,Healthcare,Biotechnology,7.19,869025.0,545842994.0604329,61.0,0.0,2026-10-03,0.61995,0.49245,0.49685,0.45,0.4607,,0.6198,0.4585,0.6244,0.5,0.5658,0.6778,0.69395,0.3,19.0,0.6323,0.0041463,0.1216469999999999,0.06323,0.2994096,2026-10-03,0.0,0.0,1.0,0.2,0.005000000000000001
TLN,Talen Energy Corporation - Common Stock,NASDAQ,Utilities,Utilities - Independent Power Producers,320.77,868375.0,14683176307.0,,0.0,2026-10-03,0.2791,0.0,0.53205,0.45,0.3046,,0.645,0.0,0.7225999999999999,0.45,0.49755,0.6917,0.60385,0.3,17.0,0.60505,0.0027413999999999,0.10697325,0.060505,0.0,2026-10-03,0.0,0.0,0.99835,0.2,0.005000000000000001
RYAM,Rayonier Advanced Materials Inc. Common Stock,NASDAQ,Basic Materials,Chemicals,7.12,862150.0,648326097.0,,0.0,2026-10-03,0.75715,0.5,0.5117499999999999,0.0915,0.49015,,0.7681,0.55,0.75,0.525,0.6791499999999999,0.68035,0.66,0.3,19.0,0.5902499999999999,0.00441135,0.14601725,0.0590249999999999,0.304,2026-10-03,0.555,0.0,1.0,0.4775,0.0119375
CTOS,Custom Truck One Source Inc. Common Stock,NASDAQ,Industrials,Rental & Leasing Services,9.78,859995.0,1980710523.0,,0.0,2026-10-03,0.42575,0.25,0.4852999999999999,0.1068,0.40095,,0.7152000000000001,0.45,0.75,0.6000000000000001,0.6344,0.6844,0.6418,0.3,19.0,0.61435,0.00360855,0.136396,0.061435,0.152,2026-10-03,0.3375,0.0,1.0,0.3541499999999999,0.008853749999999999
MASI,Masimo Corporation,NASDAQ,Healthcare,Medical Devices,179.95,858526.0,9520797460.25,61.0,0.0,2026-10-03,0.61995,0.49245,0.49685,0.45,0.4607,,0.6198,0.4585,0.6244,0.5,0.5658,0.6778,0.69395,0.3,19.0,0.6323,0.0041463,0.1216469999999999,0.06323,0.2994096,2026-10-03,0.0,0.0,1.0,0.2,0.005000000000000001
CRUS,"Cirrus Logic, Inc.",NASDAQ,Technology,Semiconductors,121.17,855290.0,7378994560.864777,61.0,0.0,2026-10-03,0.58255,0.5,0.44155,0.0695,0.4882499999999999,,0.75,0.4778,0.7119,0.65,0.6543,0.6833,0.6629,0.3,19.0,0.6293,0.00439425,0.1406745,0.06293,0.304,2026-10-03,0.555,0.0,1.0,0.4775,0.0119375
BIP,Brookfield Infrastructure Partners LP Limited Partnership Units,NASDAQ,Utilities,Utilities - Diversified,36.52,854880.0,16732721481.0,,0.0,2026-10-03,0.2791,0.0,0.53205,0.45,0.3046,,0.645,0.0,0.7225999999999999,0.45,0.49755,0.6917,0.60385,0.3,17.0,0.60505,0.0027413999999999,0.10697325,0.060505,0.0,2026-10-03,0.0,0.0,0.99835,0.2,0.005000000000000001
MAX,MediaAlpha Inc. Class A Common Stock,NASDAQ,Communication Services,Internet Content & Information,9.62,853675.0,529628094.0,,0.0,2026-10-03,0.4121,0.2674,0.4984,0.0947,0.4045,,0.5903,0.45,0.6953499999999999,0.65,0.5902499999999999,0.6770499999999999,0.6206,0.3,18.5,0.61235,0.0036405,0.1269037499999999,0.061235,0.1625792,2026-10-03,0.0,0.0,0.95835,0.2,0.005000000000000001
FFIN,"First Financial Bankshares, Inc.",NASDAQ,Financial Services,Banks - Regional,32.15,853475.0,4191584979.3751984,61.0,0.0,2026-10-03,0.5297,0.25,0.5036,0.6,0.4695,,0.70855,0.5,0.6757,0.65,0.6241000000000001,0.6875,0.62175,0.3,19.0,0.6051500000000001,0.0042254999999999,0.1341815,0.060515,0.152,2026-10-03,0.345,0.0,1.0,0.33335,0.00833375
FNV,Franco-Nevada Corporation,NASDAQ,Basic Materials,Gold,239.3,852040.0,46720907385.0,,0.0,2026-10-03,0.75715,0.5,0.5117499999999999,0.0915,0.49015,,0.7681,0.55,0.75,0.525,0.6791499999999999,0.68035,0.66,0.3,19.0,0.5902499999999999,0.00441135,0.14601725,0.0590249999999999,0.304,2026-10-03,0.57,0.0,1.0,0.485,0.012125
TLK,PT Telekomunikasi Indonesia Tbk,NASDAQ,Communication Services,Telecom Services,12.55,851640.0,16533484479.0,,0.0,2026-10-03,0.4121,0.2674,0.4984,0.0947,0.4045,,0.5903,0.45,0.6953499999999999,0.65,0.5902499999999999,0.6770499999999999,0.6206,0.3,18.5,0.61235,0.0036405,0.1269037499999999,0.061235,0.1625792,2026-10-03,0.0,0.0,0.95835,0.2,0.005000000000000001
MNTN,MNTN Inc. Class A Common Stock,NASDAQ,Technology,Software - Application,9.89,849825.0,737988355.0,,0.0,2026-10-03,0.58255,0.5,0.44155,0.0695,0.4882499999999999,,0.75,0.4778,0.7119,0.65,0.6543,0.6833,0.6629,0.3,19.0,0.6293,0.00439425,0.1406745,0.06293,0.304,2026-10-03,0.57,0.0,1.0,0.485,0.012125
POOL,Pool Corporation,NASDAQ,Industrials,Industrial Distribution,161.42,848360.0,7559223944.598877,61.0,0.0,2026-10-03,0.0677,0.0,0.5487,0.0,0.1204,,0.7152000000000001,0.45,0.75,0.6000000000000001,0.6344,0.6844,0.6418,0.3,19.0,0.61435,0.0010835999999999,0.136396,0.061435,0.0,2026-10-03,0.3375,0.0,1.0,0.3541499999999999,0.008853749999999999
MNSO,MINISO Group Holding Limited American Depositary Shares each representing four Ordinary Shares,NYSE,Consumer Cyclical,Specialty Retail,8.83,848215.0,3519322027.0,62.0,0.0,2026-10-03,0.0107,0.0,0.4546,0.0,0.0926,,0.6992,0.45,0.7465999999999999,0.65,0.64295,0.6875,0.6443,0.3,19.0,0.6271,0.0008334,0.13823425,0.06271,0.0,2026-10-03,0.345,0.0,1.0,0.3656,0.00914
WLK,Westlake Corporation Common Stock,NASDAQ,Basic Materials,Specialty Chemicals,63.5,844820.0,14171157255.0,,0.0,2026-10-03,0.75715,0.5,0.5117499999999999,0.0915,0.49015,,0.7681,0.55,0.75,0.525,0.6791499999999999,0.68035,0.66,0.3,19.0,0.5902499999999999,0.00441135,0.14601725,0.0590249999999999,0.304,2026-10-03,0.57,0.0,1.0,0.485,0.012125
PII,Polaris Inc. Common Stock,NASDAQ,Consumer Cyclical,Recreational Vehicles,53.71,833650.0,3403707818.0,,0.0,2026-10-03,0.4109,0.0,0.4942,0.0442,0.2444,,0.6992,0.45,0.7465999999999999,0.65,0.64295,0.6875,0.6443,0.3,19.0,0.6271,0.0021996,0.13823425,0.06271,0.0,2026-10-03,0.345,0.0,1.0,0.3656,0.00914
RVLV,Revolve Group Inc. Class A Common Stock,NASDAQ,Consumer Cyclical,Internet Retail,20.75,832625.0,1916463245.0,,0.0,2026-10-03,0.2482,0.0,0.5861,0.0,0.1956,,0.6992,0.45,0.7465999999999999,0.65,0.64295,0.6875,0.6443,0.3,19.0,0.6271,0.0017603999999999,0.13823425,0.06271,0.0,2026-10-03,0.345,0.0,1.0,0.3656,0.00914
GRMN,Garmin Ltd. Common Stock (Switzerland),NASDAQ,Technology,Scientific & Technical Instruments,281.16,827930.0,50032018872.0,,0.0,2026-10-03,0.58255,0.5,0.44155,0.0695,0.4882499999999999,,0.75,0.4778,0.7119,0.65,0.6543,0.6833,0.6629,0.3,19.0,0.6293,0.00439425,0.1406745,0.06293,0.304,2026-10-03,0.57,0.0,0.8667,0.4583,0.0114575
PDYN,Palladyne AI Corp. - Common stock,NASDAQ,Technology,Software - Infrastructure,5.33,825315.0,301286726.0,,0.0,2026-10-03,0.0736,0.2401,0.4691,0.0,0.1791,,0.75,0.4778,0.7119,0.65,0.6543,0.6833,0.6629,0.3,19.0,0.6293,0.0016119,0.1406745,0.06293,0.1459808,2026-10-03,0.0,0.0,1.0,0.2,0.005000000000000001
MCO,Moody's Corporation Common Stock,NASDAQ,Financial Services,Financial Data & Stock Exchanges,441.36,824360.0,79661187417.0,,0.0,2026-10-03,0.5297,0.25,0.5036,0.6,0.4695,,0.70855,0.5,0.6757,0.65,0.6241000000000001,0.6875,0.62175,0.3,19.0,0.6051500000000001,0.0042254999999999,0.1341815,0.060515,0.152,2026-10-03,0.345,0.0,1.0,0.33335,0.00833375
AUPH,Aurinia Pharmaceuticals Inc,NASDAQ,Healthcare,Biotechnology,15.83,824035.0,1894836450.75,61.0,0.0,2026-10-03,0.61995,0.49245,0.49685,0.45,0.4607,,0.6198,0.4585,0.6244,0.5,0.5658,0.6778,0.69395,0.3,19.0,0.6323,0.0041463,0.1216469999999999,0.06323,0.2994096,2026-10-03,0.0,0.0,1.0,0.2,0.005000000000000001
PHG,Koninklijke Philips N.V. NY Registry Shares,NASDAQ,Healthcare,Medical Devices,23.92,822530.0,26131906363.0,,0.0,2026-10-03,0.2613,0.0,0.4978,0.1148,0.2046,,0.6198,0.4585,0.6244,0.5,0.5658,0.6778,0.69395,0.3,19.0,0.6323,0.0018414,0.1216469999999999,0.06323,0.0,2026-10-03,0.0,0.0,1.0,0.2,0.005000000000000001
ALSN,Allison Transmission Holdings Inc. Common Stock,NASDAQ,Consumer Cyclical,Auto Parts,117.97,819020.0,11264867112.0,,0.0,2026-10-03,0.23515,0.25,0.50275,0.08835,0.2476499999999999,,0.6992,0.45,0.7465999999999999,0.65,0.64295,0.6875,0.6443,0.3,19.0,0.6271,0.0022288499999999,0.13823425,0.06271,0.152,2026-10-03,0.345,0.0,1.0,0.3656,0.00914
TARS,"Tarsus Pharmaceuticals, Inc.",NASDAQ,Healthcare,Biotechnology,73.0,818345.0,2737184225.0,63.0,0.0,2026-10-03,0.61995,0.49245,0.49685,0.45,0.4607,,0.6198,0.4585,0.6244,0.5,0.5658,0.6778,0.69395,0.3,19.0,0.6323,0.0041463,0.1216469999999999,0.06323,0.2994096,2026-10-03,0.0,0.0,1.0,0.2,0.005000000000000001
XPRO,Expro Group Holdings N.V. Common Stock,NASDAQ,Energy,Oil & Gas Equipment & Services,16.3,809075.0,2020476407.0,,0.0,2026-10-03,0.6603,0.5,0.5166,0.6,0.6019,,0.7292,0.4065499999999999,0.7446999999999999,0.65,0.62495,0.675,0.64585,0.3,18.0,0.6146499999999999,0.0054171,0.13436425,0.0614649999999999,0.304,2026-10-03,0.465,0.0,0.8833,0.4092,0.010230000000000001
BC,Brunswick Corporation Common Stock,NASDAQ,Consumer Cyclical,Recreational Vehicles,65.43,808665.0,5168013194.0,,0.0,2026-10-03,0.3943,0.0,0.4878,0.1051,0.2499,,0.6992,0.45,0.7465999999999999,0.65,0.64295,0.6875,0.6443,0.3,19.0,0.6271,0.0022491,0.13823425,0.06271,0.0,2026-10-03,0.345,0.0,1.0,0.3656,0.00914
EOLS,"Evolus, Inc.",NASDAQ,Healthcare,Drug Manufacturers - Specialty & Generic,7.14,803620.0,344817959.0,63.0,0.0,2026-10-03,0.61995,0.49245,0.49685,0.45,0.4607,,0.6198,0.4585,0.6244,0.5,0.5658,0.6778,0.69395,0.3,19.0,0.6323,0.0041463,0.1216469999999999,0.06323,0.2994096,2026-10-03,0.0,0.0,1.0,0.2,0.005000000000000001
MIRM,"Mirum Pharmaceuticals, Inc.",NASDAQ,Healthcare,Biotechnology,82.93,796410.0,5396350826.7248,61.0,0.0,2026-10-03,0.61995,0.49245,0.49685,0.45,0.4607,,0.6198,0.4585,0.6244,0.5,0.5658,0.6778,0.69395,0.3,19.0,0.6323,0.0041463,0.1216469999999999,0.06323,0.2994096,2026-10-03,0.0,0.0,1.0,0.2,0.005000000000000001
NRDS,"NerdWallet, Inc.",NASDAQ,Communication Services,Internet Content & Information,8.63,795505.0,734767165.9695244,61.0,0.0,2026-10-03,0.228,0.0,0.4961,0.0,0.1729,,0.5903,0.45,0.6953499999999999,0.65,0.5902499999999999,0.6770499999999999,0.6206,0.3,18.5,0.61235,0.0015561,0.1269037499999999,0.061235,0.0,2026-10-03,0.0,0.0,0.95835,0.2,0.005000000000000001
RXST,"RxSight, Inc.",NASDAQ,Healthcare,Medical Devices,4.68,794725.0,306334910.0,63.0,2.0,2026-10-03,0.1793,0.0754,0.4336,0.0,0.1636,,0.6198,0.4585,0.6244,0.5,0.5658,0.6778,0.69395,0.3,19.0,0.6323,0.0014724,0.1216469999999999,0.06323,0.0458432,2026-10-03,0.0,0.0,1.0,0.2,0.005000000000000001
JKS,JinkoSolar Holding Company Limited American Depositary Shares (each representing 4 Common Shares),NASDAQ,Technology,Solar,9.15,794025.0,1166828650.0,,0.0,2026-10-03,0.0095,0.0,0.5003,0.0,0.0959,,0.75,0.4778,0.7119,0.65,0.6543,0.6833,0.6629,0.3,19.0,0.6293,0.0008631,0.1406745,0.06293,0.0,2026-10-03,0.0,0.0,1.0,0.2,0.005000000000000001
NPKI,NPK International Inc. Common Stock,NASDAQ,Energy,Oil & Gas Equipment & Services,11.79,792265.0,1276371850.0,,0.0,2026-10-03,0.3587,0.0,0.4656,0.0718,0.2288,,0.7292,0.4065499999999999,0.7446999999999999,0.65,0.62495,0.675,0.64585,0.3,18.0,0.6146499999999999,0.0020592,0.13436425,0.0614649999999999,0.0,2026-10-03,0.0,0.0,1.0,0.2,0.005000000000000001
WMS,Advanced Drainage Systems Inc. Common Stock,NASDAQ,Industrials,Building Products & Equipment,127.27,780165.0,11837792147.0,,0.0,2026-10-03,0.2078,0.0,0.5814,0.0689,0.192,,0.7152000000000001,0.45,0.75,0.6000000000000001,0.6344,0.6844,0.6418,0.3,19.0,0.61435,0.001728,0.136396,0.061435,0.0,2026-10-03,0.3375,0.0,1.0,0.3541499999999999,0.008853749999999999
KTB,Kontoor Brands Inc. Common Stock,NASDAQ,Consumer Cyclical,Apparel Manufacturing,64.71,762630.0,4042211550.0,,0.0,2026-10-03,0.215,0.25,0.5951,0.099,0.2618,,0.6992,0.45,0.7465999999999999,0.65,0.64295,0.6875,0.6443,0.3,19.0,0.6271,0.0023561999999999,0.13823425,0.06271,0.152,2026-10-03,0.345,0.0,1.0,0.3656,0.00914
PRKS,United Parks & Resorts Inc. Common Stock,NASDAQ,Consumer Cyclical,Leisure,32.46,755090.0,1643568666.0,,0.0,2026-10-03,0.1829,0.25,0.4976,0.0,0.2177,,0.6992,0.45,0.7465999999999999,0.65,0.64295,0.6875,0.6443,0.3,19.0,0.6271,0.0019593,0.13823425,0.06271,0.152,2026-10-03,0.345,0.0,1.0,0.3656,0.00914
OLED,Universal Display Corporation,NASDAQ,Technology,Electronic Components,80.37,754110.0,4401104669.396194,61.0,0.0,2026-10-03,0.0748,0.25,0.3199,0.0,0.1659,,0.75,0.4778,0.7119,0.65,0.6543,0.6833,0.6629,0.3,19.0,0.6293,0.0014930999999999,0.1406745,0.06293,0.152,2026-10-03,0.0,0.0,1.0,0.2,0.005000000000000001
FN,Fabrinet Ordinary Shares,NASDAQ,Technology,Electronic Components,463.69,750750.0,25801611289.0,,0.0,2026-10-03,0.133,0.25,0.4425,0.0,0.2087,,0.75,0.4778,0.7119,0.65,0.6543,0.6833,0.6629,0.3,19.0,0.6293,0.0018782999999999,0.1406745,0.06293,0.152,2026-10-03,0.0,0.0,1.0,0.2,0.005000000000000001
MMS,Maximus Inc. Common Stock,NASDAQ,Industrials,Specialty Business Services,52.65,750250.0,3571295337.0,,0.0,2026-10-03,0.0962,0.0312,0.6797,0.0,0.1571,,0.7152000000000001,0.45,0.75,0.6000000000000001,0.6344,0.6844,0.6418,0.3,19.0,0.61435,0.0014139,0.136396,0.061435,0.0189696,2026-10-03,0.3375,0.0,1.0,0.3541499999999999,0.008853749999999999
DPZ,Domino's Pizza Inc,NASDAQ,Consumer Cyclical,Restaurants,297.62,748080.0,11843424699.154602,61.0,0.0,2026-10-03,0.1841,0.0179,0.4334,0.0269,0.1571,,0.6992,0.45,0.7465999999999999,0.65,0.64295,0.6875,0.6443,0.3,19.0,0.6271,0.0014139,0.13823425,0.06271,0.0108832,2026-10-03,0.345,0.0,1.0,0.3656,0.00914
TMDX,"TransMedics Group, Inc. - Common Stock",NASDAQ,Healthcare,Medical Devices,79.79,746650.0,3910479414.0,,0.0,2026-10-03,0.1461,0.5,0.5723,0.0,0.28,,0.6198,0.4585,0.6244,0.5,0.5658,0.6778,0.69395,0.3,19.0,0.6323,0.00252,0.1216469999999999,0.06323,0.304,2026-10-03,0.0,0.0,1.0,0.2,0.005000000000000001
LINC,Lincoln Educational Services Corporation,NASDAQ,Consumer Defensive,Education & Training Services,21.91,742515.0,1557487696.0,63.0,0.0,2026-10-03,0.0594,0.0,0.4311,0.0,0.107,,0.7212,0.45,0.7174,0.65,0.628,0.6763,0.629,0.3,19.0,0.5958,0.000963,0.13502,0.05958,0.0,2026-10-03,0.0,0.0,1.0,0.2,0.005000000000000001
TRN,Trinity Industries Inc. Common Stock,NASDAQ,Industrials,Railroads,26.13,741265.0,2534911110.0,,0.0,2026-10-03,0.2055,0.0,0.3249,0.0231,0.1503,,0.7152000000000001,0.45,0.75,0.6000000000000001,0.6344,0.6844,0.6418,0.3,19.0,0.61435,0.0013527,0.136396,0.061435,0.0,2026-10-03,0.3375,0.0,1.0,0.3541499999999999,0.008853749999999999
TNL,Travel   Leisure Co. Common  Stock,NASDAQ,Consumer Cyclical,Travel Services,62.92,735995.0,4202419273.0,,0.0,2026-10-03,0.291,0.0,0.5142,0.45,0.2906,,0.6992,0.45,0.7465999999999999,0.65,0.64295,0.6875,0.6443,0.3,19.0,0.6271,0.0026154,0.13823425,0.06271,0.0,2026-10-03,0.345,0.0,1.0,0.3656,0.00914
CLPT,ClearPoint Neuro Inc.,NASDAQ,Healthcare,Medical Devices,10.9,730755.0,353235260.0,63.0,0.0,2026-10-03,0.2233,0.25,0.0908,0.0,0.1871,,0.6198,0.4585,0.6244,0.5,0.5658,0.6778,0.69395,0.3,19.0,0.6323,0.0016839,0.1216469999999999,0.06323,0.152,2026-10-03,0.0,0.0,1.0,0.2,0.005000000000000001
BOOT,Boot Barn Holdings Inc. Common Stock,NASDAQ,Consumer Cyclical,Apparel Retail,121.88,726940.0,5131622579.0,,0.0,2026-10-03,0.1865,0.0,0.5133,0.0,0.1578,,0.6992,0.45,0.7465999999999999,0.65,0.64295,0.6875,0.6443,0.3,19.0,0.6271,0.0014202,0.13823425,0.06271,0.0,2026-10-03,0.345,0.0,1.0,0.3656,0.00914
PRDO,Perdoceo Education Corporation,NASDAQ,Consumer Defensive,Education & Training Services,31.91,726040.0,2417881920.244831,61.0,0.0,2026-10-03,0.1651,0.0,0.5715,0.45,0.254,,0.7212,0.45,0.7174,0.65,0.628,0.6763,0.629,0.3,19.0,0.5958,0.002286,0.13502,0.05958,0.0,2026-10-03,0.0,0.0,1.0,0.2,0.005000000000000001
LRN,Stride Inc. Common Stock,NASDAQ,Consumer Defensive,Education & Training Services,78.89,721895.0,4177978171.0,,0.0,2026-10-03,0.076,0.0,0.3348,0.0,0.1021,,0.7212,0.45,0.7174,0.65,0.628,0.6763,0.629,0.3,19.0,0.5958,0.0009189,0.13502,0.05958,0.0,2026-10-03,0.0,0.0,1.0,0.2,0.005000000000000001
FG,F&G Annuities & Life Inc. Common Stock,NASDAQ,Financial Services,Insurance - Life,21.92,721445.0,3795727171.0,,0.0,2026-10-03,0.1283,0.0,0.4426,0.0,0.1315,,0.70855,0.5,0.6757,0.65,0.6241000000000001,0.6875,0.62175,0.3,19.0,0.6051500000000001,0.0011835,0.1341815,0.060515,0.0,2026-10-03,0.345,0.0,1.0,0.33335,0.00833375
ONT,Onterris Inc. Common Stock,NYSE,Industrials,Waste Management,12.71,721270.0,553291580.0,63.0,0.0,2026-10-03,0.0428,0.0,0.2984,0.0,0.0847,,0.7152000000000001,0.45,0.75,0.6000000000000001,0.6344,0.6844,0.6418,0.3,19.0,0.61435,0.0007623,0.136396,0.061435,0.0,2026-10-03,0.3375,0.0,1.0,0.3541499999999999,0.008853749999999999
BIOA,"BioAge Labs, Inc.",NASDAQ,Healthcare,Drug Manufacturers - Specialty & Generic,6.61,714120.0,1056196970.0,62.0,0.0,2026-10-03,0.1912,0.0,0.6404,0.0,0.1751,,0.6198,0.4585,0.6244,0.5,0.5658,0.6778,0.69395,0.3,19.0,0.6323,0.0015758999999999,0.1216469999999999,0.06323,0.0,2026-10-03,0.0,0.0,1.0,0.2,0.005000000000000001
HNRG,Hallador Energy Company,NASDAQ,Energy,Thermal Coal,13.49,708260.0,837958666.5495682,61.0,0.0,2026-10-03,0.2316,0.0,0.5655,0.0,0.1806,,0.7292,0.4065499999999999,0.7446999999999999,0.65,0.62495,0.675,0.64585,0.3,18.0,0.6146499999999999,0.0016254,0.13436425,0.0614649999999999,0.0,2026-10-03,0.0,0.0,1.0,0.2,0.005000000000000001
LTM,LATAM Airlines Group S.A. American Depositary Shares (each representing two thousand (2000) shares of Common Stock),NASDAQ,Industrials,Airlines,47.92,702645.0,14637196950.0,,0.0,2026-10-03,0.4715,0.0,0.4882,0.0233,0.2629,,0.7152000000000001,0.45,0.75,0.6000000000000001,0.6344,0.6844,0.6418,0.3,19.0,0.61435,0.0023661,0.136396,0.061435,0.0,2026-10-03,0.3375,0.0,1.0,0.3541499999999999,0.008853749999999999
AMSC,American Superconductor Corporation,NASDAQ,Industrials,Specialty Industrial Machinery,30.01,701770.0,1573347870.6443024,61.0,0.0,2026-10-03,0.0368,0.25,0.4296,0.0,0.1677,,0.7152000000000001,0.45,0.75,0.6000000000000001,0.6344,0.6844,0.6418,0.3,19.0,0.61435,0.0015092999999999,0.136396,0.061435,0.152,2026-10-03,0.3375,0.0,1.0,0.3541499999999999,0.008853749999999999
AVA,Avista Corporation Common Stock,NASDAQ,Utilities,Utilities - Diversified,35.31,699350.0,3394006552.0,,0.0,2026-10-03,0.2922,0.0,0.4629,0.45,0.2805,,0.645,0.0,0.7225999999999999,0.45,0.49755,0.6917,0.60385,0.3,17.0,0.60505,0.0025245,0.10697325,0.060505,0.0,2026-10-03,0.0,0.0,0.99835,0.2,0.005000000000000001
CARS,Cars.com Inc. Common Stock,NASDAQ,Communication Services,Internet Content & Information,10.03,674715.0,635768139.0,,0.0,2026-10-03,0.4121,0.2674,0.4984,0.0947,0.4045,,0.5903,0.45,0.6953499999999999,0.65,0.5902499999999999,0.6770499999999999,0.6206,0.3,18.5,0.61235,0.0036405,0.1269037499999999,0.061235,0.1625792,2026-10-03,0.0,0.0,0.95835,0.2,0.005000000000000001
MRCY,Mercury Systems Inc,NASDAQ,Industrials,Aerospace & Defense,84.87,674470.0,4325254509.924988,61.0,0.0,2026-10-03,0.42575,0.25,0.4852999999999999,0.1068,0.40095,,0.7152000000000001,0.45,0.75,0.6000000000000001,0.6344,0.6844,0.6418,0.3,19.0,0.61435,0.00360855,0.136396,0.061435,0.152,2026-10-03,0.3375,0.0,1.0,0.3541499999999999,0.008853749999999999
CGNT,Cognyte Software Ltd. - Ordinary Shares,NASDAQ,Technology,Software - Infrastructure,8.74,672065.0,592338901.0,,0.0,2026-10-03,0.2838,0.25,0.432,0.065,0.2687,,0.75,0.4778,0.7119,0.65,0.6543,0.6833,0.6629,0.3,19.0,0.6293,0.0024183,0.1406745,0.06293,0.152,2026-10-03,0.0,0.0,1.0,0.2,0.005000000000000001
STE,STERIS plc (Ireland) Ordinary Shares,NASDAQ,Healthcare,Medical Devices,208.54,668930.0,21769006895.0,,0.0,2026-10-03,0.61995,0.49245,0.49685,0.45,0.4607,,0.6198,0.4585,0.6244,0.5,0.5658,0.6778,0.69395,0.3,19.0,0.6323,0.0041463,0.1216469999999999,0.06323,0.2994096,2026-10-03,0.0,0.0,1.0,0.2,0.005000000000000001
LTC,LTC Properties Inc. Common Stock,NYSE,Real Estate,REIT - Healthcare Facilities,43.0,668565.0,1988911411.0,62.0,0.0,2026-10-03,0.4608,0.25,0.4744,0.45,0.407,,0.646,0.45,0.7034,0.5,0.5803,0.6778,0.6275,0.3,18.0,0.6198,0.0036629999999999,0.1247645,0.06198,0.152,2026-10-03,0.0,0.0,1.0,0.2,0.005000000000000001
DQ,DAQO New Energy Corp. American Depositary Shares each representing five ordinary shares,NASDAQ,Technology,Semiconductor Equipment & Materials,11.0,666530.0,1555644474.0,,0.0,2026-10-03,0.58255,0.5,0.44155,0.0695,0.4882499999999999,,0.75,0.4778,0.7119,0.65,0.6543,0.6833,0.6629,0.3,19.0,0.6293,0.00439425,0.1406745,0.06293,0.304,2026-10-03,0.435,0.0,1.0,0.4175,0.0104375
ABX,Abacus Global Management Inc. Class A Common Stock,NASDAQ,Financial Services,Insurance - Life,8.27,665775.0,889153251.0,,0.0,2026-10-03,0.5297,0.25,0.5036,0.6,0.4695,,0.70855,0.5,0.6757,0.65,0.6241000000000001,0.6875,0.62175,0.3,19.0,0.6051500000000001,0.0042254999999999,0.1341815,0.060515,0.152,2026-10-03,0.345,0.0,1.0,0.33335,0.00833375
LEA,Lear Corporation Common Stock,NASDAQ,Consumer Cyclical,Auto Parts,120.85,663955.0,6496451749.0,,0.0,2026-10-03,0.23515,0.25,0.50275,0.08835,0.2476499999999999,,0.6992,0.45,0.7465999999999999,0.65,0.64295,0.6875,0.6443,0.3,19.0,0.6271,0.0022288499999999,0.13823425,0.06271,0.152,2026-10-03,0.345,0.0,1.0,0.3656,0.00914
LIVN,LivaNova PLC,NASDAQ,Healthcare,Medical Devices,75.07,660845.0,3355497316.944961,61.0,0.0,2026-10-03,0.61995,0.49245,0.49685,0.45,0.4607,,0.6198,0.4585,0.6244,0.5,0.5658,0.6778,0.69395,0.3,19.0,0.6323,0.0041463,0.1216469999999999,0.06323,0.2994096,2026-10-03,0.0,0.0,1.0,0.2,0.005000000000000001
NTES,"NetEase, Inc.",NASDAQ,Communication Services,Electronic Gaming & Multimedia,117.21,660665.0,70643970305.23627,61.0,0.0,2026-10-03,0.4121,0.2674,0.4984,0.0947,0.4045,,0.5903,0.45,0.6953499999999999,0.65,0.5902499999999999,0.6770499999999999,0.6206,0.3,18.5,0.61235,0.0036405,0.1269037499999999,0.061235,0.1625792,2026-10-03,0.0,0.0,0.95835,0.2,0.005000000000000001
KN,Knowles Corporation Common Stock,NASDAQ,Technology,Electronic Components,40.05,660135.0,2619011854.0,,0.0,2026-10-03,0.58255,0.5,0.44155,0.0695,0.4882499999999999,,0.75,0.4778,0.7119,0.65,0.6543,0.6833,0.6629,0.3,19.0,0.6293,0.00439425,0.1406745,0.06293,0.304,2026-10-03,0.57,0.0,1.0,0.485,0.012125
ASH,Ashland Inc. Common Stock,NASDAQ,Basic Materials,Specialty Chemicals,69.52,659375.0,2626761313.0,,0.0,2026-10-03,0.75715,0.5,0.5117499999999999,0.0915,0.49015,,0.7681,0.55,0.75,0.525,0.6791499999999999,0.68035,0.66,0.3,19.0,0.5902499999999999,0.00441135,0.14601725,0.0590249999999999,0.304,2026-10-03,0.54,0.0,1.0,0.47,0.01175
BLLN,"BillionToOne, Inc.",NASDAQ,Healthcare,Diagnostics & Research,105.9,657990.0,4275740150.0,63.0,0.0,2026-10-03,0.61995,0.49245,0.49685,0.45,0.4607,,0.6198,0.4585,0.6244,0.5,0.5658,0.6778,0.69395,0.3,19.0,0.6323,0.0041463,0.1216469999999999,0.06323,0.2994096,2026-10-03,0.0,0.0,1.0,0.2,0.005000000000000001
NTCT,"NetScout Systems, Inc.",NASDAQ,Technology,Software - Infrastructure,40.96,657715.0,2300218175.049877,61.0,0.0,2026-10-03,0.58255,0.5,0.44155,0.0695,0.4882499999999999,,0.75,0.4778,0.7119,0.65,0.6543,0.6833,0.6629,0.3,19.0,0.6293,0.00439425,0.1406745,0.06293,0.304,2026-10-03,0.57,0.0,1.0,0.485,0.012125
CEVA,"CEVA, Inc.",NASDAQ,Technology,Semiconductors,37.1,657415.0,899300397.0,63.0,0.0,2026-10-03,0.58255,0.5,0.44155,0.0695,0.4882499999999999,,0.75,0.4778,0.7119,0.65,0.6543,0.6833,0.6629,0.3,19.0,0.6293,0.00439425,0.1406745,0.06293,0.304,2026-10-03,0.345,0.0,1.0,0.3725,0.0093125
HLNE,Hamilton Lane Incorporated,NASDAQ,Financial Services,Asset Management,87.04,656410.0,5348788202.150253,61.0,0.0,2026-10-03,0.5297,0.25,0.5036,0.6,0.4695,,0.70855,0.5,0.6757,0.65,0.6241000000000001,0.6875,0.62175,0.3,19.0,0.6051500000000001,0.0042254999999999,0.1341815,0.060515,0.152,2026-10-03,0.345,0.0,1.0,0.33335,0.00833375
MEI,Methode Electronics Inc. Common Stock,NYSE,Technology,Electronic Components,15.74,651690.0,373082323.0,63.0,0.0,2026-10-03,0.58255,0.5,0.44155,0.0695,0.4882499999999999,,0.75,0.4778,0.7119,0.65,0.6543,0.6833,0.6629,0.3,19.0,0.6293,0.00439425,0.1406745,0.06293,0.304,2026-10-03,0.36,0.0,1.0,0.38,0.009500000000000001
WDS,Woodside Energy Group Limited American Depositary Shares each representing one Ordinary Share,NASDAQ,Energy,Oil & Gas E&P,21.79,650395.0,43801349035.0,,0.0,2026-10-03,0.6603,0.5,0.5166,0.6,0.6019,,0.7292,0.4065499999999999,0.7446999999999999,0.65,0.62495,0.675,0.64585,0.3,18.0,0.6146499999999999,0.0054171,0.13436425,0.0614649999999999,0.304,2026-10-03,0.0,0.0,0.8447,0.1689,0.0042225
SSB,SouthState Bank Corporation Common Stock,NASDAQ,Financial Services,Banks - Regional,101.91,649865.0,9290365823.0,,0.0,2026-10-03,0.5297,0.25,0.5036,0.6,0.4695,,0.70855,0.5,0.6757,0.65,0.6241000000000001,0.6875,0.62175,0.3,19.0,0.6051500000000001,0.0042254999999999,0.1341815,0.060515,0.152,2026-10-03,0.345,0.0,1.0,0.33335,0.00833375
SUPN,"Supernus Pharmaceuticals, Inc. - Common Stock",NASDAQ,Healthcare,Drug Manufacturers - Specialty & Generic,42.38,646935.0,2918241181.0,,0.0,2026-10-03,0.61995,0.49245,0.49685,0.45,0.4607,,0.6198,0.4585,0.6244,0.5,0.5658,0.6778,0.69395,0.3,19.0,0.6323,0.0041463,0.1216469999999999,0.06323,0.2994096,2026-10-03,0.0,0.0,1.0,0.2,0.005000000000000001
GCT,GigaCloud Technology Inc,NASDAQ,Technology,Software - Infrastructure,53.75,643840.0,1588066790.0117683,61.0,0.0,2026-10-03,0.58255,0.5,0.44155,0.0695,0.4882499999999999,,0.75,0.4778,0.7119,0.65,0.6543,0.6833,0.6629,0.3,19.0,0.6293,0.00439425,0.1406745,0.06293,0.304,2026-10-03,0.57,0.0,1.0,0.485,0.012125
RILY,"BRC Group Holdings, Inc.",NASDAQ,Financial Services,Financial Conglomerates,4.86,638485.0,315655353.0,63.0,1.0,2026-10-03,0.3694,0.0,0.243,0.0,0.1889,,0.70855,0.5,0.6757,0.65,0.6241000000000001,0.6875,0.62175,0.3,19.0,0.6051500000000001,0.0017001,0.1341815,0.060515,0.0,2026-10-03,0.345,0.0,1.0,0.33335,0.00833375
ATRO,Astronics Corporation,NASDAQ,Industrials,Aerospace & Defense,68.19,638060.0,2816693368.0,63.0,0.0,2026-10-03,0.42575,0.25,0.4852999999999999,0.1068,0.40095,,0.7152000000000001,0.45,0.75,0.6000000000000001,0.6344,0.6844,0.6418,0.3,19.0,0.61435,0.00360855,0.136396,0.061435,0.152,2026-10-03,0.3375,0.0,1.0,0.3541499999999999,0.008853749999999999
HPP,Hudson Pacific Properties Inc. Common Stock,NASDAQ,Real Estate,REIT - Office,11.48,637385.0,459972338.0,,0.0,2026-10-03,0.4608,0.25,0.4744,0.45,0.407,,0.646,0.45,0.7034,0.5,0.5803,0.6778,0.6275,0.3,18.0,0.6198,0.0036629999999999,0.1247645,0.06198,0.152,2026-10-03,0.0,0.0,1.0,0.2,0.005000000000000001
IAC,IAC Inc.,NASDAQ,Communication Services,Internet Content & Information,44.53,635554.0,3006725279.13414,61.0,0.0,2026-10-03,0.4121,0.2674,0.4984,0.0947,0.4045,,0.5903,0.45,0.6953499999999999,0.65,0.5902499999999999,0.6770499999999999,0.6206,0.3,18.5,0.61235,0.0036405,0.1269037499999999,0.061235,0.1625792,2026-10-03,0.0,0.0,0.95835,0.2,0.005000000000000001
CHEF,"The Chefs' Warehouse, Inc.",NASDAQ,Consumer Defensive,Food Distribution,116.42,635375.0,3331940028.0,63.0,0.0,2026-10-03,0.323,0.25,0.4889,0.0627,0.3528,,0.7212,0.45,0.7174,0.65,0.628,0.6763,0.629,0.3,19.0,0.5958,0.0031752,0.13502,0.05958,0.152,2026-10-03,0.0,0.0,1.0,0.2,0.005000000000000001
TBBB,BBB Foods Inc. Class A Common Shares,NYSE,Consumer Defensive,Discount Stores,52.65,635285.0,5133563180.0,62.0,0.0,2026-10-03,0.323,0.25,0.4889,0.0627,0.3528,,0.7212,0.45,0.7174,0.65,0.628,0.6763,0.629,0.3,19.0,0.5958,0.0031752,0.13502,0.05958,0.152,2026-10-03,0.0,0.0,1.0,0.2,0.005000000000000001
LAND,Gladstone Land Corporation,NASDAQ,Real Estate,REIT - Specialty,9.56,635180.0,418942270.43325233,61.0,0.0,2026-10-03,0.4608,0.25,0.4744,0.45,0.407,,0.646,0.45,0.7034,0.5,0.5803,0.6778,0.6275,0.3,18.0,0.6198,0.0036629999999999,0.1247645,0.06198,0.152,2026-10-03,0.0,0.0,1.0,0.2,0.005000000000000001
AORT,Artivion Inc. Common Stock,NASDAQ,Healthcare,Medical Devices,22.31,632305.0,1831208614.0,,0.0,2026-10-03,0.61995,0.49245,0.49685,0.45,0.4607,,0.6198,0.4585,0.6244,0.5,0.5658,0.6778,0.69395,0.3,19.0,0.6323,0.0041463,0.1216469999999999,0.06323,0.2994096,2026-10-03,0.0,0.0,1.0,0.2,0.005000000000000001
UPB,"Upstream Bio, Inc. - Common Stock",NASDAQ,Healthcare,Biotechnology,5.04,631990.0,570865640.0,,0.0,2026-10-03,0.0048,0.0,0.3535,0.0,0.0784,,0.6198,0.4585,0.6244,0.5,0.5658,0.6778,0.69395,0.3,19.0,0.6323,0.0007056,0.1216469999999999,0.06323,0.0,2026-10-03,0.0,0.0,1.0,0.2,0.005000000000000001
PBH,Prestige Consumer Healthcare Inc. Common Stock,NASDAQ,Healthcare,Drug Manufacturers - Specialty & Generic,45.26,629915.0,2788965881.0,,0.0,2026-10-03,0.1876,0.0,0.4503,0.0,0.1513,,0.6198,0.4585,0.6244,0.5,0.5658,0.6778,0.69395,0.3,19.0,0.6323,0.0013617,0.1216469999999999,0.06323,0.0,2026-10-03,0.0,0.0,1.0,0.2,0.005000000000000001
QTWO,Q2 Holdings Inc. Common Stock,NASDAQ,Technology,Software - Application,56.38,629345.0,3086520181.0,,0.0,2026-10-03,0.58255,0.5,0.44155,0.0695,0.4882499999999999,,0.75,0.4778,0.7119,0.65,0.6543,0.6833,0.6629,0.3,19.0,0.6293,0.00439425,0.1406745,0.06293,0.304,2026-10-03,0.555,0.0,1.0,0.4775,0.0119375
CDNL,Cardinal Infrastructure Group Inc.,NASDAQ,Industrials,Engineering & Construction,30.73,628325.0,793552930.0,62.0,0.0,2026-10-03,0.42575,0.25,0.4852999999999999,0.1068,0.40095,,0.7152000000000001,0.45,0.75,0.6000000000000001,0.6344,0.6844,0.6418,0.3,19.0,0.61435,0.00360855,0.136396,0.061435,0.152,2026-10-03,0.3375,0.0,1.0,0.3541499999999999,0.008853749999999999
MIDD,The Middleby Corporation,NASDAQ,Industrials,Specialty Industrial Machinery,104.57,623520.0,6614248845.833313,61.0,0.0,2026-10-03,0.2625,0.0,0.5365,0.0559,0.2025,,0.7152000000000001,0.45,0.75,0.6000000000000001,0.6344,0.6844,0.6418,0.3,19.0,0.61435,0.0018225,0.136396,0.061435,0.0,2026-10-03,0.3375,0.0,1.0,0.3541499999999999,0.008853749999999999
MANH,"Manhattan Associates, Inc.",NASDAQ,Technology,Software - Application,204.15,620740.0,7682372053.36821,61.0,0.0,2026-10-03,0.58255,0.5,0.44155,0.0695,0.4882499999999999,,0.75,0.4778,0.7119,0.65,0.6543,0.6833,0.6629,0.3,19.0,0.6293,0.00439425,0.1406745,0.06293,0.304,2026-10-03,0.57,0.0,0.9135,0.4677,0.011692500000000002
FLOC,Flowco Holdings Inc. Class A Common Stock,NASDAQ,Energy,Oil & Gas Equipment & Services,18.46,619615.0,2538237697.0,,0.0,2026-10-03,0.6603,0.5,0.5166,0.6,0.6019,,0.7292,0.4065499999999999,0.7446999999999999,0.65,0.62495,0.675,0.64585,0.3,18.0,0.6146499999999999,0.0054171,0.13436425,0.0614649999999999,0.304,2026-10-03,0.36,0.0,1.0,0.38,0.009500000000000001
PKG,Packaging Corporation of America Common Stock,NASDAQ,Consumer Cyclical,Packaging & Containers,228.54,618190.0,18990854745.0,,0.0,2026-10-03,0.23515,0.25,0.50275,0.08835,0.2476499999999999,,0.6992,0.45,0.7465999999999999,0.65,0.64295,0.6875,0.6443,0.3,19.0,0.6271,0.0022288499999999,0.13823425,0.06271,0.152,2026-10-03,0.345,0.0,1.0,0.3656,0.00914
EPC,Edgewell Personal Care Company Common Stock,NASDAQ,Consumer Defensive,Household & Personal Products,26.97,617465.0,1093635715.0,,0.0,2026-10-03,0.323,0.25,0.4889,0.0627,0.3528,,0.7212,0.45,0.7174,0.65,0.628,0.6763,0.629,0.3,19.0,0.5958,0.0031752,0.13502,0.05958,0.152,2026-10-03,0.0,0.0,1.0,0.2,0.005000000000000001
ITRI,"Itron, Inc.",NASDAQ,Technology,Scientific & Technical Instruments,86.51,614565.0,3855822861.0,61.0,0.0,2026-10-03,0.58255,0.5,0.44155,0.0695,0.4882499999999999,,0.75,0.4778,0.7119,0.65,0.6543,0.6833,0.6629,0.3,19.0,0.6293,0.00439425,0.1406745,0.06293,0.304,2026-10-03,0.555,0.0,1.0,0.4775,0.0119375
PFSI,PennyMac Financial Services Inc. Common Stock,NASDAQ,Financial Services,Mortgage Finance,62.0,614120.0,4745248330.0,,0.0,2026-10-03,0.0534,0.0,0.4808,0.0,0.1059,,0.70855,0.5,0.6757,0.65,0.6241000000000001,0.6875,0.62175,0.3,19.0,0.6051500000000001,0.0009531,0.1341815,0.060515,0.0,2026-10-03,0.345,0.0,1.0,0.33335,0.00833375
MITK,"Mitek Systems, Inc.",NASDAQ,Technology,Software - Application,17.75,613295.0,604292715.5436792,61.0,0.0,2026-10-03,0.58255,0.5,0.44155,0.0695,0.4882499999999999,,0.75,0.4778,0.7119,0.65,0.6543,0.6833,0.6629,0.3,19.0,0.6293,0.00439425,0.1406745,0.06293,0.304,2026-10-03,0.0,0.0,1.0,0.2,0.005000000000000001
IEX,IDEX Corporation Common Stock,NASDAQ,Industrials,Specialty Industrial Machinery,232.99,608695.0,15221974098.0,,0.0,2026-10-03,0.42575,0.25,0.4852999999999999,0.1068,0.40095,,0.7152000000000001,0.45,0.75,0.6000000000000001,0.6344,0.6844,0.6418,0.3,19.0,0.61435,0.00360855,0.136396,0.061435,0.152,2026-10-03,0.3375,0.0,1.0,0.3541499999999999,0.008853749999999999
SDRL,Seadrill Limited Common Shares,NASDAQ,Energy,Oil & Gas Drilling,43.85,606285.0,3003818305.0,,0.0,2026-10-03,0.6603,0.5,0.5166,0.6,0.6019,,0.7292,0.4065499999999999,0.7446999999999999,0.65,0.62495,0.675,0.64585,0.3,18.0,0.6146499999999999,0.0054171,0.13436425,0.0614649999999999,0.304,2026-10-03,0.57,0.0,1.0,0.485,0.012125
AMRC,Ameresco Inc. Class A Common Stock,NASDAQ,Industrials,Engineering & Construction,21.57,604260.0,1478068526.0,,0.0,2026-10-03,0.42575,0.25,0.4852999999999999,0.1068,0.40095,,0.7152000000000001,0.45,0.75,0.6000000000000001,0.6344,0.6844,0.6418,0.3,19.0,0.61435,0.00360855,0.136396,0.061435,0.152,2026-10-03,0.3375,0.0,1.0,0.3541499999999999,0.008853749999999999
MMSI,"Merit Medical Systems, Inc.",NASDAQ,Healthcare,Medical Instruments & Supplies,85.37,602970.0,4088917034.17186,61.0,0.0,2026-10-03,0.61995,0.49245,0.49685,0.45,0.4607,,0.6198,0.4585,0.6244,0.5,0.5658,0.6778,0.69395,0.3,19.0,0.6323,0.0041463,0.1216469999999999,0.06323,0.2994096,2026-10-03,0.0,0.0,1.0,0.2,0.005000000000000001
TWI,Titan International Inc. (DE) Common Stock,NASDAQ,Industrials,Farm & Heavy Construction Machinery,6.99,597450.0,526277749.0,,0.0,2026-10-03,0.42575,0.25,0.4852999999999999,0.1068,0.40095,,0.7152000000000001,0.45,0.75,0.6000000000000001,0.6344,0.6844,0.6418,0.3,19.0,0.61435,0.00360855,0.136396,0.061435,0.152,2026-10-03,0.3375,0.0,1.0,0.3541499999999999,0.008853749999999999
TK,Teekay Corporation Ltd. Common Stock,NYSE,Energy,Oil & Gas Midstream,14.84,597295.0,1160737705.0,64.0,0.0,2026-10-03,0.6603,0.5,0.5166,0.6,0.6019,,0.7292,0.4065499999999999,0.7446999999999999,0.65,0.62495,0.675,0.64585,0.3,18.0,0.6146499999999999,0.0054171,0.13436425,0.0614649999999999,0.304,2026-10-03,0.57,0.0,0.2667,0.3383,0.0084575
XMAX,"XMAX, Inc.",NASDAQ,Consumer Cyclical,"Furnishings, Fixtures & Appliances",8.59,597200.0,546980027.0,62.0,0.0,2026-10-03,0.23515,0.25,0.50275,0.08835,0.2476499999999999,,0.6992,0.45,0.7465999999999999,0.65,0.64295,0.6875,0.6443,0.3,19.0,0.6271,0.0022288499999999,0.13823425,0.06271,0.152,2026-10-03,0.345,0.0,1.0,0.3656,0.00914
PDFS,"PDF Solutions, Inc.",NASDAQ,Technology,Software - Application,55.5,593050.0,2061125919.0,63.0,0.0,2026-10-03,0.58255,0.5,0.44155,0.0695,0.4882499999999999,,0.75,0.4778,0.7119,0.65,0.6543,0.6833,0.6629,0.3,19.0,0.6293,0.00439425,0.1406745,0.06293,0.304,2026-10-03,0.435,0.0,0.9736,0.4122,0.010305000000000002
RHP,Ryman Hospitality Properties Inc. (REIT),NASDAQ,Real Estate,REIT - Hotel & Motel,121.66,590720.0,6450398633.0,,0.0,2026-10-03,0.4608,0.25,0.4744,0.45,0.407,,0.646,0.45,0.7034,0.5,0.5803,0.6778,0.6275,0.3,18.0,0.6198,0.0036629999999999,0.1247645,0.06198,0.152,2026-10-03,0.0,0.0,1.0,0.2,0.005000000000000001
LIF,"Life360, Inc.",NASDAQ,Technology,Software - Application,43.1,589985.0,3133359785.4353256,61.0,0.0,2026-10-03,0.58255,0.5,0.44155,0.0695,0.4882499999999999,,0.75,0.4778,0.7119,0.65,0.6543,0.6833,0.6629,0.3,19.0,0.6293,0.00439425,0.1406745,0.06293,0.304,2026-10-03,0.36,0.0,1.0,0.38,0.009500000000000001
ROAD,"Construction Partners, Inc.",NASDAQ,Industrials,Engineering & Construction,91.08,589175.0,6229690086.198364,61.0,0.0,2026-10-03,0.42575,0.25,0.4852999999999999,0.1068,0.40095,,0.7152000000000001,0.45,0.75,0.6000000000000001,0.6344,0.6844,0.6418,0.3,19.0,0.61435,0.00360855,0.136396,0.061435,0.152,2026-10-03,0.3375,0.0,1.0,0.3541499999999999,0.008853749999999999
MSCI,MSCI Inc. Common Stock,NASDAQ,Financial Services,Financial Data & Stock Exchanges,535.95,586975.0,43104916680.0,,0.0,2026-10-03,0.5297,0.25,0.5036,0.6,0.4695,,0.70855,0.5,0.6757,0.65,0.6241000000000001,0.6875,0.62175,0.3,19.0,0.6051500000000001,0.0042254999999999,0.1341815,0.060515,0.152,2026-10-03,0.345,0.0,1.0,0.33335,0.00833375
JBTM,JBT Marel Corporation Common Stock,NASDAQ,Industrials,Specialty Industrial Machinery,108.6,585445.0,6775362593.0,,0.0,2026-10-03,0.42575,0.25,0.4852999999999999,0.1068,0.40095,,0.7152000000000001,0.45,0.75,0.6000000000000001,0.6344,0.6844,0.6418,0.3,19.0,0.61435,0.00360855,0.136396,0.061435,0.152,2026-10-03,0.3375,0.0,1.0,0.3541499999999999,0.008853749999999999
CRNC,Cerence Inc. - Common Stock,NASDAQ,Technology,Software - Application,8.09,583660.0,335384702.0,,0.0,2026-10-03,0.1033,0.25,0.382,0.0,0.1822,,0.75,0.4778,0.7119,0.65,0.6543,0.6833,0.6629,0.3,19.0,0.6293,0.0016398,0.1406745,0.06293,0.152,2026-10-03,0.0,0.0,1.0,0.2,0.005000000000000001
MFIC,MidCap Financial Investment Corporation,NASDAQ,Financial Services,Asset Management,8.62,583595.0,1028205957.1510086,61.0,0.0,2026-10-03,0.5297,0.25,0.5036,0.6,0.4695,,0.70855,0.5,0.6757,0.65,0.6241000000000001,0.6875,0.62175,0.3,19.0,0.6051500000000001,0.0042254999999999,0.1341815,0.060515,0.152,2026-10-03,0.345,0.0,1.0,0.33335,0.00833375
MEC,Mayville Engineering Company Inc. Common Stock,NYSE,Industrials,Metal Fabrication,16.44,582255.0,859657913.0,62.0,0.0,2026-10-03,0.4917,0.0,0.4191,0.0,0.2579,,0.7152000000000001,0.45,0.75,0.6000000000000001,0.6344,0.6844,0.6418,0.3,19.0,0.61435,0.0023211,0.136396,0.061435,0.0,2026-10-03,0.3375,0.0,1.0,0.3541499999999999,0.008853749999999999
PH,Parker-Hannifin Corporation Common Stock,NASDAQ,Industrials,Specialty Industrial Machinery,972.55,580900.0,122994217316.0,,0.0,2026-10-03,0.42575,0.25,0.4852999999999999,0.1068,0.40095,,0.7152000000000001,0.45,0.75,0.6000000000000001,0.6344,0.6844,0.6418,0.3,19.0,0.61435,0.00360855,0.136396,0.061435,0.152,2026-10-03,0.3375,0.0,1.0,0.3541499999999999,0.008853749999999999
EEFT,"Euronet Worldwide, Inc.",NASDAQ,Technology,Software - Infrastructure,63.5,580040.0,2792607635.03389,61.0,0.0,2026-10-03,0.2304,0.0,0.5589,0.061,0.1908,,0.75,0.4778,0.7119,0.65,0.6543,0.6833,0.6629,0.3,19.0,0.6293,0.0017172,0.1406745,0.06293,0.0,2026-10-03,0.0,0.0,1.0,0.2,0.005000000000000001
IUSV,iShares Core S&P U.S. Value ETF,NASDAQ,,,111.03,577120.0,10389789696.0,62.0,0.0,2026-10-03,0.5297,0.2674,0.49685,0.1166,0.4607,,0.70855,0.45,0.7119,0.65,0.6271,0.6833,0.6443,0.3,19.0,0.6198,0.0041463,0.1348265,0.06198,0.1625792,2026-10-03,0.0,0.0,1.0,0.2,0.005000000000000001
CODI,D/B/A Compass Diversified Holdings Shares of Beneficial Interest,NASDAQ,Industrials,Conglomerates,10.93,571355.0,864461232.0,,0.0,2026-10-03,0.42575,0.25,0.4852999999999999,0.1068,0.40095,,0.7152000000000001,0.45,0.75,0.6000000000000001,0.6344,0.6844,0.6418,0.3,19.0,0.61435,0.00360855,0.136396,0.061435,0.152,2026-10-03,0.3375,0.0,1.0,0.3541499999999999,0.008853749999999999
SMWB,Similarweb Ltd. Ordinary Shares,NYSE,Technology,Software - Application,7.96,568485.0,583419589.0,62.0,0.0,2026-10-03,0.58255,0.5,0.44155,0.0695,0.4882499999999999,,0.75,0.4778,0.7119,0.65,0.6543,0.6833,0.6629,0.3,19.0,0.6293,0.00439425,0.1406745,0.06293,0.304,2026-10-03,0.345,0.0,1.0,0.3725,0.0093125
WEX,WEX Inc. common stock,NASDAQ,Technology,Software - Infrastructure,169.1,566375.0,5215585501.0,,0.0,2026-10-03,0.58255,0.5,0.44155,0.0695,0.4882499999999999,,0.75,0.4778,0.7119,0.65,0.6543,0.6833,0.6629,0.3,19.0,0.6293,0.00439425,0.1406745,0.06293,0.304,2026-10-03,0.54,0.0,0.93,0.456,0.0114
GSAT,"Globalstar, Inc.",NASDAQ,Communication Services,Telecom Services,83.22,565670.0,8240333510.641632,61.0,0.0,2026-10-03,0.4121,0.2674,0.4984,0.0947,0.4045,,0.5903,0.45,0.6953499999999999,0.65,0.5902499999999999,0.6770499999999999,0.6206,0.3,18.5,0.61235,0.0036405,0.1269037499999999,0.061235,0.1625792,2026-10-03,0.0,0.0,0.95835,0.2,0.005000000000000001
FFIV,"F5, Inc.",NASDAQ,Technology,Software - Infrastructure,454.04,563155.0,16031237575.136047,61.0,0.0,2026-10-03,0.58255,0.5,0.44155,0.0695,0.4882499999999999,,0.75,0.4778,0.7119,0.65,0.6543,0.6833,0.6629,0.3,19.0,0.6293,0.00439425,0.1406745,0.06293,0.304,2026-10-03,0.57,0.0,0.6652,0.418,0.010450000000000001
ENS,EnerSys Common Stock,NYSE,Industrials,Electrical Equipment & Parts,196.3,557105.0,7498295728.0,62.0,0.0,2026-10-03,0.42575,0.25,0.4852999999999999,0.1068,0.40095,,0.7152000000000001,0.45,0.75,0.6000000000000001,0.6344,0.6844,0.6418,0.3,19.0,0.61435,0.00360855,0.136396,0.061435,0.152,2026-10-03,0.3375,0.0,1.0,0.3541499999999999,0.008853749999999999
AOSL,Alpha and Omega Semiconductor Limited - Common Shares,NASDAQ,Technology,Semiconductors,30.24,555135.0,675868308.5031509,,0.0,2026-10-03,0.1544,0.25,0.4069,0.0,0.2152,,0.75,0.4778,0.7119,0.65,0.6543,0.6833,0.6629,0.3,19.0,0.6293,0.0019368,0.1406745,0.06293,0.152,2026-10-03,0.0,0.0,1.0,0.2,0.005000000000000001
HAE,Haemonetics Corporation Common Stock,NASDAQ,Healthcare,Medical Devices,104.68,552610.0,2785028019.0,,0.0,2026-10-03,0.61995,0.49245,0.49685,0.45,0.4607,,0.6198,0.4585,0.6244,0.5,0.5658,0.6778,0.69395,0.3,19.0,0.6323,0.0041463,0.1216469999999999,0.06323,0.2994096,2026-10-03,0.0,0.0,1.0,0.2,0.005000000000000001
JACK,Jack In The Box Inc.,NASDAQ,Consumer Cyclical,Restaurants,12.45,545265.0,328066209.0,62.0,0.0,2026-10-03,0.23515,0.25,0.50275,0.08835,0.2476499999999999,,0.6992,0.45,0.7465999999999999,0.65,0.64295,0.6875,0.6443,0.3,19.0,0.6271,0.0022288499999999,0.13823425,0.06271,0.152,2026-10-03,0.345,0.0,1.0,0.3656,0.00914
SPSC,"SPS Commerce, Inc.",NASDAQ,Technology,Software - Application,82.35,541245.0,2055522705.156536,61.0,0.0,2026-10-03,0.58255,0.5,0.44155,0.0695,0.4882499999999999,,0.75,0.4778,0.7119,0.65,0.6543,0.6833,0.6629,0.3,19.0,0.6293,0.00439425,0.1406745,0.06293,0.304,2026-10-03,0.57,0.0,0.4171,0.3684,0.009210000000000001
IRTC,"iRhythm Holdings, Inc. ",NASDAQ,Healthcare,Medical Devices,110.37,536650.0,3833414159.960632,61.0,0.0,2026-10-03,0.61995,0.49245,0.49685,0.45,0.4607,,0.6198,0.4585,0.6244,0.5,0.5658,0.6778,0.69395,0.3,19.0,0.6323,0.0041463,0.1216469999999999,0.06323,0.2994096,2026-10-03,0.0,0.0,1.0,0.2,0.005000000000000001
STRL,"Sterling Infrastructure, Inc.",NASDAQ,Industrials,Engineering & Construction,533.42,536050.0,25923493564.0,63.0,0.0,2026-10-03,0.42575,0.25,0.4852999999999999,0.1068,0.40095,,0.7152000000000001,0.45,0.75,0.6000000000000001,0.6344,0.6844,0.6418,0.3,19.0,0.61435,0.00360855,0.136396,0.061435,0.152,2026-10-03,0.3375,0.0,1.0,0.3541499999999999,0.008853749999999999
BBDC,Barings BDC Inc. Common Stock,NASDAQ,Financial Services,Asset Management,8.63,534925.0,921420599.0,,0.0,2026-10-03,0.5297,0.25,0.5036,0.6,0.4695,,0.70855,0.5,0.6757,0.65,0.6241000000000001,0.6875,0.62175,0.3,19.0,0.6051500000000001,0.0042254999999999,0.1341815,0.060515,0.152,2026-10-03,0.345,0.0,1.0,0.33335,0.00833375
SKY,Champion Homes Inc. Common Stock,NYSE,Consumer Cyclical,Residential Construction,88.1,529645.0,3702287061.0,63.0,0.0,2026-10-03,0.23515,0.25,0.50275,0.08835,0.2476499999999999,,0.6992,0.45,0.7465999999999999,0.65,0.64295,0.6875,0.6443,0.3,19.0,0.6271,0.0022288499999999,0.13823425,0.06271,0.152,2026-10-03,0.345,0.0,1.0,0.3656,0.00914
POWL,"Powell Industries, Inc. - Common Stock",NASDAQ,Industrials,Electrical Equipment & Parts,196.1,523740.0,8412416596.0,,0.0,2026-10-03,0.42575,0.25,0.4852999999999999,0.1068,0.40095,,0.7152000000000001,0.45,0.75,0.6000000000000001,0.6344,0.6844,0.6418,0.3,19.0,0.61435,0.00360855,0.136396,0.061435,0.152,2026-10-03,0.3375,0.0,1.0,0.3541499999999999,0.008853749999999999
FWRD,Forward Air Corporation,NASDAQ,Industrials,Integrated Freight & Logistics,15.91,521195.0,515754112.8584194,61.0,0.0,2026-10-03,0.1663,0.5,0.5144,0.0,0.2807,,0.7152000000000001,0.45,0.75,0.6000000000000001,0.6344,0.6844,0.6418,0.3,19.0,0.61435,0.0025263,0.136396,0.061435,0.304,2026-10-03,0.3375,0.0,1.0,0.3541499999999999,0.008853749999999999
SLF,Sun Life Financial Inc. Common Stock,NASDAQ,Financial Services,Insurance - Diversified,78.57,520305.0,39631756404.0,,0.0,2026-10-03,0.5297,0.25,0.5036,0.6,0.4695,,0.70855,0.5,0.6757,0.65,0.6241000000000001,0.6875,0.62175,0.3,19.0,0.6051500000000001,0.0042254999999999,0.1341815,0.060515,0.152,2026-10-03,0.345,0.0,1.0,0.33335,0.00833375
TOWN,Towne Bank,NASDAQ,Financial Services,Banks - Regional,36.03,516085.0,3161651742.0,64.0,0.0,2026-10-03,0.5297,0.25,0.5036,0.6,0.4695,,0.70855,0.5,0.6757,0.65,0.6241000000000001,0.6875,0.62175,0.3,19.0,0.6051500000000001,0.0042254999999999,0.1341815,0.060515,0.152,2026-10-03,0.345,0.0,1.0,0.33335,0.00833375
MPLT,"MapLight Therapeutics, Inc.",NASDAQ,Healthcare,Biotechnology,9.82,511990.0,1782991966.0,62.0,0.0,2026-10-03,0.0321,0.0,0.7915,0.0,0.1377,,0.6198,0.4585,0.6244,0.5,0.5658,0.6778,0.69395,0.3,19.0,0.6323,0.0012392999999999,0.1216469999999999,0.06323,0.0,2026-10-03,0.0,0.0,1.0,0.2,0.005000000000000001
IDXX,"IDEXX Laboratories, Inc.",NASDAQ,Healthcare,Diagnostics & Research,518.39,479215.0,45046531746.92908,61.0,1.0,2026-10-03,0.1318,0.25,0.6037,0.0099,0.2202,,0.6198,0.4585,0.6244,0.5,0.5658,0.6778,0.69395,0.3,19.0,0.6323,0.0019818,0.1216469999999999,0.06323,0.152,2026-10-03,0.0,0.0,1.0,0.2,0.005000000000000001
GILT,Gilat Satellite Networks Ltd.,NASDAQ,Technology,Communication Equipment,10.03,467640.0,1184893869.205059,61.0,2.0,2026-10-03,0.0404,0.25,0.3928,0.0,0.1632,,0.75,0.4778,0.7119,0.65,0.6543,0.6833,0.6629,0.3,19.0,0.6293,0.0014688,0.1406745,0.06293,0.152,2026-10-03,0.0,0.0,1.0,0.2,0.005000000000000001
LEG,Leggett & Platt Incorporated Common Stock,NASDAQ,Consumer Cyclical,"Furnishings, Fixtures & Appliances",9.2,0.0,1546808305.0,,2.0,2026-10-03,0.23515,0.25,0.50275,0.08835,0.2476499999999999,,0.6992,0.45,0.7465999999999999,0.65,0.64295,0.6875,0.6443,0.3,19.0,0.6271,0.0022288499999999,0.13823425,0.06271,0.152,2026-10-03,0.345,0.0,1.0,0.3656,0.00914
FBRX,"Forte Biosciences, Inc. ",NASDAQ,Healthcare,Biotechnology,76.99,0.0,899429605.0,62.0,2.0,2026-10-03,0.61995,0.49245,0.49685,0.45,0.4607,,0.6198,0.4585,0.6244,0.5,0.5658,0.6778,0.69395,0.3,19.0,0.6323,0.0041463,0.1216469999999999,0.06323,0.2994096,2026-10-03,0.0,0.0,1.0,0.2,0.005000000000000001
