symbol,name,exchange,sector,industry,last_price,avg_vol_20d,market_cap,history_days,gate_failures,as_of
INTC,Intel Corporation,NASDAQ,Technology,Semiconductors,104.7,109244260.0,219970464983.98825,61.0,0.0,2026-10-10
NVDA,NVIDIA Corporation,NASDAQ,Technology,Semiconductors,229.28,108851535.0,4114957846984.8633,61.0,0.0,2026-10-10
NOK,Nokia Corporation Sponsored American Depositary Shares,NASDAQ,Technology,Communication Equipment,10.36,83829615.0,58393307641.0,,0.0,2026-10-10
AAL,"American Airlines Group, Inc.",NASDAQ,Industrials,Airlines,12.76,70850095.0,6939801213.361723,61.0,0.0,2026-10-10
ONDS,Ondas Inc,NASDAQ,Technology,Communication Equipment,6.73,60786100.0,4213495487.371936,61.0,0.0,2026-10-10
TLT,iShares 20+ Year Treasury Bond ETF,NASDAQ,,,77.98,49387670.0,9487952896.0,62.0,0.0,2026-10-10
NKE,Nike Inc. Common Stock,NASDAQ,Consumer Cyclical,Footwear & Accessories,34.71,48270915.0,66180839471.0,,0.0,2026-10-10
SOFI,"SoFi Technologies, Inc. ",NASDAQ,Financial Services,Credit Services,15.8,47248835.0,19734708565.224552,61.0,0.0,2026-10-10
F,Ford Motor Company Common Stock,NASDAQ,Consumer Cyclical,Auto Manufacturers,12.17,46500635.0,49657198850.0,,0.0,2026-10-10
AGNC,AGNC Investment Corp.,NASDAQ,Real Estate,REIT - Mortgage,8.67,45323815.0,10979663914.743204,61.0,0.0,2026-10-10
CTVA,Corteva Inc. Common Stock,NASDAQ,Basic Materials,Agricultural Inputs,13.24,44838820.0,53574250908.0,,0.0,2026-10-10
T,AT&T Inc.,NASDAQ,Communication Services,Telecom Services,22.18,43517665.0,182932218186.0,,0.0,2026-10-10
MARA,"MARA Holdings, Inc.",NASDAQ,Financial Services,Capital Markets,9.65,43189050.0,2975335946.350999,61.0,0.0,2026-10-10
PATH,UiPath Inc. Class A Common Stock,NASDAQ,Technology,Software - Infrastructure,13.48,42077510.0,5433069752.0,,0.0,2026-10-10
RIG,Transocean Ltd (Switzerland) Common Stock,NASDAQ,Energy,Oil & Gas Drilling,5.51,40835820.0,6762246478.0,,0.0,2026-10-10
RKT,Rocket Companies Inc. Class A Common Stock,NASDAQ,Financial Services,Mortgage Finance,11.48,40651255.0,43989120956.0,,0.0,2026-10-10
BAC,Bank of America Corporation Common Stock,NASDAQ,Financial Services,Banks - Diversified,54.32,40475315.0,371111707625.0,,0.0,2026-10-10
HL,Hecla Mining Company Common Stock,NASDAQ,Basic Materials,Other Precious Metals & Mining,17.07,39502720.0,12606638239.0,,0.0,2026-10-10
PCG,Pacific Gas & Electric Co. Common Stock,NASDAQ,Utilities,Utilities - Regulated Electric,13.13,39296165.0,36578954076.0,,0.0,2026-10-10
AAPL,Apple Inc.,NASDAQ,Technology,Consumer Electronics,336.64,37772480.0,3714459876661.804,61.0,0.0,2026-10-10
NFLX,"Netflix, Inc.",NASDAQ,Communication Services,Entertainment,70.3,37727560.0,395662261804.1349,61.0,0.0,2026-10-10
IREN,IREN Limited,NASDAQ,Financial Services,Capital Markets,35.19,37481860.0,11827215166.27433,61.0,0.0,2026-10-10
CDE,Coeur Mining Inc. Common Stock,NASDAQ,Basic Materials,Gold,17.13,37357165.0,19987733234.0,,0.0,2026-10-10
AMZN,"Amazon.com, Inc.",NASDAQ,Consumer Cyclical,Internet Retail,262.43,37060190.0,2158148419631.967,61.0,0.0,2026-10-10
SMCI,"Super Micro Computer, Inc.",NASDAQ,Technology,Computer Hardware,41.86,36322715.0,13198472770.596008,61.0,0.0,2026-10-10
TSLA,"Tesla, Inc.  - Common Stock",NASDAQ,Consumer Cyclical,Auto Manufacturers,382.7,35839160.0,1309411186622.0,,0.0,2026-10-10
HOLX,"Hologic, Inc.",NASDAQ,Healthcare,Medical Instruments & Supplies,76.01,34937305.0,16876198865.990751,61.0,0.0,2026-10-10
VALE,VALE S.A.  American Depositary Shares Each Representing one common share,NASDAQ,Basic Materials,Other Industrial Metals & Mining,13.62,34342985.0,73222045070.0,,0.0,2026-10-10
ITUB,Itau Unibanco Banco Holding SA American Depositary Shares (Each repstg 500 Preferred shares),NASDAQ,Financial Services,Banks - Regional,10.16,34255645.0,97539030717.0,,0.0,2026-10-10
QQQ,"Invesco QQQ Trust, Series 1",NASDAQ,,,751.27,33995030.0,240211623936.0,62.0,0.0,2026-10-10
CMCSA,Comcast Corporation,NASDAQ,Communication Services,Telecom Services,20.66,33709800.0,103960312758.2438,61.0,0.0,2026-10-10
PFE,Pfizer Inc. Common Stock,NASDAQ,Healthcare,Drug Manufacturers - General,28.28,33236440.0,153585615483.0,,0.0,2026-10-10
HBAN,Huntington Bancshares Incorporated,NASDAQ,Financial Services,Banks - Regional,15.32,32548070.0,30984386117.696533,61.0,0.0,2026-10-10
PSKY,Paramount Skydance Corporation,NASDAQ,Communication Services,Entertainment,9.16,31930009.0,9738963694.386272,61.0,0.0,2026-10-10
ORCL,Oracle Corporation Common Stock,NASDAQ,Technology,Software - Infrastructure,141.4,30926185.0,498361247369.0,,0.0,2026-10-10
CRWV,"CoreWeave, Inc.",NASDAQ,Technology,Software - Infrastructure,82.08,30349815.0,39426609975.0,61.0,0.0,2026-10-10
WULF,TeraWulf Inc. - Common Stock,NASDAQ,Financial Services,Capital Markets,13.77,28605400.0,8002165874.0,,0.0,2026-10-10
SEM,Select Medical Holdings Corporation Common Stock,NASDAQ,Healthcare,Medical Care Facilities,16.51,27813184.0,2040101129.0,,0.0,2026-10-10
CCL,Carnival Corporation Common Stock,NASDAQ,Consumer Cyclical,Travel Services,26.35,27109970.0,37634242412.0,,0.0,2026-10-10
MDT,Medtronic plc. Ordinary Shares,NASDAQ,Healthcare,Medical Devices,88.48,26932865.0,106973294808.0,,0.0,2026-10-10
GOOGL,Alphabet Inc.,NASDAQ,Communication Services,Internet Content & Information,351.66,26297015.0,3351352983367.92,61.0,0.0,2026-10-10
VZ,Verizon Communications Inc. Common Stock,NASDAQ,Communication Services,Telecom Services,41.65,25967355.0,193868404464.0,,0.0,2026-10-10
RIVN,"Rivian Automotive, Inc.",NASDAQ,Consumer Cyclical,Auto Manufacturers,13.96,25948925.0,18757560376.694977,61.0,0.0,2026-10-10
TTD,"The Trade Desk, Inc. - Class A Common Stock",NASDAQ,Communication Services,Advertising Agencies,12.08,25868320.0,9562378946.0,,0.0,2026-10-10
AVGO,Broadcom Inc.,NASDAQ,Technology,Semiconductors,361.54,24034360.0,1440019684019.9678,61.0,0.0,2026-10-10
JOBY,Joby Aviation Inc. Common Stock,NASDAQ,Industrials,Airports & Air Services,5.44,23753970.0,8356938897.0,,0.0,2026-10-10
IONQ,IonQ Inc. Common Stock,NASDAQ,Technology,Computer Hardware,39.89,23596235.0,15651893370.0,,0.0,2026-10-10
QXO,QXO Inc. Common Stock,NASDAQ,Industrials,Industrial Distribution,10.81,23437840.0,15201738278.0,,0.0,2026-10-10
MSFT,Microsoft Corporation,NASDAQ,Technology,Software - Infrastructure,535.07,22394535.0,2676101880673.9067,61.0,0.0,2026-10-10
WMT,Walmart Inc.,NASDAQ,Consumer Defensive,Discount Stores,111.35,22337965.0,1010661438288.0,62.0,0.0,2026-10-10
AMD,"Advanced Micro Devices, Inc.",NASDAQ,Technology,Semiconductors,608.1,22137705.0,328813111737.64404,61.0,0.0,2026-10-10
NCLH,Norwegian Cruise Line Holdings Ltd. Ordinary Shares,NASDAQ,Consumer Cyclical,Travel Services,15.57,21974830.0,8432149919.0,,0.0,2026-10-10
KVUE,Kenvue Inc. Common Stock,NASDAQ,Consumer Defensive,Household & Personal Products,17.7,21959015.0,33579335769.0,,0.0,2026-10-10
CTRA,Coterra Energy Inc. Common Stock,NASDAQ,Energy,Oil & Gas E&P,32.56,21903307.0,25461092388.0,,0.0,2026-10-10
HOOD,"Robinhood Markets, Inc.",NASDAQ,Financial Services,Capital Markets,109.02,21817120.0,60788819470.52452,61.0,0.0,2026-10-10
META,"Meta Platforms, Inc.",NASDAQ,Communication Services,Internet Content & Information,718.67,21687010.0,1336541208162.335,61.0,0.0,2026-10-10
APLD,Applied Digital Corporation,NASDAQ,Technology,Information Technology Services,23.68,21613875.0,6751997518.796473,61.0,0.0,2026-10-10
HLN,Haleon plc American Depositary Shares (Each representing two Ordinary Shares),NASDAQ,Healthcare,Drug Manufacturers - Specialty & Generic,9.32,21607830.0,42618836087.0,,0.0,2026-10-10
RKLB,Rocket Lab Corporation,NASDAQ,Industrials,Aerospace & Defense,68.21,21512975.0,35195088741.042435,61.0,0.0,2026-10-10
HPE,Hewlett Packard Enterprise Company Common Stock,NASDAQ,Technology,Communication Equipment,73.46,20682060.0,37364210943.0,,0.0,2026-10-10
BB,BlackBerry Limited Common Stock,NASDAQ,Technology,Software - Infrastructure,8.91,19930740.0,2992321505.0,,0.0,2026-10-10
BSX,Boston Scientific Corporation Common Stock,NASDAQ,Healthcare,Medical Devices,42.73,19633250.0,92246892162.0,,0.0,2026-10-10
MRVL,"Marvell Technology, Inc.",NASDAQ,Technology,Semiconductors,275.28,19501605.0,82977342334.32304,61.0,0.0,2026-10-10
CMG,Chipotle Mexican Grill Inc. Common Stock,NASDAQ,Consumer Cyclical,Restaurants,31.59,19273565.0,44555889637.0,,0.0,2026-10-10
CSCO,"Cisco Systems, Inc.",NASDAQ,Technology,Communication Equipment,118.39,19256960.0,315751725619.4801,61.0,0.0,2026-10-10
OWL,Blue Owl Capital Inc. Class A Common Stock,NASDAQ,Financial Services,Asset Management,9.49,18827935.0,6203866357.0,,0.0,2026-10-10
INFY,Infosys Limited American Depositary Shares,NASDAQ,Technology,Information Technology Services,10.73,18617520.0,52039775417.0,,0.0,2026-10-10
MRNA,"Moderna, Inc.",NASDAQ,Healthcare,Biotechnology,225.0,17648690.0,20059364206.13224,61.0,0.0,2026-10-10
COMP,Compass Inc. Class A Common Stock,NASDAQ,Real Estate,Real Estate Services,9.39,17495020.0,5857241232.0,,0.0,2026-10-10
SOUN,"SoundHound AI, Inc.",NASDAQ,Technology,Software - Application,5.39,17153630.0,2532614794.05,61.0,0.0,2026-10-10
GOOG,Alphabet Inc.,NASDAQ,Communication Services,Internet Content & Information,347.86,17147060.0,3347360766632.08,61.0,0.0,2026-10-10
BULL,Webull Corporation,NASDAQ,Technology,Software - Application,6.31,17067235.0,3669217232.0,63.0,0.0,2026-10-10
RIOT,"Riot Platforms, Inc.",NASDAQ,Financial Services,Capital Markets,16.89,17047475.0,4911575344.869993,61.0,0.0,2026-10-10
CLSK,"CleanSpark, Inc.",NASDAQ,Financial Services,Capital Markets,10.49,17045495.0,2225050294.319003,61.0,0.0,2026-10-10
CPNG,Coupang Inc. Class A Common Stock,NASDAQ,Consumer Cyclical,Internet Retail,15.82,16640385.0,37496209231.0,,0.0,2026-10-10
BE,Bloom Energy Corporation Class A Common Stock,NASDAQ,Industrials,Electrical Equipment & Parts,280.5,16476145.0,65698686163.0,,0.0,2026-10-10
KEY,KeyCorp Common Stock,NASDAQ,Financial Services,Banks - Regional,19.97,16420060.0,23518146677.0,,0.0,2026-10-10
CLF,Cleveland-Cliffs Inc. Common Stock,NASDAQ,Basic Materials,Steel,12.98,16385790.0,5567247182.0,,0.0,2026-10-10
CNH,CNH Industrial N.V. Common Shares,NASDAQ,Industrials,Farm & Heavy Construction Machinery,11.39,16292615.0,12716898383.0,,0.0,2026-10-10
KHC,The Kraft Heinz Company,NASDAQ,Consumer Defensive,Packaged Foods,22.27,16246420.0,26255458938.43023,61.0,0.0,2026-10-10
KO,Coca-Cola Company (The) Common Stock,NASDAQ,Consumer Defensive,Beverages - Non-Alcoholic,88.05,16111690.0,329827223142.0,,0.0,2026-10-10
NBIS,Nebius Group N.V.,NASDAQ,Communication Services,Internet Content & Information,221.07,16039450.0,26207498319.46791,61.0,0.0,2026-10-10
LYG,Lloyds Banking Group Plc American Depositary Shares,NASDAQ,Financial Services,Banks - Regional,5.41,16000755.0,78050843627.0,,0.0,2026-10-10
DKNG,DraftKings Inc.,NASDAQ,Consumer Cyclical,Gambling,19.58,15944555.0,10386023286.353914,61.0,0.0,2026-10-10
QBTS,D-Wave Quantum Inc. Common Shares,NASDAQ,Technology,Computer Hardware,14.57,15599405.0,6849184421.0,,0.0,2026-10-10
NVTS,Navitas Semiconductor Corporation,NASDAQ,Technology,Semiconductors,10.78,15502505.0,1952506800.7040453,61.0,0.0,2026-10-10
RGTI,"Rigetti Computing, Inc. ",NASDAQ,Technology,Computer Hardware,14.03,15368535.0,4543819721.124306,61.0,0.0,2026-10-10
NVO,Novo Nordisk A/S Common Stock,NASDAQ,Healthcare,Drug Manufacturers - General,38.64,15277610.0,182603442323.0,,0.0,2026-10-10
CAG,ConAgra Brands Inc. Common Stock,NASDAQ,Consumer Defensive,Packaged Foods,13.49,15007615.0,6779454537.0,,0.0,2026-10-10
WFC,Wells Fargo & Company Common Stock,NASDAQ,Financial Services,Banks - Diversified,83.55,14686245.0,243369881398.0,,0.0,2026-10-10
PINS,Pinterest Inc. Class A Common Stock,NASDAQ,Communication Services,Internet Content & Information,21.4,14607905.0,12765134807.0,,0.0,2026-10-10
ALHC,"Alignment Healthcare, Inc.",NASDAQ,Healthcare,Healthcare Plans,7.55,14602805.0,3375999468.8920727,61.0,0.0,2026-10-10
IBRX,"ImmunityBio, Inc.",NASDAQ,Healthcare,Biotechnology,10.51,14564600.0,7740240129.623062,61.0,0.0,2026-10-10
HPQ,HP Inc. Common Stock,NASDAQ,Technology,Computer Hardware,30.2,14527295.0,18166914570.0,,0.0,2026-10-10
NLY,Annaly Capital Management Inc. Common Stock,NASDAQ,Real Estate,REIT - Mortgage,18.3,14517945.0,16614108875.0,,0.0,2026-10-10
LUMN,Lumen Technologies Inc. Common Stock,NASDAQ,Communication Services,Telecom Services,5.28,13764225.0,9106601756.0,,0.0,2026-10-10
SLB,SLB Limited Common Shares,NASDAQ,Energy,Oil & Gas Equipment & Services,48.95,13706950.0,84288636973.0,,0.0,2026-10-10
CRCL,Circle Internet Group Inc. Class A Common Stock,NASDAQ,Financial Services,Capital Markets,84.51,13635465.0,24636991362.0,,0.0,2026-10-10
JHX,James Hardie Industries plc. Ordinary Shares,NASDAQ,Basic Materials,Building Materials,25.12,13631490.0,12746354054.0,,0.0,2026-10-10
QCOM,QUALCOMM Incorporated,NASDAQ,Technology,Semiconductors,175.5,13575330.0,137948709285.61798,61.0,0.0,2026-10-10
GEN,Gen Digital Inc.,NASDAQ,Technology,Software - Infrastructure,23.25,13569385.0,11483254429.908754,61.0,0.0,2026-10-10
ASTS,"AST SpaceMobile, Inc.",NASDAQ,Technology,Communication Equipment,50.97,13505625.0,31280403199.650383,61.0,0.0,2026-10-10
BMY,Bristol-Myers Squibb Company Common Stock,NASDAQ,Healthcare,Drug Manufacturers - General,59.12,13393000.0,119870286693.0,,0.0,2026-10-10
XOM,Exxon Mobil Corporation Common Stock,NASDAQ,Energy,Oil & Gas Integrated,168.94,13251390.0,618953277709.0,,0.0,2026-10-10
VG,Venture Global Inc. Class A common stock,NASDAQ,Energy,Oil & Gas Midstream,13.16,13205565.0,29542565166.0,,0.0,2026-10-10
ACLX,"Arcellx, Inc.",NASDAQ,Healthcare,Biotechnology,115.07,13191486.0,6704125611.986755,61.0,0.0,2026-10-10
KMI,Kinder Morgan Inc. Common Stock,NASDAQ,Energy,Oil & Gas Midstream,32.49,12959365.0,70615750995.0,,0.0,2026-10-10
NEE,NextEra Energy Inc. Common Stock,NASDAQ,Utilities,Utilities - Regulated Electric,77.38,12951495.0,198691331382.0,,0.0,2026-10-10
ONON,On Holding AG Class A Ordinary Shares,NASDAQ,Consumer Cyclical,Footwear & Accessories,35.09,12950045.0,11998660136.0,,0.0,2026-10-10
RBLX,Roblox Corporation Class A Common Stock,NASDAQ,Communication Services,Electronic Gaming & Multimedia,48.09,12656875.0,40148948277.0,,0.0,2026-10-10
ON,ON Semiconductor Corporation,NASDAQ,Technology,Semiconductors,77.53,12575385.0,23732278614.54578,61.0,0.0,2026-10-10
CCC,CCC Intelligent Solutions Holdings Inc.,NASDAQ,Technology,Software - Application,7.02,12455475.0,2940572219.0,62.0,0.0,2026-10-10
DVN,Devon Energy Corporation Common Stock,NASDAQ,Energy,Oil & Gas E&P,48.26,12214400.0,29791847080.0,,0.0,2026-10-10
UMC,United Microelectronics Corporation (NEW) Common Stock,NASDAQ,Technology,Semiconductors,22.96,12141885.0,30892855794.0,,0.0,2026-10-10
APH,Amphenol Corporation Common Stock,NASDAQ,Technology,Electronic Components,87.24,12017395.0,184058079698.0,,0.0,2026-10-10
PYPL,"PayPal Holdings, Inc.",NASDAQ,Financial Services,Credit Services,55.53,11932065.0,41121904048.195786,61.0,0.0,2026-10-10
FPS,Forgent Power Solutions Inc. Class A Common Stock,NASDAQ,Industrials,Electrical Equipment & Parts,40.03,11611430.0,8578336240.0,,0.0,2026-10-10
CORZ,"Core Scientific, Inc.",NASDAQ,Technology,Software - Infrastructure,15.41,11527545.0,4815129786.197834,61.0,0.0,2026-10-10
GIS,General Mills Inc. Common Stock,NASDAQ,Consumer Defensive,Packaged Foods,32.29,11388595.0,18662832844.0,,0.0,2026-10-10
IEF,iShares 7-10 Year Treasury Bond ETF,NASDAQ,,,89.4,11280665.0,13909419008.0,62.0,0.0,2026-10-10
FIG,Figma Inc. Class A Common Stock,NASDAQ,Technology,Software - Application,22.5,11260375.0,9206215589.0,,0.0,2026-10-10
XP,XP Inc. - Class A Common Stock,NASDAQ,Financial Services,Capital Markets,32.22,11167155.0,10337782524.0,,0.0,2026-10-10
KDP,Keurig Dr Pepper Inc.,NASDAQ,Consumer Defensive,Beverages - Non-Alcoholic,31.76,11120380.0,36038616696.68503,61.0,0.0,2026-10-10
FCX,Freeport-McMoRan Inc. Common Stock,NASDAQ,Basic Materials,Copper,73.69,10793370.0,87637371951.0,,0.0,2026-10-10
PL,Planet Labs PBC Class A Common Stock,NASDAQ,Industrials,Aerospace & Defense,17.18,10730335.0,12267521041.0,,0.0,2026-10-10
TPH,Tri Pointe Homes Inc. Common Stock,NASDAQ,Consumer Cyclical,Residential Construction,46.95,10702114.0,3992858034.0,,0.0,2026-10-10
CRWD,"CrowdStrike Holdings, Inc.",NASDAQ,Technology,Software - Infrastructure,275.04,10669105.0,94430669341.83746,61.0,0.0,2026-10-10
VICI,VICI Properties Inc. Common Stock,NASDAQ,Real Estate,REIT - Diversified,22.88,10663810.0,30380667433.0,,0.0,2026-10-10
GME,GameStop Corporation Common Stock,NASDAQ,Consumer Cyclical,Specialty Retail,26.56,10599685.0,11186960509.0,,0.0,2026-10-10
CRM,Salesforce Inc. Common Stock,NASDAQ,Technology,Software - Application,229.13,10554635.0,145744458026.0,,0.0,2026-10-10
PEP,"PepsiCo, Inc.",NASDAQ,Consumer Defensive,Beverages - Non-Alcoholic,125.97,10530300.0,208587739936.4409,61.0,0.0,2026-10-10
CSX,CSX Corporation,NASDAQ,Industrials,Railroads,47.26,10422870.0,74094042926.1218,61.0,0.0,2026-10-10
TSCO,Tractor Supply Company,NASDAQ,Consumer Cyclical,Specialty Retail,33.7,10368525.0,23701597766.0,62.0,0.0,2026-10-10
RF,Regions Financial Corporation Common Stock,NASDAQ,Financial Services,Banks - Regional,27.03,10330635.0,23715819906.0,,0.0,2026-10-10
HIMS,Hims & Hers Health Inc. Class A Common Stock,NASDAQ,Healthcare,Drug Manufacturers - Specialty & Generic,30.92,10297865.0,6965808567.0,,0.0,2026-10-10
HAL,Halliburton Company Common Stock,NASDAQ,Energy,Oil & Gas Equipment & Services,32.55,10267990.0,33706955474.0,,0.0,2026-10-10
COIN,"Coinbase Global, Inc.",NASDAQ,Financial Services,Financial Data & Stock Exchanges,179.39,10202700.0,43784305630.86243,61.0,0.0,2026-10-10
CRML,Critical Metals Corp.,NASDAQ,Basic Materials,Other Industrial Metals & Mining,6.86,10081500.0,910107439.3452348,61.0,0.0,2026-10-10
CPRT,"Copart, Inc.",NASDAQ,Industrials,Specialty Business Services,27.32,10074720.0,31857461832.732224,61.0,0.0,2026-10-10
C,Citigroup Inc. Common Stock,NASDAQ,Financial Services,Banks - Diversified,129.64,10055010.0,223877852772.0,,0.0,2026-10-10
TSM,Taiwan Semiconductor Manufacturing Company Ltd.,NASDAQ,Technology,Semiconductors,453.31,10029805.0,2087318499682.0,,0.0,2026-10-10
OKLO,Oklo Inc. Class A common stock,NASDAQ,Utilities,Utilities - Independent Power Producers,34.7,9961160.0,12348308498.0,,0.0,2026-10-10
GT,The Goodyear Tire & Rubber Company,NASDAQ,Consumer Cyclical,Auto Parts,4.68,9924520.0,1882074418.536169,61.0,2.0,2026-10-10
MRK,Merck & Company Inc. Common Stock (new),NASDAQ,Healthcare,Drug Manufacturers - General,145.6,9892750.0,276379486920.0,,0.0,2026-10-10
MNST,Monster Beverage Corporation,NASDAQ,Consumer Defensive,Beverages - Non-Alcoholic,43.64,9837150.0,70719192256.4936,61.0,0.0,2026-10-10
HDB,HDFC Bank Limited Common Stock,NASDAQ,Financial Services,Banks - Regional,22.28,9780055.0,131627632954.0,,0.0,2026-10-10
CHWY,Chewy Inc. Class A Common Stock,NASDAQ,Consumer Cyclical,Internet Retail,18.95,9756100.0,10841934794.0,,0.0,2026-10-10
AG,First Majestic Silver Corp. Ordinary Shares (Canada),NASDAQ,Basic Materials,Silver,17.28,9723495.0,10138902398.0,,0.0,2026-10-10
ACVA,ACV Auctions Inc. Class A Common Stock,NASDAQ,Consumer Cyclical,Auto & Truck Dealerships,10.44,9658785.0,941332977.0,,0.0,2026-10-10
BP,BP p.l.c. Common Stock,NASDAQ,Energy,Oil & Gas Integrated,46.25,9624585.0,119093624801.0,,0.0,2026-10-10
MDLN,Medline Inc.,NASDAQ,Healthcare,Medical Instruments & Supplies,36.26,9603765.0,33659024225.76068,61.0,0.0,2026-10-10
OXY,Occidental Petroleum Corporation Common Stock,NASDAQ,Energy,Oil & Gas E&P,60.11,9593790.0,56645627679.0,,0.0,2026-10-10
SHOP,Shopify Inc.,NASDAQ,Technology,Software - Application,170.85,9524600.0,145660381727.38983,61.0,0.0,2026-10-10
CVX,Chevron Corporation Common Stock,NASDAQ,Energy,Oil & Gas Integrated,211.98,9515570.0,368919590306.0,,0.0,2026-10-10
O,Realty Income Corporation Common Stock,NASDAQ,Real Estate,REIT - Retail,54.18,9492130.0,59052100358.0,,0.0,2026-10-10
ABT,Abbott Laboratories Common Stock,NASDAQ,Healthcare,Medical Devices,99.6,9417115.0,158355036719.0,,0.0,2026-10-10
CVS,CVS Health Corporation Common Stock,NASDAQ,Healthcare,Healthcare Plans,86.16,9338410.0,99888250298.0,,0.0,2026-10-10
VTRS,Viatris Inc. - Common Stock,NASDAQ,Healthcare,Drug Manufacturers - Specialty & Generic,17.64,9311875.0,15684749955.0,,0.0,2026-10-10
TJX,TJX Companies Inc. (The) Common Stock,NASDAQ,Consumer Cyclical,Apparel Retail,138.76,9281210.0,174376646572.0,,0.0,2026-10-10
S,SentinelOne Inc. Class A Common Stock,NASDAQ,Technology,Software - Infrastructure,26.27,9261610.0,4845537225.0,,0.0,2026-10-10
VKTX,"Viking Therapeutics, Inc. - Common Stock",NASDAQ,Healthcare,Biotechnology,28.51,9254650.0,3970526292.0,,0.0,2026-10-10
STM,STMicroelectronics N.V. Common Stock,NASDAQ,Technology,Semiconductors,52.06,9215090.0,44857440826.0,,0.0,2026-10-10
BA,Boeing Company (The) Common Stock,NASDAQ,Industrials,Aerospace & Defense,190.37,9204650.0,183232995742.0,,0.0,2026-10-10
TMHC,Taylor Morrison Home Corporation Common Stock,NASDAQ,Consumer Cyclical,Residential Construction,72.45,9182112.0,5908364995.0,,0.0,2026-10-10
WY,Weyerhaeuser Company Common Stock,NASDAQ,Real Estate,REIT - Specialty,19.1,9170325.0,18047696998.0,,0.0,2026-10-10
LYFT,"Lyft, Inc.",NASDAQ,Technology,Software - Application,16.22,9122785.0,5063801208.512985,61.0,0.0,2026-10-10
LRCX,Lam Research Corporation,NASDAQ,Technology,Semiconductor Equipment & Materials,318.84,9109895.0,269569152467.04105,61.0,0.0,2026-10-10
MOS,Mosaic Company (The) Common Stock,NASDAQ,Basic Materials,Agricultural Inputs,18.74,9108660.0,7628319456.0,,0.0,2026-10-10
AAOI,"Applied Optoelectronics, Inc.",NASDAQ,Technology,Communication Equipment,109.64,9074290.0,7548080508.92067,61.0,0.0,2026-10-10
MAT,"Mattel, Inc.",NASDAQ,Consumer Cyclical,Leisure,16.69,9063005.0,4514369881.439209,61.0,0.0,2026-10-10
DIS,Walt Disney Company (The) Common Stock,NASDAQ,Communication Services,Entertainment,108.05,9053395.0,181757934009.0,,0.0,2026-10-10
SBUX,Starbucks Corporation,NASDAQ,Consumer Cyclical,Restaurants,90.75,8953265.0,99796984890.74709,61.0,0.0,2026-10-10
KLAC,KLA Corporation ,NASDAQ,Technology,Semiconductor Equipment & Materials,195.57,8949670.0,193074464658.4585,61.0,0.0,2026-10-10
SWKS,"Skyworks Solutions, Inc. - Common Stock",NASDAQ,Technology,Semiconductors,76.35,8919605.0,8476880166.0,,0.0,2026-10-10
WDC,Western Digital Corporation - Common Stock,NASDAQ,Technology,Computer Hardware,397.28,8907225.0,117418467569.0,,0.0,2026-10-10
ROL,Rollins Inc. Common Stock,NASDAQ,Consumer Cyclical,Personal Services,31.98,8903450.0,27250748465.0,,0.0,2026-10-10
RCAT,"Red Cat Holdings, Inc.",NASDAQ,Industrials,Aerospace & Defense,5.77,8878005.0,1556633163.6107712,61.0,0.0,2026-10-10
VFC,V.F. Corporation Common Stock,NASDAQ,Consumer Cyclical,Apparel Manufacturing,15.0,8812165.0,7743101916.0,,0.0,2026-10-10
BABA,Alibaba Group Holding Limited American Depositary Shares each representing eight Ordinary share,NASDAQ,Consumer Cyclical,Internet Retail,111.37,8786310.0,335146918659.0,,0.0,2026-10-10
TFC,Truist Financial Corporation Common Stock,NASDAQ,Financial Services,Banks - Regional,46.11,8780145.0,63203441099.0,,0.0,2026-10-10
BKNG,Booking Holdings Inc. - Common Stock,NASDAQ,Consumer Cyclical,Travel Services,160.34,8705905.0,137351470418.0,,0.0,2026-10-10
CRDO,Credo Technology Group Holding Ltd,NASDAQ,Technology,Semiconductors,216.55,8679035.0,17633413982.551727,61.0,0.0,2026-10-10
JPM,JP Morgan Chase & Co. Common Stock,NASDAQ,Financial Services,Banks - Diversified,332.99,8675725.0,826036256729.0,,0.0,2026-10-10
AES,The AES Corporation Common Stock,NASDAQ,Utilities,Utilities - Diversified,14.94,8668820.0,10332407654.0,,0.0,2026-10-10
HST,"Host Hotels & Resorts, Inc.",NASDAQ,Real Estate,REIT - Hotel & Motel,22.65,8659970.0,13271928328.41834,61.0,0.0,2026-10-10
TOST,Toast Inc. Class A Common Stock,NASDAQ,Technology,Software - Infrastructure,31.31,8612635.0,16834458764.0,,0.0,2026-10-10
FLNC,"Fluence Energy, Inc.",NASDAQ,Utilities,Utilities - Renewable,7.43,8606530.0,2678097652.062312,61.0,0.0,2026-10-10
USB,U.S. Bancorp Common Stock,NASDAQ,Financial Services,Banks - Regional,57.08,8601255.0,86426902847.0,,0.0,2026-10-10
ASST,"Strive, Inc.",NASDAQ,Financial Services,Asset Management,27.8,8599035.0,668765456.2263966,61.0,0.0,2026-10-10
SAN,Banco Santander S.A. Sponsored ADR (Spain),NASDAQ,Financial Services,Banks - Diversified,13.49,8565760.0,174076773227.0,,0.0,2026-10-10
CRGY,Crescent Energy Company Class A Common Stock,NASDAQ,Energy,Oil & Gas E&P,12.66,8527505.0,4174170312.0,,0.0,2026-10-10
GENI,Genius Sports Limited Ordinary Shares,NYSE,Communication Services,Internet Content & Information,6.65,8508495.0,1430263394.0,64.0,0.0,2026-10-10
SNDK,Sandisk Corporation,NASDAQ,Technology,Computer Hardware,1581.82,8502225.0,92291940096.40724,61.0,0.0,2026-10-10
ADT,ADT Inc. Common Stock,NASDAQ,Industrials,Security & Protection Services,6.43,8428955.0,5851950489.0,,0.0,2026-10-10
AXTI,AXT Inc,NASDAQ,Technology,Semiconductor Equipment & Materials,68.46,8417815.0,3423889468.309433,61.0,0.0,2026-10-10
MCHP,Microchip Technology Incorporated,NASDAQ,Technology,Semiconductors,75.55,8412160.0,33761440894.337128,61.0,0.0,2026-10-10
TWO,Two Harbors Investment Corp,NASDAQ,Real Estate,REIT - Mortgage,12.18,8374400.0,1155509663.0,,0.0,2026-10-10
DAL,Delta Air Lines Inc. Common Stock,NASDAQ,Industrials,Airlines,82.17,8338200.0,44971244961.0,,0.0,2026-10-10
SBET,"Sharplink, Inc.",NASDAQ,Financial Services,Capital Markets,8.59,8321395.0,1217473059.6305952,61.0,0.0,2026-10-10
P,Everpure Inc. Class A common stock,NYSE,Technology,Computer Hardware,154.49,8283780.0,23604824330.0,63.0,0.0,2026-10-10
DX,Dynex Capital Inc. Common Stock,NASDAQ,Real Estate,REIT - Mortgage,10.86,8243775.0,2850445485.0,,0.0,2026-10-10
B,Barrick Mining Corporation Common Shares,NASDAQ,Basic Materials,Gold,41.06,8216040.0,69012233523.0,,0.0,2026-10-10
FSLY,"Fastly, Inc.",NASDAQ,Technology,Software - Application,29.3,8209850.0,4229148092.651367,61.0,0.0,2026-10-10
ASAN,Asana Inc. Class A Common Stock,NASDAQ,Technology,Software - Application,10.07,8198775.0,1521382722.0,,0.0,2026-10-10
EXC,Exelon Corporation,NASDAQ,Utilities,Utilities - Regulated Electric,41.76,8153505.0,49879785686.25,61.0,0.0,2026-10-10
CVE,Cenovus Energy Inc Common Stock,NASDAQ,Energy,Oil & Gas Integrated,31.39,8128305.0,49415570878.0,,0.0,2026-10-10
EQT,EQT Corporation Common Stock,NASDAQ,Energy,Oil & Gas E&P,52.83,8106390.0,36846908884.0,,0.0,2026-10-10
MO,Altria Group Inc.,NASDAQ,Consumer Defensive,Tobacco,71.68,8100215.0,111816539533.0,,0.0,2026-10-10
FLO,Flowers Foods Inc. Common Stock,NASDAQ,Consumer Defensive,Packaged Foods,5.81,8083520.0,1864336950.0,,0.0,2026-10-10
PG,Procter & Gamble Company (The) Common Stock,NASDAQ,Consumer Defensive,Household & Personal Products,151.23,8073370.0,346257160176.0,,0.0,2026-10-10
POET,POET Technologies Inc.,NASDAQ,Technology,Semiconductors,6.97,8049215.0,796388842.6468773,61.0,0.0,2026-10-10
VLY,Valley National Bancorp,NASDAQ,Financial Services,Banks - Regional,12.62,8045800.0,7253866666.0,62.0,0.0,2026-10-10
ACI,Albertsons Companies Inc. Class A Common Stock,NASDAQ,Consumer Defensive,Grocery Stores,12.19,8033320.0,8419910496.0,,0.0,2026-10-10
RUN,Sunrun Inc.,NASDAQ,Technology,Solar,7.64,8022340.0,2926465082.0978966,61.0,0.0,2026-10-10
CVNA,Carvana Co. Class A Common Stock,NASDAQ,Consumer Cyclical,Auto & Truck Dealerships,63.73,8015475.0,58495889102.0,,0.0,2026-10-10
MDLZ,"Mondelez International, Inc.",NASDAQ,Consumer Defensive,Confectioners,60.41,7984930.0,75472553518.56772,61.0,0.0,2026-10-10
TEM,"Tempus AI, Inc. - Class A Common Stock",NASDAQ,Healthcare,Health Information Services,70.93,7980680.0,7703634136.0,,0.0,2026-10-10
NVAX,"Novavax, Inc.",NASDAQ,Healthcare,Biotechnology,12.75,7963090.0,1403693128.8819218,61.0,0.0,2026-10-10
BZ,KANZHUN LIMITED,NASDAQ,Communication Services,Internet Content & Information,15.73,7921250.0,6125403463.944926,61.0,0.0,2026-10-10
INFQ,Infleqtion Inc. Common Stock,NASDAQ,Technology,Software - Infrastructure,11.04,7886535.0,2872582570.0,,0.0,2026-10-10
KGC,Kinross Gold Corporation Common Stock,NASDAQ,Basic Materials,Gold,23.74,7786270.0,39421816309.0,,0.0,2026-10-10
PTEN,"Patterson-UTI Energy, Inc.",NASDAQ,Energy,Oil & Gas Drilling,11.31,7745455.0,4365114800.0,61.0,0.0,2026-10-10
GM,General Motors Company Common Stock,NASDAQ,Consumer Cyclical,Auto Manufacturers,82.73,7701380.0,70374298664.0,,0.0,2026-10-10
CPB,The Campbell's Company,NASDAQ,Consumer Defensive,Packaged Foods,19.21,7669940.0,6571148868.481262,61.0,0.0,2026-10-10
ERIC,Ericsson,NASDAQ,Technology,Communication Equipment,9.56,7636755.0,37710909547.07801,61.0,0.0,2026-10-10
SMMT,Summit Therapeutics Inc. ,NASDAQ,Healthcare,Biotechnology,17.59,7607385.0,12902201254.75006,61.0,0.0,2026-10-10
FRSH,Freshworks Inc.,NASDAQ,Technology,Software - Application,13.92,7592470.0,2265978113.1527567,61.0,0.0,2026-10-10
ROIV,Roivant Sciences Ltd.,NASDAQ,Healthcare,Biotechnology,35.44,7592035.0,19187947100.744354,61.0,0.0,2026-10-10
ACN,Accenture plc Class A Ordinary Shares (Ireland),NASDAQ,Technology,Information Technology Services,209.06,7532215.0,109769015334.0,,0.0,2026-10-10
FITB,Fifth Third Bancorp,NASDAQ,Financial Services,Banks - Regional,50.64,7512475.0,40587355704.00395,61.0,0.0,2026-10-10
DELL,Dell Technologies Inc. Class C Common Stock,NASDAQ,Technology,Computer Hardware,586.06,7481070.0,140499278123.0,,0.0,2026-10-10
GPK,Graphic Packaging Holding Company,NASDAQ,Consumer Cyclical,Packaging & Containers,8.35,7462230.0,2765177630.0,,0.0,2026-10-10
WMB,Williams Companies Inc. (The) Common Stock,NASDAQ,Energy,Oil & Gas Midstream,72.67,7457520.0,88265815168.0,,0.0,2026-10-10
CX,Cemex S.A.B. de C.V. Sponsored ADR,NASDAQ,Basic Materials,Building Materials,9.56,7451595.0,17932293206.0,,0.0,2026-10-10
NTSK,"Netskope, Inc.",NASDAQ,Technology,Software - Infrastructure,20.75,7363585.0,3155999946.5942383,61.0,0.0,2026-10-10
VISN,"Vistance Networks, Inc. ",NASDAQ,Technology,Communication Equipment,6.05,7317600.0,4277030299.0,62.0,0.0,2026-10-10
BAX,Baxter International Inc. Common Stock,NASDAQ,Healthcare,Medical Instruments & Supplies,24.35,7309780.0,9375145575.0,,0.0,2026-10-10
QUBT,Quantum Computing Inc.,NASDAQ,Technology,Computer Hardware,7.44,7287385.0,1523492019.1281817,61.0,0.0,2026-10-10
EXK,Endeavour Silver Corporation Ordinary Shares (Canada),NASDAQ,Basic Materials,Silver,8.65,7269125.0,2856903539.0,,0.0,2026-10-10
CTSH,Cognizant Technology Solutions Corporation,NASDAQ,Technology,Information Technology Services,59.2,7224070.0,28925003334.11201,61.0,0.0,2026-10-10
BBWI,Bath & Body Works Inc.,NASDAQ,Consumer Cyclical,Specialty Retail,17.34,7211940.0,4040787414.0,,0.0,2026-10-10
DT,Dynatrace Inc. Common Stock,NASDAQ,Technology,Software - Application,63.5,7152120.0,10639521359.0,,0.0,2026-10-10
TME,Tencent Music Entertainment Group American Depositary Shares each representing two Class A Ordinary Shares,NASDAQ,Communication Services,Internet Content & Information,8.38,7144030.0,14717510975.0,,0.0,2026-10-10
CNP,CenterPoint Energy Inc (Holding Co) Common Stock,NASDAQ,Utilities,Utilities - Regulated Electric,38.6,7058800.0,27782578614.0,,0.0,2026-10-10
ORC,Orchid Island Capital Inc. Common Stock,NASDAQ,Real Estate,REIT - Mortgage,5.08,7057230.0,1414936631.0,,0.0,2026-10-10
VST,Vistra Corp. Common Stock,NASDAQ,Utilities,Utilities - Independent Power Producers,161.48,7014270.0,55640578206.0,,0.0,2026-10-10
PPL,PPL Corporation Common Stock,NASDAQ,Utilities,Utilities - Regulated Electric,34.25,6955410.0,29146397508.0,,0.0,2026-10-10
RITM,Rithm Capital Corp. Common Stock,NASDAQ,Real Estate,REIT - Mortgage,8.64,6935135.0,5655645891.0,,0.0,2026-10-10
FAST,Fastenal Company,NASDAQ,Industrials,Industrial Distribution,50.75,6900620.0,51881482567.78205,61.0,0.0,2026-10-10
OPCH,"Option Care Health, Inc.",NASDAQ,Healthcare,Medical Care Facilities,31.07,6886715.0,4360387352.2969,61.0,0.0,2026-10-10
FISV,"Fiserv, Inc.",NASDAQ,,,45.63,6879010.0,28931053494.14811,61.0,0.0,2026-10-10
LUV,Southwest Airlines Company Common Stock,NASDAQ,Industrials,Airlines,41.66,6866990.0,19282123350.0,,0.0,2026-10-10
STUB,StubHub Holdings Inc. Class A Common Stock,NASDAQ,Communication Services,Internet Content & Information,6.12,6841555.0,2550577484.0,,0.0,2026-10-10
COP,ConocoPhillips Common Stock,NASDAQ,Energy,Oil & Gas E&P,134.1,6825735.0,148407548875.0,,0.0,2026-10-10
JNJ,Johnson & Johnson Common Stock,NASDAQ,Healthcare,Drug Manufacturers - General,261.44,6823955.0,547641860902.0,,0.0,2026-10-10
ASX,ASE Technology Holding Co. Ltd. American Depositary Shares (each representing Two Common Shares),NASDAQ,Technology,Semiconductors,46.43,6745215.0,70093697248.0,,0.0,2026-10-10
MCD,McDonald's Corporation Common Stock,NASDAQ,Consumer Cyclical,Restaurants,235.23,6712515.0,212793349203.0,,0.0,2026-10-10
FIS,Fidelity National Information Services Inc. Common Stock,NASDAQ,Technology,Information Technology Services,34.04,6637300.0,23681315200.0,,0.0,2026-10-10
STNE,StoneCo Ltd.,NASDAQ,Technology,Software - Infrastructure,12.46,6633670.0,3474709160.8149595,61.0,0.0,2026-10-10
SHEL,Shell PLC American Depositary Shares (each representing two (2) Ordinary Shares),NASDAQ,Energy,Oil & Gas Integrated,100.18,6611635.0,248815685909.0,,0.0,2026-10-10
MMED,"MiniMed Group, Inc.",NASDAQ,Healthcare,Medical Instruments & Supplies,19.71,6603735.0,3998876564.0,62.0,0.0,2026-10-10
CHYM,"Chime Financial, Inc.",NASDAQ,Technology,Software - Application,30.08,6596790.0,6625721895.0,61.0,0.0,2026-10-10
M,Macy's Inc Common Stock,NASDAQ,Consumer Cyclical,Department Stores,22.67,6582505.0,5301606230.0,,0.0,2026-10-10
SOXX,iShares PHLX SOX Semiconductor Sector Index Fund,NASDAQ,,,559.4,6581845.0,2957489920.0,62.0,0.0,2026-10-10
CELH,"Celsius Holdings, Inc.",NASDAQ,Consumer Defensive,Beverages - Non-Alcoholic,28.58,6576250.0,8919370882.850853,61.0,0.0,2026-10-10
AS,Amer Sports Inc. Ordinary Shares,NASDAQ,Consumer Cyclical,Leisure,28.14,6566620.0,20852501428.0,,0.0,2026-10-10
SO,Southern Company (The) Common Stock,NASDAQ,Utilities,Utilities - Regulated Electric,86.17,6511200.0,105391658274.0,,0.0,2026-10-10
XPEV,XPeng Inc. American depositary shares each representing two Class A ordinary shares,NASDAQ,Consumer Cyclical,Auto Manufacturers,9.9,6501195.0,15922806349.0,,0.0,2026-10-10
SMH,VanEck Semiconductor ETF,NASDAQ,,,603.33,6452510.0,5098782720.0,62.0,0.0,2026-10-10
MBLY,Mobileye Global Inc.,NASDAQ,Consumer Cyclical,Auto Parts,7.1,6433815.0,5704566841.448867,61.0,0.0,2026-10-10
ORLY,"O'Reilly Automotive, Inc.",NASDAQ,Consumer Cyclical,Auto Parts,86.45,6389540.0,77750428429.32025,61.0,0.0,2026-10-10
LEN,Lennar Corporation Class A Common Stock,NASDAQ,Consumer Cyclical,Residential Construction,76.69,6389300.0,23164355490.0,,0.0,2026-10-10
FCEL,"FuelCell Energy, Inc.",NASDAQ,Industrials,Electrical Equipment & Parts,18.03,6353825.0,352779605.45001507,61.0,0.0,2026-10-10
TERN,"Terns Pharmaceuticals, Inc. - Common Stock",NASDAQ,Healthcare,Biotechnology,52.95,6331482.0,6074206944.0,,0.0,2026-10-10
V,Visa Inc.,NASDAQ,Financial Services,Credit Services,385.45,6304660.0,596574039230.0,,0.0,2026-10-10
GAP,Gap Inc. (The) Common Stock,NASDAQ,Consumer Cyclical,Apparel Retail,23.23,6293585.0,9129851289.0,,0.0,2026-10-10
BFLY,Butterfly Network Inc. Class A Common Stock,NYSE,Healthcare,Medical Devices,8.25,6288005.0,2087894434.0,62.0,0.0,2026-10-10
KVYO,Klaviyo Inc. Series A Common Stock,NASDAQ,Technology,Software - Application,17.32,6277455.0,5927856944.0,,0.0,2026-10-10
JD,"JD.com, Inc.",NASDAQ,Consumer Cyclical,Internet Retail,27.09,6244420.0,42004788291.271866,61.0,0.0,2026-10-10
AMAT,"Applied Materials, Inc.",NASDAQ,Technology,Semiconductor Equipment & Materials,507.03,6237615.0,271454245319.72955,61.0,0.0,2026-10-10
DOC,Healthpeak Properties Inc. Common Stock,NASDAQ,Real Estate,REIT - Healthcare Facilities,18.8,6223290.0,11423067135.0,,0.0,2026-10-10
CSGP,"CoStar Group, Inc.",NASDAQ,Real Estate,Real Estate Services,29.67,6191805.0,16938077906.985226,61.0,0.0,2026-10-10
RUM,Rumble Inc. - Class A Common Stock,NASDAQ,Communication Services,Internet Content & Information,6.96,6171300.0,1693802957.0,,0.0,2026-10-10
APA,APA Corporation,NASDAQ,Energy,Oil & Gas E&P,45.88,6131865.0,15474181013.983795,61.0,0.0,2026-10-10
YMM,Full Truck Alliance Co. Ltd. American Depositary Shares (each representing 20 Class A Ordinary Shares),NASDAQ,Technology,Software - Application,8.56,6127820.0,9057443560.0,,0.0,2026-10-10
AKAM,"Akamai Technologies, Inc.",NASDAQ,Technology,Software - Infrastructure,106.95,6111980.0,16530284395.66388,61.0,0.0,2026-10-10
ALM,Almonty Industries Inc.,NASDAQ,Basic Materials,Other Industrial Metals & Mining,11.87,6086765.0,4291099951.10563,61.0,0.0,2026-10-10
NEM,Newmont Corporation,NASDAQ,Basic Materials,Gold,117.84,6084445.0,128853615356.0,,0.0,2026-10-10
PCT,"PureCycle Technologies, Inc.",NASDAQ,Industrials,Pollution & Treatment Controls,3.92,6049625.0,967109876.1246604,61.0,2.0,2026-10-10
XEL,Xcel Energy Inc. - Common Stock,NASDAQ,Utilities,Utilities - Regulated Electric,73.78,6048625.0,51418479745.0,,0.0,2026-10-10
ZETA,Zeta Global Holdings Corp. Class A Common Stock,NASDAQ,Technology,Software - Infrastructure,33.09,6010615.0,4310913749.0,,0.0,2026-10-10
IBM,International Business Machines Corporation Common Stock,NASDAQ,Technology,Information Technology Services,227.13,5972670.0,218034583238.0,,0.0,2026-10-10
STWD,STARWOOD PROPERTY TRUST INC. Starwood Property Trust Inc.,NASDAQ,Real Estate,REIT - Mortgage,12.71,5940025.0,6924892679.0,,0.0,2026-10-10
LVS,Las Vegas Sands Corp. Common Stock,NASDAQ,Consumer Cyclical,Resorts & Casinos,36.17,5937615.0,35045678634.0,,0.0,2026-10-10
ARM,Arm Holdings plc,NASDAQ,Technology,Semiconductors,266.28,5934720.0,155338535224.97742,61.0,0.0,2026-10-10
TMUS,"T-Mobile US, Inc.",NASDAQ,Communication Services,Telecom Services,148.58,5932470.0,218902939283.0,62.0,0.0,2026-10-10
WEN,Wendy's Company (The) - Common Stock,NASDAQ,Consumer Cyclical,Restaurants,6.23,5909785.0,1312312409.0,,0.0,2026-10-10
AVB,AvalonBay Communities Inc. Common Stock,NASDAQ,Real Estate,REIT - Residential,68.14,5897926.0,23979995540.0,,0.0,2026-10-10
INVH,Invitation Homes Inc. Common Stock,NASDAQ,Real Estate,REIT - Residential,26.79,5887765.0,16262970046.0,,0.0,2026-10-10
PDD,PDD Holdings Inc.,NASDAQ,Consumer Cyclical,Internet Retail,81.35,5876390.0,144385146017.1603,61.0,0.0,2026-10-10
SATS,EchoStar Corporation,NASDAQ,Communication Services,Telecom Services,92.03,5871266.0,33554375049.513336,61.0,0.0,2026-10-10
MS,Morgan Stanley Common Stock,NASDAQ,Financial Services,Capital Markets,190.02,5860320.0,298628880572.0,,0.0,2026-10-10
FLG,Flagstar Bank N.A. Common Stock,NASDAQ,Financial Services,Banks - Regional,11.32,5854360.0,5836382815.0,,0.0,2026-10-10
TEVA,Teva Pharmaceutical Industries Limited American Depositary Shares,NASDAQ,Healthcare,Drug Manufacturers - Specialty & Generic,41.1,5853200.0,35677313490.0,,0.0,2026-10-10
GILD,"Gilead Sciences, Inc.",NASDAQ,Healthcare,Drug Manufacturers - General,151.17,5829115.0,169126414249.22424,61.0,0.0,2026-10-10
NUVB,Nuvation Bio Inc. Class A Common Stock,NYSE,Healthcare,Biotechnology,5.0,5815910.0,2023053431.0,62.0,0.0,2026-10-10
JBS,JBS N.V. Class A Common Shares,NASDAQ,Consumer Defensive,Packaged Foods,12.98,5808320.0,17797974361.0,,0.0,2026-10-10
CUK,Carnival Plc ADS ADS,NASDAQ,Consumer Cyclical,Travel Services,27.47,5781570.0,37584144059.0,,0.0,2026-10-10
VIAV,Viavi Solutions Inc. - Common Stock,NASDAQ,Technology,Communication Equipment,45.46,5779400.0,9669760939.0,,0.0,2026-10-10
TAP,Molson Coors Beverage Company Class B Common Stock,NASDAQ,Consumer Defensive,Beverages - Brewers,37.2,5777925.0,7990828297.0,,0.0,2026-10-10
PGEN,"Precigen, Inc.",NASDAQ,Healthcare,Biotechnology,7.81,5754960.0,2010721879.0,62.0,0.0,2026-10-10
IP,International Paper Company Common Stock,NASDAQ,Consumer Cyclical,Packaging & Containers,32.12,5746795.0,17287725597.0,,0.0,2026-10-10
NTLA,"Intellia Therapeutics, Inc.",NASDAQ,Healthcare,Biotechnology,13.07,5745780.0,1468990706.515809,61.0,0.0,2026-10-10
SAIL,"SailPoint, Inc.",NASDAQ,Technology,Software - Infrastructure,20.77,5740720.0,6740269938.725212,61.0,0.0,2026-10-10
BWIN,"The Baldwin Insurance Group, Inc.",NASDAQ,Financial Services,Insurance Brokers,31.87,5705535.0,2085306174.425377,61.0,0.0,2026-10-10
TXN,Texas Instruments Incorporated - Common Stock,NASDAQ,Technology,Semiconductors,283.74,5691415.0,195503797053.0,,0.0,2026-10-10
RARE,Ultragenyx Pharmaceutical Inc.,NASDAQ,Healthcare,Biotechnology,15.48,5677480.0,1894910201.658142,61.0,0.0,2026-10-10
CRH,CRH PLC Ordinary Shares,NASDAQ,Basic Materials,Building Materials,81.54,5668855.0,78847637288.0,,0.0,2026-10-10
AMPX,Amprius Technologies Inc. Common Stock,NASDAQ,Industrials,Electrical Equipment & Parts,9.44,5656130.0,2830812601.0,,0.0,2026-10-10
AEO,American Eagle Outfitters Inc. Common Stock,NASDAQ,Consumer Cyclical,Apparel Retail,18.17,5649190.0,2985143206.0,,0.0,2026-10-10
NI,NiSource Inc Common Stock,NASDAQ,Utilities,Utilities - Regulated Gas,40.76,5644485.0,22964807679.0,,0.0,2026-10-10
ELAN,Elanco Animal Health Incorporated Common Stock,NASDAQ,Healthcare,Drug Manufacturers - Specialty & Generic,22.92,5636215.0,11360882237.0,,0.0,2026-10-10
ABCL,AbCellera Biologics Inc.,NASDAQ,Healthcare,Biotechnology,12.55,5624580.0,1599588252.0,63.0,0.0,2026-10-10
MGM,MGM Resorts International Common Stock,NASDAQ,Consumer Cyclical,Resorts & Casinos,29.27,5619770.0,10115459875.0,,0.0,2026-10-10
NEOG,Neogen Corporation,NASDAQ,Healthcare,Medical Devices,11.85,5616905.0,1924017360.0307035,61.0,0.0,2026-10-10
FSM,Fortuna Mining Corp. Common Shares,NASDAQ,Basic Materials,Gold,10.92,5614530.0,3127804503.0,,0.0,2026-10-10
BEKE,KE Holdings Inc American Depositary Shares (each representing three Class A Ordinary Shares),NASDAQ,Real Estate,Real Estate Services,17.84,5605875.0,18058481659.0,,0.0,2026-10-10
CNQ,Canadian Natural Resources Limited Common Stock,NASDAQ,Energy,Oil & Gas E&P,49.65,5594985.0,92321380619.0,,0.0,2026-10-10
BCRX,"BioCryst Pharmaceuticals, Inc.",NASDAQ,Healthcare,Drug Manufacturers - Specialty & Generic,8.55,5580210.0,2382605890.0,61.0,0.0,2026-10-10
HD,Home Depot Inc. (The) Common Stock,NASDAQ,Consumer Cyclical,Home Improvement Retail,290.74,5575550.0,334555744635.0,,0.0,2026-10-10
SLS,"SELLAS Life Sciences Group, Inc. ",NASDAQ,Healthcare,Biotechnology,11.65,5530900.0,924508237.0,63.0,0.0,2026-10-10
IOT,Samsara Inc. Class A Common Stock,NASDAQ,Technology,Software - Infrastructure,41.55,5499435.0,17398259726.0,,0.0,2026-10-10
FHN,First Horizon Corporation Common Stock,NASDAQ,Financial Services,Banks - Regional,23.08,5488165.0,11563324465.0,,0.0,2026-10-10
APP,Applovin Corporation,NASDAQ,Communication Services,Advertising Agencies,277.04,5487020.0,131440835674.74364,61.0,0.0,2026-10-10
HRL,Hormel Foods Corporation Common Stock,NASDAQ,Consumer Defensive,Packaged Foods,19.19,5461460.0,11858624241.0,,0.0,2026-10-10
IAG,Iamgold Corporation Ordinary Shares,NASDAQ,Basic Materials,Gold,18.8,5460030.0,10031684259.0,,0.0,2026-10-10
BCS,Barclays PLC Common Stock,NASDAQ,Financial Services,Banks - Diversified,22.95,5436815.0,78394822300.0,,0.0,2026-10-10
CL,Colgate-Palmolive Company Common Stock,NASDAQ,Consumer Defensive,Household & Personal Products,88.27,5414205.0,67914858328.0,,0.0,2026-10-10
XRAY,DENTSPLY SIRONA Inc.,NASDAQ,Healthcare,Medical Instruments & Supplies,8.83,5403410.0,2339064697.0,62.0,0.0,2026-10-10
NAT,Nordic American Tankers Limited Common Stock,NASDAQ,Energy,Oil & Gas Midstream,8.47,5396760.0,1173098664.0,,0.0,2026-10-10
NWL,Newell Brands Inc.,NASDAQ,Consumer Defensive,Household & Personal Products,5.64,5389465.0,2477328878.0,62.0,0.0,2026-10-10
BN,Brookfield Corporation Class A Limited Voting Shares,NASDAQ,Financial Services,Asset Management,37.09,5370850.0,101744619483.0,,0.0,2026-10-10
AEG,Aegon Ltd. New York Registry Shares,NASDAQ,Financial Services,Insurance - Diversified,8.24,5365155.0,12130454825.0,,0.0,2026-10-10
BKD,Brookdale Senior Living Inc. Common Stock,NASDAQ,Healthcare,Medical Care Facilities,10.12,5359850.0,3300960254.0,,0.0,2026-10-10
CPRI,Capri Holdings Limited Ordinary Shares,NASDAQ,Consumer Cyclical,Luxury Goods,14.95,5330975.0,2458309174.0,,0.0,2026-10-10
ERAS,"Erasca, Inc.",NASDAQ,Healthcare,Biotechnology,16.03,5329125.0,4699289115.071815,61.0,0.0,2026-10-10
CAI,"Caris Life Sciences, Inc.",NASDAQ,Healthcare,Biotechnology,29.7,5310140.0,4853309893.233631,61.0,0.0,2026-10-10
SG,Sweetgreen Inc. Class A Common Stock,NASDAQ,Consumer Cyclical,Restaurants,9.63,5247045.0,848387229.0,,0.0,2026-10-10
MGY,Magnolia Oil & Gas Corporation Class A Common Stock,NASDAQ,Energy,Oil & Gas E&P,24.1,5234945.0,5590085992.0,,0.0,2026-10-10
EIX,Edison International Common Stock,NASDAQ,Utilities,Utilities - Regulated Electric,55.3,5234215.0,26504624020.0,,0.0,2026-10-10
BCE,BCE Inc. Common Stock,NASDAQ,Communication Services,Telecom Services,18.78,5209585.0,22268715727.0,,0.0,2026-10-10
UPS,United Parcel Service Inc. Common Stock,NASDAQ,Industrials,Integrated Freight & Logistics,94.57,5189530.0,90931990584.0,,0.0,2026-10-10
HUT,Hut 8 Corp.,NASDAQ,Financial Services,Capital Markets,84.27,5168270.0,5323698318.719376,61.0,0.0,2026-10-10
MP,MP Materials Corp. Common Stock,NASDAQ,Basic Materials,Other Industrial Metals & Mining,46.14,5158955.0,10789744157.0,,0.0,2026-10-10
FNB,F.N.B. Corporation Common Stock,NASDAQ,Financial Services,Banks - Regional,17.06,5148340.0,6231354418.0,,0.0,2026-10-10
OTIS,Otis Worldwide Corporation Common Stock,NASDAQ,Industrials,Specialty Industrial Machinery,65.95,5132180.0,29910666953.0,,0.0,2026-10-10
ET,Energy Transfer LP Common Units,NASDAQ,Energy,Oil & Gas Midstream,20.74,5098892.0,65641201828.0,,0.0,2026-10-10
CRBG,Corebridge Financial Inc. Common Stock,NASDAQ,Financial Services,Asset Management,34.09,5093455.0,12002792864.0,,0.0,2026-10-10
KIM,Kimco Realty Corporation (HC) Common Stock,NASDAQ,Real Estate,REIT - Retail,22.16,5048705.0,15976612452.0,,0.0,2026-10-10
GLXY,Galaxy Digital Inc.,NASDAQ,Financial Services,Capital Markets,20.33,5044555.0,7300507294.998423,61.0,0.0,2026-10-10
UNH,UnitedHealth Group Incorporated Common Stock (DE),NASDAQ,Healthcare,Healthcare Plans,379.3,5037970.0,322343034040.0,,0.0,2026-10-10
ONB,Old National Bancorp,NASDAQ,Financial Services,Banks - Regional,24.58,5021320.0,8405246491.081238,61.0,0.0,2026-10-10
SHY,iShares 1-3 Year Treasury Bond ETF,NASDAQ,,,81.2,5018450.0,17248413696.0,62.0,0.0,2026-10-10
ANET,Arista Networks Inc. Common Stock,NASDAQ,Technology,Computer Hardware,216.74,5016075.0,222759669887.0,,0.0,2026-10-10
AIG,American International Group Inc. New Common Stock,NASDAQ,Financial Services,Insurance - Diversified,77.04,5004115.0,40189888771.0,,0.0,2026-10-10
LFST,"LifeStance Health Group, Inc.",NASDAQ,Healthcare,Medical Care Facilities,12.42,5002350.0,2468951631.489897,61.0,0.0,2026-10-10
SYY,Sysco Corporation Common Stock,NASDAQ,Consumer Defensive,Food Distribution,78.14,4948940.0,36666929318.0,,0.0,2026-10-10
ARCC,Ares Capital Corporation,NASDAQ,Financial Services,Asset Management,18.56,4937510.0,12730544713.165226,61.0,0.0,2026-10-10
LQDA,Liquidia Corporation,NASDAQ,Healthcare,Drug Manufacturers - Specialty & Generic,27.38,4908705.0,3098543976.456169,61.0,0.0,2026-10-10
AQN,Algonquin Power & Utilities Corp. Common Shares,NASDAQ,Utilities,Utilities - Diversified,5.11,4885765.0,4873506268.0,,0.0,2026-10-10
ADBE,Adobe Inc.,NASDAQ,Technology,Software - Application,242.27,4874570.0,96161546704.0817,61.0,0.0,2026-10-10
CLBK,"Columbia Financial, Inc.",NASDAQ,Financial Services,Banks - Regional,10.8,4860815.0,1124869564.0,62.0,0.0,2026-10-10
VRT,Vertiv Holdings LLC Class A Common Stock,NASDAQ,Industrials,Electrical Equipment & Parts,242.78,4853450.0,124243834341.0,,0.0,2026-10-10
SIRI,SiriusXM Holdings Inc.,NASDAQ,Communication Services,Entertainment,26.51,4849865.0,7676970737.416695,61.0,0.0,2026-10-10
D,Dominion Energy Inc. Common Stock,NASDAQ,Utilities,Utilities - Regulated Electric,61.64,4817585.0,55005613599.0,,0.0,2026-10-10
COO,"The Cooper Companies, Inc. ",NASDAQ,Healthcare,Medical Instruments & Supplies,54.37,4806625.0,13630691963.368378,61.0,0.0,2026-10-10
ATAI,AtaiBeckley Inc.,NASDAQ,Healthcare,Biotechnology,7.35,4793700.0,1947601691.0,62.0,0.0,2026-10-10
LITE,Lumentum Holdings Inc.,NASDAQ,Technology,Communication Equipment,1103.35,4791800.0,50840369128.41797,61.0,0.0,2026-10-10
ENB,Enbridge Inc Common Stock,NASDAQ,Energy,Oil & Gas Midstream,46.6,4781240.0,116318551587.0,,0.0,2026-10-10
FMC,FMC Corporation Common Stock,NASDAQ,Basic Materials,Agricultural Inputs,8.35,4780490.0,1860670105.0,,0.0,2026-10-10
RDDT,Reddit Inc. Class A Common Stock,NASDAQ,Communication Services,Internet Content & Information,159.91,4769300.0,29806280111.0,,0.0,2026-10-10
BX,Blackstone Inc. Common Stock,NASDAQ,Financial Services,Asset Management,114.29,4764915.0,148688173070.0,,0.0,2026-10-10
VNET,"VNET Group, Inc. - American Depositary Shares",NASDAQ,Technology,Information Technology Services,5.53,4753260.0,2265198106.0,,0.0,2026-10-10
IVZ,Invesco Ltd Common Stock,NASDAQ,Financial Services,Asset Management,29.51,4753060.0,11334438226.0,,0.0,2026-10-10
CNC,Centene Corporation Common Stock,NASDAQ,Healthcare,Healthcare Plans,65.36,4742665.0,20565925507.0,,0.0,2026-10-10
PDI,PIMCO Dynamic Income Fund Common Stock,NASDAQ,Financial Services,Asset Management,14.36,4716060.0,7625029833.0,,0.0,2026-10-10
GE,GE Aerospace Common Stock,NASDAQ,Industrials,Aerospace & Defense,308.2,4707190.0,297358511390.0,,0.0,2026-10-10
ENPH,"Enphase Energy, Inc.",NASDAQ,Technology,Solar,32.81,4703510.0,5025017972.319107,61.0,0.0,2026-10-10
DBX,"Dropbox, Inc.",NASDAQ,Technology,Software - Infrastructure,34.36,4696665.0,5594557134.89225,61.0,0.0,2026-10-10
ABNB,"Airbnb, Inc.",NASDAQ,Consumer Cyclical,Travel Services,165.87,4696110.0,74708430595.47002,61.0,0.0,2026-10-10
NXE,Nexgen Energy Ltd. Common Shares,NASDAQ,Energy,Uranium,8.75,4692090.0,8197262366.0,,0.0,2026-10-10
STX,Seagate Technology Holdings PLC - Ordinary Shares (Ireland),NASDAQ,Technology,Computer Hardware,783.0,4691895.0,112713889023.0,,0.0,2026-10-10
ABSI,Absci Corporation,NASDAQ,Healthcare,Biotechnology,10.16,4680105.0,919839845.0,63.0,0.0,2026-10-10
FOXA,Fox Corporation,NASDAQ,Communication Services,Entertainment,62.41,4678040.0,24877162446.70913,61.0,0.0,2026-10-10
TWLO,Twilio Inc. Class A Common Stock,NASDAQ,Technology,Software - Infrastructure,289.47,4662025.0,21800406226.0,,0.0,2026-10-10
UGP,Ultrapar Participacoes S.A. (New) American Depositary Shares (Each representing one Common Share),NYSE,Energy,Oil & Gas Refining & Marketing,7.9,4621350.0,6412927356.0,62.0,0.0,2026-10-10
KTOS,"Kratos Defense & Security Solutions, Inc.",NASDAQ,Industrials,Aerospace & Defense,42.36,4600365.0,13732295658.924255,61.0,0.0,2026-10-10
EBAY,eBay Inc.,NASDAQ,Consumer Cyclical,Internet Retail,112.19,4561680.0,40225741241.45508,61.0,0.0,2026-10-10
ILMN,"Illumina, Inc.",NASDAQ,Healthcare,Diagnostics & Research,278.17,4551625.0,18106417720.03174,61.0,0.0,2026-10-10
NWSA,News Corporation,NASDAQ,Communication Services,Entertainment,29.12,4549500.0,13921157379.33682,61.0,0.0,2026-10-10
GSK,GSK plc American Depositary Shares (Each representing two Ordinary Shares),NASDAQ,Healthcare,Drug Manufacturers - General,46.5,4538500.0,108660754694.0,,0.0,2026-10-10
PAGS,PagSeguro Digital Ltd. Class A Common Shares,NASDAQ,Technology,Software - Infrastructure,11.16,4536340.0,2862277967.0,,0.0,2026-10-10
ABBV,AbbVie Inc. Common Stock,NASDAQ,Healthcare,Drug Manufacturers - General,276.47,4528490.0,351470783808.0,,0.0,2026-10-10
HBM,Hudbay Minerals Inc. Ordinary Shares (Canada),NASDAQ,Basic Materials,Copper,26.12,4519360.0,9671725649.0,,0.0,2026-10-10
IBN,ICICI Bank Limited Common Stock,NASDAQ,Financial Services,Banks - Regional,27.89,4497400.0,98878799699.0,,0.0,2026-10-10
BROS,Dutch Bros Inc. Class A Common Stock,NASDAQ,Consumer Cyclical,Restaurants,38.05,4494480.0,7311688032.0,,0.0,2026-10-10
PM,Philip Morris International Inc Common Stock,NASDAQ,Consumer Defensive,Tobacco,201.19,4484940.0,255910665249.0,,0.0,2026-10-10
DHT,DHT Holdings Inc.,NASDAQ,Energy,Oil & Gas Midstream,24.64,4480610.0,2908411878.0,,0.0,2026-10-10
SUNB,Sunbelt Rentals Holdings Inc. Common Stock,NASDAQ,Industrials,Rental & Leasing Services,75.17,4474985.0,31774487719.0,,0.0,2026-10-10
Z,"Zillow Group, Inc. - Class C Capital Stock",NASDAQ,Communication Services,Internet Content & Information,29.01,4466480.0,9655284429.0,,0.0,2026-10-10
VIK,Viking Holdings Ltd Ordinary Shares,NASDAQ,Consumer Cyclical,Travel Services,81.62,4463340.0,36497539229.0,,0.0,2026-10-10
ALAB,"Astera Labs, Inc.",NASDAQ,Technology,Semiconductors,342.21,4460840.0,19345729130.683624,61.0,0.0,2026-10-10
DCH,Dauch Corporation Common Stock,NASDAQ,Consumer Cyclical,Auto Parts,5.67,4455980.0,1406276486.0,,0.0,2026-10-10
DBRG,DigitalBridge Group Inc.,NASDAQ,Financial Services,Asset Management,15.91,4451061.0,2847657812.0,,0.0,2026-10-10
BTI,British American Tobacco  Industries p.l.c. Common Stock ADR,NASDAQ,Consumer Defensive,Tobacco,55.5,4449310.0,125724955047.0,,0.0,2026-10-10
UPST,"Upstart Holdings, Inc. - Common stock",NASDAQ,Financial Services,Credit Services,24.1,4437360.0,2673150406.0,,0.0,2026-10-10
AI,C3.ai Inc. Class A Common Stock,NASDAQ,Technology,Software - Infrastructure,11.53,4432600.0,1255316207.0,,0.0,2026-10-10
CFG,Citizens Financial Group Inc. Common Stock,NASDAQ,Financial Services,Banks - Regional,63.57,4414765.0,27176044430.0,,0.0,2026-10-10
ZTS,Zoetis Inc. Class A Common Stock,NASDAQ,Healthcare,Drug Manufacturers - Specialty & Generic,74.81,4413720.0,49334066510.0,,0.0,2026-10-10
PRMB,Primo Brands Corporation Class A Common Stock,NASDAQ,Consumer Defensive,Beverages - Non-Alcoholic,19.27,4412120.0,7411910747.0,,0.0,2026-10-10
LEVI,Levi Strauss & Co Class A Common Stock,NASDAQ,Consumer Cyclical,Apparel Manufacturing,18.7,4405265.0,8580342154.0,,0.0,2026-10-10
IONS,"Ionis Pharmaceuticals, Inc.",NASDAQ,Healthcare,Biotechnology,45.28,4397370.0,11971465238.820404,61.0,0.0,2026-10-10
BK,The Bank of New York Mellon Corporation Common Stock,NASDAQ,Financial Services,Banks - Diversified,143.56,4380974.0,92009107044.0,,0.0,2026-10-10
KD,Kyndryl Holdings Inc. Common Stock,NASDAQ,Technology,Information Technology Services,11.75,4376415.0,3059318326.0,,0.0,2026-10-10
BEN,Franklin Resources Inc. Common Stock,NASDAQ,Financial Services,Asset Management,32.0,4373330.0,14123105146.0,,0.0,2026-10-10
CCI,Crown Castle Inc. Common Stock,NASDAQ,Real Estate,REIT - Specialty,79.64,4366015.0,37675955055.0,,0.0,2026-10-10
FRO,Frontline Plc Ordinary Shares,NASDAQ,Energy,Oil & Gas Midstream,56.1,4357575.0,7923148689.0,,0.0,2026-10-10
PEG,Public Service Enterprise Group Incorporated Common Stock,NASDAQ,Utilities,Utilities - Regulated Electric,72.28,4355040.0,40301690955.0,,0.0,2026-10-10
UAL,"United Airlines Holdings, Inc. - Common Stock",NASDAQ,Industrials,Airlines,107.46,4349245.0,31296200920.0,,0.0,2026-10-10
FE,FirstEnergy Corp. Common Stock,NASDAQ,Utilities,Utilities - Regulated Electric,45.0,4332220.0,28578677208.0,,0.0,2026-10-10
XYZ,Block Inc. Class A Common Stock,NASDAQ,Technology,Software - Infrastructure,77.24,4319665.0,43527042280.0,,0.0,2026-10-10
DUK,Duke Energy Corporation (Holding Company) Common Stock,NASDAQ,Utilities,Utilities - Regulated Electric,116.65,4296995.0,99043633233.0,,0.0,2026-10-10
KMB,Kimberly-Clark Corporation,NASDAQ,Consumer Defensive,Household & Personal Products,97.59,4295750.0,32975165628.45282,61.0,0.0,2026-10-10
MKC,McCormick & Company Incorporated Common Stock,NASDAQ,Consumer Defensive,Packaged Foods,44.81,4277865.0,13853489510.0,,0.0,2026-10-10
PONY,Pony AI Inc.,NASDAQ,Technology,Information Technology Services,6.04,4274900.0,4092632078.398725,61.0,0.0,2026-10-10
EQPT,EquipmentShare.com Inc,NASDAQ,Industrials,Rental & Leasing Services,15.09,4253700.0,6116423871.0,63.0,0.0,2026-10-10
SHLS,"Shoals Technologies Group, Inc.",NASDAQ,Technology,Solar,8.74,4249140.0,1127426575.040072,61.0,0.0,2026-10-10
GFS,GlobalFoundries Inc.,NASDAQ,Technology,Semiconductors,48.24,4249080.0,23813270138.817387,61.0,0.0,2026-10-10
SARO,StandardAero Inc. Common Stock,NASDAQ,Industrials,Aerospace & Defense,20.17,4248450.0,8163349440.0,,0.0,2026-10-10
BGC,"BGC Group, Inc.",NASDAQ,Financial Services,Capital Markets,11.48,4203930.0,4533945272.728271,61.0,0.0,2026-10-10
ESI,Element Solutions Inc. Common Stock,NASDAQ,Basic Materials,Specialty Chemicals,36.32,4198560.0,9826638110.0,,0.0,2026-10-10
OLN,Olin Corporation Common Stock,NASDAQ,Basic Materials,Chemicals,14.89,4186665.0,3047952932.0,,0.0,2026-10-10
PSTG,Everpure Inc. Class A common stock,NASDAQ,Technology,Computer Hardware,72.31,4183073.0,23604824330.0,,0.0,2026-10-10
EXAS,Exact Sciences Corporation - Common Stock,NASDAQ,Healthcare,Diagnostics & Research,104.91,4182231.0,20026082216.0,,0.0,2026-10-10
AEP,"American Electric Power Company, Inc.",NASDAQ,Utilities,Utilities - Regulated Electric,122.81,4173470.0,70973087564.77783,61.0,0.0,2026-10-10
CEG,Constellation Energy Corporation,NASDAQ,Utilities,Utilities - Independent Power Producers,298.07,4163905.0,110845065449.33447,61.0,0.0,2026-10-10
ACRS,"Aclaris Therapeutics, Inc.",NASDAQ,Healthcare,Biotechnology,3.83,4162270.0,698318400.0,62.0,2.0,2026-10-10
CMS,CMS Energy Corporation Common Stock,NASDAQ,Utilities,Utilities - Regulated Electric,65.49,4140430.0,23490903842.0,,0.0,2026-10-10
SE,Sea Limited American Depositary Shares each representing one Class A Ordinary Share,NASDAQ,Consumer Cyclical,Internet Retail,95.25,4135440.0,52330679055.0,,0.0,2026-10-10
TENB,"Tenable Holdings, Inc. - Common Stock",NASDAQ,Technology,Software - Infrastructure,41.59,4130425.0,1914282135.0,,0.0,2026-10-10
PUMP,ProPetro Holding Corp. Common Stock,NASDAQ,Energy,Oil & Gas Equipment & Services,9.09,4117385.0,2084488592.0,,0.0,2026-10-10
RTX,RTX Corporation Common Stock,NASDAQ,Industrials,Aerospace & Defense,185.97,4116000.0,234673046765.0,,0.0,2026-10-10
NWG,NatWest Group plc American Depositary Shares (each representing two (2) Ordinary Shares),NASDAQ,Financial Services,Banks - Regional,17.13,4115585.0,62814712768.0,,0.0,2026-10-10
BNY,The Bank of New York Mellon Corporation Common Stock,NYSE,Financial Services,Banks - Diversified,142.71,4111425.0,95509633660.0,64.0,0.0,2026-10-10
RYN,Rayonier Inc. REIT Common Stock,NASDAQ,Real Estate,REIT - Specialty,18.98,4110470.0,6483919442.0,,0.0,2026-10-10
FTNT,"Fortinet, Inc.",NASDAQ,Technology,Software - Infrastructure,194.75,4094715.0,58807693267.82034,61.0,0.0,2026-10-10
PBF,PBF Energy Inc. Class A Common Stock,NASDAQ,Energy,Oil & Gas Refining & Marketing,84.27,4092245.0,4785063487.0,,0.0,2026-10-10
DASH,"DoorDash, Inc.",NASDAQ,Consumer Cyclical,Internet Retail,196.5,4080140.0,63660834705.39917,61.0,0.0,2026-10-10
LBRT,Liberty Energy Inc. Class A common stock,NASDAQ,Energy,Oil & Gas Equipment & Services,19.0,4079240.0,5342887233.0,,0.0,2026-10-10
TXG,"10x Genomics, Inc. - Common Stock",NASDAQ,Healthcare,Health Information Services,80.65,4076825.0,2972795009.0,,0.0,2026-10-10
ALLY,Ally Financial Inc. Common Stock,NASDAQ,Financial Services,Credit Services,37.59,4070805.0,13581285533.0,,0.0,2026-10-10
AA,Alcoa Corporation Common Stock,NASDAQ,Basic Materials,Aluminum,42.2,4069420.0,17417570261.0,,0.0,2026-10-10
HMY,Harmony Gold Mining Company Limited,NASDAQ,Basic Materials,Gold,16.88,4051015.0,10588329086.0,,0.0,2026-10-10
WOLF,Wolfspeed Inc. Common Stock New,NASDAQ,Technology,Semiconductors,30.61,4038680.0,1509615736.0,,0.0,2026-10-10
AFRM,"Affirm Holdings, Inc.",NASDAQ,Financial Services,Credit Services,80.7,4031190.0,14383718011.837303,61.0,0.0,2026-10-10
CART,Maplebear Inc.,NASDAQ,Consumer Cyclical,Internet Retail,47.76,4014845.0,9402617745.12584,61.0,0.0,2026-10-10
ACGL,Arch Capital Group Ltd.,NASDAQ,Financial Services,Insurance - Diversified,95.57,4000045.0,33660659213.66427,61.0,0.0,2026-10-10
KSS,Kohl's Corporation Common Stock,NASDAQ,Consumer Cyclical,Department Stores,20.35,3997010.0,1648998741.0,,0.0,2026-10-10
OI,O-I Glass Inc. Common Stock,NASDAQ,Consumer Cyclical,Packaging & Containers,6.08,3986580.0,1640143703.0,,0.0,2026-10-10
DXCM,"DexCom, Inc.",NASDAQ,Healthcare,Medical Devices,84.11,3977635.0,24278512932.0,61.0,0.0,2026-10-10
PTC,PTC Inc.,NASDAQ,Technology,Software - Application,194.45,3970885.0,16584488105.884275,61.0,0.0,2026-10-10
ECHO,EchoStar Corporation,NASDAQ,Communication Services,Telecom Services,94.84,3965555.0,29416069032.0,62.0,0.0,2026-10-10
IRT,Independence Realty Trust Inc. Common Stock,NASDAQ,Real Estate,REIT - Residential,14.77,3945745.0,3840473981.0,,0.0,2026-10-10
KRMN,Karman Holdings Inc. Common Stock,NASDAQ,Industrials,Aerospace & Defense,32.59,3943205.0,9305996877.0,,0.0,2026-10-10
GMAB,Genmab A/S,NASDAQ,Healthcare,Biotechnology,37.07,3937710.0,15961675080.0,61.0,0.0,2026-10-10
SM,SM Energy Company Common Stock,NASDAQ,Energy,Oil & Gas E&P,37.0,3936195.0,6899771730.0,,0.0,2026-10-10
TRIP,"TripAdvisor, Inc. - Common Stock",NASDAQ,Consumer Cyclical,Travel Services,8.68,3906010.0,1276639070.0,,0.0,2026-10-10
RELY,"Remitly Global, Inc.",NASDAQ,Technology,Software - Infrastructure,24.13,3893275.0,3212479386.5,61.0,0.0,2026-10-10
GEHC,GE HealthCare Technologies Inc.,NASDAQ,Healthcare,Medical Devices,65.74,3877955.0,31785173032.36441,61.0,0.0,2026-10-10
NAVN,"Navan, Inc.",NASDAQ,Technology,Software - Application,23.64,3877590.0,3290605166.649971,61.0,0.0,2026-10-10
OBDC,Blue Owl Capital Corporation Common Stock,NASDAQ,Financial Services,Asset Management,10.11,3873630.0,5598433483.0,,0.0,2026-10-10
TCOM,Trip.com Group Limited - American Depositary Shares,NASDAQ,Consumer Cyclical,Travel Services,38.9,3868575.0,33542927930.0,,0.0,2026-10-10
GDEN,"Golden Entertainment, Inc.",NASDAQ,Consumer Cyclical,Resorts & Casinos,28.55,3857433.0,753686033.0,63.0,0.0,2026-10-10
OKE,ONEOK Inc. Common Stock,NASDAQ,Energy,Oil & Gas Midstream,89.8,3852215.0,55127679600.0,,0.0,2026-10-10
CAVA,CAVA Group Inc. Common Stock,NASDAQ,Consumer Cyclical,Restaurants,53.64,3851245.0,11135024590.0,,0.0,2026-10-10
VLO,Valero Energy Corporation Common Stock,NASDAQ,Energy,Oil & Gas Refining & Marketing,433.75,3835635.0,70525337227.0,,0.0,2026-10-10
GTLB,GitLab Inc.,NASDAQ,Technology,Software - Infrastructure,55.09,3832685.0,3501316547.0199585,61.0,0.0,2026-10-10
OCUL,"Ocular Therapeutix, Inc.",NASDAQ,Healthcare,Biotechnology,7.54,3816580.0,1697995917.7214117,61.0,0.0,2026-10-10
GFI,Gold Fields Limited American Depositary Shares,NASDAQ,Basic Materials,Gold,36.82,3816395.0,40910705520.0,,0.0,2026-10-10
KOD,Kodiak Sciences Inc,NASDAQ,Healthcare,Biotechnology,99.87,3804990.0,2490165474.801506,61.0,0.0,2026-10-10
TGT,Target Corporation Common Stock,NASDAQ,Consumer Defensive,Discount Stores,153.64,3801285.0,58536110946.0,,0.0,2026-10-10
LYB,LyondellBasell Industries NV Ordinary Shares Class A (Netherlands),NASDAQ,Basic Materials,Specialty Chemicals,60.03,3798735.0,22551890899.0,,0.0,2026-10-10
PLD,Prologis Inc. Common Stock,NASDAQ,Real Estate,REIT - Industrial,129.49,3797955.0,132469984749.0,,0.0,2026-10-10
OKTA,"Okta, Inc.",NASDAQ,Technology,Software - Infrastructure,232.13,3794710.0,13160229647.832657,61.0,0.0,2026-10-10
AESI,Atlas Energy Solutions Inc. Common Stock,NASDAQ,Energy,Oil & Gas Equipment & Services,12.29,3755145.0,2036583198.0,,0.0,2026-10-10
COF,Capital One Financial Corporation Common Stock,NASDAQ,Financial Services,Credit Services,199.26,3749660.0,121378754062.0,,0.0,2026-10-10
RSI,Rush Street Interactive Inc. Class A Common Stock,NASDAQ,Consumer Cyclical,Gambling,18.9,3748065.0,5505354755.0,,0.0,2026-10-10
PENG,"Penguin Solutions, Inc.",NASDAQ,Technology,Information Technology Services,76.28,3743340.0,886427052.6399345,61.0,0.0,2026-10-10
BRX,Brixmor Property Group Inc. Common Stock,NASDAQ,Real Estate,REIT - Retail,27.3,3739470.0,9312481427.0,,0.0,2026-10-10
BETA,Beta Technologies Inc. Class A Common Stock,NASDAQ,Industrials,Aerospace & Defense,20.98,3707885.0,3512889035.0,,0.0,2026-10-10
VOD,Vodafone Group Plc - American Depositary Shares each representing ten Ordinary Shares,NASDAQ,Communication Services,Telecom Services,15.56,3702355.0,36213210991.0,,0.0,2026-10-10
AMRZ,Amrize Ltd Ordinary Shares,NASDAQ,Basic Materials,Building Materials,36.2,3697015.0,31851054041.0,,0.0,2026-10-10
APTV,Aptiv PLC Ordinary Shares,NASDAQ,Consumer Cyclical,Auto Parts,43.8,3689515.0,15093879265.0,,0.0,2026-10-10
PAYX,"Paychex, Inc.",NASDAQ,Technology,Software - Application,103.98,3680060.0,32906270687.86621,61.0,0.0,2026-10-10
KMX,CarMax Inc,NASDAQ,Consumer Cyclical,Auto & Truck Dealerships,52.61,3677875.0,5427478827.0,,0.0,2026-10-10
KNX,Knight-Swift Transportation Holdings Inc.,NASDAQ,Industrials,Trucking,64.47,3671620.0,10592252041.0,,0.0,2026-10-10
WRB,W.R. Berkley Corporation Common Stock,NASDAQ,Financial Services,Insurance - Property & Casualty,71.91,3669630.0,25947963327.0,,0.0,2026-10-10
AGI,Alamos Gold Inc. Class A Common Shares,NASDAQ,Basic Materials,Gold,32.9,3661270.0,18965637896.0,,0.0,2026-10-10
TDOC,Teladoc Health Inc. Common Stock,NASDAQ,Healthcare,Health Information Services,5.77,3653815.0,1037478836.0,,0.0,2026-10-10
DXC,DXC Technology Company Common Stock,NASDAQ,Technology,Information Technology Services,12.4,3640345.0,2016748379.0,,0.0,2026-10-10
RXO,RXO Inc. Common Stock,NASDAQ,Industrials,Trucking,29.08,3637490.0,3192103344.0,,0.0,2026-10-10
FLY,Firefly Aerospace Inc.,NASDAQ,Industrials,Aerospace & Defense,20.0,3609680.0,3736487857.947189,61.0,0.0,2026-10-10
MBC,MasterBrand Inc. Common Stock,NASDAQ,Consumer Cyclical,"Furnishings, Fixtures & Appliances",6.61,3594570.0,1197915791.0,,0.0,2026-10-10
SRE,DBA Sempra Common Stock,NASDAQ,Utilities,Utilities - Diversified,81.34,3594280.0,60890592225.0,,0.0,2026-10-10
DNA,Ginkgo Bioworks Holdings Inc. Class A Common Stock,NASDAQ,Healthcare,Biotechnology,13.0,3589220.0,487344643.0,,0.0,2026-10-10
AXP,American Express Company Common Stock,NASDAQ,Financial Services,Credit Services,308.17,3584185.0,214305080055.0,,0.0,2026-10-10
VSH,Vishay Intertechnology Inc. Common Stock,NASDAQ,Technology,Semiconductors,34.04,3582470.0,3836806647.0,,0.0,2026-10-10
CG,The Carlyle Group Inc.,NASDAQ,Financial Services,Asset Management,38.42,3573250.0,16733056195.433975,61.0,0.0,2026-10-10
WRBY,Warby Parker Inc. Class A Common Stock,NASDAQ,Healthcare,Medical Instruments & Supplies,25.3,3568610.0,2793033727.0,,0.0,2026-10-10
LBTYA,Liberty Global Ltd.,NASDAQ,Communication Services,Telecom Services,8.66,3561485.0,4018669398.0840063,61.0,0.0,2026-10-10
NYT,New York Times Company (The) Common Stock,NASDAQ,Communication Services,Publishing,66.32,3558620.0,13097462148.0,,0.0,2026-10-10
EGO,Eldorado Gold Corporation Ordinary Shares,NYSE,Basic Materials,Gold,37.66,3539155.0,8897302407.0,63.0,0.0,2026-10-10
SONY,Sony Group Corporation American Depositary Shares,NASDAQ,Technology,Consumer Electronics,24.12,3535780.0,119807495967.0,,0.0,2026-10-10
YSS,York Space Systems Inc. Common Stock,NASDAQ,Industrials,Aerospace & Defense,7.11,3532840.0,3963542149.0,,0.0,2026-10-10
QURE,uniQure N.V.,NASDAQ,Healthcare,Biotechnology,22.59,3528575.0,945444641.8040771,61.0,0.0,2026-10-10
PK,Park Hotels & Resorts Inc. Common Stock,NASDAQ,Real Estate,REIT - Hotel & Motel,15.17,3524685.0,2254073960.0,,0.0,2026-10-10
EXE,Expand Energy Corporation,NASDAQ,Energy,Oil & Gas E&P,88.22,3519300.0,27358524052.663727,61.0,0.0,2026-10-10
AMH,American Homes 4 Rent Common Shares of Beneficial Interest,NASDAQ,Real Estate,REIT - Residential,30.85,3513115.0,11113960984.0,,0.0,2026-10-10
ARQT,"Arcutis Biotherapeutics, Inc.",NASDAQ,Healthcare,Biotechnology,26.58,3493880.0,2700206782.9179764,61.0,0.0,2026-10-10
DV,DoubleVerify Holdings Inc. Common Stock,NASDAQ,Communication Services,Advertising Agencies,13.49,3491965.0,1764049059.0,,0.0,2026-10-10
TSN,Tyson Foods Inc. Common Stock,NASDAQ,Consumer Defensive,Farm Products,53.43,3490000.0,22543615763.0,,0.0,2026-10-10
MTCH,"Match Group, Inc.",NASDAQ,Communication Services,Internet Content & Information,41.09,3487460.0,7178894441.878548,61.0,0.0,2026-10-10
LTH,Life Time Group Holdings Inc. Common Stock,NASDAQ,Consumer Cyclical,Leisure,40.62,3486380.0,6070871836.0,,0.0,2026-10-10
TNGX,"Tango Therapeutics, Inc. - Common Stock",NASDAQ,Healthcare,Biotechnology,23.81,3485970.0,2846642686.0,,0.0,2026-10-10
COLD,Americold Realty Trust Inc. Common Stock,NASDAQ,Real Estate,REIT - Industrial,13.99,3479950.0,3677863276.0,,0.0,2026-10-10
XERS,"Xeris Biopharma Holdings, Inc. - Common Stock",NASDAQ,Healthcare,Biotechnology,10.48,3466220.0,1008723030.0,,0.0,2026-10-10
NOV,NOV Inc. Common Stock,NASDAQ,Energy,Oil & Gas Equipment & Services,18.97,3459415.0,7392933962.0,,0.0,2026-10-10
ADMA,ADMA Biologics Inc,NASDAQ,Healthcare,Biotechnology,10.36,3458795.0,2311334784.909897,61.0,0.0,2026-10-10
OS,"OneStream, Inc.",NASDAQ,Technology,Software - Infrastructure,24.0,3439783.0,5896458998.523483,61.0,0.0,2026-10-10
PCVX,"Vaxcyte, Inc.",NASDAQ,Healthcare,Biotechnology,71.38,3436830.0,7810645019.710304,61.0,0.0,2026-10-10
AMRX,"Amneal Pharmaceuticals, Inc.",NASDAQ,Healthcare,Drug Manufacturers - Specialty & Generic,19.91,3433995.0,3815228243.528847,61.0,0.0,2026-10-10
RLAY,"Relay Therapeutics, Inc.",NASDAQ,Healthcare,Biotechnology,17.88,3430660.0,1701469783.4941826,61.0,0.0,2026-10-10
TRP,TC Energy Corporation Common Stock,NASDAQ,Energy,Oil & Gas Midstream,60.05,3430385.0,64610383366.0,,0.0,2026-10-10
DECK,Deckers Outdoor Corporation Common Stock,NASDAQ,Consumer Cyclical,Footwear & Accessories,82.89,3426520.0,15405830179.0,,0.0,2026-10-10
GLPI,"Gaming and Leisure Properties, Inc.",NASDAQ,Real Estate,REIT - Specialty,38.28,3425605.0,12657183685.34399,61.0,0.0,2026-10-10
ADM,Archer-Daniels-Midland Company Common Stock,NASDAQ,Consumer Defensive,Farm Products,79.89,3424700.0,33361599390.0,,0.0,2026-10-10
MRP,Millrose Properties Inc. Class A Common Stock,NASDAQ,Real Estate,REIT - Residential,22.36,3419750.0,5101287386.0,,0.0,2026-10-10
PLAY,"Dave & Buster's Entertainment, Inc.",NASDAQ,Communication Services,Entertainment,6.9,3417210.0,344375042.03357697,61.0,0.0,2026-10-10
PFF,iShares Preferred and Income Securities ETF,NASDAQ,,,29.38,3416365.0,12884075520.0,62.0,0.0,2026-10-10
GFL,GFL Environmental Inc. Subordinate voting shares no par value,NASDAQ,Industrials,Waste Management,42.78,3406330.0,14586849733.0,,0.0,2026-10-10
MAC,Macerich Company (The) Common Stock,NASDAQ,Real Estate,REIT - Retail,22.25,3400455.0,5515734536.0,,0.0,2026-10-10
WRD,WeRide Inc. - American Depositary Shares,NASDAQ,Technology,Software - Application,4.81,3396575.0,2665208205.0,,1.0,2026-10-10
FANG,"Diamondback Energy, Inc.",NASDAQ,Energy,Oil & Gas E&P,192.13,3394155.0,57197157804.70146,61.0,0.0,2026-10-10
ZS,"Zscaler, Inc. - Common Stock",NASDAQ,Technology,Software - Infrastructure,233.73,3387345.0,18981342979.0,,0.0,2026-10-10
BBY,Best Buy Co. Inc. Common Stock,NASDAQ,Consumer Cyclical,Specialty Retail,87.01,3383480.0,12666397196.0,,0.0,2026-10-10
MFG,Mizuho Financial Group Inc. Sponosred ADR (Japan),NASDAQ,Financial Services,Banks - Regional,10.61,3381030.0,98880228594.0,,0.0,2026-10-10
WLTH,Wealthfront Corporation,NASDAQ,Technology,Software - Application,10.82,3379600.0,1491386105.0,62.0,0.0,2026-10-10
PENN,"PENN Entertainment, Inc.",NASDAQ,Consumer Cyclical,Resorts & Casinos,15.48,3376300.0,1858964130.348772,61.0,0.0,2026-10-10
RCL,Royal Caribbean Cruises Ltd. Common Stock,NASDAQ,Consumer Cyclical,Travel Services,282.26,3364370.0,71917243344.0,,0.0,2026-10-10
SMTC,Semtech Corporation,NASDAQ,Technology,Semiconductors,187.3,3335965.0,6791709139.474495,61.0,0.0,2026-10-10
NDAQ,"Nasdaq, Inc.",NASDAQ,Financial Services,Financial Data & Stock Exchanges,93.65,3334330.0,46941534024.16807,61.0,0.0,2026-10-10
DYN,"Dyne Therapeutics, Inc.",NASDAQ,Healthcare,Biotechnology,16.64,3323245.0,2985340607.89114,61.0,0.0,2026-10-10
CCJ,Cameco Corporation Common Stock,NASDAQ,Energy,Uranium,88.06,3321545.0,53200353927.0,,0.0,2026-10-10
AVAH,Aveanna Healthcare Holdings Inc.,NASDAQ,Healthcare,Medical Care Facilities,12.25,3321255.0,1396414511.9146996,61.0,0.0,2026-10-10
NXPI,NXP Semiconductors N.V.,NASDAQ,Technology,Semiconductors,227.52,3312620.0,48912491159.35089,61.0,0.0,2026-10-10
HAFN,Hafnia Limited Common Shares,NASDAQ,Industrials,Marine Shipping,10.72,3310415.0,4218154004.0,,0.0,2026-10-10
VVV,Valvoline Inc. Common Stock,NASDAQ,Consumer Cyclical,Auto & Truck Dealerships,30.27,3310145.0,4230704839.0,,0.0,2026-10-10
MET,MetLife Inc. Common Stock,NASDAQ,Financial Services,Insurance - Life,98.33,3302310.0,50664583475.0,,0.0,2026-10-10
LKQ,LKQ Corporation,NASDAQ,Consumer Cyclical,Auto Parts,21.84,3291370.0,7519736789.206821,61.0,0.0,2026-10-10
EPD,Enterprise Products Partners L.P. Common Stock,NASDAQ,Energy,Oil & Gas Midstream,36.08,3284505.0,82146905954.0,,0.0,2026-10-10
VYX,NCR Voyix Corporation Common Stock,NASDAQ,Technology,Information Technology Services,7.15,3283750.0,985054003.0,,0.0,2026-10-10
DHI,D.R. Horton Inc. Common Stock,NASDAQ,Consumer Cyclical,Residential Construction,134.88,3282445.0,45344378387.0,,0.0,2026-10-10
TECH,Bio-Techne Corp - Common Stock,NASDAQ,Healthcare,Biotechnology,72.46,3280330.0,8689415980.0,,0.0,2026-10-10
TOI,"The Oncology Institute, Inc.",NASDAQ,Healthcare,Medical Care Facilities,6.2,3276493.0,588899462.0,62.0,0.0,2026-10-10
DRH,Diamondrock Hospitality Company,NASDAQ,Real Estate,REIT - Hotel & Motel,12.62,3268015.0,1939372019.147255,61.0,0.0,2026-10-10
BAM,Brookfield Asset Management Inc Class A Limited Voting Shares,NASDAQ,Financial Services,Asset Management,45.88,3266570.0,77928640430.0,,0.0,2026-10-10
EOG,EOG Resources Inc. Common Stock,NASDAQ,Energy,Oil & Gas E&P,148.16,3244180.0,71319848933.0,,0.0,2026-10-10
BXMT,Blackstone Mortgage Trust Inc. Common Stock,NASDAQ,Real Estate,REIT - Mortgage,11.03,3241275.0,3388271918.0,,0.0,2026-10-10
NRG,NRG Energy Inc. Common Stock,NASDAQ,Utilities,Utilities - Independent Power Producers,107.97,3239385.0,33939840003.0,,0.0,2026-10-10
TWST,Twist Bioscience Corporation,NASDAQ,Healthcare,Diagnostics & Research,159.78,3238010.0,2937443729.0,62.0,0.0,2026-10-10
RDY,Dr. Reddy's Laboratories Ltd Common Stock,NASDAQ,Healthcare,Drug Manufacturers - Specialty & Generic,12.48,3235295.0,11413029231.0,,0.0,2026-10-10
PSX,Phillips 66 Common Stock,NASDAQ,Energy,Oil & Gas Refining & Marketing,278.18,3218715.0,65300017391.0,,0.0,2026-10-10
OVV,Ovintiv Inc. (DE),NASDAQ,Energy,Oil & Gas E&P,63.88,3212925.0,15790285223.0,,0.0,2026-10-10
APG,APi Group Corporation Common Stock,NASDAQ,Industrials,Engineering & Construction,40.32,3208950.0,20968765169.0,,0.0,2026-10-10
MXL,"MaxLinear, Inc",NASDAQ,Technology,Semiconductors,96.16,3207390.0,1487959440.044165,61.0,0.0,2026-10-10
APO,Apollo Global Management Inc. (New) Common Stock,NASDAQ,Financial Services,Asset Management,118.65,3204470.0,71853015455.0,,0.0,2026-10-10
ETSY,Etsy Inc. Common Stock,NASDAQ,Consumer Cyclical,Internet Retail,76.71,3203270.0,5972011739.0,,0.0,2026-10-10
CERT,"Certara, Inc.",NASDAQ,Healthcare,Health Information Services,9.13,3200755.0,935731031.125,61.0,0.0,2026-10-10
LION,Lionsgate Studios Corp Common Shares,NASDAQ,,,11.13,3195520.0,3316840264.0,,0.0,2026-10-10
DOCS,Doximity Inc. Class A Common Stock,NASDAQ,Healthcare,Health Information Services,30.5,3195190.0,4520393235.0,,0.0,2026-10-10
ARI,Apollo Commercial Real Estate Finance Inc,NASDAQ,Real Estate,REIT - Mortgage,6.24,3183420.0,1543053606.0,,0.0,2026-10-10
AMT,American Tower Corporation (REIT) Common Stock,NASDAQ,Real Estate,REIT - Specialty,182.24,3179360.0,83111812949.0,,0.0,2026-10-10
DJT,Trump Media & Technology Group Corp.,NASDAQ,Communication Services,Internet Content & Information,8.11,3178490.0,2371614995.810809,61.0,0.0,2026-10-10
JCI,Johnson Controls International plc Ordinary Share,NASDAQ,Industrials,Building Products & Equipment,157.44,3175845.0,86864434834.0,,0.0,2026-10-10
ZTO,ZTO Express (Cayman) Inc. American Depositary Shares each representing one Class A ordinary share.,NASDAQ,Industrials,Integrated Freight & Logistics,20.15,3157915.0,19734561702.0,,0.0,2026-10-10
ALK,Alaska Air Group Inc. Common Stock,NASDAQ,Industrials,Airlines,39.36,3149245.0,4712569488.0,,0.0,2026-10-10
BBIO,"BridgeBio Pharma, Inc.",NASDAQ,Healthcare,Biotechnology,65.35,3140140.0,13688657439.634506,61.0,0.0,2026-10-10
EQH,Equitable Holdings Inc. Common Stock,NASDAQ,Financial Services,Asset Management,52.92,3138390.0,11571144582.0,,0.0,2026-10-10
MDB,"MongoDB, Inc.",NASDAQ,Technology,Software - Infrastructure,385.93,3137660.0,19043637542.77588,61.0,0.0,2026-10-10
RBRK,Rubrik Inc. Class A Common Stock,NASDAQ,Technology,Software - Infrastructure,125.14,3131895.0,10759737974.0,,0.0,2026-10-10
FLUT,Flutter Entertainment plc Ordinary Shares,NASDAQ,Consumer Cyclical,Gambling,79.78,3119650.0,19404353197.0,,0.0,2026-10-10
ADI,"Analog Devices, Inc.",NASDAQ,Technology,Semiconductors,406.19,3107615.0,150620741154.06894,61.0,0.0,2026-10-10
LI,Li Auto Inc.,NASDAQ,Consumer Cyclical,Auto Manufacturers,11.54,3100850.0,18243096984.78971,61.0,0.0,2026-10-10
GOF,Guggenheim Strategic Opportunities Fund Common Shares of Beneficial Interest,NASDAQ,Financial Services,Asset Management,8.83,3098115.0,2379123863.0,,0.0,2026-10-10
SNY,Sanofi,NASDAQ,Healthcare,Drug Manufacturers - General,40.07,3094745.0,115048761008.43442,61.0,0.0,2026-10-10
AMGN,Amgen Inc.,NASDAQ,Healthcare,Drug Manufacturers - General,414.87,3087850.0,189288231295.99915,61.0,0.0,2026-10-10
DDOG,"Datadog, Inc.",NASDAQ,Technology,Software - Application,293.26,3087105.0,40937061115.90485,61.0,0.0,2026-10-10
LWLG,"Lightwave Logic, Inc.",NASDAQ,Basic Materials,Specialty Chemicals,4.97,3086355.0,1101350324.393642,61.0,1.0,2026-10-10
OMC,Omnicom Group Inc. Common Stock,NASDAQ,Communication Services,Advertising Agencies,76.48,3083550.0,23504874107.0,,0.0,2026-10-10
FLEX,Flex Ltd.,NASDAQ,Technology,Electronic Components,119.83,3073190.0,24106632385.12841,61.0,0.0,2026-10-10
APPS,"Digital Turbine, Inc.",NASDAQ,Technology,Software - Application,10.43,3051245.0,1059412143.0,62.0,0.0,2026-10-10
PAAS,Pan American Silver Corp. Common Stock,NASDAQ,Basic Materials,Gold,46.27,3049330.0,23624349752.0,,0.0,2026-10-10
TTAN,"ServiceTitan, Inc. - Class A Common Stock",NASDAQ,Technology,Software - Application,72.59,3038640.0,5266993106.0,,0.0,2026-10-10
FIGS,FIGS Inc. Class A Common Stock,NASDAQ,Consumer Cyclical,Apparel Manufacturing,15.78,3037950.0,2757908860.0,,0.0,2026-10-10
NN,NextNav Inc.,NASDAQ,Technology,Software - Infrastructure,12.35,3026105.0,2458349292.653589,61.0,0.0,2026-10-10
DKS,Dick's Sporting Goods Inc Common Stock,NASDAQ,Consumer Cyclical,Specialty Retail,136.65,3024330.0,20324875883.0,,0.0,2026-10-10
TAL,TAL Education Group American Depositary Shares,NASDAQ,Consumer Defensive,Education & Training Services,12.86,3024075.0,6839784218.0,,0.0,2026-10-10
NET,Cloudflare Inc. Class A Common Stock,NASDAQ,Technology,Software - Infrastructure,360.93,3014470.0,72884562884.0,,0.0,2026-10-10
NVST,Envista Holdings Corporation Common Stock,NASDAQ,Healthcare,Medical Instruments & Supplies,23.0,3013075.0,4367886655.0,,0.0,2026-10-10
HE,Hawaiian Electric Industries Inc. Common Stock,NASDAQ,Utilities,Utilities - Regulated Electric,8.76,3005550.0,2634188503.0,,0.0,2026-10-10
MPC,Marathon Petroleum Corporation Common Stock,NASDAQ,Energy,Oil & Gas Refining & Marketing,455.03,3003015.0,66008530055.0,,0.0,2026-10-10
MMM,3M Company Common Stock,NASDAQ,Industrials,Conglomerates,159.96,2996220.0,76143607298.0,,0.0,2026-10-10
XENE,Xenon Pharmaceuticals Inc. - Common Shares,NASDAQ,Healthcare,Biotechnology,36.44,2995480.0,5572946231.0,,0.0,2026-10-10
MRSH,Marsh Common Stock,NASDAQ,Financial Services,Insurance Brokers,175.76,2993320.0,81953247560.0,,0.0,2026-10-10
FTI,TechnipFMC plc Ordinary Share,NASDAQ,Energy,Oil & Gas Equipment & Services,69.57,2986070.0,29901105474.0,,0.0,2026-10-10
UNIT,Uniti Group Inc. - Common Stock,NASDAQ,Real Estate,REIT - Specialty,6.87,2983300.0,2591553773.0,,0.0,2026-10-10
FNF,Fidelity National Financial Inc. Common Stock,NASDAQ,Financial Services,Insurance - Specialty,38.8,2982390.0,14188629743.0,,0.0,2026-10-10
CLX,Clorox Company (The) Common Stock,NASDAQ,Consumer Defensive,Household & Personal Products,83.8,2980930.0,11931582677.0,,0.0,2026-10-10
RPRX,Royalty Pharma plc,NASDAQ,Healthcare,Biotechnology,56.93,2966160.0,27167882239.165955,61.0,0.0,2026-10-10
RRC,Range Resources Corporation Common Stock,NASDAQ,Energy,Oil & Gas E&P,40.89,2965740.0,9980958653.0,,0.0,2026-10-10
CIEN,Ciena Corporation Common Stock,NASDAQ,Technology,Communication Equipment,449.77,2963405.0,73640299055.0,,0.0,2026-10-10
GNL,Global Net Lease Inc. Common Stock,NASDAQ,Real Estate,REIT - Diversified,7.75,2962690.0,2036908918.0,,0.0,2026-10-10
WSC,WillScot Holdings Corporation,NASDAQ,Industrials,Rental & Leasing Services,17.07,2957650.0,3395106528.0,62.0,0.0,2026-10-10
WT,WisdomTree Inc. Common Stock,NASDAQ,Financial Services,Asset Management,22.61,2948475.0,2318265465.0,,0.0,2026-10-10
TEAM,Atlassian Corporation  - Class A Common Stock,NASDAQ,Technology,Software - Application,206.79,2945675.0,15072974231.0,,0.0,2026-10-10
ZM,"Zoom Communications, Inc. - Class A Common Stock",NASDAQ,Technology,Software - Application,97.74,2943750.0,23463040230.0,,0.0,2026-10-10
SGI,Somnigroup International Inc. Common Stock,NASDAQ,Consumer Cyclical,"Furnishings, Fixtures & Appliances",62.19,2943575.0,16629529219.0,,0.0,2026-10-10
PRGO,Perrigo Company plc Ordinary Shares,NASDAQ,Healthcare,Drug Manufacturers - Specialty & Generic,15.06,2941555.0,1627015298.0,,0.0,2026-10-10
HUN,Huntsman Corporation Common Stock,NASDAQ,Basic Materials,Chemicals,8.14,2941215.0,2370007327.0,,0.0,2026-10-10
PLNT,Planet Fitness Inc. Common Stock,NASDAQ,Consumer Cyclical,Leisure,47.98,2936665.0,5570576083.0,,0.0,2026-10-10
LNT,Alliant Energy Corporation,NASDAQ,Utilities,Utilities - Regulated Electric,65.85,2936545.0,18274998638.556847,61.0,0.0,2026-10-10
CUBE,CubeSmart Common Shares,NASDAQ,Real Estate,REIT - Industrial,37.97,2931110.0,9013649597.0,,0.0,2026-10-10
NEA,Nuveen AMT-Free Quality Municipal Income Fund Common Shares of Beneficial Interest Par Value $.01,NASDAQ,Financial Services,Asset Management,10.01,2920825.0,3430011039.0,,0.0,2026-10-10
STKL,"SunOpta, Inc.",NASDAQ,Consumer Defensive,Beverages - Non-Alcoholic,6.5,2917348.0,767414846.7243667,61.0,0.0,2026-10-10
SYF,Synchrony Financial Common Stock,NASDAQ,Financial Services,Credit Services,72.8,2914700.0,25709387965.0,,0.0,2026-10-10
EL,Estee Lauder Companies Inc. (The) Common Stock,NASDAQ,Consumer Defensive,Household & Personal Products,98.05,2910320.0,28149598375.0,,0.0,2026-10-10
HON,Honeywell International Inc.,NASDAQ,Industrials,Conglomerates,207.73,2908845.0,142845862822.30106,61.0,0.0,2026-10-10
CXM,Sprinklr Inc. Class A Common Stock,NASDAQ,Technology,Software - Application,5.52,2907945.0,1249299007.0,,0.0,2026-10-10
MUFG,Mitsubishi UFJ Financial Group Inc. Common Stock,NASDAQ,Financial Services,Banks - Diversified,22.38,2896200.0,195162568740.0,,0.0,2026-10-10
GEO,Geo Group Inc (The) REIT,NASDAQ,Industrials,Security & Protection Services,31.13,2889545.0,2498878204.0,,0.0,2026-10-10
BSY,"Bentley Systems, Incorporated",NASDAQ,Technology,Software - Application,34.97,2883335.0,10676101560.900406,61.0,0.0,2026-10-10
PAYO,Payoneer Global Inc. - Common Stock,NASDAQ,Technology,Software - Infrastructure,7.14,2876285.0,1653882967.0,,0.0,2026-10-10
WEC,WEC Energy Group Inc. Common Stock,NASDAQ,Utilities,Utilities - Regulated Electric,103.74,2864890.0,37325174579.0,,0.0,2026-10-10
MA,Mastercard Incorporated Common Stock,NASDAQ,Financial Services,Credit Services,589.14,2860210.0,449940309546.0,,0.0,2026-10-10
UL,Unilever PLC American Depositary Shares (each representing One Ordinary Share),NASDAQ,Consumer Defensive,Household & Personal Products,62.26,2856055.0,126949301325.0,,0.0,2026-10-10
MTG,MGIC Investment Corporation Common Stock,NASDAQ,Financial Services,Insurance - Specialty,27.43,2846100.0,6203176028.0,,0.0,2026-10-10
CMPS,COMPASS Pathways Plc,NASDAQ,Healthcare,Medical Care Facilities,12.0,2839510.0,688450414.9721336,61.0,0.0,2026-10-10
ALMS,Alumis Inc.,NASDAQ,Healthcare,Biotechnology,7.16,2838825.0,3170443277.9796104,61.0,0.0,2026-10-10
DINO,HF Sinclair Corporation Common Stock,NASDAQ,Energy,Oil & Gas Refining & Marketing,121.3,2837420.0,10863277975.0,,0.0,2026-10-10
SGHC,Super Group (SGHC) Limited Ordinary Shares,NASDAQ,Consumer Cyclical,Gambling,11.29,2835640.0,6366202017.0,,0.0,2026-10-10
VIPS,Vipshop Holdings Limited American Depositary Shares each representing two ordinary shares,NASDAQ,Consumer Cyclical,Internet Retail,12.9,2831195.0,6896684789.0,,0.0,2026-10-10
AMX,America Movil S.A.B. de C.V. American Depositary Shares (each representing the right to receive twenty (20) Series B Shares,NASDAQ,Communication Services,Telecom Services,21.32,2815140.0,80154163763.0,,0.0,2026-10-10
VOYG,Voyager Technologies Inc. Class A Common Stock,NASDAQ,Industrials,Aerospace & Defense,27.26,2807080.0,1696376216.0,,0.0,2026-10-10
ALGM,"Allegro MicroSystems, Inc.",NASDAQ,Technology,Semiconductors,35.57,2806035.0,5688429850.365715,61.0,0.0,2026-10-10
COLB,"Columbia Banking System, Inc.",NASDAQ,Financial Services,Banks - Regional,28.37,2798715.0,7971001825.451448,61.0,0.0,2026-10-10
AZN,AstraZeneca PLC - American Depositary Shares,NASDAQ,Healthcare,Drug Manufacturers - General,159.2,2786655.0,315467203425.1918,,0.0,2026-10-10
ES,Eversource Energy (D/B/A) Common Stock,NASDAQ,Utilities,Utilities - Regulated Electric,65.73,2781735.0,25798024251.0,,0.0,2026-10-10
LZ,"LegalZoom.com, Inc.",NASDAQ,Industrials,Specialty Business Services,5.98,2779150.0,988281654.5383816,61.0,0.0,2026-10-10
INSM,Insmed Incorporated,NASDAQ,Healthcare,Biotechnology,100.6,2776135.0,31086894704.24488,61.0,0.0,2026-10-10
JEF,Jefferies Financial Group Inc. Common Stock,NASDAQ,Financial Services,Capital Markets,44.38,2775445.0,9702357103.0,,0.0,2026-10-10
STZ,Constellation Brands Inc. Common Stock,NASDAQ,Consumer Defensive,Beverages - Brewers,122.64,2767230.0,26862960852.0,,0.0,2026-10-10
BHP,BHP Group Limited American Depositary Shares (Each representing two Ordinary Shares),NASDAQ,Basic Materials,Other Industrial Metals & Mining,86.74,2758220.0,202770344468.0,,0.0,2026-10-10
CTRE,CareTrust REIT Inc. Common Stock,NASDAQ,Real Estate,REIT - Healthcare Facilities,36.03,2751475.0,8474085274.0,,0.0,2026-10-10
EPRT,Essential Properties Realty Trust Inc. Common Stock,NASDAQ,Real Estate,REIT - Retail,25.37,2745680.0,6794447922.0,,0.0,2026-10-10
TECK,Teck Resources Ltd Ordinary Shares,NASDAQ,Basic Materials,Other Industrial Metals & Mining,68.05,2743825.0,29476938772.0,,0.0,2026-10-10
REAL,"The RealReal, Inc.",NASDAQ,Consumer Cyclical,Luxury Goods,9.75,2741065.0,1038125019.013338,61.0,0.0,2026-10-10
BWA,BorgWarner Inc. Common Stock,NASDAQ,Consumer Cyclical,Auto Parts,61.3,2739190.0,11654775340.0,,0.0,2026-10-10
SYK,Stryker Corporation Common Stock,NASDAQ,Healthcare,Medical Devices,277.33,2733645.0,125431176440.0,,0.0,2026-10-10
BRUN,Boost Run Inc.,NASDAQ,Technology,Software - Infrastructure,13.18,2732380.0,1899374604.0,63.0,0.0,2026-10-10
NSA,National Storage Affiliates Trust Common Shares of Beneficial Interest,NASDAQ,Real Estate,REIT - Industrial,44.5,2727359.0,6368847666.0,,0.0,2026-10-10
TPG,TPG Inc. - Class A Common Stock,NASDAQ,Financial Services,Asset Management,45.26,2726005.0,14752634834.0,,0.0,2026-10-10
HALO,"Halozyme Therapeutics, Inc.",NASDAQ,Healthcare,Biotechnology,110.42,2720475.0,7354292262.888718,61.0,0.0,2026-10-10
AM,Antero Midstream Corporation Common Stock,NASDAQ,Energy,Oil & Gas Midstream,21.09,2711630.0,10151378612.0,,0.0,2026-10-10
WELL,Welltower Inc. Common Stock,NASDAQ,Real Estate,REIT - Healthcare Facilities,225.47,2710985.0,147070739578.0,,0.0,2026-10-10
SRPT,"Sarepta Therapeutics, Inc.",NASDAQ,Healthcare,Biotechnology,17.85,2697945.0,2080897248.9996643,61.0,0.0,2026-10-10
FUN,Six Flags Entertainment Corporation Common Stock New,NASDAQ,Consumer Cyclical,Leisure,11.41,2692275.0,1864332319.0,,0.0,2026-10-10
TRLV,Trulieve Cannabis Corp. Subordinate Voting Shares,NYSE,Healthcare,Drug Manufacturers - Specialty & Generic,10.67,2692235.0,1657686826.0,62.0,0.0,2026-10-10
MRVI,"Maravai LifeSciences Holdings, Inc.",NASDAQ,Healthcare,Biotechnology,7.44,2684830.0,917488309.0,62.0,0.0,2026-10-10
GDDY,GoDaddy Inc. Class A Common Stock,NASDAQ,Technology,Software - Infrastructure,104.35,2677160.0,11473788348.0,,0.0,2026-10-10
BTSG,"BrightSpring Health Services, Inc.",NASDAQ,Healthcare,Health Information Services,63.74,2677155.0,8157822791.327972,61.0,0.0,2026-10-10
APLE,Apple Hospitality REIT Inc. Common Shares,NASDAQ,Real Estate,REIT - Hotel & Motel,16.31,2675065.0,3113442591.0,,0.0,2026-10-10
ADPT,Adaptive Biotechnologies Corporation,NASDAQ,Healthcare,Biotechnology,26.49,2673900.0,1993845612.3347769,61.0,0.0,2026-10-10
HWM,Howmet Aerospace Inc. Common Stock,NASDAQ,Industrials,Aerospace & Defense,225.26,2672515.0,97203909852.0,,0.0,2026-10-10
DK,Delek US Holdings Inc. Common Stock,NASDAQ,Energy,Oil & Gas Refining & Marketing,74.51,2672515.0,2372001967.0,,0.0,2026-10-10
BANC,Banc of California Inc. Common Stock,NASDAQ,Financial Services,Banks - Regional,17.3,2669565.0,2901363112.0,,0.0,2026-10-10
CF,CF Industries Holdings Inc. Common Stock,NASDAQ,Basic Materials,Agricultural Inputs,111.54,2665900.0,18576835410.0,,0.0,2026-10-10
DFTX,"Definium Therapeutics, Inc. ",NASDAQ,Healthcare,Biotechnology,36.9,2665055.0,1793569317.8909092,61.0,0.0,2026-10-10
BLMN,"Bloomin' Brands, Inc.",NASDAQ,Consumer Cyclical,Restaurants,8.6,2664725.0,451349745.9833527,61.0,0.0,2026-10-10
BILI,Bilibili Inc.,NASDAQ,Communication Services,Internet Content & Information,15.49,2664255.0,9145579679.13893,61.0,0.0,2026-10-10
SUZ,Suzano S.A. American Depositary Shares (each representing One Ordinary Share),NASDAQ,Basic Materials,Paper & Paper Products,8.57,2659570.0,11248481806.0,,0.0,2026-10-10
LPTH,"LightPath Technologies, Inc.",NASDAQ,Technology,Electronic Components,9.72,2649115.0,563813077.726902,61.0,0.0,2026-10-10
BOX,Box Inc. Class A Common Stock,NASDAQ,Technology,Software - Infrastructure,36.39,2635120.0,3362940449.0,,0.0,2026-10-10
NEXT,NextDecade Corporation,NASDAQ,Energy,Oil & Gas Equipment & Services,6.62,2630560.0,2134011754.42524,61.0,0.0,2026-10-10
SEDG,"SolarEdge Technologies, Inc.",NASDAQ,Technology,Solar,32.21,2626955.0,3114296961.901165,61.0,0.0,2026-10-10
WTRG,Essential Utilities Inc. Common Stock,NASDAQ,Utilities,Utilities - Regulated Water,38.98,2622930.0,11196162235.0,,0.0,2026-10-10
CLBT,Cellebrite DI Ltd.,NASDAQ,Technology,Software - Infrastructure,11.26,2619215.0,3322538286.317009,61.0,0.0,2026-10-10
ALKS,Alkermes plc,NASDAQ,Healthcare,Drug Manufacturers - Specialty & Generic,40.61,2616410.0,4909506903.067429,61.0,0.0,2026-10-10
NTNX,"Nutanix, Inc.",NASDAQ,Technology,Software - Infrastructure,74.63,2609115.0,10242749409.938278,61.0,0.0,2026-10-10
NTAP,"NetApp, Inc.",NASDAQ,Technology,Software - Infrastructure,237.15,2598790.0,20364564920.91678,61.0,0.0,2026-10-10
TRVI,"Trevi Therapeutics, Inc. - Common Stock",NASDAQ,Healthcare,Biotechnology,13.19,2595995.0,1693559950.0,,0.0,2026-10-10
FIVN,"Five9, Inc.",NASDAQ,Technology,Software - Infrastructure,36.4,2595285.0,1138825749.9407616,61.0,0.0,2026-10-10
EBC,"Eastern Bankshares, Inc.",NASDAQ,Financial Services,Banks - Regional,21.03,2594120.0,4312287740.672308,61.0,0.0,2026-10-10
XYL,Xylem Inc. Common Stock New,NASDAQ,Industrials,Specialty Industrial Machinery,102.71,2589945.0,29531954950.0,,0.0,2026-10-10
NEO,"NeoGenomics, Inc.",NASDAQ,Healthcare,Diagnostics & Research,16.35,2587535.0,982678459.5537428,61.0,0.0,2026-10-10
CCXI,Churchill Capital Corp XI,NASDAQ,Financial Services,Shell Companies,10.93,2587310.0,772001980.0,62.0,0.0,2026-10-10
ICE,Intercontinental Exchange Inc. Common Stock,NASDAQ,Financial Services,Financial Data & Stock Exchanges,156.19,2582120.0,89750952351.0,,0.0,2026-10-10
NNN,NNN REIT Inc. Common Stock,NASDAQ,Real Estate,REIT - Retail,40.24,2577735.0,8346503712.0,,0.0,2026-10-10
BHVN,Biohaven Ltd. Common Shares,NASDAQ,Healthcare,Biotechnology,12.08,2575790.0,1486155387.0,,0.0,2026-10-10
UPWK,Upwork Inc. - Common Stock,NASDAQ,Communication Services,Internet Content & Information,8.6,2572510.0,1392781032.0,,0.0,2026-10-10
CWK,Cushman & Wakefield Ltd. Common Shares,NASDAQ,Real Estate,Real Estate Services,11.62,2571035.0,3362023604.0,,0.0,2026-10-10
A,Agilent Technologies Inc. Common Stock,NASDAQ,Healthcare,Diagnostics & Research,170.54,2565500.0,32654698591.0,,0.0,2026-10-10
FND,Floor & Decor Holdings Inc. Common Stock,NASDAQ,Consumer Cyclical,Home Improvement Retail,45.5,2565325.0,5521449379.0,,0.0,2026-10-10
AHCO,AdaptHealth Corp. ,NASDAQ,Healthcare,Medical Devices,6.06,2562110.0,1523605092.5447388,61.0,0.0,2026-10-10
SGML,Sigma Lithium Corporation,NASDAQ,Basic Materials,Other Industrial Metals & Mining,9.35,2561630.0,1184011709.5168848,61.0,0.0,2026-10-10
CRK,Comstock Resources Inc. Common Stock,NASDAQ,Energy,Oil & Gas E&P,13.71,2560990.0,4975207550.0,,0.0,2026-10-10
SBRA,"Sabra Health Care REIT, Inc.",NASDAQ,Real Estate,REIT - Healthcare Facilities,18.96,2560370.0,4957184757.745617,61.0,0.0,2026-10-10
RMBS,"Rambus, Inc.",NASDAQ,Technology,Semiconductors,107.47,2559000.0,9843584676.773346,61.0,0.0,2026-10-10
PGY,Pagaya Technologies Ltd.,NASDAQ,Technology,Software - Infrastructure,18.22,2558755.0,934199230.3349304,61.0,0.0,2026-10-10
TAK,Takeda Pharmaceutical Company Limited American Depositary Shares (each representing 1/2 of a share of Common Stock),NASDAQ,Healthcare,Drug Manufacturers - Specialty & Generic,18.73,2557420.0,52537373978.0,,0.0,2026-10-10
BRO,Brown & Brown Inc. Common Stock,NASDAQ,Financial Services,Insurance Brokers,62.88,2544250.0,22433680035.0,,0.0,2026-10-10
SEI,Solaris Energy Infrastructure Inc. Class A Common Stock,NASDAQ,Energy,Oil & Gas Equipment & Services,76.4,2542395.0,6744573818.0,,0.0,2026-10-10
VERA,"Vera Therapeutics, Inc. - Class A Common Stock",NASDAQ,Healthcare,Biotechnology,29.88,2541080.0,3229994346.0,,0.0,2026-10-10
RSKD,Riskified Ltd. Class A Ordinary Shares,NYSE,Technology,Software - Application,8.53,2540905.0,686413863.0,62.0,0.0,2026-10-10
JPC,Nuveen Preferred & Income Opportunities Fund,NASDAQ,Financial Services,Asset Management,6.75,2537195.0,2948328804.0,,0.0,2026-10-10
SNPS,"Synopsys, Inc.",NASDAQ,Technology,Software - Infrastructure,509.99,2536750.0,74140251075.96964,61.0,0.0,2026-10-10
TDAY,USA TODAY Co. Inc. Common Stock,NASDAQ,Communication Services,Publishing,6.82,2528280.0,1072413319.0,,0.0,2026-10-10
ULCC,"Frontier Group Holdings, Inc.",NASDAQ,Industrials,Airlines,5.86,2519855.0,1215585573.0,63.0,0.0,2026-10-10
SRRK,Scholar Rock Holding Corporation,NASDAQ,Healthcare,Biotechnology,42.19,2515135.0,4937675413.490692,61.0,0.0,2026-10-10
GTX,Garrett Motion Inc.,NASDAQ,Consumer Cyclical,Auto Parts,26.24,2507225.0,3553195711.157032,61.0,0.0,2026-10-10
USFD,US Foods Holding Corp. Common Stock,NASDAQ,Consumer Defensive,Food Distribution,97.43,2502855.0,20554509812.0,,0.0,2026-10-10
DOCN,DigitalOcean Holdings Inc. Common Stock,NASDAQ,Technology,Software - Infrastructure,134.82,2500950.0,9896522045.0,,0.0,2026-10-10
UNP,Union Pacific Corporation Common Stock,NASDAQ,Industrials,Railroads,278.34,2496720.0,159530747580.0,,0.0,2026-10-10
FWONK,Liberty Media Corporation,NASDAQ,Communication Services,Entertainment,94.04,2496715.0,20207053398.86336,61.0,0.0,2026-10-10
ACAD,ACADIA Pharmaceuticals Inc.,NASDAQ,Healthcare,Biotechnology,19.78,2486590.0,3570157287.273947,61.0,0.0,2026-10-10
TTWO,"Take-Two Interactive Software, Inc. - Common Stock",NASDAQ,Communication Services,Electronic Gaming & Multimedia,213.44,2480255.0,36492528470.0,,0.0,2026-10-10
PAA,"Plains All American Pipeline, L.P.",NASDAQ,Energy,Oil & Gas Midstream,24.34,2479115.0,16022623874.996452,61.0,0.0,2026-10-10
ING,ING Group N.V. Common Stock,NASDAQ,Financial Services,Banks - Diversified,33.37,2478060.0,80306612796.0,,0.0,2026-10-10
AVPT,"AvePoint, Inc.",NASDAQ,Technology,Software - Infrastructure,14.63,2468900.0,2051607764.0,61.0,0.0,2026-10-10
TALO,Talos Energy Inc. Common Stock,NASDAQ,Energy,Oil & Gas E&P,16.8,2465575.0,2486993936.0,,0.0,2026-10-10
CNM,Core & Main Inc. Class A Common Stock,NASDAQ,Industrials,Industrial Distribution,40.35,2461960.0,9677859295.0,,0.0,2026-10-10
ALL,Allstate Corporation (The) Common Stock,NASDAQ,Financial Services,Insurance - Property & Casualty,229.43,2459940.0,54971431439.0,,0.0,2026-10-10
OUST,"Ouster, Inc.",NASDAQ,Technology,Electronic Components,39.9,2459705.0,1114770840.25,61.0,0.0,2026-10-10
WYNN,"Wynn Resorts, Limited - Common Stock",NASDAQ,Consumer Cyclical,Resorts & Casinos,75.15,2449915.0,10845462368.0,,0.0,2026-10-10
ALB,Albemarle Corporation Common Stock,NASDAQ,Basic Materials,Specialty Chemicals,101.27,2448915.0,22201637644.0,,0.0,2026-10-10
CWH,Camping World Holdings Inc. Class A Common Stock,NASDAQ,Consumer Cyclical,Auto & Truck Dealerships,4.53,2448510.0,475127985.0,,1.0,2026-10-10
CDNS,"Cadence Design Systems, Inc.",NASDAQ,Technology,Software - Application,352.84,2446275.0,76202792576.4458,61.0,0.0,2026-10-10
FOLD,"Amicus Therapeutics, Inc.",NASDAQ,Healthcare,Biotechnology,14.49,2445333.0,4526320251.501823,61.0,0.0,2026-10-10
BRSL,Brightstar Lottery PLC Trading under the Legal Name to begin at the market open on July 21 2025. Ordinary Shares,NASDAQ,Consumer Cyclical,Gambling,9.84,2443080.0,2384109642.0,,0.0,2026-10-10
DEI,Douglas Emmett Inc. Common Stock,NASDAQ,Real Estate,REIT - Office,9.79,2442110.0,1792092324.0,,0.0,2026-10-10
VSTM,"Verastem, Inc.",NASDAQ,Healthcare,Biotechnology,8.38,2437480.0,485941242.0,62.0,0.0,2026-10-10
YUM,Yum! Brands Inc.,NASDAQ,Consumer Cyclical,Restaurants,144.82,2435960.0,44306220898.0,,0.0,2026-10-10
TH,Target Hospitality Corp. - Common Stock,NASDAQ,Industrials,Specialty Business Services,18.41,2433295.0,1448215333.0,,0.0,2026-10-10
CAT,Caterpillar Inc. Common Stock,NASDAQ,Industrials,Farm & Heavy Construction Machinery,800.47,2432765.0,386556052328.0,,0.0,2026-10-10
PWP,Perella Weinberg Partners,NASDAQ,Financial Services,Capital Markets,15.67,2421780.0,1601460331.1681786,61.0,0.0,2026-10-10
PMT,PennyMac Mortgage Investment Trust Common Shares of Beneficial Interest,NASDAQ,Real Estate,REIT - Mortgage,7.36,2401450.0,1056892617.0,,0.0,2026-10-10
CLDX,"Celldex Therapeutics, Inc.",NASDAQ,Healthcare,Biotechnology,29.89,2398135.0,2050243406.0139084,61.0,0.0,2026-10-10
TMO,Thermo Fisher Scientific Inc Common Stock,NASDAQ,Healthcare,Diagnostics & Research,658.02,2394415.0,174554266769.0,,0.0,2026-10-10
UBS,UBS Group AG Registered Ordinary Shares,NASDAQ,Financial Services,Banks - Diversified,48.13,2385255.0,128027263027.0,,0.0,2026-10-10
GPN,Global Payments Inc. Common Stock,NASDAQ,Industrials,Specialty Business Services,82.2,2376585.0,18650467148.0,,0.0,2026-10-10
TNDM,"Tandem Diabetes Care, Inc. - Common Stock",NASDAQ,Healthcare,Medical Devices,16.11,2372590.0,1313911209.0,,0.0,2026-10-10
SVRA,"Savara, Inc. - Common Stock",NASDAQ,Healthcare,Biotechnology,4.92,2372360.0,1158361418.0,,2.0,2026-10-10
COST,Costco Wholesale Corporation,NASDAQ,Consumer Defensive,Discount Stores,946.92,2368505.0,436967247077.2778,61.0,0.0,2026-10-10
MAS,Masco Corporation Common Stock,NASDAQ,Industrials,Building Products & Equipment,68.75,2366110.0,15103573627.0,,0.0,2026-10-10
SSRM,SSR Mining Inc.,NASDAQ,Basic Materials,Gold,35.51,2362785.0,5408306612.462666,61.0,0.0,2026-10-10
TRMB,Trimble Inc. - Common Stock,NASDAQ,Technology,Scientific & Technical Instruments,60.09,2357340.0,15151606970.0,,0.0,2026-10-10
RVTY,Revvity Inc. Common Stock,NASDAQ,Healthcare,Diagnostics & Research,154.18,2357310.0,9701174308.0,,0.0,2026-10-10
CALY,Callaway Golf Company Common Stock,NASDAQ,Consumer Cyclical,Leisure,13.67,2356140.0,2786053723.0,,0.0,2026-10-10
NAD,Nuveen Quality Municipal Income Fund Common Stock,NASDAQ,Financial Services,Asset Management,10.2,2353540.0,2747874505.0,,0.0,2026-10-10
FBRT,Franklin BSP Realty Trust Inc. Common Stock,NASDAQ,Real Estate,REIT - Mortgage,6.19,2352915.0,703441928.0,,0.0,2026-10-10
WDAY,"Workday, Inc.",NASDAQ,Technology,Software - Application,186.59,2350585.0,29587500000.0,62.0,0.0,2026-10-10
CYTK,"Cytokinetics, Incorporated",NASDAQ,Healthcare,Biotechnology,62.91,2347390.0,7753098794.615765,61.0,0.0,2026-10-10
DG,Dollar General Corporation Common Stock,NASDAQ,Consumer Defensive,Discount Stores,127.23,2343740.0,26583518885.0,,0.0,2026-10-10
SLM,SLM Corporation,NASDAQ,Financial Services,Credit Services,22.52,2340685.0,4046317478.037998,61.0,0.0,2026-10-10
VNOM,"Viper Energy, Inc.  - Class A Common Stock",NASDAQ,Energy,Oil & Gas Midstream,42.99,2338145.0,16926205674.0,,0.0,2026-10-10
FHB,"First Hawaiian, Inc.",NASDAQ,Financial Services,Banks - Regional,24.69,2331575.0,2987086541.1677723,61.0,0.0,2026-10-10
CCOI,"Cogent Communications Holdings, Inc.",NASDAQ,Communication Services,Telecom Services,8.54,2328780.0,868774999.405014,61.0,0.0,2026-10-10
EVRG,"Evergy, Inc.",NASDAQ,Utilities,Utilities - Regulated Electric,80.96,2325415.0,18784068899.74364,61.0,0.0,2026-10-10
CNXC,Concentrix Corporation,NASDAQ,Technology,Information Technology Services,25.95,2309595.0,1646451521.4385986,61.0,0.0,2026-10-10
RVMD,"Revolution Medicines, Inc.",NASDAQ,Healthcare,Biotechnology,189.76,2308910.0,18755130171.12456,61.0,0.0,2026-10-10
GNTX,Gentex Corporation,NASDAQ,Consumer Cyclical,Auto Parts,21.04,2307290.0,4786092342.972153,61.0,0.0,2026-10-10
QGEN,Qiagen N.V. Common Shares,NASDAQ,Healthcare,Diagnostics & Research,45.38,2305065.0,7915331231.0,,0.0,2026-10-10
ARES,Ares Management Corporation Class A Common Stock,NASDAQ,Financial Services,Asset Management,117.22,2300925.0,38094194589.0,,0.0,2026-10-10
SMPL,The Simply Good Foods Company,NASDAQ,Consumer Defensive,Packaged Foods,10.18,2292950.0,1361338156.1721382,61.0,0.0,2026-10-10
CP,Canadian Pacific Kansas City Limited Common Shares,NASDAQ,Industrials,Railroads,84.46,2292550.0,77966718292.0,,0.0,2026-10-10
RTO,Rentokil Initial plc American Depositary Shares (each representing five (5) Ordinary Shares),NASDAQ,Industrials,Specialty Business Services,20.24,2290565.0,17150691977.0,,0.0,2026-10-10
FBIN,Fortune Brands Innovations Inc. Common Stock,NASDAQ,Industrials,Building Products & Equipment,39.01,2289870.0,4978338811.0,,0.0,2026-10-10
MFA,MFA Financial Inc.,NASDAQ,Real Estate,REIT - Mortgage,6.88,2288760.0,1042378334.0,,0.0,2026-10-10
ED,Consolidated Edison Inc. Common Stock,NASDAQ,Utilities,Utilities - Regulated Electric,106.1,2285585.0,40180020189.0,,0.0,2026-10-10
WMG,Warner Music Group Corp.,NASDAQ,Communication Services,Entertainment,28.72,2283530.0,14886865788.0,62.0,0.0,2026-10-10
LLY,Eli Lilly and Company Common Stock,NASDAQ,Healthcare,Drug Manufacturers - General,1179.27,2275470.0,789692244612.0,,0.0,2026-10-10
LEGN,Legend Biotech Corporation,NASDAQ,Healthcare,Biotechnology,18.62,2275235.0,3196033724.438965,61.0,0.0,2026-10-10
EXPE,"Expedia Group, Inc.",NASDAQ,Consumer Cyclical,Travel Services,274.22,2270845.0,27787233673.73546,61.0,0.0,2026-10-10
GEV,GE Vernova Inc. Common Stock,NASDAQ,Industrials,Specialty Industrial Machinery,1004.73,2269970.0,308810315308.0,,0.0,2026-10-10
TKC,Turkcell Iletisim Hizmetleri AS Common Stock,NASDAQ,Communication Services,Telecom Services,5.02,2269610.0,5536869976.0,,0.0,2026-10-10
GS,Goldman Sachs Group Inc. (The) Common Stock,NASDAQ,Financial Services,Capital Markets,895.32,2268585.0,275063242961.0,,0.0,2026-10-10
EYE,"National Vision Holdings, Inc.",NASDAQ,Consumer Cyclical,Specialty Retail,16.68,2266255.0,2132094057.5211525,61.0,0.0,2026-10-10
DB,Deutsche Bank AG Common Stock,NASDAQ,Financial Services,Banks - Regional,33.68,2265385.0,61089278652.0,,0.0,2026-10-10
PEB,Pebblebrook Hotel Trust Common Shares of Beneficial Interest,NASDAQ,Real Estate,REIT - Hotel & Motel,19.12,2263265.0,1582634524.0,,0.0,2026-10-10
FTV,Fortive Corporation Common Stock,NASDAQ,Technology,Scientific & Technical Instruments,57.26,2259370.0,18807117964.0,,0.0,2026-10-10
INDV,"Indivior Pharmaceuticals, Inc. ",NASDAQ,Healthcare,Drug Manufacturers - Specialty & Generic,35.83,2257740.0,3650654480.772045,61.0,0.0,2026-10-10
STT,State Street Corporation Common Stock,NASDAQ,Financial Services,Asset Management,174.96,2257740.0,42015492057.0,,0.0,2026-10-10
MGNI,"Magnite, Inc.",NASDAQ,Communication Services,Advertising Agencies,25.4,2256855.0,1664521089.9005556,61.0,0.0,2026-10-10
REZI,Resideo Technologies Inc. Common Stock,NASDAQ,Industrials,Industrial Distribution,17.07,2253825.0,6214327130.0,,0.0,2026-10-10
LNC,Lincoln National Corporation Common Stock,NASDAQ,Financial Services,Insurance - Life,40.23,2253090.0,7069025356.0,,0.0,2026-10-10
KRG,Kite Realty Group Trust Common Stock,NASDAQ,Real Estate,REIT - Retail,23.91,2251560.0,5273251237.0,,0.0,2026-10-10
PDM,Piedmont Realty Trust Inc. Class A Common Stock,NASDAQ,Real Estate,REIT - Office,9.03,2249335.0,1017654727.0,,0.0,2026-10-10
WAY,Waystar Holding Corp.,NASDAQ,Healthcare,Health Information Services,26.68,2243765.0,4121154228.0,62.0,0.0,2026-10-10
RES,RPC Inc. Common Stock,NASDAQ,Energy,Oil & Gas Equipment & Services,5.96,2243480.0,1773114160.0,,0.0,2026-10-10
ARCO,Arcos Dorados Holdings Inc. Class A Shares,NASDAQ,Consumer Cyclical,Restaurants,7.77,2238790.0,1944419919.0,,0.0,2026-10-10
ADSK,"Autodesk, Inc.",NASDAQ,Technology,Software - Application,235.35,2238250.0,49412196960.44922,61.0,0.0,2026-10-10
DHC,Diversified Healthcare Trust ,NASDAQ,Real Estate,REIT - Healthcare Facilities,7.5,2235305.0,1646423022.9809208,61.0,0.0,2026-10-10
SVC,Service Properties Trust,NASDAQ,Real Estate,REIT - Hotel & Motel,7.15,2232125.0,1143749890.0,60.0,0.0,2026-10-10
ATEC,"Alphatec Holdings, Inc.",NASDAQ,Healthcare,Medical Devices,10.67,2231545.0,1678544938.8951874,61.0,0.0,2026-10-10
CNX,CNX Resources Corporation Common Stock,NASDAQ,Energy,Oil & Gas E&P,34.03,2229065.0,5459473620.0,,0.0,2026-10-10
COGT,"Cogent Biosciences, Inc.",NASDAQ,Healthcare,Biotechnology,31.0,2228420.0,5894244575.402756,61.0,0.0,2026-10-10
RYAN,Ryan Specialty Holdings Inc. Class A Common Stock,NASDAQ,Financial Services,Insurance - Specialty,37.01,2227095.0,9143605712.0,,0.0,2026-10-10
HESM,Hess Midstream LP Class A Representing Limited Partner Interests,NASDAQ,Energy,Oil & Gas Midstream,32.26,2222570.0,4831917150.0,,0.0,2026-10-10
ZBH,Zimmer Biomet Holdings Inc. Common Stock,NASDAQ,Healthcare,Medical Devices,89.14,2221625.0,17665114836.0,,0.0,2026-10-10
WM,Waste Management Inc. Common Stock,NASDAQ,Industrials,Waste Management,208.83,2219475.0,92577661320.0,,0.0,2026-10-10
NMRK,"Newmark Group, Inc.",NASDAQ,Real Estate,Real Estate Services,12.12,2219095.0,3716289549.051031,61.0,0.0,2026-10-10
BMRN,BioMarin Pharmaceutical Inc.,NASDAQ,Healthcare,Biotechnology,54.8,2218160.0,10518164239.59406,61.0,0.0,2026-10-10
OGN,Organon & Co. Common Stock,NASDAQ,Healthcare,Drug Manufacturers - General,13.81,2215070.0,2931154278.0,,0.0,2026-10-10
TD,Toronto Dominion Bank (The) Common Stock,NASDAQ,Financial Services,Banks - Diversified,115.1,2214995.0,176104931071.0,,0.0,2026-10-10
NCNO,"nCino, Inc.",NASDAQ,Technology,Software - Application,19.73,2213025.0,1638778243.8201904,61.0,0.0,2026-10-10
SFM,"Sprouts Farmers Market, Inc.",NASDAQ,Consumer Defensive,Grocery Stores,65.14,2210555.0,7552460851.318359,61.0,0.0,2026-10-10
EXEL,"Exelixis, Inc.",NASDAQ,Healthcare,Biotechnology,59.86,2210060.0,11221834208.502996,61.0,0.0,2026-10-10
AEE,Ameren Corporation Common Stock,NASDAQ,Utilities,Utilities - Regulated Electric,102.19,2207265.0,30741706455.0,,0.0,2026-10-10
SFD,"Smithfield Foods, Inc.",NASDAQ,Consumer Defensive,Packaged Foods,18.61,2204705.0,10411408018.740808,61.0,0.0,2026-10-10
AXTA,Axalta Coating Systems Ltd. Common Shares,NASDAQ,Basic Materials,Specialty Chemicals,32.63,2202690.0,6349936862.0,,0.0,2026-10-10
BALL,Ball Corporation Common Stock,NASDAQ,Consumer Cyclical,Packaging & Containers,58.46,2202045.0,16320505435.0,,0.0,2026-10-10
SONO,"Sonos, Inc.",NASDAQ,Technology,Consumer Electronics,17.26,2199430.0,1527830425.9783337,61.0,0.0,2026-10-10
SGRY,"Surgery Partners, Inc.",NASDAQ,Healthcare,Medical Care Facilities,13.89,2196510.0,1511623723.9757996,61.0,0.0,2026-10-10
CBRE,CBRE Group Inc Common Stock Class A,NASDAQ,Real Estate,Real Estate Services,130.8,2189815.0,43421768533.0,,0.0,2026-10-10
ADP,"Automatic Data Processing, Inc.",NASDAQ,Technology,Software - Application,270.88,2183560.0,81569219727.64893,61.0,0.0,2026-10-10
HLX,Helix Energy Solutions Group Inc. Common Stock,NASDAQ,Energy,Oil & Gas Equipment & Services,10.6,2180764.0,1456758400.0,,0.0,2026-10-10
ISRG,"Intuitive Surgical, Inc.",NASDAQ,Healthcare,Medical Instruments & Supplies,423.96,2170640.0,161140493595.96753,61.0,0.0,2026-10-10
ASB,Associated Banc-Corp Common Stock,NASDAQ,Financial Services,Banks - Regional,28.65,2169785.0,5150249909.0,,0.0,2026-10-10
LIN,Linde plc,NASDAQ,Basic Materials,Specialty Chemicals,483.73,2167375.0,226664624253.8404,61.0,0.0,2026-10-10
HYMC,Hycroft Mining Holding Corporation,NASDAQ,Basic Materials,Gold,19.19,2164680.0,3023853225.6485825,61.0,0.0,2026-10-10
TTEK,"Tetra Tech, Inc.",NASDAQ,Industrials,Engineering & Construction,33.34,2162345.0,7873780405.0,62.0,0.0,2026-10-10
TTI,Tetra Technologies Inc. Common Stock,NASDAQ,Industrials,Conglomerates,6.11,2162160.0,1311001865.0,,0.0,2026-10-10
SRAD,Sportradar Group AG,NASDAQ,Technology,Software - Application,12.49,2161375.0,5093327832.068161,61.0,0.0,2026-10-10
PSNL,"Personalis, Inc.",NASDAQ,Healthcare,Diagnostics & Research,16.0,2160135.0,693709058.1341629,61.0,0.0,2026-10-10
UNM,Unum Group Common Stock,NASDAQ,Financial Services,Insurance - Life,91.67,2156110.0,12512492903.0,,0.0,2026-10-10
ARMK,Aramark Common Stock,NASDAQ,Industrials,Specialty Business Services,54.94,2155505.0,12164049712.0,,0.0,2026-10-10
OTF,Blue Owl Technology Finance Corp. Common Stock,NASDAQ,Financial Services,Asset Management,9.36,2153885.0,5165163088.0,,0.0,2026-10-10
OHI,Omega Healthcare Investors Inc. Common Stock,NASDAQ,Real Estate,REIT - Healthcare Facilities,44.41,2152330.0,14201916395.0,,0.0,2026-10-10
GO,Grocery Outlet Holding Corp.,NASDAQ,Consumer Defensive,Grocery Stores,11.96,2151310.0,705229917.2936354,61.0,0.0,2026-10-10
QFIN,"Qfin Holdings, Inc. ",NASDAQ,Financial Services,Credit Services,6.2,2144980.0,1722052342.3291264,61.0,0.0,2026-10-10
AON,Aon plc Class A Ordinary Shares (Ireland),NASDAQ,Financial Services,Insurance Brokers,273.47,2144410.0,69024314471.0,,0.0,2026-10-10
NXT,Nextpower Inc.,NASDAQ,Technology,Solar,86.11,2142225.0,18340914215.518723,61.0,0.0,2026-10-10
TSEM,Tower Semiconductor Ltd.,NASDAQ,Technology,Semiconductors,228.71,2137720.0,24143983195.0,62.0,0.0,2026-10-10
SOLS,Solstice Advanced Materials Inc.,NASDAQ,Basic Materials,Specialty Chemicals,61.35,2134980.0,11917971456.41594,61.0,0.0,2026-10-10
NOG,Northern Oil and Gas Inc. Common Stock,NASDAQ,Energy,Oil & Gas E&P,24.76,2134265.0,2825313162.0,,0.0,2026-10-10
RDN,Radian Group Inc. Common Stock,NASDAQ,Financial Services,Insurance - Specialty,33.93,2133660.0,4851297552.0,,0.0,2026-10-10
SLNO,"Soleno Therapeutics, Inc.",NASDAQ,Healthcare,Biotechnology,53.01,2120848.0,1591696603.1682491,61.0,0.0,2026-10-10
REPL,"Replimune Group, Inc.",NASDAQ,Healthcare,Biotechnology,13.42,2120600.0,431029053.0,63.0,0.0,2026-10-10
HRB,H&R Block Inc. Common Stock,NASDAQ,Consumer Cyclical,Personal Services,44.05,2120310.0,3835749700.0,,0.0,2026-10-10
ARX,Accelerant Holdings Class A Common Shares,NASDAQ,Financial Services,Insurance Brokers,19.8,2119045.0,2916960877.0,,0.0,2026-10-10
ETN,Eaton Corporation PLC Ordinary Shares,NASDAQ,Industrials,Specialty Industrial Machinery,429.65,2117170.0,164474750542.0,,0.0,2026-10-10
ENTG,"Entegris, Inc.",NASDAQ,Technology,Semiconductor Equipment & Materials,165.79,2116845.0,17501010935.22322,61.0,0.0,2026-10-10
PTY,Pimco Corporate & Income Opportunity Fund,NASDAQ,Financial Services,Asset Management,10.97,2115185.0,2571340677.0,,0.0,2026-10-10
GIL,Gildan Activewear Inc. Class A Sub. Vot. Common Stock,NASDAQ,Consumer Cyclical,Apparel Manufacturing,41.97,2111480.0,10853177501.0,,0.0,2026-10-10
ALKT,"Alkami Technology, Inc.",NASDAQ,Technology,Software - Application,14.29,2111390.0,1652726569.6861572,61.0,0.0,2026-10-10
METC,"Ramaco Resources, Inc.",NASDAQ,Basic Materials,Coking Coal,8.7,2098360.0,1030892359.564064,61.0,0.0,2026-10-10
BRZE,"Braze, Inc.",NASDAQ,Technology,Software - Application,29.06,2096995.0,2635980660.2135925,61.0,0.0,2026-10-10
BNL,Broadstone Net Lease Inc. Common Stock,NASDAQ,Real Estate,REIT - Diversified,18.26,2096640.0,3835599175.0,,0.0,2026-10-10
ARE,Alexandria Real Estate Equities Inc. Common Stock,NASDAQ,Real Estate,REIT - Office,45.51,2094020.0,8206223950.0,,0.0,2026-10-10
ROST,"Ross Stores, Inc.",NASDAQ,Consumer Cyclical,Apparel Retail,222.41,2093730.0,69445564181.97528,61.0,0.0,2026-10-10
CNK,Cinemark Holdings Inc Cinemark Holdings Inc. Common Stock,NASDAQ,Communication Services,Entertainment,36.4,2087095.0,3326534491.0,,0.0,2026-10-10
LBTYK,Liberty Global Ltd.,NASDAQ,Communication Services,Telecom Services,8.52,2081980.0,3898059175.7069874,61.0,0.0,2026-10-10
CLS,Celestica Inc. Common Stock,NASDAQ,Technology,Electronic Components,362.16,2081365.0,47161510037.0,,0.0,2026-10-10
CRNX,"Crinetics Pharmaceuticals, Inc.",NASDAQ,Healthcare,Biotechnology,84.95,2079061.0,3645315920.159111,61.0,0.0,2026-10-10
HOG,Harley-Davidson Inc. Common Stock,NASDAQ,Consumer Cyclical,Recreational Vehicles,26.9,2078315.0,2584866579.0,,0.0,2026-10-10
BUD,Anheuser-Busch Inbev SA Sponsored ADR (Belgium),NASDAQ,Consumer Defensive,Beverages - Brewers,77.33,2069210.0,141400908966.0,,0.0,2026-10-10
MIAX,Miami International Holdings Inc. Common Stock,NASDAQ,Financial Services,Capital Markets,30.71,2056110.0,4251444704.0,,0.0,2026-10-10
TTE,TotalEnergies SE Ordinary Shares,NASDAQ,Energy,Oil & Gas Integrated,86.11,2053805.0,191287860605.0,,0.0,2026-10-10
SHC,Sotera Health Company,NASDAQ,Healthcare,Diagnostics & Research,18.06,2049610.0,3766773053.808909,61.0,0.0,2026-10-10
EXLS,"ExlService Holdings, Inc.",NASDAQ,Technology,Information Technology Services,36.79,2047160.0,4768961503.220833,61.0,0.0,2026-10-10
INGM,Ingram Micro Holding Corporation Common Stock,NASDAQ,Technology,Information Technology Services,27.72,2046180.0,7030472395.0,,0.0,2026-10-10
AFL,AFLAC Incorporated Common Stock,NASDAQ,Financial Services,Insurance - Life,114.54,2043135.0,59050353899.0,,0.0,2026-10-10
MLTX,MoonLake Immunotherapeutics,NASDAQ,Healthcare,Biotechnology,10.82,2041495.0,1245913248.9464283,61.0,0.0,2026-10-10
FSK,FS KKR Capital Corp. Common Stock,NASDAQ,Financial Services,Asset Management,10.84,2040820.0,2946299003.0,,0.0,2026-10-10
QDEL,QuidelOrtho Corporation,NASDAQ,Healthcare,Medical Devices,13.42,2039935.0,1017141570.4117537,61.0,0.0,2026-10-10
NNE,Nano Nuclear Energy Inc.,NASDAQ,Industrials,Specialty Industrial Machinery,15.34,2035800.0,1079882574.0102806,61.0,0.0,2026-10-10
UGI,UGI Corporation Common Stock,NASDAQ,Utilities,Utilities - Regulated Gas,37.12,2029405.0,7930651857.0,,0.0,2026-10-10
DTE,DTE Energy Company Common Stock,NASDAQ,Utilities,Utilities - Regulated Electric,126.9,2025900.0,30555170840.0,,0.0,2026-10-10
BNS,Bank Nova Scotia Halifax Pfd 3 Ordinary Shares,NASDAQ,Financial Services,Banks - Diversified,88.45,2021465.0,93231841271.0,,0.0,2026-10-10
LAZ,Lazard Inc. Common Stock,NASDAQ,Financial Services,Capital Markets,36.75,2020910.0,4441842652.0,,0.0,2026-10-10
OGE,OGE Energy Corp Common Stock,NASDAQ,Utilities,Utilities - Regulated Electric,46.5,2020140.0,9720187248.0,,0.0,2026-10-10
VRDN,"Viridian Therapeutics, Inc.  - Common Stock",NASDAQ,Healthcare,Biotechnology,18.66,2018970.0,1527988216.0,,0.0,2026-10-10
CTAS,Cintas Corporation,NASDAQ,Industrials,Specialty Business Services,202.41,2016345.0,67037351059.140335,61.0,0.0,2026-10-10
PNC,PNC Financial Services Group Inc. (The) Common Stock,NASDAQ,Financial Services,Banks - Regional,219.21,2013695.0,88685131376.0,,0.0,2026-10-10
CC,Chemours Company (The) Common Stock,NASDAQ,Basic Materials,Specialty Chemicals,13.61,2010380.0,3994460800.0,,0.0,2026-10-10
EFX,Equifax Inc. Common Stock,NASDAQ,Industrials,Consulting Services,145.78,2002525.0,20805849091.0,,0.0,2026-10-10
KGS,Kodiak Gas Services Inc. Common Stock,NASDAQ,Energy,Oil & Gas Equipment & Services,53.47,1994855.0,5825755926.0,,0.0,2026-10-10
GH,"Guardant Health, Inc.",NASDAQ,Healthcare,Diagnostics & Research,167.47,1992435.0,11140961086.094666,61.0,0.0,2026-10-10
RELX,RELX PLC PLC American Depositary Shares (Each representing One Ordinary Share),NASDAQ,Industrials,Specialty Business Services,36.13,1990780.0,65055699624.0,,0.0,2026-10-10
BJ,BJ's Wholesale Club Holdings Inc. Common Stock,NASDAQ,Consumer Defensive,Discount Stores,98.58,1988685.0,12229798697.0,,0.0,2026-10-10
NTRA,"Natera, Inc.",NASDAQ,Healthcare,Diagnostics & Research,400.71,1984250.0,26736182913.49411,61.0,0.0,2026-10-10
FORM,"FormFactor, Inc.",NASDAQ,Technology,Semiconductor Equipment & Materials,139.67,1978375.0,7814780351.692978,61.0,0.0,2026-10-10
DNLI,Denali Therapeutics Inc.,NASDAQ,Healthcare,Biotechnology,19.45,1975395.0,2994207216.984724,61.0,0.0,2026-10-10
LYV,Live Nation Entertainment Inc. Common Stock,NASDAQ,Communication Services,Entertainment,170.33,1974750.0,36829950251.0,,0.0,2026-10-10
VITL,"Vital Farms, Inc. - Common Stock",NASDAQ,Consumer Defensive,Farm Products,9.33,1967345.0,584154508.0,,0.0,2026-10-10
QMCO,Quantum Corporation,NASDAQ,Technology,Computer Hardware,30.43,1966400.0,394532508.0,62.0,0.0,2026-10-10
BIRK,Birkenstock Holding plc Ordinary Shares,NASDAQ,Consumer Cyclical,Footwear & Accessories,33.65,1966130.0,7245898887.0,,0.0,2026-10-10
BG,Bunge Limited Common Shares,NASDAQ,Consumer Defensive,Farm Products,102.73,1965105.0,24206920504.0,,0.0,2026-10-10
NVT,nVent Electric plc Ordinary Shares,NASDAQ,Industrials,Electrical Equipment & Parts,167.43,1964065.0,22988646872.0,,0.0,2026-10-10
TTMI,"TTM Technologies, Inc. - Common Stock",NASDAQ,Technology,Electronic Components,121.01,1961720.0,12615908080.0,,0.0,2026-10-10
HLMN,Hillman Solutions Corp.,NASDAQ,Industrials,Tools & Accessories,6.97,1949615.0,1615802052.4339733,61.0,0.0,2026-10-10
CCEP,Coca-Cola Europacific Partners plc,NASDAQ,Consumer Defensive,Beverages - Non-Alcoholic,104.25,1947785.0,41805430315.0,61.0,0.0,2026-10-10
LSCC,Lattice Semiconductor Corporation,NASDAQ,Technology,Semiconductors,126.05,1946480.0,12721328850.745766,61.0,0.0,2026-10-10
HTFL,"Heartflow, Inc.",NASDAQ,Healthcare,Health Information Services,49.74,1942800.0,2125077203.0051763,61.0,0.0,2026-10-10
SBLK,Star Bulk Carriers Corp.,NASDAQ,Industrials,Marine Shipping,29.7,1942015.0,2551890651.150452,61.0,0.0,2026-10-10
TVTX,"Travere Therapeutics, Inc. - Common Stock",NASDAQ,Healthcare,Biotechnology,52.12,1935620.0,2671315203.0,,0.0,2026-10-10
ALOY,REalloys Inc.,NASDAQ,Basic Materials,Other Industrial Metals & Mining,7.32,1929090.0,587836655.3881989,61.0,0.0,2026-10-10
HIG,The Hartford Insurance Group Inc. Common Stock,NASDAQ,Financial Services,Insurance - Diversified,129.11,1926725.0,36856887912.0,,0.0,2026-10-10
VSNT,"Versant Media Group, Inc.",NASDAQ,Communication Services,Entertainment,30.64,1926670.0,5744979851.0,62.0,0.0,2026-10-10
TXT,Textron Inc. Common Stock,NASDAQ,Industrials,Aerospace & Defense,74.16,1925870.0,15313738292.0,,0.0,2026-10-10
PEGA,Pegasystems Inc.,NASDAQ,Technology,Software - Application,35.65,1925050.0,6913657669.095566,61.0,0.0,2026-10-10
NVS,Novartis AG Common Stock,NASDAQ,Healthcare,Drug Manufacturers - General,143.75,1923430.0,280792533320.0,,0.0,2026-10-10
TGTX,"TG Therapeutics, Inc.",NASDAQ,Healthcare,Biotechnology,55.37,1922425.0,5386284801.0,62.0,0.0,2026-10-10
BEAM,Beam Therapeutics Inc.,NASDAQ,Healthcare,Biotechnology,25.7,1919870.0,2272412771.5528965,61.0,0.0,2026-10-10
RPD,"Rapid7, Inc.",NASDAQ,Technology,Software - Infrastructure,13.74,1918400.0,356481725.86550903,61.0,0.0,2026-10-10
CE,Celanese Corporation Common Stock,NASDAQ,Basic Materials,Chemicals,45.02,1917615.0,7274979270.0,,0.0,2026-10-10
CTRI,Centuri Holdings Inc. Common Stock,NASDAQ,Utilities,Utilities - Regulated Gas,20.9,1916745.0,3503338620.0,,0.0,2026-10-10
ELS,Equity Lifestyle Properties Inc. Common Stock,NASDAQ,Real Estate,REIT - Residential,59.01,1916510.0,12273898040.0,,0.0,2026-10-10
HNGE,Hinge Health Inc. Class A Common Stock,NASDAQ,Healthcare,Health Information Services,102.9,1913510.0,3488424015.0,,0.0,2026-10-10
SNDX,"Syndax Pharmaceuticals, Inc.",NASDAQ,Healthcare,Biotechnology,16.99,1912415.0,2100497240.8442,61.0,0.0,2026-10-10
SILA,Sila Realty Trust Inc. Common Stock,NASDAQ,Real Estate,REIT - Healthcare Facilities,30.36,1906292.0,1679329358.0,,0.0,2026-10-10
SPGI,S&P Global Inc. Common Stock,NASDAQ,Financial Services,Financial Data & Stock Exchanges,407.82,1903855.0,130512854553.0,,0.0,2026-10-10
G,Genpact Limited Common Stock,NASDAQ,Technology,Information Technology Services,34.4,1902865.0,5826256155.0,,0.0,2026-10-10
FA,First Advantage Corporation,NASDAQ,Industrials,Specialty Business Services,19.04,1902460.0,1957603604.113041,61.0,0.0,2026-10-10
MLI,Mueller Industries Inc. Common Stock,NASDAQ,Industrials,Metal Fabrication,60.71,1899200.0,15039815252.0,,0.0,2026-10-10
CME,CME Group Inc.,NASDAQ,Financial Services,Financial Data & Stock Exchanges,280.56,1898400.0,107797535255.19617,61.0,0.0,2026-10-10
CAH,Cardinal Health Inc. Common Stock,NASDAQ,Healthcare,Medical Distribution,237.57,1897780.0,47027907233.0,,0.0,2026-10-10
AMTM,Amentum Holdings Inc. Common Stock,NASDAQ,Industrials,Specialty Business Services,19.29,1897620.0,6305724392.0,,0.0,2026-10-10
KBH,KB Home Common Stock,NASDAQ,Consumer Cyclical,Residential Construction,43.13,1895310.0,3459902028.0,,0.0,2026-10-10
UTI,Universal Technical Institute Inc Common Stock,NASDAQ,Consumer Defensive,Education & Training Services,20.64,1892035.0,1952677850.0,,0.0,2026-10-10
HAPN,"Happen, Inc.",NASDAQ,Financial Services,Banks - Regional,15.17,1888355.0,2271259774.0,62.0,0.0,2026-10-10
JAN,Janus Living Inc. Class A-1 Common Stock,NASDAQ,Real Estate,REIT - Residential,28.15,1882945.0,6607465045.0,,0.0,2026-10-10
BDX,Becton Dickinson and Company Common Stock,NASDAQ,Healthcare,Medical Instruments & Supplies,183.75,1882905.0,43278755957.0,,0.0,2026-10-10
LNG,Cheniere Energy Inc. Common Stock,NASDAQ,Energy,Oil & Gas Midstream,278.18,1881940.0,54024096908.0,,0.0,2026-10-10
SHO,Sunstone Hotel Investors Inc. Sunstone Hotel Investors Inc. Common Shares,NASDAQ,Real Estate,REIT - Hotel & Motel,11.31,1881065.0,1826967967.0,,0.0,2026-10-10
AXIA,AXIA Energia American Depositary Shares (Each representing one Common Share),NASDAQ,Utilities,Utilities - Renewable,9.53,1873230.0,28360231236.0,,0.0,2026-10-10
AWK,American Water Works Company Inc. Common Stock,NASDAQ,Utilities,Utilities - Regulated Water,128.88,1870880.0,25858992338.0,,0.0,2026-10-10
RIO,Rio Tinto Plc Common Stock,NASDAQ,Basic Materials,Other Industrial Metals & Mining,94.78,1867060.0,161982050605.0,,0.0,2026-10-10
FULT,Fulton Financial Corporation,NASDAQ,Financial Services,Banks - Regional,22.1,1865185.0,3570509332.4654083,61.0,0.0,2026-10-10
BEPC,Brookfield Renewable Corporation Brookfield Renewable Corporation Class A Subordinate Voting Shares,NASDAQ,Utilities,Utilities - Renewable,29.63,1863060.0,7427691883.0,,0.0,2026-10-10
ODFL,"Old Dominion Freight Line, Inc.",NASDAQ,Industrials,Trucking,181.97,1859545.0,38948767125.89491,61.0,0.0,2026-10-10
RHI,Robert Half Inc. Common Stock,NASDAQ,Industrials,Staffing & Employment Services,33.93,1858965.0,2622341749.0,,0.0,2026-10-10
NTST,NetSTREIT Corp. Common Stock,NASDAQ,Real Estate,REIT - Retail,17.45,1858625.0,2008151687.0,,0.0,2026-10-10
CRSP,CRISPR Therapeutics AG,NASDAQ,Healthcare,Biotechnology,53.39,1858105.0,4444119872.369019,61.0,0.0,2026-10-10
CENX,Century Aluminum Company,NASDAQ,Basic Materials,Aluminum,36.76,1848965.0,4957610029.332241,61.0,0.0,2026-10-10
SSL,Sasol Ltd. American Depositary Shares,NASDAQ,Basic Materials,Specialty Chemicals,15.11,1846640.0,8205109894.0,,0.0,2026-10-10
CHD,Church & Dwight Company Inc. Common Stock,NASDAQ,Consumer Defensive,Household & Personal Products,98.11,1844355.0,22507870636.0,,0.0,2026-10-10
VLTO,Veralto Corp Common Stock,NASDAQ,Industrials,Pollution & Treatment Controls,96.93,1842130.0,21761981343.0,,0.0,2026-10-10
UTZ,Utz Brands Inc Class A Common Stock,NASDAQ,Consumer Defensive,Packaged Foods,14.3,1836075.0,686239363.0,,0.0,2026-10-10
SN,SharkNinja Inc. Ordinary Shares,NASDAQ,Consumer Cyclical,"Furnishings, Fixtures & Appliances",184.98,1835365.0,16347448198.0,,0.0,2026-10-10
HUBS,HubSpot Inc. Common Stock,NASDAQ,Technology,Software - Application,228.3,1831245.0,11778016885.0,,0.0,2026-10-10
GRND,Grindr Inc. Common Stock,NASDAQ,Technology,Software - Application,15.03,1826935.0,2495791086.0,,0.0,2026-10-10
HSBC,HSBC Holdings plc. Common Stock,NASDAQ,Financial Services,Banks - Diversified,92.98,1826585.0,310763057543.0,,0.0,2026-10-10
RBA,RB Global Inc. Common Stock,NASDAQ,Industrials,Specialty Business Services,85.84,1826135.0,19847486064.0,,0.0,2026-10-10
IFF,International Flavors & Fragrances Inc. Common Stock,NASDAQ,Basic Materials,Specialty Chemicals,84.55,1825095.0,18171846430.0,,0.0,2026-10-10
YETI,YETI Holdings Inc. Common Stock,NASDAQ,Consumer Cyclical,Leisure,39.79,1818030.0,3024717865.0,,0.0,2026-10-10
EWTX,"Edgewise Therapeutics, Inc.",NASDAQ,Healthcare,Biotechnology,39.06,1817980.0,3348449329.3831825,61.0,0.0,2026-10-10
VSAT,"ViaSat, Inc.",NASDAQ,Technology,Communication Equipment,72.01,1817605.0,7640516306.0,62.0,0.0,2026-10-10
PBI,Pitney Bowes Inc. Common Stock,NASDAQ,Industrials,Integrated Freight & Logistics,16.8,1814745.0,2329265391.0,,0.0,2026-10-10
PHM,PulteGroup Inc. Common Stock,NASDAQ,Consumer Cyclical,Residential Construction,112.12,1804035.0,24298438723.0,,0.0,2026-10-10
ENOV,Enovis Corporation Common Stock,NASDAQ,Healthcare,Medical Devices,17.69,1801070.0,1386690982.0,,0.0,2026-10-10
TDS,Telephone and Data Systems Inc. Common Shares,NASDAQ,Communication Services,Telecom Services,33.53,1798895.0,5146883880.0,,0.0,2026-10-10
EFC,Ellington Financial Inc. Common Stock,NASDAQ,Real Estate,REIT - Mortgage,11.66,1795910.0,1637888205.0,,0.0,2026-10-10
OLLI,"Ollie's Bargain Outlet Holdings, Inc.",NASDAQ,Consumer Defensive,Discount Stores,85.33,1791675.0,5504596362.5,61.0,0.0,2026-10-10
WPC,W. P. Carey Inc. REIT,NASDAQ,Real Estate,REIT - Diversified,63.37,1791390.0,16034366070.0,,0.0,2026-10-10
CSIQ,Canadian Solar Inc.,NASDAQ,Technology,Solar,11.38,1791315.0,924886745.3626728,61.0,0.0,2026-10-10
HAS,"Hasbro, Inc.",NASDAQ,Consumer Cyclical,Leisure,93.32,1789755.0,12703220261.006683,61.0,0.0,2026-10-10
SAP,SAP  SE ADS,NASDAQ,Technology,Software - Application,214.78,1788670.0,206619667370.0,,0.0,2026-10-10
ALC,Alcon Inc. Ordinary Shares,NASDAQ,Healthcare,Medical Instruments & Supplies,64.11,1787475.0,37887128335.0,,0.0,2026-10-10
IMMX,"Immix Biopharma, Inc.",NASDAQ,Healthcare,Biotechnology,9.46,1784350.0,431661054.145628,61.0,0.0,2026-10-10
QRVO,"Qorvo, Inc.",NASDAQ,Technology,Semiconductors,107.98,1783069.0,7181909065.296112,61.0,0.0,2026-10-10
GTES,Gates Industrial Corporation plc Ordinary Shares,NASDAQ,Industrials,Specialty Industrial Machinery,26.67,1782815.0,6499574065.0,,0.0,2026-10-10
AMPL,"Amplitude, Inc.",NASDAQ,Technology,Software - Application,15.67,1782045.0,872566665.003171,61.0,0.0,2026-10-10
CGNX,Cognex Corporation,NASDAQ,Technology,Scientific & Technical Instruments,62.92,1781315.0,8080130531.670044,61.0,0.0,2026-10-10
RLJ,RLJ Lodging Trust Common Shares of Beneficial Interest $0.01 par value,NASDAQ,Real Estate,REIT - Hotel & Motel,11.21,1779775.0,1216934230.0,,0.0,2026-10-10
TEL,TE Connectivity plc Ordinary Shares,NASDAQ,Technology,Electronic Components,218.29,1779380.0,62991534847.0,,0.0,2026-10-10
BAH,Booz Allen Hamilton Holding Corporation Common Stock,NASDAQ,Industrials,Consulting Services,73.94,1777795.0,9495601932.0,,0.0,2026-10-10
PTRN,Pattern Group Inc.,NASDAQ,Technology,Software - Application,18.42,1777765.0,2342124722.0519705,61.0,0.0,2026-10-10
ADTN,"ADTRAN Holdings, Inc.",NASDAQ,Technology,Communication Equipment,7.46,1777070.0,1037283084.1677064,61.0,0.0,2026-10-10
XWIN,"XMAX, Inc.",NASDAQ,Consumer Cyclical,"Furnishings, Fixtures & Appliances",8.79,1773044.0,385960148.0,62.0,0.0,2026-10-10
NAMS,NewAmsterdam Pharma Company N.V.,NASDAQ,Healthcare,Biotechnology,21.58,1769815.0,3561938520.9284286,61.0,0.0,2026-10-10
KURA,"Kura Oncology, Inc.",NASDAQ,Healthcare,Biotechnology,10.6,1767145.0,701338291.5142694,61.0,0.0,2026-10-10
AAP,Advance Auto Parts Inc.,NASDAQ,Consumer Cyclical,Auto Parts,42.3,1757630.0,3509953339.0,,0.0,2026-10-10
ESTC,Elastic N.V. Ordinary Shares,NASDAQ,Technology,Software - Application,98.23,1754980.0,4802446929.0,,0.0,2026-10-10
AEM,Agnico Eagle Mines Limited Common Stock,NASDAQ,Basic Materials,Gold,189.02,1754660.0,100313118036.0,,0.0,2026-10-10
FTRE,Fortrea Holdings Inc.,NASDAQ,Healthcare,Biotechnology,20.84,1752200.0,856459985.7330322,61.0,0.0,2026-10-10
WPM,Wheaton Precious Metals Corp Common Shares (Canada),NASDAQ,Basic Materials,Gold,138.65,1744945.0,63313785601.0,,0.0,2026-10-10
TXNM,TXNM Energy Inc. Common Stock,NASDAQ,Utilities,Utilities - Regulated Electric,58.61,1744930.0,6428538540.0,,0.0,2026-10-10
OUT,OUTFRONT Media Inc. Common Stock,NASDAQ,Real Estate,REIT - Specialty,29.98,1744425.0,5285065540.0,,0.0,2026-10-10
STAG,Stag Industrial Inc. Common Stock,NASDAQ,Real Estate,REIT - Industrial,36.01,1744020.0,7584287666.0,,0.0,2026-10-10
PD,PagerDuty Inc. Common Stock,NASDAQ,Technology,Software - Application,16.16,1737700.0,603313615.0,,0.0,2026-10-10
CORT,Corcept Therapeutics Incorporated,NASDAQ,Healthcare,Biotechnology,121.19,1731980.0,4059232586.9686127,61.0,0.0,2026-10-10
VRE,Veris Residential Inc. Common Stock,NASDAQ,Real Estate,REIT - Residential,18.99,1731933.0,1776353690.0,,0.0,2026-10-10
INCY,Incyte Corporation,NASDAQ,Healthcare,Biotechnology,112.79,1731670.0,18142161272.57281,61.0,0.0,2026-10-10
SWK,Stanley Black & Decker Inc. Common Stock,NASDAQ,Industrials,Tools & Accessories,88.57,1731285.0,11901151823.0,,0.0,2026-10-10
PPG,PPG Industries Inc. Common Stock,NASDAQ,Basic Materials,Specialty Chemicals,103.96,1730580.0,24573092452.0,,0.0,2026-10-10
ADC,Agree Realty Corporation Common Stock,NASDAQ,Real Estate,REIT - Retail,65.95,1727745.0,9210691770.0,,0.0,2026-10-10
IBB,iShares Biotechnology ETF,NASDAQ,,,206.49,1725655.0,11805088768.0,62.0,0.0,2026-10-10
BILL,BILL Holdings Inc. Common Stock,NASDAQ,Technology,Software - Application,44.83,1718300.0,3680338627.0,,0.0,2026-10-10
AROC,Archrock Inc. Common Stock,NASDAQ,Energy,Oil & Gas Equipment & Services,30.28,1714225.0,6542001142.0,,0.0,2026-10-10
KT,KT Corporation Common Stock,NASDAQ,Communication Services,Telecom Services,18.3,1711925.0,10436811446.0,,0.0,2026-10-10
GDS,GDS Holdings Limited,NASDAQ,Technology,Information Technology Services,30.97,1711040.0,8135330782.048027,61.0,0.0,2026-10-10
INOD,Innodata Inc.,NASDAQ,Technology,Information Technology Services,62.04,1708585.0,1226176171.068924,61.0,0.0,2026-10-10
HELP,Cybin Inc.,NASDAQ,Healthcare,Biotechnology,11.8,1702815.0,401718360.0,62.0,0.0,2026-10-10
VSXY,Victorias Secret & Co. Common Stock ,NYSE,Consumer Cyclical,Apparel Retail,82.87,1699110.0,6228971227.0,62.0,0.0,2026-10-10
TDC,Teradata Corporation Common Stock,NASDAQ,Technology,Software - Infrastructure,30.59,1698400.0,2498438791.0,,0.0,2026-10-10
ACM,AECOM Common Stock,NASDAQ,Industrials,Engineering & Construction,59.28,1697150.0,10390927065.0,,0.0,2026-10-10
ARIS,Aris Mining Corporation Common Shares,NASDAQ,Basic Materials,Gold,17.33,1674975.0,3907592838.0,,0.0,2026-10-10
STTK,"Shattuck Labs, Inc. - Common Stock",NASDAQ,Healthcare,Biotechnology,5.97,1667785.0,523025971.0,,0.0,2026-10-10
GMED,Globus Medical Inc. Class A Common Stock,NASDAQ,Healthcare,Medical Devices,74.65,1666220.0,12831457319.0,,0.0,2026-10-10
ORIC,"Oric Pharmaceuticals, Inc.",NASDAQ,Healthcare,Biotechnology,11.99,1662180.0,1347448775.5508022,61.0,0.0,2026-10-10
PAGP,"Plains GP Holdings, L.P.",NASDAQ,Energy,Oil & Gas Midstream,26.62,1661230.0,5755505998.777428,61.0,0.0,2026-10-10
CSTM,Constellium SE Ordinary Shares (France),NASDAQ,Basic Materials,Aluminum,25.81,1659950.0,4272401006.0,,0.0,2026-10-10
ASO,"Academy Sports and Outdoors, Inc.",NASDAQ,Consumer Cyclical,Specialty Retail,53.49,1659390.0,3648800817.3980713,61.0,0.0,2026-10-10
BKV,BKV Corporation Common Stock,NASDAQ,Energy,Oil & Gas E&P,24.24,1659140.0,3180906776.0,,0.0,2026-10-10
VRNS,"Varonis Systems, Inc. - Common Stock",NASDAQ,Technology,Software - Infrastructure,50.12,1653150.0,2380346731.0,,0.0,2026-10-10
CARG,"CarGurus, Inc.",NASDAQ,Consumer Cyclical,Auto & Truck Dealerships,28.85,1649130.0,3359952888.825016,61.0,0.0,2026-10-10
GLDD,Great Lakes Dredge & Dock Corporation,NASDAQ,Industrials,Engineering & Construction,17.0,1646645.0,1133270096.205265,61.0,0.0,2026-10-10
ZION,Zions Bancorporation N.A. - Common Stock,NASDAQ,Financial Services,Banks - Regional,62.49,1646450.0,9028612897.0,,0.0,2026-10-10
VSTS,Vestis Corporation Common Stock,NASDAQ,Industrials,Rental & Leasing Services,14.13,1646435.0,1291780097.0,,0.0,2026-10-10
TAC,TransAlta Corporation Ordinary Shares,NASDAQ,Utilities,Utilities - Independent Power Producers,13.13,1645920.0,3707476925.0,,0.0,2026-10-10
RYAAY,Ryanair Holdings plc,NASDAQ,Industrials,Airlines,54.24,1642795.0,31336620920.27665,61.0,0.0,2026-10-10
NMZ,Nuveen Municipal High Income Opportunity Fund Common Stock $0.01 par value per share,NASDAQ,Financial Services,Asset Management,9.09,1642260.0,1207901068.0,,0.0,2026-10-10
SYM,Symbotic Inc. - Class A Common Stock,NASDAQ,Industrials,Specialty Industrial Machinery,42.63,1641550.0,32420506986.0,,0.0,2026-10-10
GRAL,"GRAIL, Inc.",NASDAQ,Healthcare,Diagnostics & Research,140.58,1641330.0,1971843645.331612,61.0,0.0,2026-10-10
MWA,MUELLER WATER PRODUCTS Common Stock,NASDAQ,Industrials,Specialty Industrial Machinery,21.67,1640140.0,4405374419.0,,0.0,2026-10-10
CB,Chubb Limited  Common Stock,NASDAQ,Financial Services,Insurance - Property & Casualty,341.2,1639775.0,126696176652.0,,0.0,2026-10-10
CI,The Cigna Group Common Stock,NASDAQ,Healthcare,Healthcare Plans,282.43,1638370.0,72675456024.0,,0.0,2026-10-10
IMVT,"Immunovant, Inc. ",NASDAQ,Healthcare,Biotechnology,30.47,1636220.0,5014015300.884819,61.0,0.0,2026-10-10
ARHS,"Arhaus, Inc.",NASDAQ,Consumer Cyclical,Specialty Retail,9.69,1635265.0,935640997.7501678,61.0,0.0,2026-10-10
WK,Workiva Inc. Class A Common Stock,NASDAQ,Technology,Software - Application,73.25,1635175.0,3020761202.0,,0.0,2026-10-10
DLO,DLocal Limited,NASDAQ,Technology,Software - Infrastructure,15.23,1630715.0,3627663115.0538063,61.0,0.0,2026-10-10
GBDC,"Golub Capital BDC, Inc.",NASDAQ,Financial Services,Asset Management,12.1,1629995.0,3270610211.556792,61.0,0.0,2026-10-10
PODD,Insulet Corporation,NASDAQ,Healthcare,Medical Devices,135.28,1628420.0,14768344479.291626,61.0,0.0,2026-10-10
FLS,Flowserve Corporation Common Stock,NASDAQ,Industrials,Specialty Industrial Machinery,72.28,1625590.0,10635134425.0,,0.0,2026-10-10
FDX,FedEx Corporation Common Stock,NASDAQ,Industrials,Integrated Freight & Logistics,291.71,1622265.0,92574651814.0,,0.0,2026-10-10
BBVA,Banco Bilbao Vizcaya Argentaria S.A. Common Stock,NASDAQ,Financial Services,Banks - Diversified,26.12,1622115.0,122060947317.0,,0.0,2026-10-10
ORI,Old Republic International Corporation Common Stock,NASDAQ,Financial Services,Insurance - Property & Casualty,38.17,1619710.0,9837262638.0,,0.0,2026-10-10
IRM,Iron Mountain Incorporated (Delaware)Common Stock REIT,NASDAQ,Real Estate,REIT - Specialty,114.51,1618705.0,34516466773.0,,0.0,2026-10-10
SB,Safe Bulkers Inc Common Stock ($0.001 par value),NYSE,Industrials,Marine Shipping,8.53,1614890.0,672297572.0,64.0,0.0,2026-10-10
NRIX,"Nurix Therapeutics, Inc.",NASDAQ,Healthcare,Biotechnology,22.35,1611500.0,1535446200.5451963,61.0,0.0,2026-10-10
RCI,Rogers Communication Inc. Common Stock,NASDAQ,Communication Services,Telecom Services,29.78,1609750.0,19480524266.0,,0.0,2026-10-10
CBC,"Central Bancompany, Inc.",NASDAQ,Financial Services,Banks - Regional,32.42,1608750.0,5721445269.630432,61.0,0.0,2026-10-10
LC,LendingClub Corporation Common Stock,NASDAQ,Financial Services,Banks - Regional,19.57,1606420.0,2017748058.0,,0.0,2026-10-10
ELVN,"Enliven Therapeutics, Inc. ",NASDAQ,Healthcare,Biotechnology,40.98,1602355.0,2305604671.579636,61.0,0.0,2026-10-10
SYRE,"Spyre Therapeutics, Inc. - Common Stock",NASDAQ,Healthcare,Biotechnology,85.69,1602180.0,4028325083.0,,0.0,2026-10-10
IQV,IQVIA Holdings Inc. Common Stock,NASDAQ,Healthcare,Diagnostics & Research,259.88,1600935.0,27241349288.0,,0.0,2026-10-10
WEAV,Weave Communications Inc. Common Stock,NASDAQ,Healthcare,Health Information Services,7.38,1590955.0,383018726.0,,0.0,2026-10-10
HOMB,Home BancShares Inc. Common Stock,NASDAQ,Financial Services,Banks - Regional,28.25,1590410.0,5345824191.0,,0.0,2026-10-10
JBL,Jabil Inc. Common Stock,NASDAQ,Technology,Electronic Components,306.28,1590155.0,36044970162.0,,0.0,2026-10-10
TREX,Trex Company Inc. Common Stock,NASDAQ,Industrials,Building Products & Equipment,44.78,1588810.0,4352950557.0,,0.0,2026-10-10
ZIM,ZIM Integrated Shipping Services Ltd. Ordinary Shares,NASDAQ,Industrials,Marine Shipping,29.99,1586060.0,3125070593.0,,0.0,2026-10-10
CIM,Chimera Investment Corporation Common Stock,NASDAQ,Real Estate,REIT - Mortgage,8.96,1585390.0,1135070372.0,,0.0,2026-10-10
VIV,Telefonica Brasil S.A. American Depositary Shares (Each representing One Common Share),NASDAQ,Communication Services,Telecom Services,12.2,1585305.0,25644739755.0,,0.0,2026-10-10
LILAK,Liberty Latin America Ltd.,NASDAQ,Communication Services,Telecom Services,8.12,1584995.0,1678821315.4581566,61.0,0.0,2026-10-10
OZK,Bank OZK,NASDAQ,Financial Services,Banks - Regional,44.41,1583965.0,5043453682.854462,61.0,0.0,2026-10-10
CVBF,CVB Financial Corporation,NASDAQ,Financial Services,Banks - Regional,21.49,1583815.0,2597859644.161852,61.0,0.0,2026-10-10
RNG,RingCentral Inc. Class A Common Stock,NASDAQ,Technology,Software - Application,79.27,1583620.0,3502076373.0,,0.0,2026-10-10
EAT,Brinker International Inc. Common Stock,NASDAQ,Consumer Cyclical,Restaurants,193.87,1582155.0,6039123904.0,,0.0,2026-10-10
GBTG,Global Business Travel Group Inc. Class A Common Stock,NASDAQ,Consumer Cyclical,Travel Services,9.5,1578891.0,2998754930.0,,0.0,2026-10-10
GNRC,Generac Holdlings Inc. Common Stock,NASDAQ,Industrials,Specialty Industrial Machinery,224.94,1578795.0,12963250029.0,,0.0,2026-10-10
PRCH,"Porch Group, Inc.",NASDAQ,Financial Services,Insurance - Property & Casualty,17.56,1572135.0,730840639.9457359,61.0,0.0,2026-10-10
BLZE,"Backblaze, Inc.",NASDAQ,Technology,Software - Infrastructure,12.69,1571775.0,448910189.0,63.0,0.0,2026-10-10
HLIT,Harmonic Inc.,NASDAQ,Technology,Communication Equipment,10.99,1571515.0,1064530753.7228287,61.0,0.0,2026-10-10
HLT,Hilton Worldwide Holdings Inc. Common Stock,NASDAQ,Consumer Cyclical,Lodging,326.56,1570720.0,76957146197.0,,0.0,2026-10-10
RCUS,Arcus Biosciences Inc. Common Stock,NASDAQ,Healthcare,Biotechnology,24.41,1570550.0,3203531391.0,,0.0,2026-10-10
AVAV,"AeroVironment, Inc.",NASDAQ,Industrials,Aerospace & Defense,137.11,1569010.0,9455557825.218842,61.0,0.0,2026-10-10
MTZ,MasTec Inc. Common Stock,NASDAQ,Industrials,Engineering & Construction,212.65,1566665.0,29648712503.0,,0.0,2026-10-10
ACHC,"Acadia Healthcare Company, Inc.",NASDAQ,Healthcare,Medical Care Facilities,29.25,1564740.0,2131014245.8616028,61.0,0.0,2026-10-10
GLBE,Global-E Online Ltd.,NASDAQ,Consumer Cyclical,Internet Retail,40.39,1564270.0,5003524524.86557,61.0,0.0,2026-10-10
BBNX,"Beta Bionics, Inc.",NASDAQ,Healthcare,Medical Devices,17.63,1559080.0,483321585.1774006,61.0,0.0,2026-10-10
VEEV,Veeva Systems Inc. Class A Common Stock,NASDAQ,Healthcare,Health Information Services,296.13,1558205.0,26486849259.0,,0.0,2026-10-10
AOS,A.O. Smith Corporation Common Stock,NASDAQ,Industrials,Specialty Industrial Machinery,56.38,1557460.0,8899878652.0,,0.0,2026-10-10
IMNM,"Immunome, Inc.",NASDAQ,Healthcare,Biotechnology,19.55,1556795.0,2247390972.2408657,61.0,0.0,2026-10-10
LHX,L3Harris Technologies Inc. Common Stock,NASDAQ,Industrials,Aerospace & Defense,236.97,1556765.0,59306391345.0,,0.0,2026-10-10
GGG,Graco Inc. Common Stock,NASDAQ,Industrials,Specialty Industrial Machinery,78.21,1554325.0,13539684183.0,,0.0,2026-10-10
VCYT,"Veracyte, Inc.",NASDAQ,Healthcare,Diagnostics & Research,45.23,1549650.0,2470362507.0,62.0,0.0,2026-10-10
CLMT,"Calumet, Inc",NASDAQ,Basic Materials,Specialty Chemicals,56.42,1545985.0,2670982360.9247303,61.0,0.0,2026-10-10
CUZ,Cousins Properties Incorporated Common Stock,NASDAQ,Real Estate,REIT - Office,27.62,1544155.0,4137133641.0,,0.0,2026-10-10
TIC,TIC Solutions Inc. Common Stock,NASDAQ,Industrials,Specialty Business Services,8.91,1543290.0,1906827476.0,,0.0,2026-10-10
CM,Canadian Imperial Bank of Commerce Common Stock,NASDAQ,Financial Services,Banks - Diversified,109.2,1540280.0,100796732962.0,,0.0,2026-10-10
ATRC,"AtriCure, Inc.",NASDAQ,Healthcare,Medical Instruments & Supplies,55.81,1539195.0,1443989018.5894184,61.0,0.0,2026-10-10
WCN,Waste Connections Inc. Common Shares,NASDAQ,Industrials,Waste Management,152.83,1538010.0,42195218916.0,,0.0,2026-10-10
BURL,Burlington Stores Inc. Common Stock,NASDAQ,Consumer Cyclical,Apparel Retail,276.97,1537415.0,20845198319.0,,0.0,2026-10-10
BXSL,Blackstone Secured Lending Fund Common Shares of Beneficial Interest,NASDAQ,Financial Services,Asset Management,23.86,1536590.0,5435347488.0,,0.0,2026-10-10
HSY,The Hershey Company Common Stock,NASDAQ,Consumer Defensive,Confectioners,162.74,1534955.0,38811262814.0,,0.0,2026-10-10
CURB,Curbline Properties Corp. Common Stock,NASDAQ,Real Estate,REIT - Retail,27.01,1534880.0,2965628349.0,,0.0,2026-10-10
ATI,ATI Inc. Common Stock,NASDAQ,Industrials,Metal Fabrication,191.84,1533205.0,21123792885.0,,0.0,2026-10-10
FBP,First BanCorp. New Common Stock,NASDAQ,Financial Services,Banks - Regional,26.68,1526425.0,3621384784.0,,0.0,2026-10-10
RGNX,REGENXBIO Inc.,NASDAQ,Healthcare,Biotechnology,8.07,1525250.0,408774837.2177582,61.0,0.0,2026-10-10
SHAK,Shake Shack Inc. Class A Common Stock,NASDAQ,Consumer Cyclical,Restaurants,66.9,1524640.0,4398182339.0,,0.0,2026-10-10
GPGI,GPGI Inc. Class A Common Stock,NASDAQ,Industrials,Metal Fabrication,12.6,1520165.0,4655168035.0,,0.0,2026-10-10
SHAZ,"SharonAI Holdings, Inc.",NASDAQ,Technology,Information Technology Services,37.93,1517920.0,1139613682.0,64.0,0.0,2026-10-10
EMBJ,Embraer S.A. Common Stock,NASDAQ,Industrials,Aerospace & Defense,71.16,1516485.0,11143744485.0,,0.0,2026-10-10
Q,Qnity Electronics Inc. Common Stock,NASDAQ,Technology,Semiconductor Equipment & Materials,126.6,1515145.0,30291517987.0,,0.0,2026-10-10
KRC,Kilroy Realty Corporation Common Stock,NASDAQ,Real Estate,REIT - Office,34.25,1514605.0,3716359256.0,,0.0,2026-10-10
NAVI,Navient Corporation,NASDAQ,Financial Services,Credit Services,9.11,1514335.0,772128093.2778511,61.0,0.0,2026-10-10
AJG,Arthur J. Gallagher & Co. Common Stock,NASDAQ,Financial Services,Insurance Brokers,232.7,1512270.0,55374199255.0,,0.0,2026-10-10
NZF,Nuveen Municipal Credit Income Fund ,NYSE,Financial Services,Asset Management,10.86,1509450.0,2388679171.0,64.0,0.0,2026-10-10
PPC,Pilgrim's Pride Corporation,NASDAQ,Consumer Defensive,Packaged Foods,28.65,1507200.0,8679983967.401184,61.0,0.0,2026-10-10
FROG,JFrog Ltd.,NASDAQ,Technology,Software - Application,102.23,1505465.0,5352796389.817516,61.0,0.0,2026-10-10
RSG,Republic Services Inc. Common Stock,NASDAQ,Industrials,Waste Management,216.88,1501140.0,64815917445.0,,0.0,2026-10-10
FWRG,"First Watch Restaurant Group, Inc.",NASDAQ,Consumer Cyclical,Restaurants,10.98,1495160.0,654294263.7452745,61.0,0.0,2026-10-10
HUM,Humana Inc. Common Stock,NASDAQ,Healthcare,Healthcare Plans,431.87,1494910.0,25839321343.0,,0.0,2026-10-10
GLNG,Golar LNG Limited,NASDAQ,Energy,Oil & Gas Midstream,47.92,1493360.0,5565811742.492676,61.0,0.0,2026-10-10
BXP,BXP Inc. Common Stock,NASDAQ,Real Estate,REIT - Office,59.05,1492855.0,9160363213.0,,0.0,2026-10-10
RAL,Ralliant Corporation Common Stock,NASDAQ,Technology,Electronic Components,73.2,1491890.0,4995418390.0,,0.0,2026-10-10
PZZA,"Papa John's International, Inc.",NASDAQ,Consumer Cyclical,Restaurants,19.75,1491705.0,1055803970.912178,61.0,0.0,2026-10-10
AMLX,"Amylyx Pharmaceuticals, Inc.",NASDAQ,Healthcare,Drug Manufacturers - Specialty & Generic,28.14,1491500.0,1498328309.6531982,61.0,0.0,2026-10-10
SPOT,Spotify Technology S.A. Ordinary Shares,NASDAQ,Communication Services,Internet Content & Information,529.14,1490040.0,106647052120.0,,0.0,2026-10-10
CDNA,"CareDx, Inc.",NASDAQ,Healthcare,Diagnostics & Research,63.67,1488960.0,880012501.7919922,61.0,0.0,2026-10-10
HUBG,"Hub Group, Inc.",NASDAQ,Industrials,Integrated Freight & Logistics,25.76,1488635.0,2167173260.813668,61.0,0.0,2026-10-10
SFNC,Simmons First National Corporation,NASDAQ,Financial Services,Banks - Regional,22.18,1485360.0,2772770484.019684,61.0,0.0,2026-10-10
ABVX,Abivax SA,NASDAQ,Healthcare,Biotechnology,88.15,1483450.0,8236033418.514526,61.0,0.0,2026-10-10
FERG,Ferguson Enterprises Inc. Common Stock,NASDAQ,Industrials,Industrial Distribution,220.04,1483100.0,52923921571.0,,0.0,2026-10-10
ACHV,"Achieve Life Sciences, Inc. ",NASDAQ,Healthcare,Biotechnology,7.41,1481600.0,534853690.0,63.0,0.0,2026-10-10
YELP,Yelp Inc. Common Stock,NASDAQ,Communication Services,Internet Content & Information,18.59,1480360.0,1604645867.0,,0.0,2026-10-10
YUMC,Yum China Holdings Inc. Common Stock,NASDAQ,Consumer Cyclical,Restaurants,42.92,1478225.0,17134007605.0,,0.0,2026-10-10
CRI,Carter's Inc. Common Stock,NASDAQ,Consumer Cyclical,Apparel Retail,32.36,1477255.0,1371841168.0,,0.0,2026-10-10
EC,Ecopetrol S.A. American Depositary Shares,NASDAQ,Energy,Oil & Gas Integrated,16.94,1471795.0,28370519735.0,,0.0,2026-10-10
CALM,"Cal-Maine Foods, Inc.",NASDAQ,Consumer Defensive,Farm Products,64.35,1471430.0,3757044812.125672,61.0,0.0,2026-10-10
SFL,SFL Corporation Ltd,NASDAQ,Industrials,Marine Shipping,13.34,1468205.0,1451698430.0,,0.0,2026-10-10
VELO,"Velo3D, Inc.",NASDAQ,Technology,Computer Hardware,8.67,1465530.0,455124045.0,63.0,0.0,2026-10-10
DAN,Dana Incorporated Common Stock,NASDAQ,Consumer Cyclical,Auto Parts,29.34,1461710.0,4265034812.0,,0.0,2026-10-10
SMFG,Sumitomo Mitsui Financial Group Inc Unsponsored American Depositary Shares (Japan),NASDAQ,Financial Services,Banks - Diversified,25.13,1458725.0,128539451180.0,,0.0,2026-10-10
TRI,Thomson Reuters Corp - Common Shares,NASDAQ,Industrials,Specialty Business Services,103.21,1456905.0,36959658804.0,,0.0,2026-10-10
SF,Stifel Financial Corporation Common Stock,NASDAQ,Financial Services,Capital Markets,70.34,1455915.0,11948079922.0,,0.0,2026-10-10
PFGC,Performance Food Group Company Common Stock,NASDAQ,Consumer Defensive,Food Distribution,94.88,1452780.0,14182894910.0,,0.0,2026-10-10
SLDB,Solid Biosciences Inc.,NASDAQ,Healthcare,Biotechnology,6.87,1452535.0,702513968.8233423,61.0,0.0,2026-10-10
SBH,Sally Beauty Holdings Inc. (Name to be changed from Sally Holdings Inc.) Common Stock,NASDAQ,Consumer Cyclical,Specialty Retail,15.9,1452390.0,1450413444.0,,0.0,2026-10-10
CLYM,"Climb Bio, Inc.",NASDAQ,Healthcare,Biotechnology,11.0,1450565.0,436599353.0,63.0,0.0,2026-10-10
SGMT,Sagimet Biosciences Inc.,NASDAQ,Healthcare,Biotechnology,8.93,1450065.0,469931259.0,63.0,0.0,2026-10-10
ASML,ASML Holding N.V.,NASDAQ,Technology,Semiconductor Equipment & Materials,1780.34,1449765.0,519035871859.0064,61.0,0.0,2026-10-10
COCO,"The Vita Coco Company, Inc.",NASDAQ,Consumer Defensive,Beverages - Non-Alcoholic,58.39,1449685.0,2852966980.409855,61.0,0.0,2026-10-10
PRIM,Primoris Services Corporation Common Stock,NASDAQ,Industrials,Engineering & Construction,83.6,1449575.0,9306130535.0,,0.0,2026-10-10
MT,Arcelor Mittal NY Registry Shares NEW,NASDAQ,Basic Materials,Steel,64.11,1448815.0,45446821955.0,,0.0,2026-10-10
MPLX,MPLX LP Common Units Representing Limited Partner Interests,NASDAQ,Energy,Oil & Gas Midstream,56.3,1447365.0,56181408164.0,,0.0,2026-10-10
MLYS,"Mineralys Therapeutics, Inc.",NASDAQ,Healthcare,Biotechnology,23.37,1445605.0,1965227581.7329063,61.0,0.0,2026-10-10
NBIX,"Neurocrine Biosciences, Inc.",NASDAQ,Healthcare,Drug Manufacturers - Specialty & Generic,142.44,1444065.0,12992049979.065018,61.0,0.0,2026-10-10
WAFD,"WaFd, Inc. - Common Stock",NASDAQ,Financial Services,Banks - Regional,29.43,1443780.0,2487188689.0,,0.0,2026-10-10
AME,AMETEK Inc.,NASDAQ,Industrials,Specialty Industrial Machinery,248.58,1442965.0,53360790986.0,,0.0,2026-10-10
AXGN,"Axogen, Inc.",NASDAQ,Healthcare,Medical Devices,36.13,1438730.0,1626992350.4973946,61.0,0.0,2026-10-10
SLDE,"Slide Insurance Holdings, Inc.",NASDAQ,Financial Services,Insurance - Property & Casualty,25.14,1438355.0,2189264815.538544,61.0,0.0,2026-10-10
ABEO,Abeona Therapeutics Inc.,NASDAQ,Healthcare,Biotechnology,4.94,1435080.0,307494226.0,63.0,1.0,2026-10-10
OMDA,"Omada Health, Inc.",NASDAQ,Healthcare,Health Information Services,21.55,1434275.0,743049765.559556,61.0,0.0,2026-10-10
PPLI,People Incorporated,NASDAQ,Communication Services,Internet Content & Information,40.89,1433590.0,3459018564.0,62.0,0.0,2026-10-10
VNO,Vornado Realty Trust Common Stock,NASDAQ,Real Estate,REIT - Office,33.63,1431610.0,5524449106.0,,0.0,2026-10-10
SSNC,"SS&C Technologies Holdings, Inc.",NASDAQ,Technology,Software - Application,81.03,1428195.0,16118010712.862534,61.0,0.0,2026-10-10
MFC,Manulife Financial Corporation Common Stock,NASDAQ,Financial Services,Insurance - Life,42.43,1425940.0,64781978232.0,,0.0,2026-10-10
EGY,VAALCO Energy Inc.  Common Stock,NASDAQ,Energy,Oil & Gas E&P,6.01,1425570.0,635975333.0,,0.0,2026-10-10
BKKT,Bakkt Inc. Class A Common Stock,NYSE,Technology,Software - Infrastructure,6.88,1422000.0,471489534.0,63.0,0.0,2026-10-10
VERX,"Vertex, Inc. - Class A Common Stock",NASDAQ,Technology,Software - Application,12.95,1418765.0,1727534485.0,,0.0,2026-10-10
FTAI,FTAI Aviation Ltd.,NASDAQ,Industrials,Rental & Leasing Services,169.96,1418155.0,24829401999.81805,61.0,0.0,2026-10-10
GPRE,"Green Plains, Inc.",NASDAQ,Basic Materials,Chemicals,14.34,1417910.0,1191450641.3420334,61.0,0.0,2026-10-10
AVT,"Avnet, Inc.",NASDAQ,Technology,Electronics & Computer Distribution,99.36,1417335.0,4946160316.244431,61.0,0.0,2026-10-10
GLUE,"Monte Rosa Therapeutics, Inc.",NASDAQ,Healthcare,Biotechnology,10.3,1414030.0,1237842389.8564882,61.0,0.0,2026-10-10
KNTK,Kinetik Holdings Inc. Class A Common Stock,NASDAQ,Energy,Oil & Gas Midstream,53.46,1411750.0,3266039710.0,,0.0,2026-10-10
SVV,Savers Value Village Inc. Common Stock,NASDAQ,Consumer Cyclical,Specialty Retail,9.23,1410765.0,1352094596.0,,0.0,2026-10-10
AVNS,Avanos Medical Inc. Common Stock,NASDAQ,Healthcare,Medical Devices,24.99,1409371.0,1150985074.0,,0.0,2026-10-10
AEVA,"Aeva Technologies, Inc.",NASDAQ,Technology,Software - Infrastructure,13.66,1409095.0,810136750.2262087,61.0,0.0,2026-10-10
TEX,Terex Corporation Common Stock,NASDAQ,Industrials,Farm & Heavy Construction Machinery,50.67,1407265.0,7116483017.0,,0.0,2026-10-10
PHAT,"Phathom Pharmaceuticals, Inc.",NASDAQ,Healthcare,Biotechnology,7.25,1403275.0,829750416.3184738,61.0,0.0,2026-10-10
KMT,Kennametal Inc. Common Stock,NASDAQ,Industrials,Tools & Accessories,31.92,1399495.0,2986992704.0,,0.0,2026-10-10
REYN,Reynolds Consumer Products Inc.,NASDAQ,Consumer Cyclical,Packaging & Containers,22.01,1398975.0,4433879110.534287,61.0,0.0,2026-10-10
PFG,Principal Financial Group Inc,NASDAQ,Financial Services,Asset Management,107.24,1397375.0,19493435515.617645,61.0,0.0,2026-10-10
NOMD,Nomad Foods Limited Ordinary Shares,NASDAQ,Consumer Defensive,Packaged Foods,11.08,1395820.0,1355501312.0,,0.0,2026-10-10
BLSH,Bullish Ordinary Shares,NASDAQ,Technology,Software - Infrastructure,32.59,1395430.0,6004573324.0,,0.0,2026-10-10
TXRH,"Texas Roadhouse, Inc. - Common Stock",NASDAQ,Consumer Cyclical,Restaurants,161.5,1394360.0,10827451996.0,,0.0,2026-10-10
ABTC,American Bitcoin Corp.,NASDAQ,Financial Services,Capital Markets,7.73,1393190.0,447490008.0,62.0,0.0,2026-10-10
FCPT,Four Corners Property Trust Inc. Common Stock,NASDAQ,Real Estate,REIT - Retail,21.28,1390615.0,2790922113.0,,0.0,2026-10-10
PDO,PIMCO Dynamic Income Opportunities Fund Common Shares of Beneficial Interest,NASDAQ,Financial Services,Asset Management,12.1,1387195.0,1905031974.0,,0.0,2026-10-10
ADAM,"Adamas Trust, Inc.",NASDAQ,Real Estate,REIT - Mortgage,7.65,1382595.0,660915045.47405,61.0,0.0,2026-10-10
EHAB,Enhabit Inc. Common Stock,NASDAQ,Healthcare,Medical Care Facilities,13.8,1382500.0,703839814.0,,0.0,2026-10-10
MOD,Modine Manufacturing Company Common Stock,NASDAQ,Consumer Cyclical,Auto Parts,181.56,1379125.0,13272442123.0,,0.0,2026-10-10
DRI,Darden Restaurants Inc. Common Stock,NASDAQ,Consumer Cyclical,Restaurants,197.66,1378435.0,23028407423.0,,0.0,2026-10-10
PRCT,PROCEPT BioRobotics Corporation,NASDAQ,Healthcare,Medical Devices,18.4,1378095.0,1419341237.6222303,61.0,0.0,2026-10-10
VNT,Vontier Corporation Common Stock,NASDAQ,Technology,Scientific & Technical Instruments,32.24,1375520.0,5120255978.0,,0.0,2026-10-10
WING,Wingstop Inc. - Common Stock,NASDAQ,Consumer Cyclical,Restaurants,122.26,1374770.0,4944199460.0,,0.0,2026-10-10
AMBA,"Ambarella, Inc.",NASDAQ,Technology,Semiconductor Equipment & Materials,67.43,1374335.0,2244131940.850708,61.0,0.0,2026-10-10
AHRT,AH Realty Trust Inc. Common Stock,NASDAQ,Real Estate,REIT - Diversified,6.04,1373825.0,484452215.0,,0.0,2026-10-10
MTSI,"MACOM Technology Solutions Holdings, Inc.",NASDAQ,Technology,Semiconductors,330.06,1372490.0,17067848868.65204,61.0,0.0,2026-10-10
MUX,McEwen Inc. Common Stock,NASDAQ,Basic Materials,Other Precious Metals & Mining,17.88,1370255.0,1441730375.0,,0.0,2026-10-10
HCA,HCA Healthcare Inc. Common Stock,NASDAQ,Healthcare,Medical Care Facilities,451.09,1369065.0,96684633125.0,,0.0,2026-10-10
SLGN,Silgan Holdings Inc. Common Stock,NASDAQ,Consumer Cyclical,Packaging & Containers,35.44,1367525.0,4123624205.0,,0.0,2026-10-10
GD,General Dynamics Corporation Common Stock,NASDAQ,Industrials,Aerospace & Defense,331.27,1366865.0,84831630122.0,,0.0,2026-10-10
PRM,Perimeter Solutions SA Common Stock,NASDAQ,Basic Materials,Specialty Chemicals,27.75,1365750.0,5032469955.0,,0.0,2026-10-10
FIBK,"First Interstate BancSystem, Inc.",NASDAQ,Financial Services,Banks - Regional,34.52,1364505.0,3363194554.7962875,61.0,0.0,2026-10-10
ARLO,Arlo Technologies Inc. Common Stock,NASDAQ,Industrials,Building Products & Equipment,12.4,1361275.0,1560089114.0,,0.0,2026-10-10
REG,Regency Centers Corporation,NASDAQ,Real Estate,REIT - Retail,72.05,1359785.0,13966778967.215729,61.0,0.0,2026-10-10
BKH,Black Hills Corporation Common Stock,NASDAQ,Utilities,Utilities - Regulated Gas,76.08,1358665.0,5640978962.0,,0.0,2026-10-10
HLF,Herbalife Ltd. Common Shares,NASDAQ,Consumer Defensive,Packaged Foods,13.03,1356495.0,1714535636.0,,0.0,2026-10-10
HTHT,H World Group Limited,NASDAQ,Consumer Cyclical,Lodging,44.16,1355110.0,15158808265.429289,61.0,0.0,2026-10-10
CGEM,"Cullinan Therapeutics, Inc.",NASDAQ,Healthcare,Biotechnology,15.53,1352610.0,794708067.5666656,61.0,0.0,2026-10-10
VET,Vermilion Energy Inc. Common (Canada),NASDAQ,Energy,Oil & Gas E&P,11.87,1349575.0,1892591579.0,,0.0,2026-10-10
PRVA,"Privia Health Group, Inc.",NASDAQ,Healthcare,Health Information Services,20.85,1349530.0,2445317530.1500053,61.0,0.0,2026-10-10
HSIC,"Henry Schein, Inc.",NASDAQ,Healthcare,Medical Distribution,84.01,1346820.0,8536226007.05732,61.0,0.0,2026-10-10
CHDN,"Churchill Downs, Incorporated",NASDAQ,Consumer Cyclical,Gambling,79.96,1345995.0,5986228604.735657,61.0,0.0,2026-10-10
EMN,Eastman Chemical Company Common Stock,NASDAQ,Basic Materials,Specialty Chemicals,62.69,1345910.0,8233193592.0,,0.0,2026-10-10
ECVT,Ecovyst Inc. Common Stock,NASDAQ,Basic Materials,Specialty Chemicals,10.05,1340330.0,1528299840.0,,0.0,2026-10-10
VIRT,Virtu Financial Inc. Class A Common Stock,NASDAQ,Financial Services,Capital Markets,57.51,1340210.0,4202826401.0,,0.0,2026-10-10
OLMA,"Olema Pharmaceuticals, Inc.",NASDAQ,Healthcare,Biotechnology,7.82,1336410.0,1169646423.2695484,61.0,0.0,2026-10-10
ALNY,"Alnylam Pharmaceuticals, Inc.",NASDAQ,Healthcare,Biotechnology,232.68,1333135.0,42719238971.11816,61.0,0.0,2026-10-10
RAMP,LiveRamp Holdings Inc. Common Stock,NASDAQ,Technology,Software - Infrastructure,37.56,1332660.0,1861728687.0,,0.0,2026-10-10
BWXT,BWX Technologies Inc. Common Stock,NASDAQ,Industrials,Aerospace & Defense,143.83,1329650.0,20443199388.0,,0.0,2026-10-10
PTCT,"PTC Therapeutics, Inc.",NASDAQ,Healthcare,Biotechnology,64.7,1329100.0,5481756367.9457855,61.0,0.0,2026-10-10
MAA,Mid-America Apartment Communities Inc. Common Stock,NASDAQ,Real Estate,REIT - Residential,116.86,1323330.0,14620244365.0,,0.0,2026-10-10
CELC,Celcuity Inc.,NASDAQ,Healthcare,Biotechnology,67.94,1321550.0,5298261492.476807,61.0,0.0,2026-10-10
CAKE,The Cheesecake Factory Incorporated,NASDAQ,Consumer Cyclical,Restaurants,108.45,1318690.0,2657988209.6810417,61.0,0.0,2026-10-10
LDOS,Leidos Holdings Inc. Common Stock,NASDAQ,Technology,Information Technology Services,121.68,1316190.0,18460915262.0,,0.0,2026-10-10
CRVS,"Corvus Pharmaceuticals, Inc.",NASDAQ,Healthcare,Biotechnology,10.52,1316095.0,1187652663.8165045,61.0,0.0,2026-10-10
RJF,Raymond James Financial Inc. Common Stock,NASDAQ,Financial Services,Asset Management,158.38,1310170.0,29855531643.0,,0.0,2026-10-10
NIQ,NIQ Global Intelligence plc Ordinary Shares,NASDAQ,,,18.09,1308925.0,3408581436.0,,0.0,2026-10-10
NUE,Nucor Corporation Common Stock,NASDAQ,Basic Materials,Steel,250.33,1306135.0,48801469623.0,,0.0,2026-10-10
RGEN,Repligen Corporation,NASDAQ,Healthcare,Medical Instruments & Supplies,173.88,1304710.0,6230784111.481781,61.0,0.0,2026-10-10
VRSK,"Verisk Analytics, Inc.",NASDAQ,Industrials,Consulting Services,177.63,1304505.0,22661093356.0,62.0,0.0,2026-10-10
PECO,"Phillips Edison & Company, Inc.",NASDAQ,Real Estate,REIT - Retail,37.57,1301990.0,5135387207.045502,61.0,0.0,2026-10-10
EVC,Entravision Communications Corporation Common Stock,NASDAQ,Communication Services,Advertising Agencies,6.73,1297540.0,345146925.0,,0.0,2026-10-10
AYA,Aya Gold & Silver Inc.,NASDAQ,Basic Materials,Silver,27.42,1296365.0,2839758451.0,62.0,0.0,2026-10-10
AUB,Atlantic Union Bankshares Corporation Common Stock,NASDAQ,Financial Services,Banks - Regional,37.8,1296015.0,5350295403.0,,0.0,2026-10-10
DE,Deere & Company Common Stock,NASDAQ,Industrials,Farm & Heavy Construction Machinery,620.93,1295630.0,151973165101.0,,0.0,2026-10-10
GWRE,Guidewire Software Inc. Common Stock,NASDAQ,Technology,Software - Application,167.32,1295050.0,11865275994.0,,0.0,2026-10-10
MWH,"SOLV Energy, Inc.",NASDAQ,Utilities,Utilities - Renewable,26.21,1293105.0,8725312918.0,60.0,0.0,2026-10-10
CWEN,Clearway Energy Inc. Class C Common Stock,NASDAQ,Utilities,Utilities - Renewable,30.19,1292985.0,4785381570.0,,0.0,2026-10-10
VMC,Vulcan Materials Company (Holding Company) Common Stock,NASDAQ,Basic Materials,Building Materials,244.58,1291240.0,38138613711.0,,0.0,2026-10-10
ELF,e.l.f. Beauty Inc. Common Stock,NASDAQ,Consumer Defensive,Household & Personal Products,109.23,1291235.0,3913982328.0,,0.0,2026-10-10
ERO,Ero Copper Corp. Common Shares,NASDAQ,Basic Materials,Copper,37.61,1286015.0,2847790230.0,,0.0,2026-10-10
WAL,Western Alliance Bancorporation Common Stock (DE),NASDAQ,Financial Services,Banks - Regional,74.27,1282790.0,8632764289.0,,0.0,2026-10-10
WYFI,"WhiteFiber, Inc. - Ordinary Shares",NASDAQ,Technology,Software - Application,15.69,1282415.0,556297749.0,,0.0,2026-10-10
TT,Trane Technologies plc,NASDAQ,Industrials,Building Products & Equipment,476.98,1280435.0,107558203663.0,,0.0,2026-10-10
SHOE,"Shoe Station Group, Inc.",NASDAQ,Consumer Cyclical,Apparel Retail,12.75,1280275.0,417044081.0,62.0,0.0,2026-10-10
SNN,Smith & Nephew SNATS Inc. Common Stock,NASDAQ,Healthcare,Medical Devices,27.24,1273165.0,13473630701.0,,0.0,2026-10-10
INN,Summit Hotel Properties Inc. Common Stock,NASDAQ,Real Estate,REIT - Hotel & Motel,6.08,1265445.0,521145701.0,,0.0,2026-10-10
TRV,The Travelers Companies Inc. Common Stock,NASDAQ,Financial Services,Insurance - Property & Casualty,368.75,1261960.0,64373930248.0,,0.0,2026-10-10
GXO,GXO Logistics Inc. Common Stock,NASDAQ,Industrials,Integrated Freight & Logistics,46.56,1255305.0,6473707290.0,,0.0,2026-10-10
PBA,Pembina Pipeline Corp. Ordinary Shares (Canada),NASDAQ,Energy,Oil & Gas Midstream,47.31,1250100.0,25212926087.0,,0.0,2026-10-10
SJM,The J.M. Smucker Company Common Stock,NASDAQ,Consumer Defensive,Packaged Foods,119.83,1249285.0,10245703973.0,,0.0,2026-10-10
GAB,Gabelli Equity Trust Inc. (The) Common Stock,NASDAQ,Financial Services,Asset Management,5.21,1248840.0,1745813539.0,,0.0,2026-10-10
PB,Prosperity Bancshares Inc. Common Stock,NASDAQ,Financial Services,Banks - Regional,66.11,1248355.0,6968236690.0,,0.0,2026-10-10
VOYA,Voya Financial Inc. Common Stock,NASDAQ,Financial Services,Financial Conglomerates,94.67,1246740.0,7453511809.0,,0.0,2026-10-10
ULS,UL Solutions Inc. Class A Common Stock,NASDAQ,Industrials,Specialty Business Services,69.99,1246175.0,18146377755.0,,0.0,2026-10-10
ATEN,A10 Networks Inc. Common Stock,NASDAQ,Technology,Software - Infrastructure,29.63,1245755.0,1976712409.0,,0.0,2026-10-10
BBT,Beacon Financial Corporation Common stock,NASDAQ,Financial Services,Banks - Regional,27.19,1245265.0,2628402935.0,,0.0,2026-10-10
PSN,Parsons Corporation Common Stock,NASDAQ,Technology,Information Technology Services,45.08,1242515.0,5719764542.0,,0.0,2026-10-10
GENB,"Generate Biomedicines, Inc.",NASDAQ,Healthcare,Biotechnology,14.34,1241535.0,1862636758.0,60.0,0.0,2026-10-10
PGNY,"Progyny, Inc.",NASDAQ,Healthcare,Healthcare Plans,27.93,1239960.0,1414451584.1318665,61.0,0.0,2026-10-10
FUBO,FuboTV Inc. Class A Common Stock,NASDAQ,Communication Services,Broadcasting,8.84,1236900.0,353494336.0,,0.0,2026-10-10
TRTX,TPG RE Finance Trust Inc. Common Stock,NASDAQ,Real Estate,REIT - Mortgage,5.87,1236855.0,655039856.0,,0.0,2026-10-10
JMIA,Jumia Technologies AG American Depositary Shares each representing two Ordinary Shares,NASDAQ,Consumer Cyclical,Internet Retail,6.28,1236680.0,884307654.0,,0.0,2026-10-10
OCFC,OceanFirst Financial Corp.,NASDAQ,Financial Services,Banks - Regional,16.08,1236445.0,1005109313.2982788,61.0,0.0,2026-10-10
PUK,Prudential Public Limited Company Common Stock,NASDAQ,Financial Services,Insurance - Life,23.92,1232090.0,38489199789.0,,0.0,2026-10-10
WKC,World Kinect Corporation Common Stock,NASDAQ,Energy,Oil & Gas Refining & Marketing,36.41,1229215.0,1342054031.0,,0.0,2026-10-10
SPG,Simon Property Group Inc. Common Stock,NASDAQ,Real Estate,REIT - Retail,199.42,1227260.0,76570144860.0,,0.0,2026-10-10
TRGP,Targa Resources Inc. Common Stock,NASDAQ,Energy,Oil & Gas Midstream,286.7,1225985.0,51736749026.0,,0.0,2026-10-10
WH,Wyndham Hotels & Resorts Inc. Common Stock,NASDAQ,Consumer Cyclical,Lodging,74.06,1225525.0,6453782516.0,,0.0,2026-10-10
MDA,MDA Space Ltd. Common Shares,NASDAQ,Industrials,Aerospace & Defense,28.15,1224090.0,4442244935.0,,0.0,2026-10-10
ST,Sensata Technologies Holding plc Ordinary Shares,NASDAQ,Technology,Scientific & Technical Instruments,42.29,1223970.0,6078382789.0,,0.0,2026-10-10
STNG,Scorpio Tankers Inc. Common Shares,NASDAQ,Energy,Oil & Gas Midstream,85.14,1222825.0,3951257309.0,,0.0,2026-10-10
DOV,Dover Corporation Common Stock,NASDAQ,Industrials,Specialty Industrial Machinery,188.83,1221920.0,30269192474.0,,0.0,2026-10-10
AZTA,"Azenta, Inc.",NASDAQ,Healthcare,Medical Instruments & Supplies,37.72,1221185.0,936891506.8884315,61.0,0.0,2026-10-10
SUI,Sun Communities Inc. Common Stock,NASDAQ,Real Estate,REIT - Residential,114.0,1219780.0,16599925894.0,,0.0,2026-10-10
ARXS,"Arxis, Inc.",NASDAQ,Industrials,Aerospace & Defense,47.89,1219150.0,22668857972.0,62.0,0.0,2026-10-10
JBHT,"J.B. Hunt Transport Services, Inc.",NASDAQ,Industrials,Integrated Freight & Logistics,229.26,1217270.0,19523332199.141663,61.0,0.0,2026-10-10
IRDM,Iridium Communications Inc,NASDAQ,Communication Services,Telecom Services,47.47,1217000.0,2927243944.449478,61.0,0.0,2026-10-10
JBGS,JBG SMITH Properties Common Shares,NASDAQ,Real Estate,REIT - Office,10.92,1213650.0,916367931.0,,0.0,2026-10-10
APD,Air Products and Chemicals Inc. Common Stock,NASDAQ,Basic Materials,Specialty Chemicals,281.26,1211380.0,67188679148.0,,0.0,2026-10-10
OPLN,OPENLANE Inc. Common Stock,NASDAQ,Consumer Cyclical,Auto & Truck Dealerships,36.71,1210590.0,3374439093.0,,0.0,2026-10-10
TS,Tenaris S.A. American Depositary Shares,NASDAQ,Energy,Oil & Gas Equipment & Services,57.34,1207505.0,31950050540.0,,0.0,2026-10-10
HTGC,Hercules Capital Inc. Common Stock,NASDAQ,Financial Services,Asset Management,16.51,1205480.0,2902435323.0,,0.0,2026-10-10
RPM,RPM International Inc. Common Stock,NASDAQ,Basic Materials,Specialty Chemicals,97.73,1203590.0,13445385736.0,,0.0,2026-10-10
RRX,Regal Rexnord Corporation Common Stock,NASDAQ,Industrials,Specialty Industrial Machinery,165.03,1202875.0,14128522917.0,,0.0,2026-10-10
MKSI,MKS Inc.,NASDAQ,Technology,Scientific & Technical Instruments,264.5,1201765.0,15170724894.43222,61.0,0.0,2026-10-10
NE,Noble Corporation plc A Ordinary Shares,NASDAQ,Energy,Oil & Gas Drilling,42.36,1199930.0,7900314016.0,,0.0,2026-10-10
ELV,Elevance Health Inc. Common Stock,NASDAQ,Healthcare,Healthcare Plans,412.7,1199235.0,74868904249.0,,0.0,2026-10-10
NWS,News Corporation,NASDAQ,Communication Services,Entertainment,32.01,1198750.0,15163552457.190285,61.0,0.0,2026-10-10
HGV,Hilton Grand Vacations Inc. Common Stock,NASDAQ,Consumer Cyclical,Resorts & Casinos,34.53,1197485.0,3756088884.0,,0.0,2026-10-10
HTBK,Heritage Commerce Corp,NASDAQ,Financial Services,Banks - Regional,13.45,1197457.0,754517729.0,61.0,0.0,2026-10-10
BYD,Boyd Gaming Corporation Common Stock,NASDAQ,Consumer Cyclical,Resorts & Casinos,68.93,1196370.0,6316534794.0,,0.0,2026-10-10
TOL,Toll Brothers Inc. Common Stock,NASDAQ,Consumer Cyclical,Residential Construction,133.13,1195645.0,13887834422.0,,0.0,2026-10-10
KC,Kingsoft Cloud Holdings Limited,NASDAQ,Technology,Software - Application,9.26,1194865.0,4066026032.111253,61.0,0.0,2026-10-10
BVN,Buenaventura Mining Company Inc.,NASDAQ,Basic Materials,Other Precious Metals & Mining,32.46,1193565.0,8320609336.0,,0.0,2026-10-10
DGX,Quest Diagnostics Incorporated Common Stock,NASDAQ,Healthcare,Diagnostics & Research,230.97,1191650.0,21726388592.0,,0.0,2026-10-10
HYT,Blackrock Corporate High Yield Fund Inc. Common Stock,NASDAQ,Financial Services,Asset Management,7.93,1191605.0,1403843051.0,,0.0,2026-10-10
SMG,Scotts Miracle-Gro Company (The) Common Stock,NASDAQ,Basic Materials,Agricultural Inputs,49.86,1188725.0,3900271224.0,,0.0,2026-10-10
KEYS,Keysight Technologies Inc. Common Stock,NASDAQ,Technology,Scientific & Technical Instruments,382.75,1188695.0,59504504199.0,,0.0,2026-10-10
UBSI,"United Bankshares, Inc. - Common Stock",NASDAQ,Financial Services,Banks - Regional,45.46,1186680.0,6123156626.0,,0.0,2026-10-10
ANF,Abercrombie & Fitch Company Common Stock,NASDAQ,Consumer Cyclical,Apparel Retail,142.58,1185895.0,3912921616.0,,0.0,2026-10-10
IART,Integra LifeSciences Holdings Corporation,NASDAQ,Healthcare,Medical Devices,13.44,1184425.0,728323229.5714798,61.0,0.0,2026-10-10
SNX,TD SYNNEX Corporation Common Stock,NASDAQ,Technology,Electronics & Computer Distribution,273.37,1178850.0,18359435808.0,,0.0,2026-10-10
OC,Owens Corning Inc Common Stock New,NASDAQ,Industrials,Building Products & Equipment,114.16,1176030.0,10096929404.0,,0.0,2026-10-10
ECL,Ecolab Inc. Common Stock,NASDAQ,Basic Materials,Specialty Chemicals,281.83,1175870.0,76110378480.0,,0.0,2026-10-10
APAM,Artisan Partners Asset Management Inc. Class A Common Stock,NASDAQ,Financial Services,Asset Management,33.46,1175715.0,2682125162.0,,0.0,2026-10-10
CPT,Camden Property Trust Common Stock,NASDAQ,Real Estate,REIT - Residential,97.58,1175410.0,10655922494.0,,0.0,2026-10-10
AGEN,Agenus Inc.,NASDAQ,Healthcare,Biotechnology,7.67,1175100.0,312318232.0,62.0,0.0,2026-10-10
PNFP,"Pinnacle Financial Partners, Inc. - Common Stock",NASDAQ,Financial Services,Banks - Regional,93.99,1175065.0,13903356729.0,,0.0,2026-10-10
PAY,Paymentus Holdings Inc. Class A Common Stock,NASDAQ,Technology,Software - Infrastructure,31.88,1173985.0,3427759433.0,,0.0,2026-10-10
ATO,Atmos Energy Corporation Common Stock,NASDAQ,Utilities,Utilities - Regulated Gas,161.66,1173315.0,30680652030.0,,0.0,2026-10-10
NWBI,"Northwest Bancshares, Inc.",NASDAQ,Financial Services,Banks - Regional,14.67,1172675.0,1829666243.8173409,61.0,0.0,2026-10-10
CROX,"Crocs, Inc.",NASDAQ,Consumer Cyclical,Footwear & Accessories,114.98,1172565.0,4123660730.7834015,61.0,0.0,2026-10-10
STEP,StepStone Group Inc.,NASDAQ,Financial Services,Asset Management,44.1,1172395.0,5655474155.394154,61.0,0.0,2026-10-10
OTEX,Open Text Corporation,NASDAQ,Technology,Software - Application,23.7,1172085.0,5492927752.4614105,61.0,0.0,2026-10-10
DFH,Dream Finders Homes Inc. Class A Common Stock,NASDAQ,Consumer Cyclical,Residential Construction,9.38,1170815.0,1395803116.0,,0.0,2026-10-10
CBRL,"Cracker Barrel Old Country Store, Inc.",NASDAQ,Consumer Cyclical,Restaurants,57.46,1170490.0,590737544.7109909,61.0,0.0,2026-10-10
RMD,ResMed Inc. Common Stock,NASDAQ,Healthcare,Medical Instruments & Supplies,230.05,1170205.0,32027397349.0,,0.0,2026-10-10
ALH,Alliance Laundry Holdings Inc. Common Stock,NASDAQ,Consumer Cyclical,"Furnishings, Fixtures & Appliances",21.27,1168030.0,4764529711.0,,0.0,2026-10-10
KNF,Knife Riv Holding Co. Common Stock,NYSE,Basic Materials,Building Materials,49.84,1167545.0,4097628157.0,64.0,0.0,2026-10-10
FOX,Fox Corporation,NASDAQ,Communication Services,Entertainment,55.89,1167215.0,24589195532.924927,61.0,0.0,2026-10-10
AXON,"Axon Enterprise, Inc.",NASDAQ,Industrials,Aerospace & Defense,422.89,1166130.0,35081525976.958466,61.0,0.0,2026-10-10
WSM,Williams-Sonoma Inc. Common Stock (DE),NASDAQ,Consumer Cyclical,Specialty Retail,241.78,1165015.0,22678508500.0,,0.0,2026-10-10
XPO,XPO Inc. Common Stock,NASDAQ,Industrials,Trucking,183.47,1163955.0,26261891710.0,,0.0,2026-10-10
MMYT,MakeMyTrip Limited,NASDAQ,Consumer Cyclical,Travel Services,44.73,1163295.0,3528065321.260071,61.0,0.0,2026-10-10
AGIO,"Agios Pharmaceuticals, Inc.",NASDAQ,Healthcare,Biotechnology,31.81,1161725.0,1742531181.869316,61.0,0.0,2026-10-10
CALX,Calix Inc Common Stock,NASDAQ,Technology,Software - Infrastructure,37.24,1161335.0,2766876198.0,,0.0,2026-10-10
BIPC,Brookfield Infrastructure Corporation Brookfield Infrastructure Corporation,NASDAQ,Utilities,Utilities - Regulated Gas,37.36,1159945.0,5002760349.0,,0.0,2026-10-10
ESAB,ESAB Corporation Common Stock,NASDAQ,Industrials,Metal Fabrication,66.85,1159030.0,6166080473.0,,0.0,2026-10-10
USA,Liberty All-Star Equity Fund Common Stock,NASDAQ,Financial Services,Asset Management,5.92,1158745.0,1748999424.0,,0.0,2026-10-10
BCAT,BlackRock Capital Allocation Term Trust Common Shares of Beneficial Interest,NASDAQ,Financial Services,Asset Management,13.72,1157400.0,1565342504.0,,0.0,2026-10-10
ICL,ICL Group Ltd. Ordinary Shares,NASDAQ,Basic Materials,Agricultural Inputs,5.02,1157015.0,6685684514.0,,0.0,2026-10-10
EXPD,Expeditors International of Washington Inc. Common Stock,NASDAQ,Industrials,Integrated Freight & Logistics,193.24,1156830.0,19623119748.0,,0.0,2026-10-10
SHOO,"Steven Madden, Ltd.",NASDAQ,Consumer Cyclical,Footwear & Accessories,44.3,1154460.0,2362342787.6545944,61.0,0.0,2026-10-10
YPF,YPF Sociedad Anonima Common Stock,NASDAQ,Energy,Oil & Gas Integrated,50.04,1154360.0,18117941952.0,,0.0,2026-10-10
MHK,Mohawk Industries Inc. Common Stock,NASDAQ,Consumer Cyclical,"Furnishings, Fixtures & Appliances",118.07,1152195.0,6593435111.0,,0.0,2026-10-10
LMT,Lockheed Martin Corporation Common Stock,NASDAQ,Industrials,Aerospace & Defense,509.59,1149715.0,118382887342.0,,0.0,2026-10-10
BIIB,Biogen Inc.,NASDAQ,Healthcare,Drug Manufacturers - General,225.71,1149220.0,27434305073.38281,61.0,0.0,2026-10-10
LPX,Louisiana-Pacific Corporation Common Stock,NASDAQ,Industrials,Building Products & Equipment,65.69,1148890.0,5260285845.0,,0.0,2026-10-10
FCF,First Commonwealth Financial Corporation Common Stock,NASDAQ,Financial Services,Banks - Regional,19.89,1146825.0,1903078524.0,,0.0,2026-10-10
TKO,TKO Group Holdings Inc. Class A Common Stock,NASDAQ,Communication Services,Entertainment,178.01,1145195.0,13981471014.0,,0.0,2026-10-10
EBS,Emergent BioSolutions Inc. Common Stock,NASDAQ,Healthcare,Drug Manufacturers - Specialty & Generic,7.06,1143570.0,414705281.0,,0.0,2026-10-10
GBCI,Glacier Bancorp Inc. Common Stock,NASDAQ,Financial Services,Banks - Regional,42.73,1143555.0,6339659855.0,,0.0,2026-10-10
GRPN,"Groupon, Inc.",NASDAQ,Communication Services,Internet Content & Information,18.63,1142385.0,443004714.8159828,61.0,0.0,2026-10-10
ADEA,Adeia Inc. ,NASDAQ,Technology,Software - Application,23.9,1141297.0,2672388022.911804,61.0,0.0,2026-10-10
CHKP,Check Point Software Technologies Ltd.,NASDAQ,Technology,Software - Infrastructure,137.18,1141025.0,14929499268.52707,61.0,0.0,2026-10-10
CMI,Cummins Inc. Common Stock,NASDAQ,Industrials,Specialty Industrial Machinery,523.39,1140340.0,91353590265.0,,0.0,2026-10-10
CMC,Commercial Metals Company Common Stock,NASDAQ,Industrials,Metal Fabrication,63.89,1136625.0,7671189258.0,,0.0,2026-10-10
SPNT,SiriusPoint Ltd. Common Shares,NASDAQ,Financial Services,Insurance - Reinsurance,24.96,1134895.0,2779671615.0,,0.0,2026-10-10
CNO,CNO Financial Group Inc. Common Stock,NASDAQ,Financial Services,Insurance - Life,52.99,1134670.0,4096840609.0,,0.0,2026-10-10
VNDA,Vanda Pharmaceuticals Inc. - Common Stock,NASDAQ,Healthcare,Biotechnology,4.57,1133815.0,426759964.0,,2.0,2026-10-10
CON,Concentra Group Holdings Parent Inc. Common Stock,NASDAQ,Healthcare,Medical Care Facilities,37.19,1133065.0,2932536295.0,,0.0,2026-10-10
AAON,"AAON, Inc.",NASDAQ,Industrials,Building Products & Equipment,86.16,1132950.0,6761749256.446426,61.0,0.0,2026-10-10
QNST,"QuinStreet, Inc.",NASDAQ,Communication Services,Advertising Agencies,15.73,1132475.0,687346928.2556086,61.0,0.0,2026-10-10
SYNA,Synaptics Incorporated - Common Stock,NASDAQ,Technology,Semiconductors,119.82,1131460.0,2877467580.0,,0.0,2026-10-10
PAX,Patria Investments Limited,NASDAQ,Financial Services,Asset Management,11.67,1131410.0,1864187305.9643328,61.0,0.0,2026-10-10
LMND,Lemonade Inc. Common Stock,NASDAQ,Financial Services,Insurance - Property & Casualty,46.46,1123180.0,5047713272.0,,0.0,2026-10-10
AVTX,"Avalo Therapeutics, Inc. - Common Stock",NASDAQ,Healthcare,Biotechnology,13.65,1119785.0,404722912.73586273,,0.0,2026-10-10
LINE,"Lineage, Inc.",NASDAQ,Real Estate,REIT - Industrial,34.43,1119615.0,8122820774.437134,61.0,0.0,2026-10-10
CFFN,"Capitol Federal Financial, Inc.",NASDAQ,Financial Services,Banks - Regional,8.39,1118085.0,916782171.8150665,61.0,0.0,2026-10-10
IMAX,Imax Corporation Common Stock,NASDAQ,Communication Services,Entertainment,50.8,1117660.0,1968045510.0,,0.0,2026-10-10
HP,Helmerich & Payne Inc. Common Stock,NASDAQ,Energy,Oil & Gas Drilling,39.88,1117625.0,3899913921.0,,0.0,2026-10-10
FDMT,"4D Molecular Therapeutics, Inc.",NASDAQ,Healthcare,Biotechnology,13.33,1117020.0,497241471.6952419,61.0,0.0,2026-10-10
TLN,Talen Energy Corporation - Common Stock,NASDAQ,Utilities,Utilities - Independent Power Producers,378.57,1115745.0,14683176307.0,,0.0,2026-10-10
MGTX,MeiraGTx Holdings plc - Ordinary Shares,NASDAQ,Healthcare,Biotechnology,10.69,1115025.0,730571771.0,,0.0,2026-10-10
OXLC,Oxford Lane Capital Corp.,NASDAQ,Financial Services,Asset Management,8.56,1110950.0,915976022.3388672,61.0,0.0,2026-10-10
VAL,Valaris Limited Common Shares,NASDAQ,Energy,Oil & Gas Equipment & Services,83.65,1110650.0,6315069348.0,,0.0,2026-10-10
HASI,HA Sustainable Infrastructure Capital Inc. Common Stock,NASDAQ,Financial Services,Asset Management,36.49,1109495.0,5335694505.0,,0.0,2026-10-10
UPBD,"Upbound Group, Inc. - Common Stock",NASDAQ,Technology,Software - Application,15.4,1109310.0,1068782720.0,,0.0,2026-10-10
CNI,Canadian National Railway Company Common Stock,NASDAQ,Industrials,Railroads,117.78,1107030.0,70066439067.0,,0.0,2026-10-10
FIVE,"Five Below, Inc.",NASDAQ,Consumer Cyclical,Specialty Retail,214.73,1104055.0,12467867309.00351,61.0,0.0,2026-10-10
L,Loews Corporation Common Stock,NASDAQ,Financial Services,Insurance - Property & Casualty,106.69,1100805.0,22753792421.0,,0.0,2026-10-10
NMAX,Newsmax Inc. Class B Common Stock,NASDAQ,Communication Services,Broadcasting,10.34,1100170.0,804532577.0,,0.0,2026-10-10
NTRS,Northern Trust Corporation,NASDAQ,Financial Services,Asset Management,168.21,1099255.0,25738875075.180817,61.0,0.0,2026-10-10
ADNT,Adient plc Ordinary Shares,NASDAQ,Consumer Cyclical,Auto Parts,17.42,1099230.0,1734472105.0,,0.0,2026-10-10
ALLE,Allegion plc Ordinary Shares,NASDAQ,Industrials,Security & Protection Services,150.48,1098940.0,12555214330.0,,0.0,2026-10-10
BEP,Brookfield Renewable Partners L.P. Limited Partnership Units,NASDAQ,Utilities,Utilities - Renewable,29.53,1098845.0,10461728000.0,,0.0,2026-10-10
ZGN,Ermenegildo Zegna N.V. Ordinary Shares,NASDAQ,Consumer Cyclical,Apparel Manufacturing,12.68,1096845.0,3208155553.0,,0.0,2026-10-10
ZG,"Zillow Group, Inc.",NASDAQ,Communication Services,Internet Content & Information,29.87,1096730.0,9651751411.0,62.0,0.0,2026-10-10
HIMX,"Himax Technologies, Inc.",NASDAQ,Technology,Semiconductors,13.3,1095495.0,1429042605.7248344,61.0,0.0,2026-10-10
MTB,M&T Bank Corporation Common Stock,NASDAQ,Financial Services,Banks - Regional,217.49,1092140.0,31916610294.0,,0.0,2026-10-10
ORKA,"Oruka Therapeutics, Inc.",NASDAQ,Healthcare,Biotechnology,82.11,1091030.0,2211090352.247303,61.0,0.0,2026-10-10
PHG,Koninklijke Philips N.V. NY Registry Shares,NASDAQ,Healthcare,Medical Devices,24.24,1090875.0,26131906363.0,,0.0,2026-10-10
CGON,"CG Oncology, Inc.",NASDAQ,Healthcare,Biotechnology,63.82,1090450.0,5473089638.232422,61.0,0.0,2026-10-10
DRVN,Driven Brands Holdings Inc.,NASDAQ,Consumer Cyclical,Auto & Truck Dealerships,11.72,1087730.0,2078701371.980875,61.0,0.0,2026-10-10
FUL,H. B. Fuller Company Common Stock,NASDAQ,Basic Materials,Specialty Chemicals,49.56,1087355.0,3423436781.0,,0.0,2026-10-10
CRL,Charles River Laboratories International Inc. Common Stock,NASDAQ,Healthcare,Diagnostics & Research,301.79,1086875.0,8378264958.0,,0.0,2026-10-10
FRPT,"Freshpet, Inc.",NASDAQ,Consumer Defensive,Packaged Foods,64.07,1084730.0,2795277923.0034065,61.0,0.0,2026-10-10
RY,Royal Bank Of Canada Common Stock,NASDAQ,Financial Services,Banks - Diversified,191.91,1083125.0,243799260666.0,,0.0,2026-10-10
CMBT,CMB.TECH NV Ordinary Shares,NASDAQ,Energy,Oil & Gas Midstream,20.6,1079145.0,3728681642.0,,0.0,2026-10-10
AUGO,Aura Minerals Inc.,NASDAQ,Basic Materials,Gold,91.26,1078755.0,5808989623.718124,61.0,0.0,2026-10-10
ODD,ODDITY Tech Ltd.,NASDAQ,Consumer Defensive,Household & Personal Products,21.11,1076830.0,762213871.0034294,61.0,0.0,2026-10-10
MNDY,monday.com Ltd.,NASDAQ,Technology,Software - Application,88.96,1074225.0,3492611618.25,61.0,0.0,2026-10-10
SXC,SunCoke Energy Inc. Common Stock,NASDAQ,Basic Materials,Coking Coal,9.94,1073600.0,552332988.0,,0.0,2026-10-10
AVO,"Mission Produce, Inc.",NASDAQ,Consumer Defensive,Food Distribution,11.73,1072560.0,992203335.9277228,61.0,0.0,2026-10-10
MGA,Magna International Inc. Common Stock,NASDAQ,Consumer Cyclical,Auto Parts,63.99,1071945.0,17398447552.0,,0.0,2026-10-10
CVI,CVR Energy Inc. Common Stock,NASDAQ,Energy,Oil & Gas Refining & Marketing,58.02,1067675.0,3168724526.0,,0.0,2026-10-10
SITE,SiteOne Landscape Supply Inc. Common Stock,NASDAQ,Industrials,Industrial Distribution,87.16,1067670.0,6450602140.0,,0.0,2026-10-10
EPAM,EPAM Systems Inc. Common Stock,NASDAQ,Technology,Information Technology Services,113.24,1064795.0,6277009714.0,,0.0,2026-10-10
STAA,STAAR Surgical Company,NASDAQ,Healthcare,Medical Instruments & Supplies,21.67,1060145.0,916480995.3225688,61.0,0.0,2026-10-10
JKHY,"Jack Henry & Associates, Inc.",NASDAQ,Technology,Information Technology Services,149.31,1059615.0,11235826524.499466,61.0,0.0,2026-10-10
SON,Sonoco Products Company Common Stock,NASDAQ,Consumer Cyclical,Packaging & Containers,47.92,1058395.0,4778809429.0,,0.0,2026-10-10
SCI,Service Corporation International Common Stock,NASDAQ,Consumer Cyclical,Personal Services,76.91,1058365.0,12214092685.0,,0.0,2026-10-10
WSBC,"WesBanco, Inc.",NASDAQ,Financial Services,Banks - Regional,36.59,1056750.0,3465786447.0,62.0,0.0,2026-10-10
URBN,"Urban Outfitters, Inc. - Common Stock",NASDAQ,Consumer Cyclical,Apparel Retail,82.18,1056725.0,6151975078.0,,0.0,2026-10-10
WIX,Wix.com Ltd. - Ordinary Shares,NASDAQ,Technology,Software - Infrastructure,76.56,1056455.0,3798000624.0,,0.0,2026-10-10
CADL,"Candel Therapeutics, Inc. - Common Stock",NASDAQ,Healthcare,Biotechnology,9.94,1055400.0,353782656.0,,0.0,2026-10-10
VRTX,Vertex Pharmaceuticals Incorporated,NASDAQ,Healthcare,Biotechnology,510.08,1054695.0,110969518793.0,62.0,0.0,2026-10-10
MTN,Vail Resorts Inc. Common Stock,NASDAQ,Consumer Cyclical,Resorts & Casinos,146.03,1052715.0,4241045610.0,,0.0,2026-10-10
SKM,SK Telecom Co. Ltd. Common Stock,NASDAQ,Communication Services,Telecom Services,34.24,1050185.0,14599196891.0,,0.0,2026-10-10
FNKO,"Funko, Inc.",NASDAQ,Consumer Cyclical,Leisure,6.44,1045345.0,317168827.0,62.0,0.0,2026-10-10
HOPE,"Hope Bancorp, Inc.",NASDAQ,Financial Services,Banks - Regional,13.28,1043875.0,1410241129.0,61.0,0.0,2026-10-10
DRS,"Leonardo DRS, Inc.",NASDAQ,Industrials,Aerospace & Defense,36.24,1042745.0,12192005339.689484,61.0,0.0,2026-10-10
DNP,DNP Select Income Fund Inc. Common Stock,NASDAQ,Financial Services,Asset Management,9.89,1033895.0,4039523557.0,,0.0,2026-10-10
INVA,"Innoviva, Inc.",NASDAQ,Healthcare,Biotechnology,21.21,1033790.0,1704434634.4241123,61.0,0.0,2026-10-10
SBAC,SBA Communications Corporation,NASDAQ,Real Estate,REIT - Specialty,182.49,1033685.0,17684367035.88867,61.0,0.0,2026-10-10
CDP,COPT Defense Properties Common Shares of Beneficial Interest,NASDAQ,Real Estate,REIT - Office,33.48,1033100.0,3708475740.0,,0.0,2026-10-10
FAF,First American Corporation (New) Common Stock,NASDAQ,Financial Services,Insurance - Specialty,61.2,1031835.0,7250242947.0,,0.0,2026-10-10
CCK,Crown Holdings Inc.,NASDAQ,Consumer Cyclical,Packaging & Containers,108.26,1030475.0,11351029308.0,,0.0,2026-10-10
BHF,"Brighthouse Financial, Inc.",NASDAQ,Financial Services,Insurance - Life,48.53,1029345.0,3588638259.0,64.0,0.0,2026-10-10
KREF,KKR Real Estate Finance Trust Inc. Common Stock,NASDAQ,Real Estate,REIT - Mortgage,5.97,1028385.0,386445520.0,,0.0,2026-10-10
STOK,"Stoke Therapeutics, Inc.",NASDAQ,Healthcare,Biotechnology,24.74,1027775.0,1948426941.3687515,61.0,0.0,2026-10-10
GKOS,Glaukos Corporation Common Stock,NASDAQ,Healthcare,Medical Devices,165.69,1027615.0,7109886882.0,,0.0,2026-10-10
BV,BrightView Holdings Inc. Common Stock,NASDAQ,Industrials,Specialty Business Services,10.67,1024125.0,1163370035.0,,0.0,2026-10-10
CBSH,"Commerce Bancshares, Inc.",NASDAQ,Financial Services,Banks - Regional,54.39,1023570.0,7132085704.049149,61.0,0.0,2026-10-10
MAX,MediaAlpha Inc. Class A Common Stock,NASDAQ,Communication Services,Internet Content & Information,10.09,1022960.0,529628094.0,,0.0,2026-10-10
LIND,Lindblad Expeditions Holdings Inc. ,NASDAQ,Consumer Cyclical,Travel Services,35.82,1022600.0,1119071569.308342,61.0,0.0,2026-10-10
ASGN,ASGN Incorporated Common Stock,NASDAQ,Technology,Information Technology Services,21.02,1020903.0,810018970.0,,0.0,2026-10-10
SKT,Tanger Inc. Common Stock,NASDAQ,Real Estate,REIT - Retail,35.08,1017990.0,4199961716.0,,0.0,2026-10-10
TYRA,"Tyra Biosciences, Inc. - Common Stock",NASDAQ,Healthcare,Biotechnology,19.94,1017105.0,1899354384.0,,0.0,2026-10-10
AGCO,AGCO Corporation Common Stock,NASDAQ,Industrials,Farm & Heavy Construction Machinery,103.28,1016855.0,8408254720.0,,0.0,2026-10-10
HMC,Honda Motor Company Ltd. Common Stock,NASDAQ,Consumer Cyclical,Auto Manufacturers,32.7,1014865.0,31581568432.0,,0.0,2026-10-10
FRT,Federal Realty Investment Trust Common Stock,NASDAQ,Real Estate,REIT - Retail,106.16,1011735.0,9592547250.0,,0.0,2026-10-10
SLN,Silence Therapeutics Plc,NASDAQ,Healthcare,Biotechnology,9.86,1010055.0,429362639.0,62.0,0.0,2026-10-10
BOBS,Bob's Discount Furniture Inc. Common Stock,NASDAQ,Consumer Cyclical,Specialty Retail,14.18,1008980.0,1538331332.0,,0.0,2026-10-10
JBIO,"Jade Biosciences, Inc. - Common Stock",NASDAQ,Healthcare,Biotechnology,14.39,1008790.0,882268344.0,,0.0,2026-10-10
HRMY,"Harmony Biosciences Holdings, Inc.",NASDAQ,Healthcare,Biotechnology,40.28,1002795.0,1551285249.8284454,61.0,0.0,2026-10-10
KYTX,"Kyverna Therapeutics, Inc.",NASDAQ,Healthcare,Biotechnology,6.39,1002040.0,473276431.2307172,61.0,0.0,2026-10-10
UCTT,"Ultra Clean Holdings, Inc. - Common Stock",NASDAQ,Technology,Semiconductor Equipment & Materials,68.59,999305.0,3448599669.0,,0.0,2026-10-10
DUOL,"Duolingo, Inc.",NASDAQ,Technology,Software - Application,149.92,998935.0,4444783963.00145,61.0,0.0,2026-10-10
MQ,"Marqeta, Inc.",NASDAQ,Technology,Software - Infrastructure,18.11,997245.0,1845591899.0,60.0,0.0,2026-10-10
LGN,Legence Corp.,NASDAQ,Industrials,Engineering & Construction,51.53,996985.0,5903664433.139954,61.0,0.0,2026-10-10
NFG,National Fuel Gas Company Common Stock,NASDAQ,Energy,Oil & Gas Integrated,78.66,996710.0,8379430009.0,,0.0,2026-10-10
SPT,"Sprout Social, Inc",NASDAQ,Technology,Software - Application,11.0,993005.0,332942069.3181801,61.0,0.0,2026-10-10
WFRD,Weatherford International plc - Ordinary shares,NASDAQ,Energy,Oil & Gas Equipment & Services,77.92,990635.0,7372412806.0,,0.0,2026-10-10
ASND,Ascendis Pharma A/S,NASDAQ,Healthcare,Biotechnology,229.23,988455.0,13593058894.788452,61.0,0.0,2026-10-10
NOC,Northrop Grumman Corporation Common Stock,NASDAQ,Industrials,Aerospace & Defense,480.72,981845.0,81684870301.0,,0.0,2026-10-10
MTH,Meritage Homes Corporation Common Stock,NASDAQ,Consumer Cyclical,Residential Construction,58.81,981210.0,4613921911.0,,0.0,2026-10-10
ZVRA,"Zevra Therapeutics, Inc.  - Common Stock",NASDAQ,Healthcare,Biotechnology,11.39,981095.0,555998716.0,,0.0,2026-10-10
ASPN,Aspen Aerogels Inc. Common Stock,NYSE,Industrials,Building Products & Equipment,5.65,980550.0,417441035.0,63.0,0.0,2026-10-10
ALGN,"Align Technology, Inc.",NASDAQ,Healthcare,Medical Instruments & Supplies,142.71,979010.0,12059739459.058168,61.0,0.0,2026-10-10
STLD,"Steel Dynamics, Inc.",NASDAQ,Basic Materials,Steel,238.38,978125.0,25044279113.237305,61.0,0.0,2026-10-10
IT,Gartner Inc. Common Stock,NASDAQ,Technology,Information Technology Services,191.15,977675.0,10163659461.0,,0.0,2026-10-10
JANX,"Janux Therapeutics, Inc.",NASDAQ,Healthcare,Biotechnology,18.39,976225.0,815752497.6778259,61.0,0.0,2026-10-10
URGN,UroGen Pharma Ltd. - Ordinary Shares,NASDAQ,Healthcare,Biotechnology,36.83,974175.0,1050076764.0,,0.0,2026-10-10
VIST,Vista Energy S.A.B. de C.V. American Depositary Shares each representing one series A share with no par value,NASDAQ,Energy,Oil & Gas E&P,66.26,973005.0,7393901867.0,,0.0,2026-10-10
INSP,Inspire Medical Systems Inc. Common Stock,NASDAQ,Healthcare,Medical Devices,68.89,972830.0,1621576396.0,,0.0,2026-10-10
THO,Thor Industries Inc. Common Stock,NASDAQ,Consumer Cyclical,Recreational Vehicles,63.87,970050.0,4155078707.0,,0.0,2026-10-10
RYAM,Rayonier Advanced Materials Inc. Common Stock,NASDAQ,Basic Materials,Chemicals,7.02,969980.0,648326097.0,,0.0,2026-10-10
VIA,Via Transportation Inc. Class A Common Stock,NASDAQ,Technology,Software - Application,32.37,966525.0,1269730521.0,,0.0,2026-10-10
SNEX,StoneX Group Inc.,NASDAQ,Financial Services,Capital Markets,61.24,966505.0,6140568803.186798,61.0,0.0,2026-10-10
CEPT,"Cantor Equity Partners II, Inc. - Class A ordinary share",NASDAQ,Financial Services,Shell Companies,11.78,965940.0,333627795.0,,0.0,2026-10-10
MANE,Veradermics Incorporated Common Stock,NASDAQ,Healthcare,Biotechnology,130.9,965915.0,2533165136.0,,0.0,2026-10-10
DD,DuPont de Nemours Inc. Common Stock,NASDAQ,Basic Materials,Specialty Chemicals,130.0,965665.0,18989610777.0,,0.0,2026-10-10
FFBC,First Financial Bancorp.,NASDAQ,Financial Services,Banks - Regional,30.9,964640.0,2879255212.103571,61.0,0.0,2026-10-10
PPTA,Perpetua Resources Corp.,NASDAQ,Basic Materials,Other Precious Metals & Mining,20.64,964230.0,3255674952.507019,61.0,0.0,2026-10-10
NGG,National Grid Transco PLC National Grid PLC (NEW) American Depositary Shares,NASDAQ,Utilities,Utilities - Regulated Electric,76.48,961295.0,86955392874.0,,0.0,2026-10-10
DEO,Diageo plc Common Stock,NASDAQ,Consumer Defensive,Beverages - Wineries & Distilleries,86.73,961265.0,44076473017.0,,0.0,2026-10-10
WB,Weibo Corporation - American Depositary Shares,NASDAQ,Communication Services,Internet Content & Information,6.54,960225.0,2172259197.0,,0.0,2026-10-10
BKSY,BlackSky Technology Inc. Class A Common Stock,NASDAQ,Industrials,Specialty Business Services,20.92,960095.0,1255398417.0,,0.0,2026-10-10
EHC,Encompass Health Corporation Common Stock,NASDAQ,Healthcare,Medical Care Facilities,123.33,959155.0,10138460534.0,,0.0,2026-10-10
NSC,Norfolk Southern Corporation Common Stock,NASDAQ,Industrials,Railroads,317.79,958970.0,71797920513.0,,0.0,2026-10-10
ERII,"Energy Recovery, Inc.",NASDAQ,Industrials,Pollution & Treatment Controls,6.84,958400.0,524423740.09274864,61.0,0.0,2026-10-10
DOX,Amdocs Limited,NASDAQ,Technology,Software - Infrastructure,58.84,958075.0,7023196808.851318,61.0,0.0,2026-10-10
TLK,PT Telekomunikasi Indonesia Tbk,NASDAQ,Communication Services,Telecom Services,12.83,957675.0,16533484479.0,,0.0,2026-10-10
HSAI,Hesai Group,NASDAQ,Consumer Cyclical,Auto Parts,16.01,956840.0,2888273706.301008,61.0,0.0,2026-10-10
DNTH,"Dianthus Therapeutics, Inc.",NASDAQ,Healthcare,Biotechnology,82.37,955805.0,4310544382.340149,61.0,0.0,2026-10-10
MNRO,"Monro, Inc. ",NASDAQ,Consumer Cyclical,Auto Parts,13.57,952745.0,462002577.70643234,61.0,0.0,2026-10-10
PSA,Public Storage Common Stock,NASDAQ,Real Estate,REIT - Industrial,289.86,948150.0,54117930692.0,,0.0,2026-10-10
LNTH,"Lantheus Holdings, Inc.",NASDAQ,Healthcare,Drug Manufacturers - Specialty & Generic,100.15,946960.0,4853398954.127365,61.0,0.0,2026-10-10
WNC,Wabash National Corporation Common Stock,NASDAQ,Industrials,Farm & Heavy Construction Machinery,13.2,945900.0,370133115.0,,0.0,2026-10-10
MC,Moelis & Company Class A Common Stock,NASDAQ,Financial Services,Capital Markets,57.08,945140.0,4999637525.0,,0.0,2026-10-10
YEXT,Yext Inc. Common Stock,NYSE,Technology,Software - Infrastructure,6.93,945025.0,510262925.0,62.0,0.0,2026-10-10
SCCO,Southern Copper Corporation Common Stock,NASDAQ,Basic Materials,Copper,209.21,944210.0,149046984536.0,,0.0,2026-10-10
ESNT,Essent Group Ltd. Common Shares,NASDAQ,Financial Services,Insurance - Specialty,62.49,943765.0,5980891860.0,,0.0,2026-10-10
UCB,United Community Banks Inc. Common Stock,NASDAQ,Financial Services,Banks - Regional,33.38,943375.0,3959147964.0,,0.0,2026-10-10
BFAM,Bright Horizons Family Solutions Inc. Common Stock,NASDAQ,Consumer Cyclical,Personal Services,69.45,942110.0,4279910570.0,,0.0,2026-10-10
DLB,Dolby Laboratories Common Stock,NASDAQ,Industrials,Specialty Business Services,58.74,940135.0,6122191391.0,,0.0,2026-10-10
HQY,"HealthEquity, Inc.",NASDAQ,Healthcare,Health Information Services,92.61,937885.0,7074978717.885315,61.0,0.0,2026-10-10
SOLV,Solventum Corporation Common Stock,NASDAQ,Healthcare,Medical Instruments & Supplies,87.29,937460.0,11887740188.0,,0.0,2026-10-10
DOLE,Dole plc Ordinary Shares,NASDAQ,Consumer Defensive,Farm Products,13.14,936925.0,1438889421.0,,0.0,2026-10-10
HXL,Hexcel Corporation Common Stock,NASDAQ,Industrials,Aerospace & Defense,84.96,936820.0,6742435931.0,,0.0,2026-10-10
HNRG,Hallador Energy Company,NASDAQ,Energy,Thermal Coal,13.92,934285.0,837958666.5495682,61.0,0.0,2026-10-10
FFIN,"First Financial Bankshares, Inc.",NASDAQ,Financial Services,Banks - Regional,30.77,929550.0,4191584979.3751984,61.0,0.0,2026-10-10
POST,Post Holdings Inc. Common Stock,NASDAQ,Consumer Defensive,Packaged Foods,74.82,929445.0,4970713893.0,,0.0,2026-10-10
WLK,Westlake Corporation Common Stock,NASDAQ,Basic Materials,Specialty Chemicals,62.29,927925.0,14171157255.0,,0.0,2026-10-10
CTOS,Custom Truck One Source Inc. Common Stock,NASDAQ,Industrials,Rental & Leasing Services,9.25,926395.0,1980710523.0,,0.0,2026-10-10
ZWS,Zurn Elkay Water Solutions Corporation Common Stock,NASDAQ,Industrials,Pollution & Treatment Controls,46.57,926130.0,8790944895.0,,0.0,2026-10-10
OMF,OneMain Holdings Inc. Common Stock,NASDAQ,Financial Services,Credit Services,56.07,925820.0,6997984628.0,,0.0,2026-10-10
GPC,Genuine Parts Company Common Stock,NASDAQ,Consumer Cyclical,Auto Parts,127.02,925080.0,15128137726.0,,0.0,2026-10-10
FMS,Fresenius Medical Care AG American Depositary Shares (Each representing 1/2 of an Ordinary Share),NASDAQ,Healthcare,Medical Care Facilities,21.06,924910.0,12441788647.0,,0.0,2026-10-10
HWC,Hancock Whitney Corporation,NASDAQ,Financial Services,Banks - Regional,72.4,922780.0,5121899821.9262085,61.0,0.0,2026-10-10
VSCO,Victorias Secret & Co. Common Stock,NASDAQ,Consumer Cyclical,Apparel Retail,81.45,919731.0,4247048795.0,,0.0,2026-10-10
PFS,Provident Financial Services Inc Common Stock,NASDAQ,Financial Services,Banks - Regional,22.09,919530.0,2913814053.0,,0.0,2026-10-10
SQM,Sociedad Quimica y Minera S.A. Common Stock,NASDAQ,Basic Materials,Specialty Chemicals,63.91,917250.0,25361781233.0,,0.0,2026-10-10
MIRM,"Mirum Pharmaceuticals, Inc.",NASDAQ,Healthcare,Biotechnology,86.01,917035.0,5396350826.7248,61.0,0.0,2026-10-10
EWBC,"East West Bancorp, Inc.",NASDAQ,Financial Services,Banks - Regional,125.53,916900.0,14384321529.00982,61.0,0.0,2026-10-10
BIOA,"BioAge Labs, Inc.",NASDAQ,Healthcare,Drug Manufacturers - Specialty & Generic,6.34,916670.0,1056196970.0,62.0,0.0,2026-10-10
MNSO,MINISO Group Holding Limited American Depositary Shares each representing four Ordinary Shares,NYSE,Consumer Cyclical,Specialty Retail,9.6,916000.0,3519322027.0,62.0,0.0,2026-10-10
BAND,Bandwidth Inc.,NASDAQ,Technology,Software - Infrastructure,53.27,915030.0,1436178654.0,63.0,0.0,2026-10-10
JXN,Jackson Financial Inc. Class A Common Stock,NASDAQ,Financial Services,Insurance - Life,129.71,914605.0,7962738233.0,,0.0,2026-10-10
KRP,Kimbell Royalty Partners Common Units Representing Limited Partner Interests,NASDAQ,Energy,Oil & Gas E&P,15.24,914000.0,1390818108.0,,0.0,2026-10-10
DTM,DT Midstream Inc. Common Stock,NASDAQ,Energy,Oil & Gas Midstream,124.01,912270.0,13736200366.0,,0.0,2026-10-10
PVH,PVH Corp. Common Stock,NASDAQ,Consumer Cyclical,Apparel Manufacturing,81.35,909635.0,4289791453.0,,0.0,2026-10-10
TALK,"Talkspace, Inc.",NASDAQ,Healthcare,Health Information Services,5.25,906529.0,863782984.0,62.0,0.0,2026-10-10
ATAT,Atour Lifestyle Holdings Limited,NASDAQ,Consumer Cyclical,Lodging,33.07,905695.0,4897309913.670475,61.0,0.0,2026-10-10
SBCF,Seacoast Banking Corporation of Florida,NASDAQ,Financial Services,Banks - Regional,31.74,904885.0,2899578563.7682915,61.0,0.0,2026-10-10
BL,"BlackLine, Inc.",NASDAQ,Technology,Software - Application,29.77,904300.0,2161282637.5,61.0,0.0,2026-10-10
ITT,ITT Inc. Common Stock,NASDAQ,Industrials,Specialty Industrial Machinery,201.37,903880.0,19640781884.0,,0.0,2026-10-10
ROP,"Roper Technologies, Inc.",NASDAQ,Technology,Software - Application,364.09,902225.0,37102085066.90509,61.0,0.0,2026-10-10
LPLA,LPL Financial Holdings Inc.,NASDAQ,Financial Services,Capital Markets,330.88,900740.0,23899930996.991272,61.0,0.0,2026-10-10
BNTX,BioNTech SE,NASDAQ,Healthcare,Biotechnology,96.96,900265.0,21659217964.078407,61.0,0.0,2026-10-10
SEIC,SEI Investments Company,NASDAQ,Financial Services,Asset Management,104.7,899945.0,9311517580.20543,61.0,0.0,2026-10-10
SWIM,"Latham Group, Inc. - Common Stock",NASDAQ,Industrials,Building Products & Equipment,6.04,898925.0,672516895.0,,0.0,2026-10-10
GGAL,Grupo Financiero Galicia S.A.,NASDAQ,Financial Services,Banks - Regional,36.81,898675.0,7509753927.524048,61.0,0.0,2026-10-10
OII,Oceaneering International Inc. Common Stock,NASDAQ,Energy,Oil & Gas Equipment & Services,44.81,898245.0,3725484897.0,,0.0,2026-10-10
CRMD,CorMedix Inc.,NASDAQ,Healthcare,Biotechnology,7.38,896335.0,545842994.0604329,61.0,0.0,2026-10-10
ARVN,"Arvinas, Inc.",NASDAQ,Healthcare,Biotechnology,7.64,895700.0,654445528.9104137,61.0,0.0,2026-10-10
FTS,Fortis Inc. Common Shares,NASDAQ,Utilities,Utilities - Regulated Electric,53.31,892070.0,28679462540.0,,0.0,2026-10-10
GLOB,Globant S.A. Common Shares,NASDAQ,Technology,Information Technology Services,36.32,891845.0,1849812185.0,,0.0,2026-10-10
VRSN,"VeriSign, Inc.",NASDAQ,Technology,Software - Infrastructure,303.74,891125.0,24081605886.0,62.0,0.0,2026-10-10
IDYA,"IDEAYA Biosciences, Inc.",NASDAQ,Healthcare,Biotechnology,36.11,891100.0,2729259952.4603214,61.0,0.0,2026-10-10
PDYN,Palladyne AI Corp. - Common stock,NASDAQ,Technology,Software - Infrastructure,5.04,890800.0,301286726.0,,0.0,2026-10-10
BIP,Brookfield Infrastructure Partners LP Limited Partnership Units,NASDAQ,Utilities,Utilities - Diversified,37.1,885995.0,16732721481.0,,0.0,2026-10-10
CBZ,CBIZ Inc. Common Stock,NASDAQ,Industrials,Specialty Business Services,54.82,884845.0,1681143482.0,,0.0,2026-10-10
UE,Urban Edge Properties Common Shares of Beneficial Interest,NASDAQ,Real Estate,REIT - Retail,19.36,882730.0,3035972133.0,,0.0,2026-10-10
POOL,Pool Corporation,NASDAQ,Industrials,Industrial Distribution,159.54,881700.0,7559223944.598877,61.0,0.0,2026-10-10
CRC,California Resources Corporation Common Stock,NASDAQ,Energy,Oil & Gas E&P,52.96,880670.0,5744826392.0,,0.0,2026-10-10
WES,Western Midstream Partners LP Common Units Representing Limited Partner Interests,NASDAQ,Energy,Oil & Gas Midstream,45.62,879915.0,16744144968.0,,0.0,2026-10-10
GDYN,"Grid Dynamics Holdings, Inc.",NASDAQ,Technology,Information Technology Services,7.95,877380.0,477170246.3563385,61.0,0.0,2026-10-10
LXP,LXP Industrial Trust Common Stock (Maryland REIT),NYSE,Real Estate,REIT - Industrial,61.0,877380.0,3245335740.0,62.0,0.0,2026-10-10
XPRO,Expro Group Holdings N.V. Common Stock,NASDAQ,Energy,Oil & Gas Equipment & Services,16.17,877025.0,2020476407.0,,0.0,2026-10-10
HLI,Houlihan Lokey Inc. Class A Common Stock,NASDAQ,Financial Services,Capital Markets,130.16,874895.0,11026077242.0,,0.0,2026-10-10
MRTN,"Marten Transport, Ltd.",NASDAQ,Industrials,Trucking,12.75,873290.0,1044340943.5618924,61.0,0.0,2026-10-10
SLG,SL Green Realty Corp Common Stock,NASDAQ,Real Estate,REIT - Office,48.41,873215.0,3011305477.0,,0.0,2026-10-10
TIGO,Millicom International Cellular S.A. - Common Stock,NASDAQ,Communication Services,Telecom Services,79.48,871835.0,13910965890.0,,0.0,2026-10-10
GSBD,Goldman Sachs BDC Inc. Common Stock,NASDAQ,Financial Services,Asset Management,8.77,868590.0,1070531852.0,,0.0,2026-10-10
SIG,Signet Jewelers Limited Common Shares,NASDAQ,Consumer Cyclical,Luxury Goods,105.22,868305.0,3607489486.0,,0.0,2026-10-10
BUSE,First Busey Corporation,NASDAQ,Financial Services,Banks - Regional,28.93,866600.0,2134991681.735897,61.0,0.0,2026-10-10
MSI,Motorola Solutions Inc. Common Stock,NASDAQ,Technology,Communication Equipment,444.18,865520.0,72840396179.0,,0.0,2026-10-10
PII,Polaris Inc. Common Stock,NASDAQ,Consumer Cyclical,Recreational Vehicles,51.6,865430.0,3403707818.0,,0.0,2026-10-10
ALSN,Allison Transmission Holdings Inc. Common Stock,NASDAQ,Consumer Cyclical,Auto Parts,109.86,864885.0,11264867112.0,,0.0,2026-10-10
ORA,Ormat Technologies Inc. Common Stock,NASDAQ,Utilities,Utilities - Renewable,88.92,862630.0,6966375032.0,,0.0,2026-10-10
IEP,Icahn Enterprises L.P.,NASDAQ,Energy,Oil & Gas Refining & Marketing,6.56,860805.0,4817303420.658583,61.0,0.0,2026-10-10
WERN,"Werner Enterprises, Inc. - Common Stock",NASDAQ,Industrials,Trucking,32.7,858605.0,1939985757.0,,0.0,2026-10-10
MASI,Masimo Corporation,NASDAQ,Healthcare,Medical Devices,179.95,858526.0,9520797460.25,61.0,0.0,2026-10-10
NATL,NCR Atleos Corporation Common Stock,NASDAQ,Technology,Software - Application,45.79,857740.0,3284899226.0,,0.0,2026-10-10
MRAM,"Everspin Technologies, Inc.",NASDAQ,Technology,Semiconductors,16.45,857270.0,503888424.0,63.0,0.0,2026-10-10
FG,F&G Annuities & Life Inc. Common Stock,NASDAQ,Financial Services,Insurance - Life,19.26,855880.0,3795727171.0,,0.0,2026-10-10
CAE,CAE Inc. Ordinary Shares,NASDAQ,Industrials,Aerospace & Defense,23.74,855860.0,8148109160.0,,0.0,2026-10-10
MAN,ManpowerGroup Common Stock,NASDAQ,Industrials,Staffing & Employment Services,52.78,855460.0,1370049835.0,,0.0,2026-10-10
TRIN,Trinity Capital Inc. - Common Stock,NASDAQ,Financial Services,Asset Management,17.1,854235.0,1257604675.0,,0.0,2026-10-10
MEOH,Methanex Corporation,NASDAQ,Basic Materials,Chemicals,62.1,852470.0,4932714491.191406,61.0,0.0,2026-10-10
PAYS,"Paysign, Inc.",NASDAQ,Technology,Software - Infrastructure,15.37,850000.0,313453028.4467993,61.0,0.0,2026-10-10
MLM,Martin Marietta Materials Inc. Common Stock,NYSE,Basic Materials,Building Materials,478.35,849440.0,32213423259.0,64.0,0.0,2026-10-10
RYTM,"Rhythm Pharmaceuticals, Inc.",NASDAQ,Healthcare,Biotechnology,90.78,847595.0,5451877263.692719,61.0,0.0,2026-10-10
FN,Fabrinet Ordinary Shares,NASDAQ,Technology,Electronic Components,486.28,847020.0,25801611289.0,,0.0,2026-10-10
GRMN,Garmin Ltd. Common Stock (Switzerland),NASDAQ,Technology,Scientific & Technical Instruments,268.36,845990.0,50032018872.0,,0.0,2026-10-10
J,Jacobs Solutions Inc. Common Stock,NASDAQ,Industrials,Engineering & Construction,139.15,845735.0,14868753686.0,,0.0,2026-10-10
TSSI,"TSS, Inc. - Common Stock",NASDAQ,Technology,Information Technology Services,9.7,844630.0,358255374.0,,0.0,2026-10-10
WGS,GeneDx Holdings Corp. - Class A Common Stock,NASDAQ,Healthcare,Diagnostics & Research,67.33,844255.0,1746194587.0,,0.0,2026-10-10
SMA,SmartStop Self Storage REIT Inc. Common Stock,NASDAQ,Real Estate,REIT - Industrial,32.83,841630.0,1859631724.0,,0.0,2026-10-10
KODK,Eastman Kodak Company Common New,NASDAQ,Industrials,Specialty Business Services,9.21,841290.0,1243533108.0,,0.0,2026-10-10
DEC,Diversified Energy Company Common Stock,NASDAQ,Energy,Oil & Gas Integrated,13.83,840910.0,1087578002.0,,0.0,2026-10-10
JAZZ,Jazz Pharmaceuticals plc,NASDAQ,Healthcare,Biotechnology,218.42,839800.0,11458782454.560852,61.0,0.0,2026-10-10
LSPD,Lightspeed Commerce Inc. Subordinate Voting Shares,NASDAQ,Technology,Software - Application,10.64,839300.0,1290628774.0,,0.0,2026-10-10
MKTX,"MarketAxess Holdings, Inc.",NASDAQ,Financial Services,Capital Markets,164.58,838310.0,4920437159.0,63.0,0.0,2026-10-10
ZLAB,Zai Lab Limited - American Depositary Shares,NASDAQ,Healthcare,Biotechnology,24.99,836315.0,2335556013.0,,0.0,2026-10-10
WWD,"Woodward, Inc. - Common Stock",NASDAQ,Industrials,Aerospace & Defense,335.51,836180.0,23307553249.0,,0.0,2026-10-10
MAMA,"Mama's Creations, Inc.",NASDAQ,Consumer Defensive,Packaged Foods,13.55,835035.0,811690961.0,62.0,0.0,2026-10-10
AUPH,Aurinia Pharmaceuticals Inc,NASDAQ,Healthcare,Biotechnology,16.65,834575.0,1894836450.75,61.0,0.0,2026-10-10
APPN,Appian Corporation,NASDAQ,Technology,Software - Infrastructure,40.1,833035.0,1743601021.2268066,61.0,0.0,2026-10-10
TTC,Toro Company (The) Common Stock,NASDAQ,Industrials,Tools & Accessories,95.79,832995.0,9283081960.0,,0.0,2026-10-10
ONTO,Onto Innovation Inc. Common Stock,NASDAQ,Technology,Semiconductor Equipment & Materials,294.53,832615.0,15314053807.0,,0.0,2026-10-10
NPKI,NPK International Inc. Common Stock,NASDAQ,Energy,Oil & Gas Equipment & Services,11.34,831895.0,1276371850.0,,0.0,2026-10-10
MSM,MSC Industrial Direct Company Inc. Common Stock,NASDAQ,Industrials,Industrial Distribution,129.51,831620.0,5462270747.0,,0.0,2026-10-10
SRTA,"Strata Critical Medical, Inc.",NASDAQ,Healthcare,Medical Care Facilities,4.53,831370.0,439149178.0,63.0,2.0,2026-10-10
MCK,McKesson Corporation Common Stock,NASDAQ,Healthcare,Medical Distribution,938.84,831335.0,101433085393.0,,0.0,2026-10-10
MCO,Moody's Corporation Common Stock,NASDAQ,Financial Services,Financial Data & Stock Exchanges,464.23,831210.0,79661187417.0,,0.0,2026-10-10
WAT,Waters Corporation Common Stock,NASDAQ,Healthcare,Diagnostics & Research,433.77,828230.0,30418540216.0,,0.0,2026-10-10
AXSM,"Axsome Therapeutics, Inc.",NASDAQ,Healthcare,Biotechnology,168.35,826445.0,8055364497.489899,61.0,0.0,2026-10-10
MMS,Maximus Inc. Common Stock,NASDAQ,Industrials,Specialty Business Services,59.39,825740.0,3571295337.0,,0.0,2026-10-10
RLI,RLI Corp. Common Stock (DE),NASDAQ,Financial Services,Insurance - Property & Casualty,55.71,825290.0,4855031022.0,,0.0,2026-10-10
OPFI,OppFi Inc. Class A Common Stock,NYSE,Financial Services,Credit Services,5.93,823225.0,796718997.0,63.0,0.0,2026-10-10
OSS,"One Stop Systems, Inc.",NASDAQ,Technology,Computer Hardware,7.74,822875.0,388378194.0,63.0,0.0,2026-10-10
IHS,IHS Holding Limited Ordinary Shares,NASDAQ,Real Estate,Real Estate Services,8.43,822560.0,2768050081.0,,0.0,2026-10-10
PACS,PACS Group Inc. Common Stock,NASDAQ,Healthcare,Medical Care Facilities,43.3,821645.0,5568357025.0,,0.0,2026-10-10
MNTN,MNTN Inc. Class A Common Stock,NASDAQ,Technology,Software - Application,10.19,821505.0,737988355.0,,0.0,2026-10-10
WAB,Westinghouse Air Brake Technologies Corporation Common Stock,NASDAQ,Industrials,Railroads,285.43,821490.0,45314031608.0,,0.0,2026-10-10
FDS,FactSet Research Systems Inc. Common Stock,NASDAQ,Financial Services,Financial Data & Stock Exchanges,287.18,818380.0,8164944005.0,,0.0,2026-10-10
PLAB,"Photronics, Inc.",NASDAQ,Technology,Semiconductor Equipment & Materials,29.62,815725.0,2345512127.7436523,61.0,0.0,2026-10-10
UPB,"Upstream Bio, Inc. - Common Stock",NASDAQ,Healthcare,Biotechnology,4.7,814180.0,570865640.0,,1.0,2026-10-10
RH,RH Common Stock,NASDAQ,Consumer Cyclical,Specialty Retail,116.99,809750.0,2589942442.0,,0.0,2026-10-10
NRDS,"NerdWallet, Inc.",NASDAQ,Communication Services,Internet Content & Information,9.74,808590.0,734767165.9695244,61.0,0.0,2026-10-10
CRUS,"Cirrus Logic, Inc.",NASDAQ,Technology,Semiconductors,106.87,808540.0,7378994560.864777,61.0,0.0,2026-10-10
AVY,Avery Dennison Corporation Common Stock,NASDAQ,Consumer Cyclical,Packaging & Containers,167.82,806255.0,12729768630.0,,0.0,2026-10-10
WMS,Advanced Drainage Systems Inc. Common Stock,NASDAQ,Industrials,Building Products & Equipment,125.79,805730.0,11837792147.0,,0.0,2026-10-10
TRAX,"First Tracks Biotherapeutics, Inc.",NASDAQ,Healthcare,Biotechnology,31.85,805155.0,1264499946.0,62.0,0.0,2026-10-10
LH,Labcorp Holdings Inc. Common Stock,NASDAQ,Healthcare,Diagnostics & Research,312.15,804690.0,21737118994.0,,0.0,2026-10-10
TRNO,Terreno Realty Corporation Common Stock,NASDAQ,Real Estate,REIT - Industrial,64.79,802185.0,6936420599.0,,0.0,2026-10-10
GOOS,Canada Goose Holdings Inc. Subordinate Voting Shares,NYSE,Consumer Cyclical,Apparel Manufacturing,7.92,802040.0,929653140.0,63.0,0.0,2026-10-10
VGNT,Versigent PLC Ordinary Shares,NASDAQ,Consumer Cyclical,Auto Parts,44.19,800990.0,2478407328.0,,0.0,2026-10-10
RNST,Renasant Corporation Common Stock,NASDAQ,Financial Services,Banks - Regional,39.01,799770.0,3704499636.0,,0.0,2026-10-10
TRN,Trinity Industries Inc. Common Stock,NASDAQ,Industrials,Railroads,25.52,799465.0,2534911110.0,,0.0,2026-10-10
CYRX,"CryoPort, Inc.",NASDAQ,Industrials,Integrated Freight & Logistics,17.35,798605.0,685471476.0,63.0,0.0,2026-10-10
CDNL,Cardinal Infrastructure Group Inc.,NASDAQ,Industrials,Engineering & Construction,21.12,796070.0,793552930.0,62.0,0.0,2026-10-10
CECO,CECO Environmental Corp.,NASDAQ,Industrials,Pollution & Treatment Controls,65.82,795765.0,2203433883.6026306,61.0,0.0,2026-10-10
BC,Brunswick Corporation Common Stock,NASDAQ,Consumer Cyclical,Recreational Vehicles,61.48,795555.0,5168013194.0,,0.0,2026-10-10
MICC,The Magnum Ice Cream Company N.V. Ordinary Shares,NASDAQ,Consumer Defensive,Packaged Foods,17.28,790085.0,8107835174.0,,0.0,2026-10-10
PFLT,PennantPark Floating Rate Capital Ltd. Common Stock,NASDAQ,Financial Services,Asset Management,6.68,789970.0,856250453.0,,0.0,2026-10-10
ONT,Onterris Inc. Common Stock,NYSE,Industrials,Waste Management,13.81,789095.0,553291580.0,63.0,0.0,2026-10-10
OLED,Universal Display Corporation,NASDAQ,Technology,Electronic Components,74.96,786405.0,4401104669.396194,61.0,0.0,2026-10-10
AVNT,Avient Corporation Common Stock,NASDAQ,Basic Materials,Specialty Chemicals,37.79,786245.0,3444620664.0,,0.0,2026-10-10
H,Hyatt Hotels Corporation Class A Common Stock,NASDAQ,Consumer Cyclical,Lodging,161.94,785830.0,15517274559.0,,0.0,2026-10-10
KEP,Korea Electric Power Corporation Common Stock,NASDAQ,Utilities,Utilities - Regulated Electric,11.03,784705.0,20067797193.0,,0.0,2026-10-10
DXYZ,Destiny Tech100 Inc. Common Stock,NASDAQ,Financial Services,Asset Management,30.74,783850.0,646982430.0,,0.0,2026-10-10
CARS,Cars.com Inc. Common Stock,NASDAQ,Communication Services,Internet Content & Information,9.71,783185.0,635768139.0,,0.0,2026-10-10
MD,Pediatrix Medical Group Inc. Common Stock,NASDAQ,Healthcare,Medical Care Facilities,26.64,780260.0,1913981352.0,,0.0,2026-10-10
PUBM,"PubMatic, Inc.",NASDAQ,Technology,Software - Application,18.64,779770.0,390620682.9097595,61.0,0.0,2026-10-10
DPZ,Domino's Pizza Inc,NASDAQ,Consumer Cyclical,Restaurants,309.36,779635.0,11843424699.154602,61.0,0.0,2026-10-10
HTLD,"Heartland Express, Inc.",NASDAQ,Industrials,Trucking,11.12,779245.0,1030612971.0,63.0,0.0,2026-10-10
SOBO,South Bow Corporation Common Shares,NASDAQ,Energy,Oil & Gas Midstream,33.22,779030.0,6693561440.0,,0.0,2026-10-10
CRS,Carpenter Technology Corporation Common Stock,NASDAQ,Industrials,Metal Fabrication,385.81,776900.0,21296550575.0,,0.0,2026-10-10
BCAX,Bicara Therapeutics Inc.,NASDAQ,Healthcare,Biotechnology,17.5,776755.0,1216901376.3330688,61.0,0.0,2026-10-10
TMDX,"TransMedics Group, Inc. - Common Stock",NASDAQ,Healthcare,Medical Devices,77.87,775210.0,3910479414.0,,0.0,2026-10-10
ALV,Autoliv Inc. Common Stock,NASDAQ,Consumer Cyclical,Auto Parts,109.76,774320.0,8819649667.0,,0.0,2026-10-10
AVA,Avista Corporation Common Stock,NASDAQ,Utilities,Utilities - Diversified,35.49,769145.0,3394006552.0,,0.0,2026-10-10
AMSC,American Superconductor Corporation,NASDAQ,Industrials,Specialty Industrial Machinery,30.52,768620.0,1573347870.6443024,61.0,0.0,2026-10-10
FHI,Federated Hermes Inc. Common Stock,NASDAQ,Financial Services,Asset Management,56.52,768405.0,4236403789.0,,0.0,2026-10-10
KLIC,"Kulicke and Soffa Industries, Inc.",NASDAQ,Technology,Semiconductor Equipment & Materials,92.01,766210.0,3375453732.0,61.0,0.0,2026-10-10
ZBIO,"Zenas BioPharma, Inc. - Common Stock",NASDAQ,Healthcare,Biotechnology,27.26,765170.0,1274664187.0,,0.0,2026-10-10
REGN,"Regeneron Pharmaceuticals, Inc.",NASDAQ,Healthcare,Biotechnology,746.54,764805.0,78879661136.51001,61.0,0.0,2026-10-10
PRDO,Perdoceo Education Corporation,NASDAQ,Consumer Defensive,Education & Training Services,33.71,764625.0,2417881920.244831,61.0,0.0,2026-10-10
FNV,Franco-Nevada Corporation,NASDAQ,Basic Materials,Gold,244.85,762830.0,46720907385.0,,0.0,2026-10-10
HCSG,"Healthcare Services Group, Inc.",NASDAQ,Healthcare,Medical Care Facilities,20.59,761110.0,1313643016.201973,61.0,0.0,2026-10-10
PRKS,United Parks & Resorts Inc. Common Stock,NASDAQ,Consumer Cyclical,Leisure,32.67,757635.0,1643568666.0,,0.0,2026-10-10
PRG,PROG Holdings Inc. Common Stock,NYSE,Industrials,Rental & Leasing Services,30.48,757140.0,1772500618.0,62.0,0.0,2026-10-10
BOOT,Boot Barn Holdings Inc. Common Stock,NASDAQ,Consumer Cyclical,Apparel Retail,119.96,753220.0,5131622579.0,,0.0,2026-10-10
POWI,"Power Integrations, Inc.",NASDAQ,Technology,Semiconductors,49.12,753160.0,2743007578.3691406,61.0,0.0,2026-10-10
RDNT,"RadNet, Inc.",NASDAQ,Healthcare,Diagnostics & Research,70.91,753065.0,4460368918.491364,61.0,0.0,2026-10-10
MLKN,"MillerKnoll, Inc.",NASDAQ,Consumer Cyclical,"Furnishings, Fixtures & Appliances",20.88,752075.0,1037656283.5935744,61.0,0.0,2026-10-10
KTB,Kontoor Brands Inc. Common Stock,NASDAQ,Consumer Cyclical,Apparel Manufacturing,65.62,751165.0,4042211550.0,,0.0,2026-10-10
RQI,Cohen & Steers Quality Income Realty Fund Inc Common Shares,NYSE,Financial Services,Asset Management,11.23,749415.0,1643287028.0,62.0,0.0,2026-10-10
TFSL,TFS Financial Corporation - Common Stock,NASDAQ,Financial Services,Banks - Regional,16.07,749375.0,4147767489.0,,0.0,2026-10-10
RVLV,Revolve Group Inc. Class A Common Stock,NASDAQ,Consumer Cyclical,Internet Retail,21.69,749050.0,1916463245.0,,0.0,2026-10-10
SENS,"Senseonics Holdings, Inc.",NASDAQ,Healthcare,Medical Devices,8.98,748140.0,301211107.0,63.0,0.0,2026-10-10
TARS,"Tarsus Pharmaceuticals, Inc.",NASDAQ,Healthcare,Biotechnology,73.16,746595.0,2737184225.0,63.0,0.0,2026-10-10
UHS,Universal Health Services Inc. Common Stock,NASDAQ,Healthcare,Medical Care Facilities,177.35,745865.0,10640533449.0,,0.0,2026-10-10
MRX,Marex Group plc,NASDAQ,Financial Services,Capital Markets,71.92,745195.0,3131377515.56398,61.0,0.0,2026-10-10
WHD,Cactus Inc. Class A Common Stock,NASDAQ,Energy,Oil & Gas Equipment & Services,63.43,744880.0,3941407973.0,,0.0,2026-10-10
CLPT,ClearPoint Neuro Inc.,NASDAQ,Healthcare,Medical Devices,10.48,744455.0,353235260.0,63.0,0.0,2026-10-10
LTM,LATAM Airlines Group S.A. American Depositary Shares (each representing two thousand (2000) shares of Common Stock),NASDAQ,Industrials,Airlines,50.25,741475.0,14637196950.0,,0.0,2026-10-10
TNL,Travel   Leisure Co. Common  Stock,NASDAQ,Consumer Cyclical,Travel Services,62.62,739735.0,4202419273.0,,0.0,2026-10-10
QLYS,"Qualys, Inc.",NASDAQ,Technology,Software - Infrastructure,202.42,735170.0,3142263431.552216,61.0,0.0,2026-10-10
JKS,JinkoSolar Holding Company Limited American Depositary Shares (each representing 4 Common Shares),NASDAQ,Technology,Solar,8.88,733925.0,1166828650.0,,0.0,2026-10-10
RUSHA,"Rush Enterprises, Inc.",NASDAQ,Consumer Cyclical,Auto & Truck Dealerships,44.52,731405.0,5865723985.0,62.0,0.0,2026-10-10
WBI,WaterBridge Infrastructure LLC Class A Shares Representing Limited Liability Company Interests,NASDAQ,Energy,Oil & Gas Equipment & Services,29.98,730905.0,1338547167.0,,0.0,2026-10-10
RILY,"BRC Group Holdings, Inc.",NASDAQ,Financial Services,Financial Conglomerates,5.11,730040.0,315655353.0,63.0,0.0,2026-10-10
OIS,Oil States International Inc. Common Stock,NASDAQ,Energy,Oil & Gas Equipment & Services,8.17,729005.0,667013856.0,,0.0,2026-10-10
SIMO,Silicon Motion Technology Corporation,NASDAQ,Technology,Semiconductors,263.9,724875.0,5215134226.0,63.0,0.0,2026-10-10
VECO,Veeco Instruments Inc. - Common Stock,NASDAQ,Technology,Semiconductor Equipment & Materials,52.28,721215.0,2418098097.0,,0.0,2026-10-10
AXS,Axis Capital Holdings Limited Common Stock,NASDAQ,Financial Services,Insurance - Specialty,96.73,721210.0,7358942024.0,,0.0,2026-10-10
ROK,Rockwell Automation Inc. Common Stock,NASDAQ,Industrials,Specialty Industrial Machinery,432.59,720830.0,45105944735.0,,0.0,2026-10-10
EOLS,"Evolus, Inc.",NASDAQ,Healthcare,Drug Manufacturers - Specialty & Generic,7.73,720350.0,344817959.0,63.0,0.0,2026-10-10
CHRD,Chord Energy Corporation,NASDAQ,Energy,Oil & Gas E&P,141.54,718830.0,8271725353.977493,61.0,0.0,2026-10-10
IVT,InvenTrust Properties Corp. Common Stock,NYSE,Real Estate,REIT - Retail,29.78,717375.0,2755811951.0,62.0,0.0,2026-10-10
COLM,Columbia Sportswear Company,NASDAQ,Consumer Cyclical,Apparel Manufacturing,57.04,715245.0,2960655707.4148674,61.0,0.0,2026-10-10
GCT,GigaCloud Technology Inc,NASDAQ,Technology,Software - Infrastructure,57.26,711170.0,1588066790.0117683,61.0,0.0,2026-10-10
HAE,Haemonetics Corporation Common Stock,NASDAQ,Healthcare,Medical Devices,118.69,710960.0,2785028019.0,,0.0,2026-10-10
THC,Tenet Healthcare Corporation Common Stock,NASDAQ,Healthcare,Medical Care Facilities,263.78,710035.0,15840468985.0,,0.0,2026-10-10
UMH,UMH Properties Inc. Common Stock,NASDAQ,Real Estate,REIT - Residential,15.17,708040.0,1339826155.0,,0.0,2026-10-10
PAYC,Paycom Software Inc. Common Stock,NASDAQ,Technology,Software - Application,232.22,707565.0,6577086160.0,,0.0,2026-10-10
LRN,Stride Inc. Common Stock,NASDAQ,Consumer Defensive,Education & Training Services,85.59,706555.0,4177978171.0,,0.0,2026-10-10
ACA,Arcosa Inc. Common Stock ,NYSE,Industrials,Engineering & Construction,147.18,703855.0,7120487305.0,62.0,0.0,2026-10-10
SSB,SouthState Bank Corporation Common Stock,NASDAQ,Financial Services,Banks - Regional,100.25,703695.0,9290365823.0,,0.0,2026-10-10
ZD,"Ziff Davis, Inc. - Common Stock",NASDAQ,Communication Services,Advertising Agencies,56.52,700750.0,1654236309.0,,0.0,2026-10-10
SUPN,"Supernus Pharmaceuticals, Inc. - Common Stock",NASDAQ,Healthcare,Drug Manufacturers - Specialty & Generic,42.67,699380.0,2918241181.0,,0.0,2026-10-10
DCI,Donaldson Company Inc. Common Stock,NASDAQ,Industrials,Specialty Industrial Machinery,86.93,698150.0,10302834951.0,,0.0,2026-10-10
PSO,Pearson Plc Common Stock,NASDAQ,Communication Services,Publishing,16.97,695980.0,8771136476.0,,0.0,2026-10-10
AMN,AMN Healthcare Services Inc,NASDAQ,Healthcare,Medical Care Facilities,36.52,693735.0,786654580.0,,0.0,2026-10-10
ABX,Abacus Global Management Inc. Class A Common Stock,NASDAQ,Financial Services,Insurance - Life,8.19,692070.0,889153251.0,,0.0,2026-10-10
STE,STERIS plc (Ireland) Ordinary Shares,NASDAQ,Healthcare,Medical Devices,214.4,691615.0,21769006895.0,,0.0,2026-10-10
AIP,"Arteris, Inc.  - Common Stock",NASDAQ,Technology,Semiconductors,22.44,690090.0,827504184.8887672,,0.0,2026-10-10
HCC,Warrior Met Coal Inc. Common Stock,NASDAQ,Basic Materials,Coking Coal,93.07,689480.0,4575598797.0,,0.0,2026-10-10
LINC,Lincoln Educational Services Corporation,NASDAQ,Consumer Defensive,Education & Training Services,23.49,688780.0,1557487696.0,63.0,0.0,2026-10-10
TBBB,BBB Foods Inc. Class A Common Shares,NYSE,Consumer Defensive,Discount Stores,55.59,684980.0,5133563180.0,62.0,0.0,2026-10-10
LTC,LTC Properties Inc. Common Stock,NYSE,Real Estate,REIT - Healthcare Facilities,42.46,683710.0,1988911411.0,62.0,0.0,2026-10-10
RGLD,"Royal Gold, Inc.",NASDAQ,Basic Materials,Gold,236.23,683515.0,19988892204.675903,61.0,0.0,2026-10-10
TYL,Tyler Technologies Inc. Common Stock,NYSE,Technology,Software - Application,329.55,681880.0,12831328301.0,63.0,0.0,2026-10-10
DVA,DaVita Inc. Common Stock,NASDAQ,Healthcare,Medical Care Facilities,179.25,681780.0,10013648735.0,,0.0,2026-10-10
PFSI,PennyMac Financial Services Inc. Common Stock,NASDAQ,Financial Services,Mortgage Finance,59.9,676525.0,4745248330.0,,0.0,2026-10-10
ASH,Ashland Inc. Common Stock,NASDAQ,Basic Materials,Specialty Chemicals,70.57,675495.0,2626761313.0,,0.0,2026-10-10
ASC,Ardmore Shipping Corporation Common Stock,NASDAQ,Industrials,Marine Shipping,19.28,674430.0,683851819.0,,0.0,2026-10-10
VVX,V2X Inc. Common Stock,NASDAQ,Industrials,Aerospace & Defense,71.44,673620.0,1979086746.0,,0.0,2026-10-10
LEA,Lear Corporation Common Stock,NASDAQ,Consumer Cyclical,Auto Parts,118.03,672515.0,6496451749.0,,0.0,2026-10-10
PCTY,Paylocity Holding Corporation,NASDAQ,Technology,Software - Application,153.96,671895.0,5885721616.395447,61.0,0.0,2026-10-10
HLNE,Hamilton Lane Incorporated,NASDAQ,Financial Services,Asset Management,85.67,668985.0,5348788202.150253,61.0,0.0,2026-10-10
AMCX,AMC Global Media Inc.,NASDAQ,Communication Services,Entertainment,10.81,668620.0,364600017.0,63.0,0.0,2026-10-10
KN,Knowles Corporation Common Stock,NASDAQ,Technology,Electronic Components,37.56,665705.0,2619011854.0,,0.0,2026-10-10
BMO,Bank Of Montreal Common Stock,NASDAQ,Financial Services,Banks - Diversified,162.59,665545.0,107253560460.0,,0.0,2026-10-10
LOGI,Logitech International S.A.,NASDAQ,Technology,Computer Hardware,98.27,665020.0,13279093115.203903,61.0,0.0,2026-10-10
DUOT,"Duos Technologies Group, Inc.",NASDAQ,Technology,Software - Application,7.2,662275.0,360678674.0,64.0,0.0,2026-10-10
LIVN,LivaNova PLC,NASDAQ,Healthcare,Medical Devices,76.39,661955.0,3355497316.944961,61.0,0.0,2026-10-10
HPP,Hudson Pacific Properties Inc. Common Stock,NASDAQ,Real Estate,REIT - Office,11.97,660890.0,459972338.0,,0.0,2026-10-10
GILT,Gilat Satellite Networks Ltd.,NASDAQ,Technology,Communication Equipment,8.94,657885.0,1184893869.205059,61.0,0.0,2026-10-10
IEX,IDEX Corporation Common Stock,NASDAQ,Industrials,Specialty Industrial Machinery,234.29,656835.0,15221974098.0,,0.0,2026-10-10
ROAD,"Construction Partners, Inc.",NASDAQ,Industrials,Engineering & Construction,86.81,653810.0,6229690086.198364,61.0,0.0,2026-10-10
MOH,Molina Healthcare Inc Common Stock,NASDAQ,Healthcare,Healthcare Plans,196.93,652135.0,9166474127.0,,0.0,2026-10-10
CRNC,Cerence Inc. - Common Stock,NASDAQ,Technology,Software - Application,8.43,649805.0,335384702.0,,0.0,2026-10-10
PBH,Prestige Consumer Healthcare Inc. Common Stock,NASDAQ,Healthcare,Drug Manufacturers - Specialty & Generic,48.23,648240.0,2788965881.0,,0.0,2026-10-10
ITRI,"Itron, Inc.",NASDAQ,Technology,Scientific & Technical Instruments,85.58,647240.0,3855822861.0,61.0,0.0,2026-10-10
NTCT,"NetScout Systems, Inc.",NASDAQ,Technology,Software - Infrastructure,40.69,646185.0,2300218175.049877,61.0,0.0,2026-10-10
MH,McGraw Hill Inc. Common Stock,NYSE,Consumer Defensive,Education & Training Services,13.37,645025.0,1878331911.0,62.0,0.0,2026-10-10
EEFT,"Euronet Worldwide, Inc.",NASDAQ,Technology,Software - Infrastructure,64.6,644445.0,2792607635.03389,61.0,0.0,2026-10-10
NEXA,Nexa Resources S.A. Common Shares,NASDAQ,Basic Materials,Other Industrial Metals & Mining,13.2,643155.0,1911089197.0,,0.0,2026-10-10
CEVA,"CEVA, Inc.",NASDAQ,Technology,Semiconductors,33.49,642080.0,899300397.0,63.0,0.0,2026-10-10
BLLN,"BillionToOne, Inc.",NASDAQ,Healthcare,Diagnostics & Research,98.09,640765.0,4275740150.0,63.0,0.0,2026-10-10
QTWO,Q2 Holdings Inc. Common Stock,NASDAQ,Technology,Software - Application,58.6,635780.0,3086520181.0,,0.0,2026-10-10
IAC,IAC Inc.,NASDAQ,Communication Services,Internet Content & Information,44.53,635554.0,3006725279.13414,61.0,0.0,2026-10-10
NTES,"NetEase, Inc.",NASDAQ,Communication Services,Electronic Gaming & Multimedia,124.24,633320.0,70643970305.23627,61.0,0.0,2026-10-10
LPG,Dorian LPG Ltd. Common Stock,NYSE,Energy,Oil & Gas Midstream,57.64,633020.0,1987683320.0,64.0,0.0,2026-10-10
FLOC,Flowco Holdings Inc. Class A Common Stock,NASDAQ,Energy,Oil & Gas Equipment & Services,19.46,630655.0,2538237697.0,,0.0,2026-10-10
ATRO,Astronics Corporation,NASDAQ,Industrials,Aerospace & Defense,64.22,628750.0,2816693368.0,63.0,0.0,2026-10-10
MRCY,Mercury Systems Inc,NASDAQ,Industrials,Aerospace & Defense,79.49,626300.0,4325254509.924988,61.0,0.0,2026-10-10
ETON,"Eton Pharmaceuticals, Inc.",NASDAQ,Healthcare,Drug Manufacturers - Specialty & Generic,55.21,625390.0,1271553208.0,62.0,0.0,2026-10-10
MEI,Methode Electronics Inc. Common Stock,NYSE,Technology,Electronic Components,15.55,623930.0,373082323.0,63.0,0.0,2026-10-10
WDS,Woodside Energy Group Limited American Depositary Shares each representing one Ordinary Share,NASDAQ,Energy,Oil & Gas E&P,22.57,622890.0,43801349035.0,,0.0,2026-10-10
MIDD,The Middleby Corporation,NASDAQ,Industrials,Specialty Industrial Machinery,105.95,619880.0,6614248845.833313,61.0,0.0,2026-10-10
CVLT,"Commvault Systems, Inc.",NASDAQ,Technology,Software - Application,157.25,619810.0,3430100460.349594,61.0,0.0,2026-10-10
AGRO,Adecoagro S.A. Common Shares,NASDAQ,Consumer Defensive,Farm Products,10.24,617250.0,1822131287.0,,0.0,2026-10-10
AORT,Artivion Inc. Common Stock,NASDAQ,Healthcare,Medical Devices,21.26,616920.0,1831208614.0,,0.0,2026-10-10
LIF,"Life360, Inc.",NASDAQ,Technology,Software - Application,43.72,616265.0,3133359785.4353256,61.0,0.0,2026-10-10
PAYP,PayPay Corporation,NASDAQ,Technology,Software - Infrastructure,15.71,614670.0,9960775541.0,62.0,0.0,2026-10-10
SDRL,Seadrill Limited Common Shares,NASDAQ,Energy,Oil & Gas Drilling,46.15,612830.0,3003818305.0,,0.0,2026-10-10
SANM,Sanmina Corporation,NASDAQ,Technology,Electronic Components,217.49,612285.0,7169621961.040894,61.0,0.0,2026-10-10
MITK,"Mitek Systems, Inc.",NASDAQ,Technology,Software - Application,17.7,612110.0,604292715.5436792,61.0,0.0,2026-10-10
EPC,Edgewell Personal Care Company Common Stock,NASDAQ,Consumer Defensive,Household & Personal Products,27.8,607610.0,1093635715.0,,0.0,2026-10-10
CODI,D/B/A Compass Diversified Holdings Shares of Beneficial Interest,NASDAQ,Industrials,Conglomerates,10.85,606030.0,864461232.0,,0.0,2026-10-10
GSAT,"Globalstar, Inc.",NASDAQ,Communication Services,Telecom Services,83.82,605335.0,8240333510.641632,61.0,0.0,2026-10-10
RL,Ralph Lauren Corporation Common Stock,NASDAQ,Consumer Cyclical,Apparel Manufacturing,371.28,603210.0,22512237654.0,,0.0,2026-10-10
MFIC,MidCap Financial Investment Corporation,NASDAQ,Financial Services,Asset Management,8.47,600290.0,1028205957.1510086,61.0,0.0,2026-10-10
MEC,Mayville Engineering Company Inc. Common Stock,NYSE,Industrials,Metal Fabrication,15.11,599525.0,859657913.0,62.0,0.0,2026-10-10
CHEF,"The Chefs' Warehouse, Inc.",NASDAQ,Consumer Defensive,Food Distribution,114.32,599450.0,3331940028.0,63.0,0.0,2026-10-10
IUSV,iShares Core S&P U.S. Value ETF,NASDAQ,,,112.61,599415.0,10389789696.0,62.0,0.0,2026-10-10
ENS,EnerSys Common Stock,NYSE,Industrials,Electrical Equipment & Parts,179.81,597020.0,7498295728.0,62.0,0.0,2026-10-10
TK,Teekay Corporation Ltd. Common Stock,NYSE,Energy,Oil & Gas Midstream,15.27,596635.0,1160737705.0,64.0,0.0,2026-10-10
SIBN,"SI-BONE, Inc.",NASDAQ,Healthcare,Medical Devices,19.37,590180.0,556040970.069088,61.0,0.0,2026-10-10
WEX,WEX Inc. common stock,NASDAQ,Technology,Software - Infrastructure,172.43,590070.0,5215585501.0,,0.0,2026-10-10
RHP,Ryman Hospitality Properties Inc. (REIT),NASDAQ,Real Estate,REIT - Hotel & Motel,120.28,586670.0,6450398633.0,,0.0,2026-10-10
MANH,"Manhattan Associates, Inc.",NASDAQ,Technology,Software - Application,204.89,585440.0,7682372053.36821,61.0,0.0,2026-10-10
AMRC,Ameresco Inc. Class A Common Stock,NASDAQ,Industrials,Engineering & Construction,21.33,583015.0,1478068526.0,,0.0,2026-10-10
DQ,DAQO New Energy Corp. American Depositary Shares each representing five ordinary shares,NASDAQ,Technology,Semiconductor Equipment & Materials,11.0,580215.0,1555644474.0,,0.0,2026-10-10
PDFS,"PDF Solutions, Inc.",NASDAQ,Technology,Software - Application,54.4,579320.0,2061125919.0,63.0,0.0,2026-10-10
MSCI,MSCI Inc. Common Stock,NASDAQ,Financial Services,Financial Data & Stock Exchanges,565.12,575685.0,43104916680.0,,0.0,2026-10-10
TOWN,Towne Bank,NASDAQ,Financial Services,Banks - Regional,34.96,575325.0,3161651742.0,64.0,0.0,2026-10-10
TWI,Titan International Inc. (DE) Common Stock,NASDAQ,Industrials,Farm & Heavy Construction Machinery,6.95,573990.0,526277749.0,,0.0,2026-10-10
MMSI,"Merit Medical Systems, Inc.",NASDAQ,Healthcare,Medical Instruments & Supplies,87.21,569210.0,4088917034.17186,61.0,0.0,2026-10-10
FFIV,"F5, Inc.",NASDAQ,Technology,Software - Infrastructure,479.83,567865.0,16031237575.136047,61.0,0.0,2026-10-10
CSWC,Capital Southwest Corporation,NASDAQ,Financial Services,Asset Management,23.54,564825.0,1301003682.5,61.0,0.0,2026-10-10
SKY,Champion Homes Inc. Common Stock,NYSE,Consumer Cyclical,Residential Construction,79.63,561065.0,3702287061.0,63.0,0.0,2026-10-10
CXT,Crane NXT Co. Common Stock,NASDAQ,Industrials,Specialty Industrial Machinery,50.45,560405.0,2585725643.0,,0.0,2026-10-10
PKG,Packaging Corporation of America Common Stock,NASDAQ,Consumer Cyclical,Packaging & Containers,230.51,560305.0,18990854745.0,,0.0,2026-10-10
LAND,Gladstone Land Corporation,NASDAQ,Real Estate,REIT - Specialty,9.48,553505.0,418942270.43325233,61.0,0.0,2026-10-10
AOSL,Alpha and Omega Semiconductor Limited - Common Shares,NASDAQ,Technology,Semiconductors,27.87,552710.0,675868308.5031509,,0.0,2026-10-10
STRL,"Sterling Infrastructure, Inc.",NASDAQ,Industrials,Engineering & Construction,513.0,552530.0,25923493564.0,63.0,0.0,2026-10-10
INTA,"Intapp, Inc.",NASDAQ,Technology,Software - Application,39.61,551000.0,2044884915.7140656,61.0,0.0,2026-10-10
DIOD,Diodes Incorporated,NASDAQ,Technology,Semiconductors,94.94,549180.0,3821765174.0,62.0,0.0,2026-10-10
JBTM,JBT Marel Corporation Common Stock,NASDAQ,Industrials,Specialty Industrial Machinery,107.08,547535.0,6775362593.0,,0.0,2026-10-10
XMAX,"XMAX, Inc.",NASDAQ,Consumer Cyclical,"Furnishings, Fixtures & Appliances",8.74,547370.0,546980027.0,62.0,0.0,2026-10-10
CGNT,Cognyte Software Ltd. - Ordinary Shares,NASDAQ,Technology,Software - Infrastructure,8.81,544730.0,592338901.0,,0.0,2026-10-10
BBDC,Barings BDC Inc. Common Stock,NASDAQ,Financial Services,Asset Management,8.52,542140.0,921420599.0,,0.0,2026-10-10
PH,Parker-Hannifin Corporation Common Stock,NASDAQ,Industrials,Specialty Industrial Machinery,962.56,541155.0,122994217316.0,,0.0,2026-10-10
POWL,"Powell Industries, Inc. - Common Stock",NASDAQ,Industrials,Electrical Equipment & Parts,191.93,540125.0,8412416596.0,,0.0,2026-10-10
ZBRA,Zebra Technologies Corporation - Class A Common Stock,NASDAQ,Technology,Communication Equipment,387.18,537700.0,10926953671.0,,0.0,2026-10-10
SEZL,Sezzle Inc.,NASDAQ,Financial Services,Credit Services,128.64,529460.0,2160525175.1951523,61.0,0.0,2026-10-10
BLK,BlackRock Inc. Common Stock,NASDAQ,Financial Services,Asset Management,1082.39,529100.0,162351722924.0,,0.0,2026-10-10
KRNY,Kearny Financial,NASDAQ,Financial Services,Banks - Regional,9.07,524465.0,585275693.0,62.0,0.0,2026-10-10
JACK,Jack In The Box Inc.,NASDAQ,Consumer Cyclical,Restaurants,12.7,524095.0,328066209.0,62.0,0.0,2026-10-10
WCC,WESCO International Inc. Common Stock,NASDAQ,Industrials,Industrial Distribution,365.69,523780.0,15436310365.0,,0.0,2026-10-10
AEIS,"Advanced Energy Industries, Inc.",NASDAQ,Industrials,Electrical Equipment & Parts,288.66,521335.0,11818324837.234495,61.0,0.0,2026-10-10
FWRD,Forward Air Corporation,NASDAQ,Industrials,Integrated Freight & Logistics,15.64,516995.0,515754112.8584194,61.0,0.0,2026-10-10
SMWB,Similarweb Ltd. Ordinary Shares,NYSE,Technology,Software - Application,9.05,513090.0,583419589.0,62.0,0.0,2026-10-10
IRTC,"iRhythm Holdings, Inc. ",NASDAQ,Healthcare,Medical Devices,106.7,512855.0,3833414159.960632,61.0,0.0,2026-10-10
SKE,Skeena Resources Limited Common Shares,NASDAQ,Basic Materials,Other Industrial Metals & Mining,32.59,512025.0,3854571553.0,,0.0,2026-10-10
SA,Seabridge Gold Inc. Ordinary Shares (Canada),NASDAQ,Basic Materials,Gold,28.08,509685.0,3238325113.0,,0.0,2026-10-10
OMCL,"Omnicell, Inc.",NASDAQ,Healthcare,Health Information Services,35.82,508715.0,1511653012.658913,61.0,0.0,2026-10-10
IDXX,"IDEXX Laboratories, Inc.",NASDAQ,Healthcare,Diagnostics & Research,518.0,507715.0,45046531746.92908,61.0,0.0,2026-10-10
EQIX,"Equinix, Inc.",NASDAQ,Real Estate,REIT - Specialty,1026.06,497730.0,94913276939.19922,61.0,1.0,2026-10-10
SPSC,"SPS Commerce, Inc.",NASDAQ,Technology,Software - Application,84.59,492225.0,2055522705.156536,61.0,1.0,2026-10-10
MPLT,"MapLight Therapeutics, Inc.",NASDAQ,Healthcare,Biotechnology,8.83,479100.0,1782991966.0,62.0,1.0,2026-10-10
DRTS,Alpha Tau Medical Ltd.,NASDAQ,Healthcare,Biotechnology,14.41,476060.0,911780845.0,63.0,2.0,2026-10-10
MATV,Mativ Holdings Inc. Common Stock,NYSE,Basic Materials,Specialty Chemicals,11.6,468055.0,430467109.0,62.0,2.0,2026-10-10
SLF,Sun Life Financial Inc. Common Stock,NASDAQ,Financial Services,Insurance - Diversified,76.99,461960.0,39631756404.0,,1.0,2026-10-10
ULTA,"Ulta Beauty, Inc. - Common Stock",NASDAQ,Consumer Cyclical,Specialty Retail,570.37,447010.0,23085187802.0,,2.0,2026-10-10
ATHM,Autohome Inc. American Depositary Shares each representing four class A ordinary shares.,NASDAQ,Communication Services,Internet Content & Information,20.67,438285.0,2130661853.0,,2.0,2026-10-10
WBD,"Warner Bros. Discovery, Inc. - Series A Common Stock",NASDAQ,Communication Services,Entertainment,30.95,40.0,68785725932.0,,1.0,2026-10-10
BLFS,"BioLife Solutions, Inc.",NASDAQ,Healthcare,Medical Instruments & Supplies,38.61,0.0,1170135126.0,64.0,1.0,2026-10-10
