band,dev%,dev_t,hold%,hold_t,score,h,cond
r1-5,-0.032275359279110884,-0.1854873640793385,0.29465936107991325,0.7584074963000762,live_proxy,1,large500
r6-10,0.2027498448877872,1.3555351223771157,0.5355450572710291,1.559485547966843,live_proxy,1,large500
r11-20,0.024182125811082773,0.18998640557701646,0.0004409842696416817,0.001879790480726729,live_proxy,1,large500
r21-30,-0.04898349939204574,-0.41993013933944784,0.31195543785736873,1.5314411666917818,live_proxy,1,large500
r31-50,0.0025328651886268286,0.027710498736481473,0.04263356464633928,0.24307661678939174,live_proxy,1,large500
r51-75,-0.02908451549979702,-0.3789513736774046,0.012986716567878363,0.08983575564812722,live_proxy,1,large500
r76-100,0.015864139183088755,0.22295366362919933,0.052569060143509996,0.4213497342054851,live_proxy,1,large500
r101-150,-0.019895059034752333,-0.3582624814860807,0.009738341543480779,0.11426587292870419,live_proxy,1,large500
r151-200,0.09627598627813944,2.1263242474891846,0.17378819766367312,2.03716253004554,live_proxy,1,large500
r201-300,0.020454668437270167,0.6440956502447599,-0.07750883125385832,-1.4811098927192714,live_proxy,1,large500
r301-500,-0.030984655859974525,-0.506860116796229,-0.05604360233837114,-0.6140500292502998,live_proxy,1,large500
p00-02,0.07518939013098976,0.5242327065137511,0.39736335340060486,1.2287770345385447,live_proxy,1,large500
p02-04,0.02517991202819397,0.1949556607934993,0.01253065701527056,0.05349433140495094,live_proxy,1,large500
p04-06,-0.05689870385861888,-0.4927241916278614,0.3118688818542229,1.5312320692765353,live_proxy,1,large500
p06-08,0.09697501737665642,0.9017878405684652,0.028957053044632187,0.13381643171659824,live_proxy,1,large500
p08-10,-0.06715509945104876,-0.675453800869171,0.056026220544716496,0.296940973622826,live_proxy,1,large500
p10-12,-0.07927978417861072,-0.819050265140994,-0.19414293047773265,-1.058206776560186,live_proxy,1,large500
p12-14,0.027249767204959932,0.30159631272884074,0.26715641616808145,1.3943963764477754,live_proxy,1,large500
p14-16,0.01691224529026111,0.17201871378457909,-0.034472235505577445,-0.22160712200345536,live_proxy,1,large500
p16-18,0.05131821257180608,0.5497860355273954,-0.08042995419094344,-0.5049874273575836,live_proxy,1,large500
p18-20,-0.056961278693795324,-0.6795582689621775,0.20529489949340143,1.1933047960518859,live_proxy,1,large500
p20-22,-0.08771551791498959,-0.9951214393132408,-0.059140079933193444,-0.40859955395110653,live_proxy,1,large500
p22-24,-0.12649516291828525,-1.5048527278987769,0.03967140713403383,0.2663861247478424,live_proxy,1,large500
p24-26,-0.03805684057009878,-0.4598141304291622,0.06795177679831604,0.49909085099635125,live_proxy,1,large500
p26-28,0.09534212114888872,1.129823695622955,-0.026259660957510575,-0.1613160271455326,live_proxy,1,large500
p28-30,0.059494596574749224,0.8326210673987362,0.025366108138920367,0.16583268870387582,live_proxy,1,large500
p30-32,0.06353185349303671,0.9052273499929169,0.09113287256198453,0.6482950986797512,live_proxy,1,large500
p32-34,0.04927171768107818,0.6715668028882632,-0.001952228321359677,-0.01253471318003473,live_proxy,1,large500
p34-36,0.21866572760768796,2.5715390975311223,0.3701515843166013,2.8864472831132586,live_proxy,1,large500
p36-38,0.03671741526223282,0.4867673587369999,0.019503865823352423,0.16282127708114544,live_proxy,1,large500
p38-40,0.1310850735640952,1.800477936000635,0.3914497656931529,2.086068200084117,live_proxy,1,large500
p40-42,0.05959416132147939,0.7874885614847441,0.03786461382747351,0.2705381580275823,live_proxy,1,large500
p42-44,0.04087345706499642,0.5496925876923905,-0.3357207226817164,-2.3926786068885204,live_proxy,1,large500
p44-46,-0.0009166407570553122,-0.013416877250510034,-0.3035456086380271,-2.048156227161298,live_proxy,1,large500
p46-48,-0.05360204728198702,-0.7526487348973183,-0.004806209260399124,-0.03721725797810026,live_proxy,1,large500
p48-50,0.06274038685492422,0.8435936150170594,0.11842707718897744,0.7482632719829485,live_proxy,1,large500
p50-52,0.13193102900472417,2.050039623153176,0.0792521861791255,0.4560194901042526,live_proxy,1,large500
p52-54,-0.00012099964344901503,-0.0017976099961178663,0.020418637370499714,0.16000359166429315,live_proxy,1,large500
p54-56,-0.09895397529024826,-1.5341275420047582,0.020491467093637628,0.1814832122636916,live_proxy,1,large500
p56-57,0.0026680424310829023,0.03657350553293546,-0.29617264336622734,-2.4267871615194583,live_proxy,1,large500
p57-60,0.04042915957328444,0.5928983906268269,-0.1085052267202231,-0.9979072924531301,live_proxy,1,large500
p60-62,0.01044409452679527,0.14468884850306363,0.28879633966295615,2.18464658431139,live_proxy,1,large500
p62-64,0.09192876445234766,1.1728502397771738,-0.036278775635105114,-0.2921497105311777,live_proxy,1,large500
p64-66,0.05563287056225691,0.8108630638935964,-0.09597608381766776,-0.7795357279498091,live_proxy,1,large500
p66-68,-0.00036651067483072294,-0.0057045212914475845,-0.11208133162623823,-0.9018781370069494,live_proxy,1,large500
p68-70,-0.02972266754458701,-0.4121381443982424,0.20047655864467,1.7361904702557889,live_proxy,1,large500
p70-72,-0.039721401791562874,-0.5486940856719814,-0.09795867607256352,-0.8028919954000038,live_proxy,1,large500
p72-74,0.007709835365369506,0.1160827429016973,-0.031222030646847126,-0.2813905566086443,live_proxy,1,large500
p74-76,0.005212068990780913,0.07408346399989582,0.06707845465908811,0.4957712012126275,live_proxy,1,large500
p76-78,-0.016701513783867455,-0.2275155496000038,0.0046866201290141135,0.03780805722390278,live_proxy,1,large500
p78-80,-0.03745545317739976,-0.45358262912060526,0.04761654140251089,0.3178608638915922,live_proxy,1,large500
p80-82,0.14242083586351562,1.7205167602429932,-0.22655107299636787,-1.4843105774093732,live_proxy,1,large500
p82-84,-0.08841538491878174,-1.1159390174135406,-0.02083514304635197,-0.13912885579123896,live_proxy,1,large500
p84-86,-0.06521773405481601,-0.6853350214038118,-0.1996999637253803,-1.3060714925818842,live_proxy,1,large500
p86-88,0.043262468323813946,0.4124550308066678,-0.20889801177084866,-1.3127549462693677,live_proxy,1,large500
p88-90,0.0924770878458349,0.8332081152283661,0.07137411097460822,0.409346176530297,live_proxy,1,large500
p90-92,-0.08551563490483452,-0.6859184018556898,-0.1812819911107769,-0.9471741393971951,live_proxy,1,large500
p92-94,-0.10886950799660536,-0.7623080784878247,-0.04652008344308788,-0.23048586996732728,live_proxy,1,large500
p94-96,-0.2775962086619731,-1.7040519505137979,-0.24947890667894954,-1.2434494565660215,live_proxy,1,large500
p96-98,-0.2336043793745341,-1.222290183209758,-0.04528205436190176,-0.20065369756468604,live_proxy,1,large500
p98-100,-0.08679130175987952,-0.3427746109410397,-0.24639507942600022,-0.8568583964031905,live_proxy,1,large500
r1-5,-0.1496503819782972,-0.8444394692757206,-0.004811535686529168,-0.011237213815395672,live_proxy,1,small_rest
r6-10,0.057520232767634856,0.32745233906991467,0.205447373089809,0.6641393347350227,live_proxy,1,small_rest
r11-20,-0.1267521851874488,-0.9609203492658626,-0.40788447966934505,-1.5893691905839145,live_proxy,1,small_rest
r21-30,0.008919512799690743,0.06644295240146439,0.11765108904407255,0.5025190333088151,live_proxy,1,small_rest
r31-50,-0.028127566278578875,-0.23958218749590912,-0.14699412513426716,-0.9262058136277405,live_proxy,1,small_rest
r51-75,-0.01618931261748792,-0.16727838646755008,-0.06739991830444846,-0.44786430053641424,live_proxy,1,small_rest
r76-100,-0.01788185542957751,-0.19510203839947404,-0.05654168606357041,-0.43857126755537135,live_proxy,1,small_rest
r101-150,0.08629963499433489,1.1094124356354753,-0.0075957654906158864,-0.0688460853409163,live_proxy,1,small_rest
r151-200,0.005320601127393918,0.07451951447068973,-0.0823207186393982,-0.8396676779349265,live_proxy,1,small_rest
r201-300,0.062317316383273834,1.0315540552637317,0.057406628577330726,0.7188615151711973,live_proxy,1,small_rest
r301-500,0.007351151406770596,0.1591743443111812,0.04468408624085825,0.6864216166962811,live_proxy,1,small_rest
p00-02,-0.03656213936687349,-0.33632914686442283,-0.08418505854903008,-0.5160164118168676,live_proxy,1,small_rest
p02-04,-0.04364934230118624,-0.4374509456177728,-0.0875774087176286,-0.658335944080866,live_proxy,1,small_rest
p04-06,0.00990787380897739,0.11477834914003629,0.06440812356591995,0.5403071066430098,live_proxy,1,small_rest
p06-08,0.08884336936914666,1.0849655726425531,-0.07671084634684812,-0.7046464748745312,live_proxy,1,small_rest
p08-10,0.04136372799052069,0.5069268196462868,-0.10185886421449758,-1.0495212856149443,live_proxy,1,small_rest
p10-12,0.009491203784044269,0.13348277427216743,0.03757628900077008,0.40326447675332705,live_proxy,1,small_rest
p12-14,-0.013906784981134518,-0.19816485166035272,0.1550853773708038,1.5749222879246145,live_proxy,1,small_rest
p14-16,0.09220430914174252,1.3193636200644494,0.01446053410277334,0.15633614106912674,live_proxy,1,small_rest
p16-18,0.06548961563403835,0.9285123245023104,-0.06685735780694524,-0.6995847149771457,live_proxy,1,small_rest
p18-20,0.048403618207856124,0.7492863331727095,0.06550250207406343,0.689516547660214,live_proxy,1,small_rest
p20-22,-0.020912918235447723,-0.33592275655337317,0.11199824630920398,1.280710121206404,live_proxy,1,small_rest
p22-24,0.04748656705577572,0.7590151251297445,0.1250122901662638,1.3678171826797065,live_proxy,1,small_rest
p24-26,-0.02437629737030535,-0.4249132050090406,0.04620550980025052,0.5150761316522757,live_proxy,1,small_rest
p26-28,0.04016944605732348,0.6932812224484818,0.05763220302626245,0.7258217911189284,live_proxy,1,small_rest
p28-30,0.03839855894519379,0.6401494004466848,0.23063097809122102,2.780038341478915,live_proxy,1,small_rest
p30-32,0.03960279679180396,0.8025131311484353,0.016873329598898378,0.20610890135483612,live_proxy,1,small_rest
p32-34,-0.04043896476414765,-0.8134176855928003,-0.05224796201587998,-0.7322762528982747,live_proxy,1,small_rest
p34-36,-0.03128465418291683,-0.5872827103973188,0.09900836759418485,1.18946189148486,live_proxy,1,small_rest
p36-38,-0.055828123696748694,-1.1017999948099477,0.10439654378696805,1.1617519846380728,live_proxy,1,small_rest
p38-40,-0.02690886709950073,-0.5233579302589244,0.021246288630781446,0.2760395685372666,live_proxy,1,small_rest
p40-42,0.014321655137164782,0.3218602201441775,0.0633473964611503,0.8083064521227789,live_proxy,1,small_rest
p42-44,-0.101796423112467,-2.279449677642491,0.05605627386193858,0.7795134764332546,live_proxy,1,small_rest
p44-46,-0.01961037670962252,-0.4185485175809078,0.004319590282234126,0.055285812702412236,live_proxy,1,small_rest
p46-48,0.013832522628712717,0.309234565641327,0.12363929152722193,1.2945152010647085,live_proxy,1,small_rest
p48-50,0.062477886044157604,1.222227966140645,0.03504130710640341,0.42187827582526216,live_proxy,1,small_rest
p50-52,-0.010562144866726637,-0.2097395006823804,0.036347566416053995,0.512836509978196,live_proxy,1,small_rest
p52-54,-0.02138797782133621,-0.4251702291199687,0.04497288567277379,0.6293496717569518,live_proxy,1,small_rest
p54-56,-0.01680245825429687,-0.33390262640931023,-0.009982360679075061,-0.15938279174553246,live_proxy,1,small_rest
p56-57,-0.007910274458784184,-0.16072351023644457,0.013303077567607596,0.18143050547032416,live_proxy,1,small_rest
p57-60,-0.07402727614463898,-1.4681887329056544,-0.003358874782378997,-0.044794878812951765,live_proxy,1,small_rest
p60-62,-0.09055589801878615,-2.042968292278663,-0.01943201023150024,-0.25863481407185673,live_proxy,1,small_rest
p62-64,-0.06546333300983465,-1.528947263361459,0.0755879170362143,1.042204964133812,live_proxy,1,small_rest
p64-66,-0.01816853638777026,-0.3979174829163531,0.025875637096038503,0.3342213774999033,live_proxy,1,small_rest
p66-68,0.041048833325838426,0.9454284148243407,-0.18695714757258014,-2.811417948361653,live_proxy,1,small_rest
p68-70,-0.031436306200098414,-0.6644381374541065,0.038025414318370934,0.4935641511951828,live_proxy,1,small_rest
p70-72,-0.014454380084405236,-0.2671981946455128,-0.1028011076938454,-1.428591441326583,live_proxy,1,small_rest
p72-74,0.011869062049419597,0.23054156592311212,-0.06723049170101517,-0.8361245388915897,live_proxy,1,small_rest
p74-76,0.034748111554005645,0.6435830284369545,-0.0651887334992894,-0.818324953600026,live_proxy,1,small_rest
p76-78,0.03908266650690503,0.6785854179811173,0.05649330467427768,0.5783297259637712,live_proxy,1,small_rest
p78-80,0.03083687493763702,0.5527143423250397,-0.16356442416452333,-2.0505220814573684,live_proxy,1,small_rest
p80-82,0.013139192750693083,0.21078512839689723,-0.15834883767317762,-2.0292917943356716,live_proxy,1,small_rest
p82-84,-0.006298858437266183,-0.09588964634147364,-0.037525698320341846,-0.4002943743627797,live_proxy,1,small_rest
p84-86,-0.0014996105993163292,-0.020648153226932923,-0.10988936360886116,-1.2494995801875082,live_proxy,1,small_rest
p86-88,-0.0059327465417113485,-0.07825192858550219,-0.12344771815959339,-1.3159285695529945,live_proxy,1,small_rest
p88-90,-0.0378016991572309,-0.4268120590835563,-0.13893519153179584,-1.256040586110416,live_proxy,1,small_rest
p90-92,-0.005583851504899119,-0.058883084520160736,0.12541096316348774,0.9377973838178014,live_proxy,1,small_rest
p92-94,-0.0027188052873135153,-0.025747927353610228,0.0033153064464402178,0.02358872601568213,live_proxy,1,small_rest
p94-96,-0.06161872501068576,-0.4888180895381791,0.06358968338053608,0.4114440151587686,live_proxy,1,small_rest
p96-98,-0.04543163839707569,-0.31193041888830075,-0.14443610492341155,-0.837296306663172,live_proxy,1,small_rest
p98-100,0.1381356443389688,0.8278555124340878,-0.12065787879305429,-0.5869344691260608,live_proxy,1,small_rest
r1-5,-0.11101541251649784,-0.576201336450053,0.016842789640024437,0.03467843994173266,live_proxy,1,spy_up
r6-10,0.13740008920216915,0.7312289995123643,0.2905027021801433,0.8133088487982906,live_proxy,1,spy_up
r11-20,0.11156640770639062,0.7882671556137517,0.07037911685615628,0.22901907327566026,live_proxy,1,spy_up
r21-30,0.12847395888688432,0.9391356787292185,-0.3149658608783832,-1.3634263390265071,live_proxy,1,spy_up
r31-50,0.07275157623827626,0.7477374811501731,-0.05986087389255692,-0.2885384824857693,live_proxy,1,spy_up
r51-75,0.08326948938714165,0.7768559881543194,-0.03718991390824847,-0.21022556402720213,live_proxy,1,spy_up
r76-100,0.0763881342071246,0.8101065922337692,-0.16044316234197303,-1.091309079583737,live_proxy,1,spy_up
r101-150,0.08739965946372838,1.0559950583884794,-0.004125782907844734,-0.029828982548928327,live_proxy,1,spy_up
r151-200,0.09527826278592764,1.325581143651447,0.013358498422253754,0.11084228837084764,live_proxy,1,spy_up
r201-300,0.05327177906131269,0.8220230197883814,-0.11161045527134687,-1.2223568710501336,live_proxy,1,spy_up
r301-500,0.07981434244006676,1.4940230355487008,-0.010393061844465867,-0.13360841122114328,live_proxy,1,spy_up
p00-02,0.08662308443722617,0.8481834340920329,-0.04843658901861945,-0.2545555980293044,live_proxy,1,spy_up
p02-04,0.07892098558416487,0.8325965037384434,-0.06388787909235491,-0.4305396123332677,live_proxy,1,spy_up
p04-06,0.08582085839870042,0.9940911041143351,0.03279713631863502,0.2556641924243098,live_proxy,1,spy_up
p06-08,0.1083524796712451,1.4482743194482666,-0.056871524192489,-0.4974058521602378,live_proxy,1,spy_up
p08-10,0.04303717534010375,0.5707670197397273,-0.15164046042982218,-1.4709447874969215,live_proxy,1,spy_up
p10-12,0.09101692895280061,1.3554949148740916,-0.019042626873386304,-0.18664126372549567,live_proxy,1,spy_up
p12-14,0.0050038343775394,0.07270543875321098,0.0629740064730972,0.6484495343263559,live_proxy,1,spy_up
p14-16,0.05828068972663694,0.9222372892350308,-0.05478577023528855,-0.5926889406029379,live_proxy,1,spy_up
p16-18,0.11011026146008082,1.665511655375253,-0.02502142875863276,-0.27561120891667484,live_proxy,1,spy_up
p18-20,0.10241448532809092,1.5727821844490188,-0.05061976120791145,-0.6016807851736111,live_proxy,1,spy_up
p20-22,0.06189732426648498,1.032118729673089,0.11580624578399754,1.2002315046073457,live_proxy,1,spy_up
p22-24,0.05697937748738797,0.969109122910854,0.07300473733264064,0.869343929346255,live_proxy,1,spy_up
p24-26,0.03407099479903619,0.654643495222186,0.06622034180361391,0.7981805271288461,live_proxy,1,spy_up
p26-28,0.01665062989840048,0.3216178190985872,0.05861446130987865,0.7255438685234171,live_proxy,1,spy_up
p28-30,0.10020719543736946,1.8408245298940094,0.08605803220091589,1.1176675902492867,live_proxy,1,spy_up
p30-32,0.10176759813550196,2.229544312618524,0.12848191248132299,1.6306762281187845,live_proxy,1,spy_up
p32-34,-0.021629020522685696,-0.44871627423632565,0.02110544903167047,0.26428406587934944,live_proxy,1,spy_up
p34-36,-0.00859758597307316,-0.18058648423861146,0.030544751558280875,0.37028788027805853,live_proxy,1,spy_up
p36-38,0.041569083393710966,0.9067827387171273,0.07142433470014836,0.8589952567887266,live_proxy,1,spy_up
p38-40,0.018084586424694314,0.401231205609082,0.035493928764752436,0.4607502877324594,live_proxy,1,spy_up
p40-42,-0.025235202738694028,-0.5258863953159127,0.07036292495048509,0.8661626725232283,live_proxy,1,spy_up
p42-44,-0.006768051564793197,-0.17046237758722535,0.020121043621656867,0.2506510619500485,live_proxy,1,spy_up
p44-46,-0.04391943504286352,-1.0229028696318494,-0.0064850185042311295,-0.08367241559236936,live_proxy,1,spy_up
p46-48,0.0013589285220738695,0.02832106599059369,0.01876715423560781,0.23733657340830747,live_proxy,1,spy_up
p48-50,0.04607013784030619,0.9021362421550729,0.03066566304662568,0.3790705339710927,live_proxy,1,spy_up
p50-52,0.04642042025452383,0.9616170803417371,-0.09623171075252025,-1.2354525164912802,live_proxy,1,spy_up
p52-54,-0.10009484571327189,-2.29712465480961,-0.05256183305570239,-0.8719145572334102,live_proxy,1,spy_up
p54-56,0.020649519403160357,0.4502326861584775,0.10703759258699251,1.558770885100706,live_proxy,1,spy_up
p56-57,0.02566091104136071,0.5127835129016602,-0.07010486415498728,-1.2380016613867786,live_proxy,1,spy_up
p57-60,-0.01887477115495099,-0.47929482669644385,0.014917807763835972,0.23796788492741555,live_proxy,1,spy_up
p60-62,-0.0038536389373642795,-0.09155381798078696,0.03885261987414168,0.5532308881422292,live_proxy,1,spy_up
p62-64,-0.06814652200646727,-1.5912952509785296,-0.05901333373662819,-0.8566838805617681,live_proxy,1,spy_up
p64-66,-0.06272170730134832,-1.4932158617390219,0.0949995790585693,1.3847603131634063,live_proxy,1,spy_up
p66-68,-0.04544060931854027,-1.0514477066930912,0.017894522758783477,0.25913225609203683,live_proxy,1,spy_up
p68-70,0.01620401763472807,0.3407032853415465,-0.1130426071338922,-1.630801559632733,live_proxy,1,spy_up
p70-72,-0.021613128077598704,-0.4700836272591545,-0.03588312855589196,-0.5433742147144807,live_proxy,1,spy_up
p72-74,-0.028604077121394806,-0.6205114920187184,-0.04286522029041729,-0.564211153309886,live_proxy,1,spy_up
p74-76,0.0031323285824221554,0.0600839444352196,-0.0889035920241713,-1.1147640445763922,live_proxy,1,spy_up
p76-78,-0.004829893754790668,-0.08898621736878838,0.03882588184341556,0.48961874142096473,live_proxy,1,spy_up
p78-80,-0.022120237454521605,-0.4017750264864492,-0.07728000693633699,-0.8351979220974148,live_proxy,1,spy_up
p80-82,-0.04058736649351069,-0.6627535733420035,-0.12360888867967867,-1.5502847348025408,live_proxy,1,spy_up
p82-84,-0.024613023803586,-0.3736587975986243,0.017543259163501104,0.19695191317562627,live_proxy,1,spy_up
p84-86,-0.01977121102890644,-0.29849381303849576,-0.051170557538707306,-0.5237079756016666,live_proxy,1,spy_up
p86-88,-0.06674064227256027,-0.9006562024272998,-0.13939057307791924,-1.433714854332316,live_proxy,1,spy_up
p88-90,-0.08450101178261396,-0.9909591527719508,-0.07564008541241712,-0.6914504981359918,live_proxy,1,spy_up
p90-92,-0.12168588220755044,-1.4466893509134477,0.09281740387352652,0.6898721513720132,live_proxy,1,spy_up
p92-94,-0.11376764255000721,-1.2002709066864903,0.09601220000261768,0.6374100605629744,live_proxy,1,spy_up
p94-96,-0.1418465034670502,-1.1846859458423948,0.04595056160579838,0.2965363763979372,live_proxy,1,spy_up
p96-98,-0.2088237217589514,-1.5616967617393993,0.021675342710711514,0.12202665109652916,live_proxy,1,spy_up
p98-100,-0.05237612209688989,-0.34785512042706646,-0.010466752058595282,-0.05063307787198564,live_proxy,1,spy_up
r1-5,-0.494577982948607,-1.0063559008577194,-0.8758201578683369,-0.45370059678145,live_proxy,1,spy_down
r6-10,-0.5070571998766863,-0.9689983168500979,0.6041416107023933,0.8562676542806607,live_proxy,1,spy_down
r11-20,-0.3151935583814748,-0.6962175966608208,0.7608158375112838,0.8972419050027801,live_proxy,1,spy_down
r21-30,-0.5813581824334865,-1.445281870205648,0.42998251602465565,0.740713771213506,live_proxy,1,spy_down
r31-50,-0.3798679621835845,-1.020613246116195,0.3445236883641976,0.5441367059815734,live_proxy,1,spy_down
r51-75,-0.4008470022530137,-1.0732157907860016,0.5917717074969293,0.877609646083973,live_proxy,1,spy_down
r76-100,-0.41454239811150845,-1.3178331765665032,0.6913405284076762,1.1591216343631952,live_proxy,1,spy_down
r101-150,-0.2706373294048295,-1.0272391573476163,0.23850271132210232,0.5264078472979928,live_proxy,1,spy_down
r151-200,-0.2207537623685492,-0.9101265186957751,0.5760967179155952,1.2222242325817159,live_proxy,1,spy_down
r201-300,-0.1006090113883652,-0.4450996148438465,0.2826614702036344,0.8344555006775386,live_proxy,1,spy_down
r301-500,-0.0850350596447234,-0.5034996074039165,0.3353298931725845,1.408892454751042,live_proxy,1,spy_down
p00-02,-0.39561995766958963,-1.0845850992268933,0.41334247179677625,0.829838456711637,live_proxy,1,spy_down
p02-04,-0.4504503073111269,-1.2719664279464968,0.4502290074316072,0.8339922175125836,live_proxy,1,spy_down
p04-06,-0.27818019348145767,-0.9830102615948205,0.4468799888374876,1.0058369709435593,live_proxy,1,spy_down
p06-08,-0.3413175056644624,-1.3571413854581167,0.42354518058147494,0.964769939878285,live_proxy,1,spy_down
p08-10,-0.05181036301891209,-0.2063103204986487,0.4127539312784301,0.9998611978318441,live_proxy,1,spy_down
p10-12,-0.0634475161823031,-0.28580396076772874,-0.045382443226726576,-0.14175992989514938,live_proxy,1,spy_down
p12-14,-0.25356565109781876,-1.1586342125661522,0.32413278245333316,0.9908854682022749,live_proxy,1,spy_down
p14-16,-0.04895877302510742,-0.25697819926972304,0.6287896800199737,1.3089360527103069,live_proxy,1,spy_down
p16-18,-0.06906817443848423,-0.3553640254936634,0.3146284568960046,0.986934683278768,live_proxy,1,spy_down
p18-20,-0.17891474198189217,-0.9560270846198182,0.28907784942148074,1.1076935578176574,live_proxy,1,spy_down
p20-22,-0.035314813968451014,-0.22011615146919486,0.12056263244072361,0.5535972968309266,live_proxy,1,spy_down
p22-24,-0.04870328824349916,-0.2847098031573459,0.4230815352891639,1.3598222322703832,live_proxy,1,spy_down
p24-26,-0.034535445158894576,-0.19509745026573083,0.4410603442677381,2.5202480544743735,live_proxy,1,spy_down
p26-28,-0.13431331168894586,-0.7638865701004811,0.40688160179209404,1.202097194361032,live_proxy,1,spy_down
p28-30,-0.030000677372366235,-0.2321459311010731,0.24438832132186974,0.9279001476911283,live_proxy,1,spy_down
p30-32,-0.13673159592136877,-0.7713256697951935,0.5691861602698068,1.6296285210169865,live_proxy,1,spy_down
p32-34,-0.034517816062251135,-0.2671149618914851,0.17927127727315317,0.5698182198155982,live_proxy,1,spy_down
p34-36,-0.13660971223342044,-1.0552022353816948,0.32647586438186865,1.8460974635004506,live_proxy,1,spy_down
p36-38,0.07353425740741512,0.5546730520298327,0.25629447275168993,1.656632241680494,live_proxy,1,spy_down
p38-40,-0.04352698090152187,-0.3296883890119397,0.03497534491773832,0.09862633898369,live_proxy,1,spy_down
p40-42,-0.10693312236320178,-1.0020089973298834,0.3480563893783707,1.6596189895252456,live_proxy,1,spy_down
p42-44,0.09023434326674393,0.7527071607762452,-0.15810265332151777,-1.0055556741585077,live_proxy,1,spy_down
p44-46,-0.006587464981649353,-0.056904859326258286,0.1261453300871311,0.6937711306373477,live_proxy,1,spy_down
p46-48,0.052013119416670014,0.4810044107218224,0.5481899642642997,2.281694413465458,live_proxy,1,spy_down
p48-50,-0.036971467447595725,-0.41282597012466277,0.4299927146457023,2.3490470073016643,live_proxy,1,spy_down
p50-52,0.005962780850361744,0.050274472934961296,0.061985218795924335,0.3078977211061739,live_proxy,1,spy_down
p52-54,-0.08016073360705869,-0.7278816661078367,0.3632799689713064,1.1899718985993541,live_proxy,1,spy_down
p54-56,0.03885119692618417,0.2575430889661214,-0.02702630022440229,-0.15184239411296227,live_proxy,1,spy_down
p56-57,-0.0775865606222625,-0.8263955037898771,-0.03702143741524423,-0.2428689845273847,live_proxy,1,spy_down
p57-60,0.047681777296953595,0.3406561585372393,0.030958431637523407,0.1351085993143143,live_proxy,1,spy_down
p60-62,-0.17819590389422266,-1.6852434968446177,-0.07724085605769321,-0.38291304917745383,live_proxy,1,spy_down
p62-64,-0.2788843927562178,-2.3304371383607148,0.12026249816649161,0.6889263757933879,live_proxy,1,spy_down
p64-66,-0.13933030547005043,-1.2274570276705947,0.3284676363422877,2.022192307999366,live_proxy,1,spy_down
p66-68,-0.01995207103342252,-0.18496028961099586,0.19612930535324763,0.6264499525510746,live_proxy,1,spy_down
p68-70,0.029371342221390893,0.27293779673409924,-0.29713912457748465,-1.9163824175730342,live_proxy,1,spy_down
p70-72,0.0568028120147259,0.5294423220436381,-0.041393793110214974,-0.1595572544472047,live_proxy,1,spy_down
p72-74,0.08603195483207053,0.837071320128225,-0.43626898592716995,-2.8985960547158576,live_proxy,1,spy_down
p74-76,0.1784250290080898,1.0205289990755049,-0.25483861303532007,-1.1390691488917042,live_proxy,1,spy_down
p76-78,0.09869017260713889,0.6651997697435391,-0.12602918388096046,-0.5021166537968598,live_proxy,1,spy_down
p78-80,0.18430706832535684,1.5073937575989438,0.060290921430879774,0.14508184940140426,live_proxy,1,spy_down
p80-82,0.426105958710336,2.229713342948783,-0.36161737265299565,-1.2586726164279096,live_proxy,1,spy_down
p82-84,0.05550673972698632,0.27452533735379986,-0.5503668937517852,-1.712117220542251,live_proxy,1,spy_down
p84-86,0.016925194025086035,0.0775919103295387,-0.769140253956282,-2.714898996105044,live_proxy,1,spy_down
p86-88,0.23824304529044454,1.075059224509506,-0.5405070890671871,-1.4539366907089424,live_proxy,1,spy_down
p88-90,0.20421348615849386,0.7666205754674578,-0.7485851487446283,-1.8557777548273624,live_proxy,1,spy_down
p90-92,0.39636370568708423,1.1753255825785112,-1.0230430722252521,-1.9631071481581766,live_proxy,1,spy_down
p92-94,0.033673105762688456,0.09402008404917575,-0.6127800866401361,-1.7891839829181715,live_proxy,1,spy_down
p94-96,0.3868307467227723,0.9241214599379136,-0.553510215809615,-0.8497342970242729,live_proxy,1,spy_down
p96-98,0.284379330148701,0.5698563251687331,-1.0239736844316976,-1.7489328535355642,live_proxy,1,spy_down
p98-100,0.7024959567309653,1.1676587576962798,-1.6151208131745722,-2.10501100465087,live_proxy,1,spy_down
r1-5,-0.1304302136991309,-0.43760356668345696,-0.007501014557754519,-0.013474522130050758,live_proxy,1,disp_high
r6-10,0.2689974763850582,0.907044188610938,0.4300110569837202,0.9943476220681459,live_proxy,1,disp_high
r11-20,0.2397747209874998,0.9703247163262713,-0.04409474755845892,-0.1482097012429296,live_proxy,1,disp_high
r21-30,0.02397950253264549,0.1093499121281282,-0.2123552144689626,-0.7480530763415939,live_proxy,1,disp_high
r31-50,-0.004233518040063798,-0.024182640844767487,0.08441024268919943,0.31813167198925957,live_proxy,1,disp_high
r51-75,0.024771825008698536,0.12588456225229996,0.10468504520755213,0.4556552794475536,live_proxy,1,disp_high
r76-100,-0.031213249182167876,-0.18185700506903704,-0.09581604001708789,-0.4966588649246992,live_proxy,1,disp_high
r101-150,0.03080997114270846,0.2038308147758909,0.014431558045765598,0.07747466450433808,live_proxy,1,disp_high
r151-200,0.0810839482242421,0.6189086086841034,-0.0994825814388185,-0.641260131360914,live_proxy,1,disp_high
r201-300,0.07945506137059523,0.644262446050537,-0.0985371267117141,-0.8140104297100113,live_proxy,1,disp_high
r301-500,0.0810607640749845,0.8489291941784701,-0.03363301069577562,-0.34660790554188026,live_proxy,1,disp_high
p00-02,0.0932893908216652,0.5015715538219881,0.04249127902439849,0.19651284881761058,live_proxy,1,disp_high
p02-04,-0.00960485380691844,-0.05230913578460362,0.008910911470038878,0.044629022510256175,live_proxy,1,disp_high
p04-06,0.00775805810749427,0.048920840053063075,-0.007006637402166671,-0.04204235398007183,live_proxy,1,disp_high
p06-08,0.04612638080018836,0.33977303460739305,-0.06771398751070178,-0.44920797424601655,live_proxy,1,disp_high
p08-10,0.06832024057383874,0.49350339994905495,-0.14846177825251033,-1.1291863034040075,live_proxy,1,disp_high
p10-12,0.135316395135578,1.101713643820026,-0.06962866024727553,-0.4881170865691651,live_proxy,1,disp_high
p12-14,0.012827732181714947,0.10375962984379626,0.006796806085395181,0.05599770634870465,live_proxy,1,disp_high
p14-16,0.04003247623677518,0.37093903179597143,-0.07018094285055684,-0.628545863322068,live_proxy,1,disp_high
p16-18,0.07895322185742511,0.7221954445444588,-0.04279711351612263,-0.3696960977059473,live_proxy,1,disp_high
p18-20,0.14972805568175457,1.332845397788779,0.05616429866090253,0.49188493357596524,live_proxy,1,disp_high
p20-22,0.06823377868181932,0.6860301623130541,0.16997232062848114,1.4412118571293917,live_proxy,1,disp_high
p22-24,0.002953583114924866,0.03057902749607012,0.02901840718483913,0.2933304700946749,live_proxy,1,disp_high
p24-26,0.055628403144008076,0.5715668633839144,0.0907090431583331,0.9202067916609761,live_proxy,1,disp_high
p26-28,-0.01575639949149839,-0.1654533769174001,0.04938342941906498,0.46983433554891674,live_proxy,1,disp_high
p28-30,0.07368582502186978,0.852937482866629,0.22359133861788602,2.379269267099364,live_proxy,1,disp_high
p30-32,0.09549665396549872,1.0770419939472282,0.12588254943356145,1.2353152910098273,live_proxy,1,disp_high
p32-34,-0.03884946609497015,-0.5082167635044674,-0.0020900226604748757,-0.022010556076813365,live_proxy,1,disp_high
p34-36,-0.08475459211732268,-1.1264541010197109,-0.004318278725490187,-0.039225832974831565,live_proxy,1,disp_high
p36-38,0.03315701059222752,0.45314365773299703,0.16724065658941667,1.467295368508829,live_proxy,1,disp_high
p38-40,-0.026476700751494192,-0.39216291571319545,-0.011673701035807555,-0.12139524449216578,live_proxy,1,disp_high
p40-42,-0.025294197270290905,-0.3517225430514731,0.11066511843797562,1.0889579365474704,live_proxy,1,disp_high
p42-44,1.6240865535173407e-05,0.0002561319596141009,-0.08844605430279799,-0.9168899197276221,live_proxy,1,disp_high
p44-46,0.00642791050282066,0.09845046481481713,0.0669862019533823,0.681172652129982,live_proxy,1,disp_high
p46-48,0.1046376597275227,1.4380338127325352,0.022402788699507483,0.21908339771697863,live_proxy,1,disp_high
p48-50,0.02984920400040763,0.4202783248293057,0.07757875565645864,0.692969961804686,live_proxy,1,disp_high
p50-52,0.06256316521586988,0.9313652482400521,-0.15912443891788752,-1.4834793449526842,live_proxy,1,disp_high
p52-54,-0.10227958459395499,-1.7029763077512585,-0.008681792948183597,-0.10118355181132373,live_proxy,1,disp_high
p54-56,0.03399437402176965,0.4490930804797888,0.14751120398291445,1.792958484226721,live_proxy,1,disp_high
p56-57,-0.09180893539332147,-1.698428382374172,-0.027398740506550393,-0.3912067416573741,live_proxy,1,disp_high
p57-60,-0.0007176338535481337,-0.0094646119888729,0.030618328031188444,0.39240853836961026,live_proxy,1,disp_high
p60-62,-0.06843520393790448,-1.1455595822965505,0.041165139199307706,0.49016117449931745,live_proxy,1,disp_high
p62-64,-0.07514122728542835,-1.1143454709271456,-0.12244966714814497,-1.5327014075557652,live_proxy,1,disp_high
p64-66,-0.0877133012544059,-1.4301906155009023,0.2151284728768468,2.5517197249121906,live_proxy,1,disp_high
p66-68,-0.07871012118165688,-1.2369432013118906,0.11233115936573793,1.219287672901996,live_proxy,1,disp_high
p68-70,0.05838040472770034,0.8938294330725262,-0.18421427035707266,-2.1260172862388775,live_proxy,1,disp_high
p70-72,-0.046525141676868276,-0.6743102298665858,-0.042481595713581365,-0.494785995522078,live_proxy,1,disp_high
p72-74,-0.024444200259586712,-0.3513736083543093,-0.02485663185598001,-0.2467786948641562,live_proxy,1,disp_high
p74-76,-0.05294341310256596,-0.5585871127272546,-0.08963751756090031,-0.9135757824895111,live_proxy,1,disp_high
p76-78,-0.01283226835980975,-0.14667190973240857,0.026272006200309582,0.2528802490669974,live_proxy,1,disp_high
p78-80,-0.04133018970703832,-0.4814083460782917,0.02278129717152554,0.18830922959030164,live_proxy,1,disp_high
p80-82,0.01077971660808639,0.1029999854992887,-0.10160757143996607,-0.9599949614328849,live_proxy,1,disp_high
p82-84,-0.024995172920476694,-0.21924710227014838,-0.04519346018132961,-0.3863227883518565,live_proxy,1,disp_high
p84-86,-0.1141289316680143,-0.981829223054903,-0.15220221413549193,-1.1748649247003882,live_proxy,1,disp_high
p86-88,-0.02139962199430536,-0.17219091781096038,-0.24290625363831314,-2.0446005999511443,live_proxy,1,disp_high
p88-90,-0.06278270638349495,-0.418186266542886,-0.1048715898127213,-0.7594470250216132,live_proxy,1,disp_high
p90-92,-0.06881295244512646,-0.4131317343999389,0.04254500392814662,0.24886979292043032,live_proxy,1,disp_high
p92-94,-0.15435200051225742,-0.839395112118262,-0.01778984280350518,-0.09322415189737053,live_proxy,1,disp_high
p94-96,-0.015467464003568436,-0.07086533243540577,0.06808565979273497,0.32634543595527643,live_proxy,1,disp_high
p96-98,-0.06662033917892386,-0.2582276937076353,-0.023791167910711654,-0.09956821056055414,live_proxy,1,disp_high
p98-100,0.14639008369538503,0.5072466931422803,-0.09320446632763725,-0.3504955211611502,live_proxy,1,disp_high
r1-5,-0.24286927396731847,-1.1247194229996171,-0.12801420405472017,-0.15492075959761117,live_proxy,1,disp_low
r6-10,-0.24217686998328028,-1.1082416155075197,0.1602439264063119,0.3085006634155285,live_proxy,1,disp_low
r11-20,-0.17930867617389287,-1.1518764280357061,0.3668219734273995,0.6594953271815265,live_proxy,1,disp_low
r21-30,-0.04955420578504218,-0.2996705522873008,-0.3079209130308073,-0.9069581047396313,live_proxy,1,disp_low
r31-50,-0.03080161961641717,-0.2388590904685582,-0.178559006045969,-0.6077558848267617,live_proxy,1,disp_low
r51-75,-0.05043708032248203,-0.4214579673038786,-0.1076579497374037,-0.41549957137808075,live_proxy,1,disp_low
r76-100,-0.01273703370995534,-0.12563800815260878,-0.07948727674146767,-0.3618448624382894,live_proxy,1,disp_low
r101-150,0.0013397348511361166,0.01645609493862678,0.01872892761898365,0.10280715041293788,live_proxy,1,disp_low
r151-200,-0.015095691675013723,-0.19419658972354045,0.28200296946207193,1.5856689197832545,live_proxy,1,disp_low
r201-300,-0.032320184574106986,-0.5022269445559804,-0.05084084135050922,-0.3929035973912018,live_proxy,1,disp_low
r301-500,0.01391587026350786,0.25334653198267515,0.09090012506992265,0.7879938072802762,live_proxy,1,disp_low
p00-02,-0.10905976995316172,-0.9073752714688166,-0.08186432764838177,-0.26765423755376033,live_proxy,1,disp_low
p02-04,-0.043648794686546845,-0.4218371459344665,-0.06176949539887391,-0.3047104612930457,live_proxy,1,disp_low
p04-06,0.01808518347867008,0.20696455144976547,0.1706755938028479,0.9337474502060797,live_proxy,1,disp_low
p06-08,-0.008246645229762869,-0.09998695582545208,0.05421055768583145,0.32927635253187126,live_proxy,1,disp_low
p08-10,-0.018519485826814053,-0.2396475860020864,-0.043158759100119806,-0.27152767346406553,live_proxy,1,disp_low
p10-12,-0.012238495464294664,-0.17824220540038413,0.04566675602315903,0.3772082317366909,live_proxy,1,disp_low
p12-14,-0.1040071879162701,-1.4749147999677108,0.19291755553879894,1.3338052474387259,live_proxy,1,disp_low
p14-16,0.0337535361449591,0.4941484213079517,0.103225975266885,0.6254367023654405,live_proxy,1,disp_low
p16-18,0.06977200483793096,0.9343927778014367,0.06749824562015574,0.5038823792582401,live_proxy,1,disp_low
p18-20,-0.05353262589198735,-0.8278019681868766,-0.13039818856722568,-1.2143071921417734,live_proxy,1,disp_low
p20-22,0.0176461875380163,0.29105008242617303,0.041827786247140356,0.29953286497723225,live_proxy,1,disp_low
p22-24,0.06749433767188327,1.0181185644557722,0.2038678536284041,1.4852888886250313,live_proxy,1,disp_low
p24-26,-0.013601296656226785,-0.26055870133446773,0.10731230542241053,0.8518972556688216,live_proxy,1,disp_low
p26-28,-0.011411248999902701,-0.20809814299314486,0.14103748352194734,1.1576676877509462,live_proxy,1,disp_low
p28-30,0.07462735989577668,1.3642824227431454,-0.07253031718503537,-0.6273851014402799,live_proxy,1,disp_low
p30-32,0.014198016631625725,0.26962838986956805,0.22021854758842319,1.7916261834808649,live_proxy,1,disp_low
p32-34,-0.01011516201166075,-0.18833302143106084,0.08482568385410137,0.6485012645129817,live_proxy,1,disp_low
p34-36,0.014451977913030673,0.26713836673071956,0.13795816601554842,1.3420262806891197,live_proxy,1,disp_low
p36-38,0.06221004433169991,1.1497794614110737,-0.024147549636364486,-0.2573466628826384,live_proxy,1,disp_low
p38-40,0.03678795196084465,0.6248660434781307,0.10063876655279091,0.8083083309927007,live_proxy,1,disp_low
p40-42,-0.05724266570338877,-1.1123857427910737,0.07015025017836699,0.5999091728123793,live_proxy,1,disp_low
p42-44,0.02477381121839732,0.506810315957159,0.13466078969518455,1.1582658372857124,live_proxy,1,disp_low
p44-46,-0.07772019331280348,-1.5116873904842325,-0.08159413708565724,-0.7678538421782213,live_proxy,1,disp_low
p46-48,-0.07815256045894667,-1.5667963078282106,0.11962242189961828,1.0544428474340848,live_proxy,1,disp_low
p48-50,0.029089008653881466,0.530842894994185,0.045634628589505365,0.4802211645452539,live_proxy,1,disp_low
p50-52,0.015006662057831464,0.2457875547955929,0.022413282452593355,0.2462670363400378,live_proxy,1,disp_low
p52-54,-0.09016872504985338,-1.5921844568569528,-0.03009419479903498,-0.34780288473777776,live_proxy,1,disp_low
p54-56,0.014950559631384404,0.2570617912834337,0.02423631826035487,0.23430348966809103,live_proxy,1,disp_low
p56-57,0.09818799211858446,1.425225235780157,-0.12256498318737634,-1.4923985468697718,live_proxy,1,disp_low
p57-60,-0.01022691921926323,-0.2620913596093219,-0.0035931204979307986,-0.03751695852416199,live_proxy,1,disp_low
p60-62,-0.010127215317761935,-0.19051144533477218,0.012434939621295006,0.11508561769223699,live_proxy,1,disp_low
p62-64,-0.14412400759677782,-2.8390278778696683,0.06459542719659399,0.6053878984984553,live_proxy,1,disp_low
p64-66,-0.06873747261703624,-1.2856498640173522,-0.024485112599970847,-0.25120643343009896,live_proxy,1,disp_low
p66-68,-0.0034196097577259073,-0.066660196454148,-0.07709586802861072,-0.7648426782167951,live_proxy,1,disp_low
p68-70,-0.01921726513309798,-0.3299592890963254,-0.0514077764972111,-0.5293284857855999,live_proxy,1,disp_low
p70-72,0.033137485153632205,0.6539685073506386,-0.027857381898619533,-0.28775436475065835,live_proxy,1,disp_low
p72-74,0.012384161450321974,0.25275659403174044,-0.14645785408540604,-1.5157525175063706,live_proxy,1,disp_low
p74-76,0.12589536563987702,2.2780254095969243,-0.12107533256725926,-1.0242548327044936,live_proxy,1,disp_low
p76-78,0.04350015946413016,0.7278756807497851,0.02322106333817036,0.21265210736408113,live_proxy,1,disp_low
p78-80,0.07738392800317528,1.4171426717024256,-0.18818395861210355,-1.3531519788043458,live_proxy,1,disp_low
p80-82,0.09314330482205348,1.3075975283467989,-0.2016457409892778,-1.8221975632233405,live_proxy,1,disp_low
p82-84,0.007199596785958141,0.10221097776280819,-0.009252976325873677,-0.07151782627117834,live_proxy,1,disp_low
p84-86,0.0854377651180922,1.149426981079041,-0.05500403853000354,-0.4089916344539892,live_proxy,1,disp_low
p86-88,0.009322618815029635,0.11184215177410743,-0.07641718483389472,-0.4953302403992565,live_proxy,1,disp_low
p88-90,0.007910717697270829,0.08787742476282473,-0.1697921836584386,-1.007420586027392,live_proxy,1,disp_low
p90-92,0.03075156665715091,0.31243806234085786,-0.06081120475512035,-0.28689865241016277,live_proxy,1,disp_low
p92-94,-0.01684412264640731,-0.16383172071417848,0.1116799018892035,0.5292007066234391,live_proxy,1,disp_low
p94-96,-0.05597773357514802,-0.40969844322281673,-0.10456181303588005,-0.4725967638537477,live_proxy,1,disp_low
p96-98,-0.15210642440715738,-1.0452990119806562,-0.1245591230248015,-0.5167505648818336,live_proxy,1,disp_low
p98-100,0.05260511939567051,0.27947763193148045,-0.21694372620961588,-0.6872572167161193,live_proxy,1,disp_low
r1-5,-0.025277558768105047,-0.04986117790037435,2.488843653314647,1.9160211793974602,live_proxy,4,large500
r6-10,0.2528739053337199,0.5289204900288473,1.7926791693058868,1.816053221751473,live_proxy,4,large500
r11-20,0.4796592224435741,1.2421217228721724,0.6301064736265645,0.8929800632544945,live_proxy,4,large500
r21-30,-0.24087281848379116,-0.7950299657875245,0.6645928678188542,1.1195505919647915,live_proxy,4,large500
r31-50,-0.06491491277770403,-0.2702848243786943,-0.1574688790983413,-0.2700146715756411,live_proxy,4,large500
r51-75,-0.009459697107395526,-0.04736004018829146,0.008368271025873408,0.019966152696650488,live_proxy,4,large500
r76-100,0.07097759549073003,0.38161404250237096,-0.28946585122970075,-1.0097367306987037,live_proxy,4,large500
r101-150,0.12078541357678138,0.7843184645406635,0.07914355111034457,0.322576941112868,live_proxy,4,large500
r151-200,0.2948877461651973,2.127189997954391,0.19976156746920382,0.8215150693015579,live_proxy,4,large500
r201-300,0.02382095771439675,0.29422979660123716,-0.01470318868170263,-0.09478828202837841,live_proxy,4,large500
r301-500,-0.1354222014000422,-0.7799037488751582,-0.18335724269988735,-0.6507111048148844,live_proxy,4,large500
p00-02,0.129319719039772,0.27622899553779695,2.117809759331266,1.952377724613259,live_proxy,4,large500
p02-04,0.4423121394352518,1.1206351074238254,0.64034338401546,0.9083263167735504,live_proxy,4,large500
p04-06,-0.28968530117532976,-0.9599045780824784,0.6738248551681888,1.1392736427456822,live_proxy,4,large500
p06-08,0.08489277846152325,0.2877323085041839,-0.021155790507026727,-0.03616975568947796,live_proxy,4,large500
p08-10,-0.15094366592830016,-0.6103981995143936,-0.29086620170751937,-0.4374265963336722,live_proxy,4,large500
p10-12,0.22106676875842407,0.9058394895044054,-0.08158355728204374,-0.19557973444864518,live_proxy,4,large500
p12-14,-0.049190380788928664,-0.21461563975296447,0.08319000035761445,0.15020241002070214,live_proxy,4,large500
p14-16,-0.1821607874616419,-0.8865111195096541,-0.22594741732008006,-0.5391095749246193,live_proxy,4,large500
p16-18,0.139544368151322,0.5655938855697766,-0.6791452063360249,-2.128544920760414,live_proxy,4,large500
p18-20,0.05116770312098392,0.2442722004978502,0.2059626970653393,0.5147982589499267,live_proxy,4,large500
p20-22,-0.0675472979777141,-0.31792276972927735,0.053248928632141916,0.1368675050822592,live_proxy,4,large500
p22-24,-0.06546590617235824,-0.35092798789751883,0.0611778731231778,0.14159965494024038,live_proxy,4,large500
p24-26,0.27447691760777726,1.2377207562002936,0.29171029940824544,0.7815146306694528,live_proxy,4,large500
p26-28,0.1735875110575088,0.8407245042334048,-0.17815286564108362,-0.4373740239051258,live_proxy,4,large500
p28-30,0.30222014545508585,1.6395257958146126,0.16099677893012776,0.4512581748825997,live_proxy,4,large500
p30-32,0.2719794781776954,1.4680501290886658,-0.04610939294886382,-0.1157429105222022,live_proxy,4,large500
p32-34,0.25309630053777044,0.959621580350108,-0.01745874607815919,-0.05848796486176081,live_proxy,4,large500
p34-36,0.49871274184667086,2.340177240091183,0.6075143491921294,1.4950657888086938,live_proxy,4,large500
p36-38,0.2484182343722076,1.411750813595515,0.29251087386790137,0.9387269785708624,live_proxy,4,large500
p38-40,0.20076616556935403,1.1967144933457072,0.16897552452181064,0.4689227432583811,live_proxy,4,large500
p40-42,0.21073973128881013,1.3097150158188742,-0.0398771938369274,-0.1366531441748063,live_proxy,4,large500
p42-44,-0.059544602527655324,-0.33312983206488067,0.08108567386605706,0.2212740984908471,live_proxy,4,large500
p44-46,-0.16045096456147115,-1.0972238581501061,-0.2544666451601486,-0.6904746169296048,live_proxy,4,large500
p46-48,-0.030946479594127742,-0.19742909461078773,0.44253273610341026,1.320413235285687,live_proxy,4,large500
p48-50,0.1069011007472554,0.7322575803344277,-0.015230138764612496,-0.03503005267018123,live_proxy,4,large500
p50-52,0.27030010303454943,1.6001903693185564,-0.1981590267893343,-0.4669082340458163,live_proxy,4,large500
p52-54,-0.02411144452687449,-0.15494734114929137,-0.024806821882087896,-0.06354605172919522,live_proxy,4,large500
p54-56,-0.05945867965366865,-0.3501627205076395,0.33852108230372724,0.9885180844285394,live_proxy,4,large500
p56-57,-0.09319565539106307,-0.5899416835834165,-0.10552433707446797,-0.32613734540561845,live_proxy,4,large500
p57-60,0.0700753274305671,0.44601232427246806,-0.3864970102039999,-1.1116070594062517,live_proxy,4,large500
p60-62,0.006809668045948099,0.04300557568182338,0.31572304189034794,1.042174849323045,live_proxy,4,large500
p62-64,0.14958459767556753,0.9251178357339913,-0.12241880967501845,-0.4822544367171558,live_proxy,4,large500
p64-66,0.10457215020204239,0.5443979176638376,-0.040055185234296624,-0.12336006410911493,live_proxy,4,large500
p66-68,-0.11986051044834303,-0.780703243505254,-0.2455742695867147,-0.7527359760067899,live_proxy,4,large500
p68-70,-0.20821643540729498,-1.2493307631146122,-0.023472811378203878,-0.07625497297669107,live_proxy,4,large500
p70-72,0.045758660671825935,0.24334131861801078,-0.07158350434674274,-0.2300429691959386,live_proxy,4,large500
p72-74,-0.2426505360133175,-1.329628421713841,0.14887913173755069,0.4735032214214243,live_proxy,4,large500
p74-76,0.20949458771002574,1.055799795294366,-0.07529544351351183,-0.19938793215529663,live_proxy,4,large500
p76-78,-0.18152444940624904,-0.999690947108644,-0.11085320098374257,-0.3391325367497795,live_proxy,4,large500
p78-80,0.09895749789652052,0.449500609799208,0.0857856444276962,0.22113207132805793,live_proxy,4,large500
p80-82,0.2135706926079535,0.920157201567618,-0.4587641562692709,-1.1431137025135407,live_proxy,4,large500
p82-84,-0.05273260653310078,-0.24158956503640422,-0.17163900237975305,-0.42232817515134063,live_proxy,4,large500
p84-86,-0.10101671516969819,-0.4274545546324817,-0.35453585192863607,-0.842550274178691,live_proxy,4,large500
p86-88,0.24737164616540808,0.9418815080784682,-0.5079103422914053,-1.253934474446625,live_proxy,4,large500
p88-90,0.15709692536279787,0.5345797776782795,-0.6056838110104701,-1.1569301827237484,live_proxy,4,large500
p90-92,-0.4983383668628961,-1.407628728222816,-0.2877918575005669,-0.5194915227224468,live_proxy,4,large500
p92-94,-0.2536279944734985,-0.629656679004814,-0.5873232725795806,-1.057539697325169,live_proxy,4,large500
p94-96,-0.926014233871174,-2.1614421653483205,-0.43530775613369277,-0.7421528379895845,live_proxy,4,large500
p96-98,-0.8016544516314801,-1.4269333004618403,0.22712621020106188,0.31562581052686056,live_proxy,4,large500
p98-100,-0.537502827845242,-0.6568637591205185,-0.33370329348533384,-0.40692324720346323,live_proxy,4,large500
r1-5,0.2431374309454822,0.42961631268411243,-0.49408125592781915,-0.4247151407612505,live_proxy,4,small_rest
r6-10,0.7029722072183281,1.462331468096553,-0.07290196569398769,-0.09648377598140287,live_proxy,4,small_rest
r11-20,-0.0710983142854188,-0.18376930131177913,0.4574373001821412,0.818509214326813,live_proxy,4,small_rest
r21-30,0.14098124511749574,0.37219460134922816,0.6087536847855106,1.3316042373184165,live_proxy,4,small_rest
r31-50,0.002861401468219429,0.009878081045483858,-0.09753781526613504,-0.2324812246272452,live_proxy,4,small_rest
r51-75,0.013350087056347772,0.053312838892679765,-0.053105540832431936,-0.11749307168444519,live_proxy,4,small_rest
r76-100,0.12716111856203327,0.5374152107798444,-0.24658715066339687,-0.7110098110355787,live_proxy,4,small_rest
r101-150,0.22503638788945388,1.1095979517962946,-0.10156438373637491,-0.3540259305267836,live_proxy,4,small_rest
r151-200,0.00930531551901377,0.049129255980594866,-0.11027339368116966,-0.41230507722784876,live_proxy,4,small_rest
r201-300,0.2288206177586701,1.3453321588527656,0.02326516271052594,0.10860950954242846,live_proxy,4,small_rest
r301-500,0.07839970789324349,0.5629607285530296,0.26214837654015255,1.645731804559766,live_proxy,4,small_rest
p00-02,0.15330038742238664,0.4486536890166704,0.2106954619876595,0.47460261484954036,live_proxy,4,small_rest
p02-04,-0.013974020113389683,-0.05342936755929134,-0.06784472309004706,-0.19162490425568862,live_proxy,4,small_rest
p04-06,0.20907037271907808,0.9415278825564855,-0.10027289942485225,-0.3225466209911907,live_proxy,4,small_rest
p06-08,0.15673194609376168,0.7345902213157812,-0.147333181519221,-0.5042636575884898,live_proxy,4,small_rest
p08-10,0.14940005572843915,0.7425642694670258,-0.1817862849781879,-0.6591095631988542,live_proxy,4,small_rest
p10-12,0.15018292289412488,0.781878737699442,0.005247712306351045,0.025575330007444552,live_proxy,4,small_rest
p12-14,0.12795453521655265,0.6336365602122424,0.06238772263611437,0.26487744619176484,live_proxy,4,small_rest
p14-16,0.18257158817906585,0.9983669438304633,0.18338019271815165,0.9075106215965455,live_proxy,4,small_rest
p16-18,0.24020817999885116,1.2790935120510536,0.30190813969845653,1.4648439942169909,live_proxy,4,small_rest
p18-20,0.31558799778651875,1.9003342197486923,0.23296965423910948,1.1412476580582693,live_proxy,4,small_rest
p20-22,0.0690553015795305,0.38208707161840555,0.3347031787124937,1.9154477395899776,live_proxy,4,small_rest
p22-24,0.014716162776844118,0.0907388288453471,0.3983418473453685,1.6758079705462312,live_proxy,4,small_rest
p24-26,0.060529696584761844,0.39063302441467557,0.12094102387980676,0.6251223080328746,live_proxy,4,small_rest
p26-28,0.13585663865333594,0.7790170412149604,0.10789877126765543,0.5033831654628249,live_proxy,4,small_rest
p28-30,-0.043806310176360025,-0.298464162202793,0.30860147499045976,1.6226988875979578,live_proxy,4,small_rest
p30-32,0.06315280314197312,0.4364454430420068,0.21344834051410844,1.0936981500641216,live_proxy,4,small_rest
p32-34,-0.0049079564822536274,-0.03794922514966632,0.42860790754038247,2.571927948279951,live_proxy,4,small_rest
p34-36,0.07818890150399256,0.6522662326780012,0.25248335703465163,1.450962895129122,live_proxy,4,small_rest
p36-38,-0.05185089631161945,-0.3728360066381129,0.08336555665568725,0.4558394149739075,live_proxy,4,small_rest
p38-40,-0.06574638681874745,-0.5140855602274572,0.16003129417453604,0.8590902416650994,live_proxy,4,small_rest
p40-42,0.03424856189854158,0.28015951751706225,0.14257929974166392,0.7046769297977143,live_proxy,4,small_rest
p42-44,-0.20689215115184179,-1.9063573692025735,0.2624599001664114,1.2557683425285293,live_proxy,4,small_rest
p44-46,0.0478713006873771,0.40650101485834594,0.1811633227523529,0.9582051681099666,live_proxy,4,small_rest
p46-48,-0.05615175730472549,-0.4620275445852802,0.36842399861629715,1.8134493119934738,live_proxy,4,small_rest
p48-50,0.06816989024891225,0.5712013463351276,0.1722220575445314,1.1030165915774222,live_proxy,4,small_rest
p50-52,0.002397848773907682,0.02188914189543657,0.153411980641423,0.9051872807954137,live_proxy,4,small_rest
p52-54,-0.0708432238008787,-0.5946614616992774,0.0041264191723518,0.025961291223965805,live_proxy,4,small_rest
p54-56,-0.24269658736746658,-2.0145726563494253,0.08553013762288879,0.43320751305599337,live_proxy,4,small_rest
p56-57,-0.06047213288844939,-0.5887576161360004,-0.07777144645818888,-0.38760693270019325,live_proxy,4,small_rest
p57-60,-0.12476015444987539,-1.1652955394854938,0.24145955394727414,1.2540803401002985,live_proxy,4,small_rest
p60-62,-0.2128237373645938,-2.0892468314169284,0.13848645075868365,0.6984473990239215,live_proxy,4,small_rest
p62-64,-0.26421848706312084,-2.553820023593184,-0.00026006523070839664,-0.001542520428633037,live_proxy,4,small_rest
p64-66,-0.15535293861735816,-1.4607920911687682,-0.20753839818115472,-1.399717405516152,live_proxy,4,small_rest
p66-68,-0.001412086236261066,-0.01372934726657635,-0.14948471187246554,-0.8012828594603353,live_proxy,4,small_rest
p68-70,-0.04612981302424123,-0.3599143835839321,-0.1461837675843955,-0.7598839480002679,live_proxy,4,small_rest
p70-72,-0.13090873248469287,-1.124254595283692,-0.27568031439589974,-1.6536797520751019,live_proxy,4,small_rest
p72-74,-0.010050221944545926,-0.08012561186576143,-0.30622951280626615,-1.4740853984058624,live_proxy,4,small_rest
p74-76,-0.017114845937262785,-0.13365647670047745,-0.5089782780677888,-2.1241044817585113,live_proxy,4,small_rest
p76-78,0.03775954190940995,0.26479124704517687,-0.30452968768099026,-1.6055012743918722,live_proxy,4,small_rest
p78-80,0.05803839063697367,0.4164240304884771,-0.17783634014612093,-0.8067544644361897,live_proxy,4,small_rest
p80-82,0.016973368779235616,0.10874913477343369,-0.4618848301994276,-2.1189898772740405,live_proxy,4,small_rest
p82-84,-0.07234088419196777,-0.4551390177961834,0.10857046010921431,0.4854562440937171,live_proxy,4,small_rest
p84-86,-0.07159144435692298,-0.3648313089014406,-0.3170515020810917,-1.5433960243140625,live_proxy,4,small_rest
p86-88,-0.11476906422331411,-0.5343433246669103,-0.6221933104063091,-2.024827966789044,live_proxy,4,small_rest
p88-90,-0.11205392424289788,-0.4380660521173065,-0.44103134939876953,-1.481381871195531,live_proxy,4,small_rest
p90-92,-0.07795469680964177,-0.27087632083646224,-0.06252587794708869,-0.1931726196245661,live_proxy,4,small_rest
p92-94,0.007687454661524681,0.023877698851091655,-0.11338388810514957,-0.3326852942676557,live_proxy,4,small_rest
p94-96,-0.13792317024712664,-0.37236839255697335,-0.2550510624141575,-0.7103433468928005,live_proxy,4,small_rest
p96-98,-0.40231613080971473,-0.9253502852824604,-0.2558370106267302,-0.5166317362645709,live_proxy,4,small_rest
p98-100,0.37447000104922645,0.6343207908365058,-0.08324880456756148,-0.150622344027348,live_proxy,4,small_rest
r1-5,0.07845776572093309,0.14278990128774072,0.6601837019944079,0.5259588112255684,live_proxy,4,spy_up
r6-10,0.9830429579828375,1.9806120786537897,0.7587521494582856,0.7039756544160984,live_proxy,4,spy_up
r11-20,0.5090226604038582,1.2064184158938898,1.1032778270576094,1.4008671565084807,live_proxy,4,spy_up
r21-30,0.462369649627699,1.2756187020240926,0.15108930033456855,0.27727697668949236,live_proxy,4,spy_up
r31-50,0.5705268356045976,1.9253103129348377,0.6147244641031189,1.0564901317629505,live_proxy,4,spy_up
r51-75,0.39138130910790403,1.498638224701399,0.07172702378754209,0.15168833851273028,live_proxy,4,spy_up
r76-100,0.27628415145561697,1.0320162313488979,0.2779716635859893,0.6782637233513449,live_proxy,4,spy_up
r101-150,0.32505278196128023,1.5556997999891895,-0.0606989361793344,-0.15993381182570898,live_proxy,4,spy_up
r151-200,0.4257974557965452,2.1593848942750546,-0.13744862101630834,-0.3912002326284625,live_proxy,4,spy_up
r201-300,0.28038993732207523,1.5128375004963612,-0.1749913629528652,-0.6795048855965689,live_proxy,4,spy_up
r301-500,0.34170332036175954,2.162489158168493,0.09428191508261466,0.449620580641391,live_proxy,4,spy_up
p00-02,0.5599073475930724,1.6746676557972147,0.6296035972397388,1.0392235964600693,live_proxy,4,spy_up
p02-04,0.33858876992625975,1.3800893325724848,0.07841758798699584,0.19312076517639779,live_proxy,4,spy_up
p04-06,0.2997143383347045,1.3367415666959797,0.04614537280617228,0.13018163719511494,live_proxy,4,spy_up
p06-08,0.42280586617976423,2.0064006908852705,-0.1796304891861949,-0.5331097005875818,live_proxy,4,spy_up
p08-10,0.3868253409074026,1.797831877965683,-0.2288697451238927,-0.8081919582431425,live_proxy,4,spy_up
p10-12,0.37797523059158605,2.0121139597629494,-0.003919549037698783,-0.015842955327058827,live_proxy,4,spy_up
p12-14,0.1336116599653611,0.7169371844889408,0.11846842709710695,0.4266739899010437,live_proxy,4,spy_up
p14-16,0.3059253606506862,1.7634903877581782,-0.23879999571457963,-1.0347715532801989,live_proxy,4,spy_up
p16-18,0.3920029375521317,2.0621616834538514,0.3542996969764766,1.4881177638548773,live_proxy,4,spy_up
p18-20,0.47015168492511644,2.6238982961650437,0.1472848292549592,0.753603417248541,live_proxy,4,spy_up
p20-22,0.3613389845839192,2.1685223012360493,0.1508451127246382,0.7235739655283202,live_proxy,4,spy_up
p22-24,0.2959938498538611,1.632279788292897,0.24895371838876645,1.3933950441037293,live_proxy,4,spy_up
p24-26,0.12075181773363956,0.7544480153773935,0.13926405925753937,0.6559030491678918,live_proxy,4,spy_up
p26-28,0.2580127106108241,1.6536963297081315,0.14686624454413585,0.7118264183218855,live_proxy,4,spy_up
p28-30,0.33335066433166705,1.9182092207289076,0.15832315287163296,0.8403534403628115,live_proxy,4,spy_up
p30-32,0.28855299430795345,2.185034689783734,0.4440522205288956,2.244489274654487,live_proxy,4,spy_up
p32-34,0.08192692680486975,0.5855930254801102,-0.01767974574959823,-0.10184982930902857,live_proxy,4,spy_up
p34-36,0.1482381352697621,1.27088133138176,0.27471468411414296,1.7549826138912108,live_proxy,4,spy_up
p36-38,0.2885106498781137,2.477701208944239,0.2587570118738117,1.4040501107056629,live_proxy,4,spy_up
p38-40,0.23423918687213863,1.9909087848491218,0.1891330063370777,1.0376579478801595,live_proxy,4,spy_up
p40-42,0.17597231955697148,1.4830928738970226,0.2277845759590738,1.2042434240800302,live_proxy,4,spy_up
p42-44,0.03806056602403957,0.30198222441824935,0.3599767976898019,1.8608608391099992,live_proxy,4,spy_up
p44-46,-0.09594793451577831,-0.8312704422164455,0.13958608182761564,0.7823280018485468,live_proxy,4,spy_up
p46-48,0.023481567332859887,0.23017427435849913,0.3315640419709222,1.6940010344210863,live_proxy,4,spy_up
p48-50,0.0650942359780384,0.4902194285563347,0.13442037922247424,0.7272918109108463,live_proxy,4,spy_up
p50-52,-0.03848629060099316,-0.3584445203494937,-0.10028845792378797,-0.5756057400889315,live_proxy,4,spy_up
p52-54,-0.019842591088315646,-0.17587444280886025,-0.1031825453747119,-0.7026324791719162,live_proxy,4,spy_up
p54-56,0.03883616306971304,0.3567247992936071,0.04050922436650494,0.24997718269629227,live_proxy,4,spy_up
p56-57,-0.1537345369596147,-1.322177338547951,-0.2309448388838515,-1.4259417199073183,live_proxy,4,spy_up
p57-60,-0.05355720579636208,-0.505485599576391,0.12129274872962528,0.7027982606555987,live_proxy,4,spy_up
p60-62,-0.11322257520586744,-1.0513205120448392,0.2749400575326144,1.5097365926254032,live_proxy,4,spy_up
p62-64,-0.16475235463998725,-1.6322533121220126,-0.04699780606005989,-0.26457404636033566,live_proxy,4,spy_up
p64-66,-0.16963139153187776,-1.4835291512737838,-0.04243973740401875,-0.253321354223443,live_proxy,4,spy_up
p66-68,-0.23739566372155516,-2.253597113688538,0.0325526119564731,0.20270867659100275,live_proxy,4,spy_up
p68-70,-0.07955670912587047,-0.6373966633558974,-0.14447436795834726,-0.7623421318660162,live_proxy,4,spy_up
p70-72,-0.07044114703844995,-0.6067436930685376,-0.12949418328685255,-0.84371611667109,live_proxy,4,spy_up
p72-74,-0.22071497830220368,-1.6851277772340194,-0.28014278459207925,-1.2876971966299313,live_proxy,4,spy_up
p74-76,0.014079087569606078,0.12041782351017578,-0.27829470658324834,-1.2824448100752943,live_proxy,4,spy_up
p76-78,-0.16044903091088325,-1.1314183684765875,-0.3247488350037108,-1.2887553404453,live_proxy,4,spy_up
p78-80,-0.043477448747421016,-0.3034047507240595,-0.3302308876479481,-1.3822770012787038,live_proxy,4,spy_up
p80-82,-0.08919334912786538,-0.5694493603844895,-0.28043186874472814,-1.3180364212981983,live_proxy,4,spy_up
p82-84,-0.17749742137452498,-1.0959984659962478,-0.18930798359666634,-0.7239984487509257,live_proxy,4,spy_up
p84-86,-0.20854758675945104,-1.1359266376021797,-0.2974867326814753,-1.2284135579739761,live_proxy,4,spy_up
p86-88,-0.3403950387120505,-1.5727823046035434,-0.33670548843632925,-1.0244889179198637,live_proxy,4,spy_up
p88-90,-0.37641321088332025,-1.4979406392431938,-0.5443424103989885,-1.7724444942353008,live_proxy,4,spy_up
p90-92,-0.5707409389337837,-2.072615361899917,-0.2950780328060834,-0.8072885739739328,live_proxy,4,spy_up
p92-94,-0.5722874456129502,-1.7798401968767452,0.10460702151052277,0.3134194369704385,live_proxy,4,spy_up
p94-96,-0.6640529344351439,-1.8402183020457397,-0.2786307535338092,-0.6803412288603606,live_proxy,4,spy_up
p96-98,-1.1418578906412569,-2.6486585453057714,-0.25399441732963013,-0.4842565688297691,live_proxy,4,spy_up
p98-100,-0.6788195053053593,-1.1552311274460152,0.008176590003702747,0.014577169144443184,live_proxy,4,spy_up
r1-5,-0.1641333613815534,-0.0943780871511899,-1.1445417537997473,-0.2445326803753455,live_proxy,4,spy_down
r6-10,-2.145978937463106,-1.750798937306475,-1.8167489707854132,-1.3058788408899684,live_proxy,4,spy_down
r11-20,-0.6470696870637896,-0.5334444202083455,0.19122943980918922,0.11279121467472017,live_proxy,4,spy_down
r21-30,-1.3071545397639486,-1.3258533259025824,1.0523349002625815,0.9527394019845538,live_proxy,4,spy_down
r31-50,-1.2587091030169313,-1.1357723046862795,1.3482569347006088,0.7761024739121872,live_proxy,4,spy_down
r51-75,-1.432137992052817,-1.6854842129428842,-0.5459959097164582,-0.32307041880873294,live_proxy,4,spy_down
r76-100,-1.2533595198003586,-1.6242556304330267,0.044691486975784636,0.028416174803501865,live_proxy,4,spy_down
r101-150,-1.1523349161779222,-1.9489560136326067,-0.9810174382973648,-0.7944586858513127,live_proxy,4,spy_down
r151-200,-0.9297668395061498,-1.5097560882068206,0.976139213002194,0.6914312167224311,live_proxy,4,spy_down
r201-300,-0.5642435087090636,-1.1352613610806843,0.09956123777578797,0.10048616572122801,live_proxy,4,spy_down
r301-500,-0.48166079707619386,-1.2018749113566132,-0.0787391030920039,-0.13926644121077988,live_proxy,4,spy_down
p00-02,-1.0728013633450864,-0.9835614439911737,0.47022598575602964,0.317385076833751,live_proxy,4,spy_down
p02-04,-1.5005132066720193,-1.8088913406847464,-0.48210325560816664,-0.32493499025494715,live_proxy,4,spy_down
p04-06,-1.04642655395307,-1.6148825384275802,-0.49471116421724826,-0.3824209159549295,live_proxy,4,spy_down
p06-08,-0.9933253967585457,-1.7315138383132946,0.8143496070108799,0.6020962676192627,live_proxy,4,spy_down
p08-10,-0.6451678153355621,-1.092674311449735,0.49885068011690964,0.40213250609749884,live_proxy,4,spy_down
p10-12,-0.6596334296397193,-1.237400540497212,-1.1954285025292855,-1.6474580839965396,live_proxy,4,spy_down
p12-14,-0.571028746483323,-1.250195470522628,0.19960955121563478,0.3107714494765954,live_proxy,4,spy_down
p14-16,-0.4750888256076574,-1.1066348606940484,-0.6971042059435179,-0.6990631438757874,live_proxy,4,spy_down
p16-18,-0.43890388141575404,-0.9851185962481709,0.35122786241134213,0.4454141956930383,live_proxy,4,spy_down
p18-20,-0.6182957231388235,-1.5673262960427432,1.192089820875379,1.5487994452872913,live_proxy,4,spy_down
p20-22,-0.43410255791665914,-0.9664652122206425,0.982134016370523,1.9897466299803876,live_proxy,4,spy_down
p22-24,-0.5514432266568994,-1.596283740240935,0.8645697613608205,1.48749226187086,live_proxy,4,spy_down
p24-26,-0.6833391897413806,-1.99852057049665,0.9119937116824396,3.136152236676966,live_proxy,4,spy_down
p26-28,-0.5539928777416377,-1.5799348920218246,1.0882446023697945,3.513998061141035,live_proxy,4,spy_down
p28-30,-0.2958732601577693,-0.728596132169005,-0.3382633842546165,-0.602752390094096,live_proxy,4,spy_down
p30-32,-0.8731297021373732,-2.6816480491931407,0.42218640114232814,1.2044283184760882,live_proxy,4,spy_down
p32-34,-0.4355094774718852,-1.4147770742779513,0.7856692970466239,2.2565821087783533,live_proxy,4,spy_down
p34-36,-0.46695615239465693,-1.4499717348425942,0.8268708240805034,1.965473604097506,live_proxy,4,spy_down
p36-38,-0.43426181510594075,-1.6891272023067652,0.18772987309688177,0.49325583551806895,live_proxy,4,spy_down
p38-40,-0.31226802447344965,-1.0098451249562497,-0.2521254007814021,-0.4399819162759067,live_proxy,4,spy_down
p40-42,-0.4750924982315023,-2.6259462138990095,0.768829405705838,1.2131598302607336,live_proxy,4,spy_down
p42-44,0.021063423993413807,0.08905389602493986,-1.0642134444516125,-2.1912743138872908,live_proxy,4,spy_down
p44-46,-0.16969696898640474,-0.5982077092720947,0.109598932255319,0.22550789063261997,live_proxy,4,spy_down
p46-48,-0.35904322042197784,-1.3434173099826505,0.7713499952389835,1.8016312472336955,live_proxy,4,spy_down
p48-50,-0.18700517505767308,-0.741342343041867,0.5258991924875625,1.7272632918498765,live_proxy,4,spy_down
p50-52,0.02969181721316626,0.1236692572788054,0.27112874893753114,0.7547771489233778,live_proxy,4,spy_down
p52-54,-0.23069485000090495,-1.2505540129053294,0.6269627484014298,1.7946454189478838,live_proxy,4,spy_down
p54-56,-0.3576778884301704,-1.8189154942961674,0.23874734302978579,0.6124429907352871,live_proxy,4,spy_down
p56-57,-0.35566878983877054,-1.7269639635105811,0.7236552485912002,3.7656006017478703,live_proxy,4,spy_down
p57-60,-0.09547675923572416,-0.3804057844973317,-0.28925694625726633,-0.46928273177315655,live_proxy,4,spy_down
p60-62,-0.3865371824625151,-1.795675446606396,0.34907160846949886,1.4077503629930623,live_proxy,4,spy_down
p62-64,-0.086896489851959,-0.4348984299549814,0.4186121544650295,1.543167110214064,live_proxy,4,spy_down
p64-66,-0.19799949448076168,-0.7845091894635868,0.10913469213894146,0.259986202931015,live_proxy,4,spy_down
p66-68,-0.07734338218557454,-0.3922443741284718,0.6139408999540873,1.505299772268857,live_proxy,4,spy_down
p68-70,0.1394674940983151,0.5718257528572407,-1.2587816669939185,-3.2152259534138192,live_proxy,4,spy_down
p70-72,0.11938014804543705,0.5638202688522437,-0.46558541171499546,-1.0827622014457374,live_proxy,4,spy_down
p72-74,0.4306757016542515,1.4656508002194202,-0.41825832735971563,-1.0954030511596509,live_proxy,4,spy_down
p74-76,0.3193949306442461,0.8496183974280489,-0.22708875580181093,-0.3650536596944531,live_proxy,4,spy_down
p76-78,0.30649708961815736,0.8139823418076089,-0.7318860563916678,-1.8803995159861937,live_proxy,4,spy_down
p78-80,0.5758615602239244,1.4971536237347967,-0.33878887595189167,-0.5594174267974041,live_proxy,4,spy_down
p80-82,0.776688036366302,1.7073734519135264,-0.6946101919038845,-1.0396999589810956,live_proxy,4,spy_down
p82-84,0.6240441493200396,1.4452617017232208,-0.5545325697009672,-0.6075787092206487,live_proxy,4,spy_down
p84-86,0.468032327839927,0.9540365321111599,-0.402277557510752,-1.4304363697090576,live_proxy,4,spy_down
p86-88,0.8043829365638305,1.3823941992773472,-0.27079726793626535,-0.3415060749682372,live_proxy,4,spy_down
p88-90,0.9557653465909369,1.316994502684074,-0.6094946250407153,-0.4591009367811222,live_proxy,4,spy_down
p90-92,1.338086448220771,1.8004924824576571,-1.2752081095244998,-3.0819615742100344,live_proxy,4,spy_down
p92-94,1.0171730981942124,1.2573239067625819,-0.9159606910371166,-1.8194443344865858,live_proxy,4,spy_down
p94-96,1.9711128132618172,1.9328735916496904,-0.6130368352141696,-0.6447373432155876,live_proxy,4,spy_down
p96-98,2.358024886119553,2.285239115922837,-1.0871356574553603,-0.8208701120288545,live_proxy,4,spy_down
p98-100,3.723150958211998,2.368045951791814,-0.43319808995575737,-0.23993321755173888,live_proxy,4,spy_down
r1-5,0.9204449469752034,1.202263871066762,0.4874574594697475,0.3440255068700325,live_proxy,4,disp_high
r6-10,1.1284752421330615,1.5714396632573708,1.0784512640283435,0.8738619263750711,live_proxy,4,disp_high
r11-20,1.0269363938999385,1.5485888143656639,0.8828776542594005,1.2155958506054423,live_proxy,4,disp_high
r21-30,0.5168688606078092,0.9686076328569089,0.6297677170180266,1.115303649439605,live_proxy,4,disp_high
r31-50,0.4100480141111607,0.8638091650387633,0.9955637655082064,1.6803606866639362,live_proxy,4,disp_high
r51-75,0.2941770176273679,0.7485902540900591,0.3676704393311627,0.9354496746869959,live_proxy,4,disp_high
r76-100,0.16266382173606056,0.4144587621648557,0.6264797423392086,1.4226657752328589,live_proxy,4,disp_high
r101-150,0.10958405257412752,0.34207086889519284,0.3408147113679137,1.0023271396830957,live_proxy,4,disp_high
r151-200,0.22342319276753234,0.7179389170054226,0.020899748009557132,0.057426605432277615,live_proxy,4,disp_high
r201-300,0.2126365587793463,0.8500905008383294,-0.08895082113197128,-0.321261129014269,live_proxy,4,disp_high
r301-500,0.24553151902385784,1.131319469701834,0.16583191129570343,0.6966761057570247,live_proxy,4,disp_high
p00-02,0.7288216123336421,1.4120855088903939,0.8681184014407557,1.4946386770268938,live_proxy,4,disp_high
p02-04,0.19560191718530534,0.5145114061369807,0.38062154271450904,1.041093465668649,live_proxy,4,disp_high
p04-06,0.15440441553452353,0.45504419682618164,0.44848833054457643,1.4066790054103007,live_proxy,4,disp_high
p06-08,0.2444246165918781,0.7516665971233599,-0.09086928806898946,-0.2572075900507488,live_proxy,4,disp_high
p08-10,0.15857731229241587,0.5102616639458047,-0.002249724819656599,-0.007230204663854735,live_proxy,4,disp_high
p10-12,0.27800451279654514,1.0270708175353855,-0.020894863355630653,-0.07445258405726071,live_proxy,4,disp_high
p12-14,0.1621227309882422,0.6665691003068657,0.04209006850417254,0.15176304620733444,live_proxy,4,disp_high
p14-16,0.26496359505830464,1.1485285360319037,-0.1325980164359285,-0.472430103879772,live_proxy,4,disp_high
p16-18,0.28265095650200434,1.0469784791266896,0.4031431082450585,1.5074905470417725,live_proxy,4,disp_high
p18-20,0.3934161873821288,1.6740366781375586,0.26298178112374715,1.1557821191425568,live_proxy,4,disp_high
p20-22,0.08614079116524806,0.4094396866287079,0.2180011685298744,0.9352890142139683,live_proxy,4,disp_high
p22-24,0.19772586258122965,0.8546940443939985,0.3296870052945566,1.5544218913787198,live_proxy,4,disp_high
p24-26,0.06131130648313613,0.2879449934713357,0.2596945064590413,1.1276628459361024,live_proxy,4,disp_high
p26-28,0.20877595820561126,0.9267379285402472,0.10473789606467038,0.520242348074516,live_proxy,4,disp_high
p28-30,0.17939510587117324,0.6887901661198605,0.04741740296133544,0.2471094045275441,live_proxy,4,disp_high
p30-32,0.18343676089857636,0.8723321006096482,0.3254383636900983,1.4451065536374876,live_proxy,4,disp_high
p32-34,-0.09314148593777268,-0.4647176414019413,0.07648629259509437,0.4203540753724422,live_proxy,4,disp_high
p34-36,-0.16388125910671514,-0.9925919160813653,0.2924024431063267,1.6775353904655494,live_proxy,4,disp_high
p36-38,0.04293663643185486,0.24515793199262095,0.25890523242159513,1.5584394995779547,live_proxy,4,disp_high
p38-40,0.12382419282153949,0.7449763597136838,0.10300442863693884,0.463952706383029,live_proxy,4,disp_high
p40-42,-0.1255962676560384,-0.8184670403052219,0.2500822110713004,1.060111331383335,live_proxy,4,disp_high
p42-44,-0.009916997950667732,-0.06737218655583722,0.20341835518294538,0.8781918505347697,live_proxy,4,disp_high
p44-46,-0.13828765248418384,-0.8418707807980407,0.21909615654663053,0.9706170251963939,live_proxy,4,disp_high
p46-48,-0.1249855912910108,-0.7447616364798139,0.4101327396695163,1.7012556951173423,live_proxy,4,disp_high
p48-50,0.009419301009366684,0.052913904927603714,0.19445299282553505,0.7942103489655205,live_proxy,4,disp_high
p50-52,-0.08006852051583775,-0.542791298129635,-0.03656103359868486,-0.1555461723071801,live_proxy,4,disp_high
p52-54,-0.010544575222703821,-0.0688871812236441,-0.09453761223261091,-0.5813463800800075,live_proxy,4,disp_high
p54-56,0.08381170303223028,0.6218323271985798,-0.03961207889784909,-0.20617917894748816,live_proxy,4,disp_high
p56-57,-0.329090733088884,-2.0710942408525397,-0.31561891419005117,-1.589086664362452,live_proxy,4,disp_high
p57-60,-0.06141045997114118,-0.41967848722412493,0.06667859134364573,0.34570278830812806,live_proxy,4,disp_high
p60-62,-0.40790329051544416,-3.085513606029016,0.25182083014460566,1.647756332746931,live_proxy,4,disp_high
p62-64,-0.1556349250322636,-1.2053814615069836,-0.2000394031162465,-0.9577124365459792,live_proxy,4,disp_high
p64-66,-0.2337254951621063,-1.5798126458904749,0.14385240393301948,0.802980765056476,live_proxy,4,disp_high
p66-68,-0.30174038252074487,-2.3499820905499877,0.1473923311810891,0.697754929515138,live_proxy,4,disp_high
p68-70,-0.05164738396174611,-0.3435286610347529,-0.32844456945739686,-1.5011644751156548,live_proxy,4,disp_high
p70-72,-0.16797084314691338,-1.2102321464959465,-0.04433484207836022,-0.24868353027104667,live_proxy,4,disp_high
p72-74,-0.3657897434894404,-2.204407336496201,-0.23694722792878925,-0.9950088911463677,live_proxy,4,disp_high
p74-76,-0.22710253688785295,-1.2967977487676572,-0.2516829112507318,-0.9867041718926034,live_proxy,4,disp_high
p76-78,-0.23794163767226215,-1.1338069508467588,-0.32349479185567215,-1.0836817383454045,live_proxy,4,disp_high
p78-80,-0.004334029097427435,-0.022404340860795083,-0.2985175495041315,-1.14606707772015,live_proxy,4,disp_high
p80-82,-0.08241503008674256,-0.31980703836332597,-0.3513739979670408,-1.4438635389575871,live_proxy,4,disp_high
p82-84,-0.22510645583114575,-0.962698977167947,-0.31339486715353554,-1.150221942323455,live_proxy,4,disp_high
p84-86,-0.3961502825443284,-1.5956645197272095,-0.5915341205614524,-2.2855159672773966,live_proxy,4,disp_high
p86-88,-0.12676109315669634,-0.41184695517442876,-0.6466737099629878,-1.987750855442819,live_proxy,4,disp_high
p88-90,-0.29220736919911083,-0.8531200680674916,-0.5721459855843232,-1.7217709715350118,live_proxy,4,disp_high
p90-92,-0.24202985732859306,-0.6541479697604469,-0.4634629559549832,-1.2604793738415456,live_proxy,4,disp_high
p92-94,-0.44833652884927205,-1.0763120312973025,0.000453968628130047,0.00146155450609955,live_proxy,4,disp_high
p94-96,0.20383637707519897,0.41409791995544115,-0.1485645593928959,-0.38636193512592265,live_proxy,4,disp_high
p96-98,-0.1732131914366784,-0.30424701821937106,-0.45800633974518073,-0.8571073480243976,live_proxy,4,disp_high
p98-100,1.0252116976737584,1.2782402824013415,-0.32973094005876696,-0.5267508884355915,live_proxy,4,disp_high
r1-5,-0.8270522220371092,-1.2501635125493178,0.5309913988477233,0.3030113607054403,live_proxy,4,disp_low
r6-10,-0.3849730486324532,-0.6547717095222839,-0.2260985546394576,-0.17346433108950182,live_proxy,4,disp_low
r11-20,-0.4431348646549407,-1.0718743756971842,1.2261784050312663,1.0004458731270276,live_proxy,4,disp_low
r21-30,-0.28456919225955896,-0.6711981820367154,-0.33919833706038666,-0.42984420846621835,live_proxy,4,disp_low
r31-50,0.007040198658111701,0.01673634832111239,0.22806182499885533,0.2616143560434262,live_proxy,4,disp_low
r51-75,-0.23075493180455103,-0.6519986220300831,-0.47448048098185275,-0.6137357081845227,live_proxy,4,disp_low
r76-100,-0.21471557425344553,-0.7380616042887,-0.2630115187775699,-0.43124225799994226,live_proxy,4,disp_low
r101-150,-0.04742248365087811,-0.22137453621234857,-0.8187668865981397,-1.4051414257087336,live_proxy,4,disp_low
r151-200,0.08853293711426867,0.42340188124527556,-0.13092297018697976,-0.2529199530053317,live_proxy,4,disp_low
r201-300,0.014097535165491004,0.0716744245445319,-0.23983090123854556,-0.6994113075282785,live_proxy,4,disp_low
r301-500,0.11110747018172633,0.7026490829385553,-0.04267242815132844,-0.20083378075237512,live_proxy,4,disp_low
p00-02,-0.24344420771363504,-0.6306321436267304,0.2594183337520168,0.2835654895261003,live_proxy,4,disp_low
p02-04,-0.2456036905632215,-0.7448987855097772,-0.46480610875090117,-0.7059490043837898,live_proxy,4,disp_low
p04-06,-0.08876850551354878,-0.3937004559213349,-0.634585678552969,-1.1843943218143977,live_proxy,4,disp_low
p06-08,0.0386803902751137,0.18200457841084977,-0.0994694087938835,-0.20072197780677567,live_proxy,4,disp_low
p08-10,0.20145381787700592,0.9378199359282297,-0.3987007203317845,-1.114513472975536,live_proxy,4,disp_low
p10-12,0.06695010311001102,0.31974352482586527,-0.2264390605519854,-0.7297515389961347,live_proxy,4,disp_low
p12-14,-0.17037883134565857,-0.8928262941431768,0.24323944251164062,0.7601807908065858,live_proxy,4,disp_low
p14-16,0.038818481318305696,0.20277316985958002,-0.4837691823283149,-1.4873714411625296,live_proxy,4,disp_low
p16-18,0.17113093122587977,0.9123589437508166,0.2846096669970746,1.064755807352631,live_proxy,4,disp_low
p18-20,0.11681293907311197,0.6516135884963759,0.19987982660331136,1.0103922807750596,live_proxy,4,disp_low
p20-22,0.31399083415058543,1.630684161946305,0.2278911518232806,0.7850013378532494,live_proxy,4,disp_low
p22-24,0.0579673075770629,0.32283991379345645,0.262182390619626,0.9981955009898067,live_proxy,4,disp_low
p24-26,-0.1376287845880613,-0.853228529428564,0.12887542406056748,0.5046708511305302,live_proxy,4,disp_low
p26-28,-0.013293898363351268,-0.0908977054392927,0.4011949491859301,1.323149647609616,live_proxy,4,disp_low
p28-30,0.23455872065800865,1.4190047467141766,0.2123788950635191,0.7628306694977441,live_proxy,4,disp_low
p30-32,-0.06621598988683339,-0.46575445320989967,0.6072237106692847,2.137761802022226,live_proxy,4,disp_low
p32-34,0.04732686427115941,0.3255974429891909,0.015399105445054729,0.06503451122742011,live_proxy,4,disp_low
p34-36,0.20716388039818595,1.5354176162206625,0.3639470538078888,1.5427079870309144,live_proxy,4,disp_low
p36-38,0.24117386742136293,1.9207451151935133,0.2438521885937877,0.8140362826805502,live_proxy,4,disp_low
p38-40,0.1260093885217585,0.8772669207740288,0.2196061526472436,0.6928996805653347,live_proxy,4,disp_low
p40-42,0.21066611209767136,1.561382450666804,0.30820064281698045,1.1108963652983,live_proxy,4,disp_low
p42-44,0.07756160141778652,0.474884957257212,0.2866579938943753,1.02193205757563,live_proxy,4,disp_low
p44-46,-0.08414616032228978,-0.6170061614925912,0.02097104869267107,0.10019761184710885,live_proxy,4,disp_low
p46-48,0.016230555975707706,0.15622690159427474,0.3114743562456123,1.1153216837692501,live_proxy,4,disp_low
p48-50,0.019731635729572268,0.13805088409020197,0.1305423006660962,0.6403879860103651,live_proxy,4,disp_low
p50-52,0.028289091254871515,0.2098498870309215,-0.11354091158452301,-0.493433434110872,live_proxy,4,disp_low
p52-54,-0.11154452517736695,-0.8134082328558435,0.03565985130910561,0.1620870385003353,live_proxy,4,disp_low
p54-56,-0.16006785527857773,-1.174207533840939,0.19479895353264978,0.888579051618214,live_proxy,4,disp_low
p56-57,-0.06423153348133072,-0.5396730904897467,0.08627025119906212,0.39385286017944604,live_proxy,4,disp_low
p57-60,-0.06245180205328667,-0.5023768122255245,0.11356455158837736,0.4136495115468872,live_proxy,4,disp_low
p60-62,0.06309936947520213,0.5236191004328133,0.32296342403363737,1.2695689436181656,live_proxy,4,disp_low
p62-64,-0.1429703211467425,-1.2299021807145052,0.2657044436797397,1.1299351041825867,live_proxy,4,disp_low
p64-66,-0.11908314941068215,-0.8951662659618678,-0.27445805525094313,-1.0809007228614973,live_proxy,4,disp_low
p66-68,-0.11265630233885872,-0.9252439667552017,-0.009519759085718926,-0.045381766382243595,live_proxy,4,disp_low
p68-70,-0.020454571324863568,-0.1414945265012554,-0.11492490357049864,-0.5019278927471099,live_proxy,4,disp_low
p70-72,0.09791783223326353,0.7289590324195825,-0.31942798880812984,-1.7796636536477546,live_proxy,4,disp_low
p72-74,0.17455331527487478,1.1552347102468923,-0.3697879942403796,-1.3999985693628139,live_proxy,4,disp_low
p74-76,0.36601224521656245,2.797589055542423,-0.3053239446503018,-1.091482612105498,live_proxy,4,disp_low
p76-78,0.09739098741657262,0.7013074022565577,-0.41075707974154996,-1.3814084966800944,live_proxy,4,disp_low
p78-80,0.16192618317494117,0.9792560380993873,-0.37683760467278077,-1.1975023154884554,live_proxy,4,disp_low
p80-82,0.24411859728457136,1.6508862585526818,-0.26582644256680127,-0.8794152922810763,live_proxy,4,disp_low
p82-84,0.1829033949074016,1.0748906669811618,-0.08943851086543077,-0.23057994477679164,live_proxy,4,disp_low
p84-86,0.23753422136553623,1.1686040604151138,0.09655457608071083,0.33093274548609997,live_proxy,4,disp_low
p86-88,-0.0966944153747875,-0.4423252055879719,0.11516162899792513,0.2520509319825735,live_proxy,4,disp_low
p88-90,0.0653942570422028,0.21748055896006055,-0.5185136760973208,-1.355312538996127,live_proxy,4,disp_low
p90-92,-0.1379177364877978,-0.3939936182898941,-0.2598021228476558,-0.49758440690844524,live_proxy,4,disp_low
p92-94,-0.06775300691819527,-0.1846198894839305,0.04070594885163546,0.08812308433701531,live_proxy,4,disp_low
p94-96,-0.46504802679252666,-1.0028350595231976,-0.5317049069772438,-1.0568471846887217,live_proxy,4,disp_low
p96-98,-0.7004383124373881,-1.3133928361020055,-0.13793781807848546,-0.22297155929231433,live_proxy,4,disp_low
p98-100,-0.5910654273295258,-0.8320473152402172,0.3945890263073062,0.5513530100724935,live_proxy,4,disp_low
r1-5,0.1926422170096586,0.6492865482016624,1.0268297792640613,1.5456370100546275,m12_1,1,large500
r6-10,-0.010177217765370299,-0.040392182084556714,0.6663137168748435,1.1796207594680452,m12_1,1,large500
r11-20,0.16440222903912086,0.8245189916509559,0.5961409424271825,1.3916985245418978,m12_1,1,large500
r21-30,-0.06465479954828733,-0.41051990042153774,0.17521557006384986,0.5348499013156587,m12_1,1,large500
r31-50,0.14475823776447264,1.3216477206600257,0.19992793333658854,0.7892646861219725,m12_1,1,large500
r51-75,0.09064540257845094,1.0891932003604483,-0.07912508026390888,-0.4882444332122155,m12_1,1,large500
r76-100,0.06129194085153963,0.817791729573517,-0.0602579682694621,-0.43740613352897023,m12_1,1,large500
r101-150,-0.010669864661983943,-0.20304846680611854,0.03493782341233049,0.5052203766449985,m12_1,1,large500
r151-200,-0.0587566590764903,-1.3866457370415695,-0.05397430544931669,-0.846593372445958,m12_1,1,large500
r201-300,0.04100104384881935,1.2045395021411078,0.04185088794165426,0.6128497190334384,m12_1,1,large500
r301-500,-0.046327475152585416,-0.7509897281705036,-0.09968332781363486,-1.112121502925892,m12_1,1,large500
p00-02,0.1347280750978018,0.5522478488526771,0.8422036268664345,1.5157501287631474,m12_1,1,large500
p02-04,0.1083756082488402,0.5408008205877844,0.6015579273924214,1.4047921950395874,m12_1,1,large500
p04-06,-0.028254007348546134,-0.17904113662938126,0.16645176299420017,0.5083786658383788,m12_1,1,large500
p06-08,0.07980398956859715,0.6382225069823471,0.19048550289110813,0.6526413474089542,m12_1,1,large500
p08-10,0.1891415116895864,1.5214337783984464,0.2239283316109943,0.8537775619234012,m12_1,1,large500
p10-12,0.08610460563674299,0.8164152837876472,-0.010033690111793165,-0.04856115093248819,m12_1,1,large500
p12-14,0.0693671234778949,0.6810354934911582,-0.11261454342752009,-0.5095252397388187,m12_1,1,large500
p14-16,0.09133277368279084,1.048452422234288,-0.1440222983198854,-0.8211733056972685,m12_1,1,large500
p16-18,0.02111270598643393,0.21929975678892513,0.0843687013950142,0.48828577861974126,m12_1,1,large500
p18-20,0.14692813330185744,1.6217885373143421,-0.17162510073815374,-1.034809740121596,m12_1,1,large500
p20-22,-0.045562769013918716,-0.5653937397980752,-0.034733685659200694,-0.2536120174541795,m12_1,1,large500
p22-24,-0.042701743969613785,-0.5628648414768496,0.13972700069043567,1.0427899919332713,m12_1,1,large500
p24-26,0.09739872003195096,1.3911061232775879,0.08329508625596996,0.6262338902263889,m12_1,1,large500
p26-28,-0.07055100035101451,-0.9910252958636672,-0.05193614432952257,-0.48572235736406777,m12_1,1,large500
p28-30,-0.009570577916564023,-0.11996071619524272,0.033507072747924534,0.25864491899134984,m12_1,1,large500
p30-32,-0.06629543125250602,-1.0685264793661982,-0.011296800521032256,-0.09974881135488323,m12_1,1,large500
p32-34,-0.08804600761083506,-1.2654669996567347,-0.06931709874864722,-0.6307168635085442,m12_1,1,large500
p34-36,-0.08994160997498814,-1.3446041825296273,-0.12311440293485709,-1.1871707771532474,m12_1,1,large500
p36-38,-0.01997603788789369,-0.29399291152011114,-0.011232957287177223,-0.09896315995152476,m12_1,1,large500
p38-40,-0.043589285814433915,-0.769226913419344,-0.054132897449498826,-0.4814211739562696,m12_1,1,large500
p40-42,0.006195956468833367,0.10128589619669276,-0.14863822022382076,-1.051986461613528,m12_1,1,large500
p42-44,0.10672512197003016,1.602457885479751,0.13997192837135397,1.0975856878986643,m12_1,1,large500
p44-46,-0.05565411018068771,-0.8648656834990479,0.0662240683704747,0.5386306657223641,m12_1,1,large500
p46-48,0.08063267720958824,1.3479930696555922,0.07391887992844236,0.5751954227197983,m12_1,1,large500
p48-50,0.10286023260905522,1.5992369297217988,0.14937067491173062,1.3531089706121189,m12_1,1,large500
p50-52,0.0006459406455969588,0.010041986126701707,0.06786205393021286,0.5259165704804073,m12_1,1,large500
p52-54,0.08503361452581999,1.2964112727213937,0.05152971875042841,0.42138677757675386,m12_1,1,large500
p54-56,-0.012398397428612769,-0.21011109241131065,0.06731170030631228,0.5867953022616523,m12_1,1,large500
p56-57,0.0536844932392231,0.8269106660090801,0.04970180198644727,0.4037516076645485,m12_1,1,large500
p57-60,0.052750648552641916,0.8155156183477855,-0.10156686275281197,-0.8284001859706795,m12_1,1,large500
p60-62,-0.03808149402140307,-0.6109932481383424,-0.09890141007557508,-0.8394261260527568,m12_1,1,large500
p62-64,0.13416688466570598,2.222707979126431,-0.11358871641301707,-0.9165344187355633,m12_1,1,large500
p64-66,-0.09793476570504188,-1.5305128803693657,-0.14501672309202018,-1.1330405731361013,m12_1,1,large500
p66-68,0.02055167556303927,0.31967336578606603,0.04737992094495493,0.4176231373443522,m12_1,1,large500
p68-70,-0.07922190730448415,-1.153453358660799,0.06843977472449389,0.5465358795632688,m12_1,1,large500
p70-72,-0.008882506344120411,-0.14075423336608867,-0.06926158734892944,-0.5765355631417688,m12_1,1,large500
p72-74,-0.05725125550895497,-0.8526792397651995,0.14679445880326655,1.240027544207085,m12_1,1,large500
p74-76,0.0422865318576276,0.598242214030245,0.05228119924859864,0.40497760875248545,m12_1,1,large500
p76-78,0.005183340370144023,0.06803098645727718,-0.20102462642958238,-1.4898343951473267,m12_1,1,large500
p78-80,0.027980032614027043,0.3351442899206903,0.127020346241805,0.9456472546683634,m12_1,1,large500
p80-82,0.02921808528266898,0.3385106290013876,-0.08243474020706043,-0.6173555159213057,m12_1,1,large500
p82-84,0.0631722343931429,0.7590918249216542,-0.08730421630266674,-0.5622536934586537,m12_1,1,large500
p84-86,-0.027630750707107028,-0.308641160129145,-0.14658843232707963,-0.9604138596480607,m12_1,1,large500
p86-88,-0.037745684840723694,-0.3935784533008147,-0.2893850967970186,-1.9103619648184047,m12_1,1,large500
p88-90,-0.008107770589054314,-0.0760382478878155,-0.10541507011874636,-0.6464763544769934,m12_1,1,large500
p90-92,-0.05855571522034274,-0.4707258966752029,-0.04542180802701662,-0.25615593575910006,m12_1,1,large500
p92-94,-0.17884645482194217,-1.2098973714001986,-0.12100464018125263,-0.6663534511448662,m12_1,1,large500
p94-96,-0.09123497808707054,-0.5404485113997399,-0.3005647630132463,-1.5462974588215515,m12_1,1,large500
p96-98,-0.36929186707337947,-1.9258972674796253,-0.3239404401007955,-1.3446132803209354,m12_1,1,large500
p98-100,-0.19628818882104163,-0.7765029378076257,-0.3023874424196299,-1.0535754059212017,m12_1,1,large500
r1-5,0.4047630077075662,1.351288478158547,-0.21808137814975426,-0.32858661384379806,m12_1,1,small_rest
r6-10,-0.07311034369173754,-0.25858350740828234,-0.2461668500673995,-0.4741460223449829,m12_1,1,small_rest
r11-20,0.41322839044732346,1.8882673284886025,-0.2810976733711076,-0.733582214429298,m12_1,1,small_rest
r21-30,0.04053751863228119,0.2301027188080757,-0.24414689302319814,-0.6782347230446787,m12_1,1,small_rest
r31-50,0.0016917572399282623,0.011756874235598489,-0.19255668018584993,-0.7442903615427164,m12_1,1,small_rest
r51-75,0.052800277878880204,0.4340930283142361,0.15854026097393167,0.7465393033412874,m12_1,1,small_rest
r76-100,0.08973366080028244,0.8127197217101372,0.08920842993262314,0.4452577256769079,m12_1,1,small_rest
r101-150,0.02528786650751956,0.3092223968350419,0.02338406365497093,0.14992128737077712,m12_1,1,small_rest
r151-200,0.050504220338521776,0.6635684200196337,0.03915249801469651,0.2892606972092478,m12_1,1,small_rest
r201-300,0.05791041092807492,1.0427688126492363,0.029692543313872683,0.3175817293574846,m12_1,1,small_rest
r301-500,0.01110496503957785,0.25622178598333184,0.019440663187459812,0.288093855475281,m12_1,1,small_rest
p00-02,0.19396100488658763,1.1558928666264932,-0.2872770353766524,-1.0889163335808125,m12_1,1,small_rest
p02-04,0.013108126526230505,0.10849032602961381,0.11701412760781245,0.6100998343330393,m12_1,1,small_rest
p04-06,0.06892837410685732,0.6735711933011004,0.04264934104899998,0.2518491568075347,m12_1,1,small_rest
p06-08,0.0006143883687222034,0.007071181517607129,0.052687378523838826,0.3818144947289206,m12_1,1,small_rest
p08-10,0.10346390483108273,1.2892094240736107,0.07003146735387315,0.5559269670432518,m12_1,1,small_rest
p10-12,0.04915850948109383,0.652522934304439,-0.04770933522983243,-0.4216702614281554,m12_1,1,small_rest
p12-14,0.1080309312733008,1.6740810731636082,0.15887934778564433,1.4260938980489302,m12_1,1,small_rest
p14-16,0.044118121001675045,0.664249350759889,-0.10656694632390452,-1.0998886369759904,m12_1,1,small_rest
p16-18,0.07781242867516507,1.2389395499663647,0.04106490462107915,0.45958074085095485,m12_1,1,small_rest
p18-20,0.029255680302923276,0.47660043862366885,0.04316545261211644,0.44446290530374183,m12_1,1,small_rest
p20-22,0.010761544721820164,0.18250216503282207,0.0621781957896272,0.7924927377035499,m12_1,1,small_rest
p22-24,0.003025901615215647,0.05666024404078527,0.058311505580973644,0.7892215353379052,m12_1,1,small_rest
p24-26,-0.022988541597474977,-0.42086593014451057,0.2185028750593491,2.7310139999071446,m12_1,1,small_rest
p26-28,-0.0016870214079064134,-0.030543894537052627,-0.026698562699407027,-0.33458105494437285,m12_1,1,small_rest
p28-30,-0.014954437612777104,-0.3031596798731006,0.107597151215219,1.5032883937749946,m12_1,1,small_rest
p30-32,-0.051023731884871415,-0.9787399562341514,0.03065453036425143,0.41021790314790624,m12_1,1,small_rest
p32-34,0.015855611521077527,0.30781254998986185,0.03971629426578849,0.6175400581116898,m12_1,1,small_rest
p34-36,0.005206001891270691,0.10796571627094789,-0.030522964190786216,-0.40032931242725417,m12_1,1,small_rest
p36-38,0.0021407868167925143,0.0404901616318529,0.062343219597875685,0.874331076147307,m12_1,1,small_rest
p38-40,0.04274900556090716,0.897265693472044,0.09671517021506121,1.271738646144236,m12_1,1,small_rest
p40-42,-0.05966000055266437,-1.327708173938176,0.03838432302645607,0.5700480531442886,m12_1,1,small_rest
p42-44,0.06244224513191783,1.32262923291648,-0.002298485736965476,-0.03144078654139146,m12_1,1,small_rest
p44-46,-0.021325466905348023,-0.4397538737424446,0.12781546057594587,1.7808650122359455,m12_1,1,small_rest
p46-48,-0.012198056903740987,-0.25358362881006286,0.09178020211754581,1.3121041942146716,m12_1,1,small_rest
p48-50,-0.0298677407463322,-0.6672429938174788,0.025014823627736882,0.324211043918431,m12_1,1,small_rest
p50-52,-0.06812927163446625,-1.597833328735083,0.15499504127524488,2.383008212386783,m12_1,1,small_rest
p52-54,0.03113136054599737,0.7259583169860893,0.043330840996339576,0.6617689149282733,m12_1,1,small_rest
p54-56,0.0013436276876764518,0.028003415930774364,0.007324928295209252,0.0975067057036587,m12_1,1,small_rest
p56-57,-0.03845845955429249,-0.8085094278795119,0.04407272130101835,0.6231740859198157,m12_1,1,small_rest
p57-60,-0.0430539428787012,-1.029553588006115,0.023485668687283606,0.3398915275169147,m12_1,1,small_rest
p60-62,-0.004895767910685592,-0.10751558222344304,-0.016758363109534255,-0.23151854468792718,m12_1,1,small_rest
p62-64,0.009875100423138317,0.21261882977758173,-0.13780082693001808,-1.843614685807365,m12_1,1,small_rest
p64-66,-0.007708256437230797,-0.17112744504169405,-0.000537174138043532,-0.006934137674191859,m12_1,1,small_rest
p66-68,-0.04772610418884687,-1.0817100054007667,-0.027477343412709864,-0.34586466124170756,m12_1,1,small_rest
p68-70,-0.06018941492644935,-1.2679035680424258,-0.09082903007903456,-1.2841290783408166,m12_1,1,small_rest
p70-72,-0.0016397468312742084,-0.032981210774946874,-0.05387980595179394,-0.6283463252954975,m12_1,1,small_rest
p72-74,-0.004984611482783368,-0.09483187039324308,0.04971713429234464,0.7139459665235844,m12_1,1,small_rest
p74-76,-0.04506765893128963,-0.9199820753795495,-0.14625839331370058,-1.7849904455843737,m12_1,1,small_rest
p76-78,-0.032911723343040496,-0.6359545027860204,-0.017687821381954585,-0.2093985557739592,m12_1,1,small_rest
p78-80,-0.05449595859238225,-0.9759879602537368,-0.11494579163301316,-1.3511795674451323,m12_1,1,small_rest
p80-82,-0.06536890577183889,-0.955869094154062,-0.1357293500613208,-1.5501557297183133,m12_1,1,small_rest
p82-84,-0.08036150128758475,-1.184116881667987,-0.024261896106281322,-0.2495393824227702,m12_1,1,small_rest
p84-86,0.026425217387711423,0.3546067491027827,-0.12880045361711415,-1.3245454538802612,m12_1,1,small_rest
p86-88,-0.08793009960310386,-1.200750592485751,-0.14679234049221987,-1.359668259609882,m12_1,1,small_rest
p88-90,-0.024211838294665833,-0.2756904978095698,0.007526412015060072,0.06392386728659245,m12_1,1,small_rest
p90-92,-0.02706237502490506,-0.2843049188777516,-0.04325138074410603,-0.3493932048244203,m12_1,1,small_rest
p92-94,-0.10996065698959263,-1.0119602775387462,-0.15523442797914358,-1.1890879250868565,m12_1,1,small_rest
p94-96,-0.0038882159636612866,-0.03201818175453084,0.037107813430027135,0.23298355310673635,m12_1,1,small_rest
p96-98,-0.022320368098951965,-0.16310987392464843,-0.03671010086695045,-0.20032744651337844,m12_1,1,small_rest
p98-100,0.1447716162512988,0.8510763619115258,-0.07498664308778057,-0.33740252354136196,m12_1,1,small_rest
r1-5,0.3181589477159514,0.8727831714105657,0.037784075732510414,0.0641134242702773,m12_1,1,spy_up
r6-10,-0.14889168526931207,-0.4234018670645562,-0.5770296713245077,-1.0618343438721691,m12_1,1,spy_up
r11-20,0.15969930453550707,0.5917806202033103,-0.11023796760981797,-0.24312316658067604,m12_1,1,spy_up
r21-30,0.0993251186801917,0.42334032090360957,-0.1837255355906066,-0.457326928366968,m12_1,1,spy_up
r31-50,0.06426306978567188,0.3461360713605412,-0.1568837280814004,-0.4575960465587669,m12_1,1,spy_up
r51-75,-0.06225730204739839,-0.4129894589124597,0.010141708773186351,0.03693310376348076,m12_1,1,spy_up
r76-100,0.11628451417976107,0.78636952113619,-0.062386127202511486,-0.2687208372800874,m12_1,1,spy_up
r101-150,0.09716430255380741,0.8857705427213559,-0.02393149124770746,-0.11755985595367216,m12_1,1,spy_up
r151-200,0.036374924802040166,0.39248533554543147,-0.004063262202139214,-0.02482846142992673,m12_1,1,spy_up
r201-300,0.06958392292917712,0.9667549671042166,-0.038595067080566,-0.3079814508242397,m12_1,1,spy_up
r301-500,0.06200391722459186,1.141100662705353,-0.035056767433181354,-0.4067958796663231,m12_1,1,spy_up
p00-02,0.07188797568843157,0.3572749431076637,-0.18155602125401243,-0.5903338207695088,m12_1,1,spy_up
p02-04,0.05152344090845522,0.3750639622680223,-0.012499743904772237,-0.05783904125594103,m12_1,1,spy_up
p04-06,0.09399681358913485,0.829198932483349,0.020865261501627243,0.10568276742594744,m12_1,1,spy_up
p06-08,0.05465138228876083,0.5642673192331321,0.014818073294570593,0.09713270818412492,m12_1,1,spy_up
p08-10,0.04734195014189996,0.5605233637456977,0.01702382603367075,0.12329562096440753,m12_1,1,spy_up
p10-12,0.07849020376840402,1.0167191209850188,-0.13693873991425665,-1.1494088779775997,m12_1,1,spy_up
p12-14,0.10092805755427113,1.3718191052872708,0.03750600096211112,0.32780557027266327,m12_1,1,spy_up
p14-16,0.06065740975827773,0.9086574380345824,-0.06698771276683947,-0.6240868642628472,m12_1,1,spy_up
p16-18,0.10991138938001238,1.647376336901504,-0.05195835934808547,-0.5548231191935682,m12_1,1,spy_up
p18-20,0.036824949760375814,0.627690111622612,0.05711240210532039,0.5797060295893398,m12_1,1,spy_up
p20-22,0.03654726666548799,0.6272821013107471,0.09256869847739606,1.0614401530929463,m12_1,1,spy_up
p22-24,0.0722754063226084,1.2225966592499917,-0.05349570271528406,-0.7296678272341548,m12_1,1,spy_up
p24-26,0.0066014117357181615,0.13145227705491308,0.11865460184183052,1.6335362407420353,m12_1,1,spy_up
p26-28,0.012274709259452992,0.2322470145189572,0.062356938102395475,0.8715691753719855,m12_1,1,spy_up
p28-30,-0.008633120231131284,-0.18420945448068146,0.019471626989474838,0.26982607866422287,m12_1,1,spy_up
p30-32,-0.03792564554943853,-0.8072509736712551,0.10108780278315112,1.4834674786813251,m12_1,1,spy_up
p32-34,0.04312954444590139,0.970720040839921,-0.03327328105321428,-0.5284435223443358,m12_1,1,spy_up
p34-36,0.02073736131603407,0.4983147316801342,0.020078233027637542,0.26334874608903885,m12_1,1,spy_up
p36-38,0.0036048397109833073,0.08630781343698099,-0.03334475505776576,-0.45036949226484924,m12_1,1,spy_up
p38-40,0.07164080793997142,1.543726796089512,0.03633615414515431,0.4620516490217208,m12_1,1,spy_up
p40-42,-0.007082233878842069,-0.17879544387653498,0.05778173110404171,0.8592150542509727,m12_1,1,spy_up
p42-44,-0.03701096631340319,-0.9202721085893493,-0.02292464344456047,-0.336490170514987,m12_1,1,spy_up
p44-46,0.05050787190258669,1.2632476117749658,0.1057708271310171,1.5083209385067278,m12_1,1,spy_up
p46-48,0.0341622144531667,0.8415966881033853,0.08116668021094081,1.086164990819352,m12_1,1,spy_up
p48-50,0.035233183430470105,0.8852417291260773,0.08950884610319387,1.4511345228740784,m12_1,1,spy_up
p50-52,-0.01601346379349479,-0.3860490321673646,0.08887496106172774,1.1908179654797235,m12_1,1,spy_up
p52-54,-0.01129042998279967,-0.30025654177058164,0.02289373979993775,0.4191707405776155,m12_1,1,spy_up
p54-56,-0.014532533198546532,-0.358491834265786,-0.02651051452721382,-0.37322063933469,m12_1,1,spy_up
p56-57,0.0140243485533695,0.33732849764627276,0.010565598187244996,0.14570674582802126,m12_1,1,spy_up
p57-60,0.05038459676970483,1.1317026182107974,0.03476416803651851,0.47922796671686674,m12_1,1,spy_up
p60-62,0.036234338941218726,0.8587741631605259,0.09000799590992661,1.2667611574899817,m12_1,1,spy_up
p62-64,0.0014114121118113281,0.03574204167130835,-0.08309527258316125,-1.1770534497083718,m12_1,1,spy_up
p64-66,0.014169702352324483,0.32019425190612477,-0.056479656356475734,-0.8013910714080555,m12_1,1,spy_up
p66-68,-0.018628606064215333,-0.415290195040617,0.033916199386311296,0.3945525000123106,m12_1,1,spy_up
p68-70,-0.003088047857019797,-0.06264705370467832,0.017091532195893863,0.2513778987134292,m12_1,1,spy_up
p70-72,0.012652214459569117,0.25208555994671206,-0.047220277566623926,-0.6205324936874586,m12_1,1,spy_up
p72-74,-0.024739828323510547,-0.4687109119113729,-0.010284786384187849,-0.13230370450628992,m12_1,1,spy_up
p74-76,-0.024252599355218226,-0.46321598155254007,0.03636155841941117,0.5101349868372658,m12_1,1,spy_up
p76-78,-0.003608826946163337,-0.0644719577222254,-0.17775777795336323,-2.1524665011179476,m12_1,1,spy_up
p78-80,-0.05990289868909753,-1.1432380605215606,0.07774120229514114,0.9830330072732745,m12_1,1,spy_up
p80-82,-0.05854879023242411,-0.9851755351264005,-0.08059989861121954,-0.798567849261595,m12_1,1,spy_up
p82-84,-0.09101149494750854,-1.3901649450526044,-0.12265376860474107,-1.423744480368048,m12_1,1,spy_up
p84-86,-0.10785842119213815,-1.556930218626345,-0.06859761187723834,-0.7342609984370354,m12_1,1,spy_up
p86-88,0.0038243427349671654,0.05012025510397506,-0.07956760263758389,-0.7760862152790792,m12_1,1,spy_up
p88-90,-0.16182625327334782,-2.0395639415083657,-0.0029222728752426167,-0.024844220904869943,m12_1,1,spy_up
p90-92,0.014766585679214943,0.1612561423845105,-0.0010941337034375068,-0.00864659005379763,m12_1,1,spy_up
p92-94,-0.2358874542642856,-2.36297127499308,-0.05176173136535058,-0.38957146283168903,m12_1,1,spy_up
p94-96,-0.15136076579268723,-1.3471539803392187,0.042367165092611514,0.270905236859435,m12_1,1,spy_up
p96-98,-0.14213901275511562,-1.1346122843671371,0.03474526958200712,0.18261368445531698,m12_1,1,spy_up
p98-100,-0.025994003207547467,-0.15966014034937714,-0.02039071461260595,-0.08786201699854768,m12_1,1,spy_up
r1-5,0.7545435613170544,1.0639787549718778,2.505194058363819,1.6272406988960122,m12_1,1,spy_down
r6-10,0.22232115077330233,0.34329931884399545,5.305582139062889,0.9199231267628106,m12_1,1,spy_down
r11-20,0.4529366066551307,0.8980846947649751,2.6097404691287274,1.574550014127381,m12_1,1,spy_down
r21-30,0.957127849892992,1.921066665057012,-0.3890970367095218,-0.20989950240123456,m12_1,1,spy_down
r31-50,0.4095401688351431,1.0592461526770698,1.3666772272388739,1.0291598406427525,m12_1,1,spy_down
r51-75,0.10611460335256033,0.2988081544103811,1.344747067295351,1.0997143975618309,m12_1,1,spy_down
r76-100,0.13224796396550942,0.4281696575385999,1.0417092806128458,1.255588771106653,m12_1,1,spy_down
r101-150,0.027715202046765787,0.11190024589367534,1.0311624325542623,1.5007563467855456,m12_1,1,spy_down
r151-200,-0.08120674142439109,-0.42707553803994763,1.098771419118887,2.050412327196474,m12_1,1,spy_down
r201-300,0.02135670973436703,0.12870501477398755,0.5611529356227359,1.4815438894998303,m12_1,1,spy_down
r301-500,-0.05760870515986441,-0.4210290450737639,0.44967640075166465,1.825652235626115,m12_1,1,spy_down
p00-02,0.5435412884063079,1.278192709265552,1.781475830973055,1.26720690195522,m12_1,1,spy_down
p02-04,0.17563905657372475,0.5580367803090676,1.0779005854096186,1.1100351663478192,m12_1,1,spy_down
p04-06,0.11297282465898731,0.42317560092701134,1.2004788506064477,1.8405787105258162,m12_1,1,spy_down
p06-08,-0.10698943740716786,-0.5411473858020407,0.9465607001903573,1.9808733978627686,m12_1,1,spy_down
p08-10,-0.0037581763034360296,-0.020577785815910705,0.338632720120426,0.737857404550931,m12_1,1,spy_down
p10-12,-0.12279037222202294,-0.6524542777807775,0.6027704037371042,2.136460068683171,m12_1,1,spy_down
p12-14,0.08881622070322011,0.5410436838857817,0.8150274422888485,2.53589308317484,m12_1,1,spy_down
p14-16,0.10325943851047484,0.6399034565318742,0.44679315968220396,1.242234757097485,m12_1,1,spy_down
p16-18,-0.13779528272016653,-0.8857732157878015,0.18388185374937377,1.143741328423767,m12_1,1,spy_down
p18-20,-0.13124777481867794,-0.9239198603461176,0.25970764956545,1.3404724755750959,m12_1,1,spy_down
p20-22,-0.07153471196193852,-0.4397274237466319,0.37232762355051396,1.534742433931352,m12_1,1,spy_down
p22-24,-0.03882223723001263,-0.24936703732790297,0.5382153195255136,3.7787797805100847,m12_1,1,spy_down
p24-26,-0.1402224399742805,-0.969953761807845,0.25525049222977264,0.986751984552269,m12_1,1,spy_down
p26-28,-0.009204676588528506,-0.06516163582838157,-0.13008317594912783,-0.6170612356736135,m12_1,1,spy_down
p28-30,-0.10163408672974761,-0.7174212974234435,-0.048766342010403044,-0.26530158646917124,m12_1,1,spy_down
p30-32,-0.07924575168405518,-0.5649837516172896,0.23215946848495067,0.8577846529084835,m12_1,1,spy_down
p32-34,-0.12512588529455596,-0.8997568721642347,0.17527724596018787,0.8586745407558594,m12_1,1,spy_down
p34-36,-0.13391563404571016,-0.7969544619460642,-0.01768241585616135,-0.09054718801879892,m12_1,1,spy_down
p36-38,-0.06591817629815068,-0.5044777696710777,0.20152280323269234,0.8720264665537252,m12_1,1,spy_down
p38-40,0.05096088799319057,0.3654282623474579,-0.04288355329181436,-0.1477267054495704,m12_1,1,spy_down
p40-42,0.009452776049768763,0.07368042033225045,0.19681416516459135,0.6582165525926706,m12_1,1,spy_down
p42-44,0.05374421414709681,0.39905596986009806,0.17348496723237236,0.6175461631907523,m12_1,1,spy_down
p44-46,-0.07499774855687565,-0.6127885869308327,-0.04850859212817338,-0.15665140273038652,m12_1,1,spy_down
p46-48,-0.06605119910126295,-0.5310557399367659,0.4902833154834548,1.6296436722834942,m12_1,1,spy_down
p48-50,-0.17626254605827305,-1.2900331344657532,0.08883258627257183,0.34562224616514975,m12_1,1,spy_down
p50-52,0.06957701817839283,0.5774549999082518,0.043304626309707654,0.12448921361074296,m12_1,1,spy_down
p52-54,-0.1266349097445666,-1.1815104915884427,0.2780318149720642,0.9112360689070678,m12_1,1,spy_down
p54-56,-0.008247415900627417,-0.0671899967069559,0.2741983916076063,1.1592897248521343,m12_1,1,spy_down
p56-57,-0.08162157242931577,-0.6968790549128865,-0.058156835434506685,-0.18291717928245207,m12_1,1,spy_down
p57-60,-0.1535833925880545,-1.1559728047212905,-0.27751317576331364,-0.9436112225299684,m12_1,1,spy_down
p60-62,-0.2612298951530321,-2.195324681393676,0.01314946271059701,0.04752969443538943,m12_1,1,spy_down
p62-64,-0.1677000149305058,-1.7609974701968958,-0.259838339205437,-1.020843506128276,m12_1,1,spy_down
p64-66,-0.07502469528502574,-0.7036683837199305,-0.3076303832124512,-1.1011400640330602,m12_1,1,spy_down
p66-68,0.06077353991656628,0.5056400488993394,-0.3354236434845719,-1.2660139719069037,m12_1,1,spy_down
p68-70,-0.13989617462094858,-1.2156370331732627,-0.26522178823773845,-0.9497790884211578,m12_1,1,spy_down
p70-72,-0.08745437873755385,-0.6833680719767853,-0.3818606385526931,-2.2647753476038925,m12_1,1,spy_down
p72-74,-0.20647501341380758,-1.569296520651067,-0.15081623321427537,-0.5052915261257561,m12_1,1,spy_down
p74-76,0.01928530055935635,0.16151948373091005,-0.41837930584271926,-1.1338940964226156,m12_1,1,spy_down
p76-78,-0.10378267642487747,-0.9170984914371221,-0.6250151717037006,-2.948944357416097,m12_1,1,spy_down
p78-80,0.18404634751316576,1.7039531407251558,-0.433168665082424,-1.250721353187133,m12_1,1,spy_down
p80-82,0.010149903865202944,0.06982307937486373,-0.34882508680367363,-1.624280529060293,m12_1,1,spy_down
p82-84,-0.08611866410230695,-0.45369863052099246,-0.22198115634061497,-0.6860055328207897,m12_1,1,spy_down
p84-86,0.14071888812028274,0.6954354303527626,-0.11057687176038815,-0.24390263787155386,m12_1,1,spy_down
p86-88,0.04170160537622125,0.17827022047366678,-0.7751422403561122,-2.173039211179259,m12_1,1,spy_down
p88-90,-0.08151968567113387,-0.3001974469772811,-1.1586210338363954,-3.5630730540361535,m12_1,1,spy_down
p90-92,0.06746521103915795,0.20402117033468545,-0.5412911584566819,-1.7673263629059441,m12_1,1,spy_down
p92-94,0.15431551000339336,0.43949530899666445,-0.7673531011000244,-2.835252098589051,m12_1,1,spy_down
p94-96,0.46429997064357537,1.1135450880895637,-0.9470193820995128,-1.9976779354020655,m12_1,1,spy_down
p96-98,0.29744808810448864,0.583312707989701,-1.1618576491544739,-2.389916019873389,m12_1,1,spy_down
p98-100,0.5190515003150271,0.9120120377398752,-1.1130477693609113,-1.9866046655350864,m12_1,1,spy_down
r1-5,0.8668875432028208,1.7089632057196127,0.6523109992902226,0.8721578984347093,m12_1,1,disp_high
r6-10,0.5685712707283722,1.112306236134642,-0.8260744304650014,-1.1579242777564158,m12_1,1,disp_high
r11-20,0.7765397777839246,2.283836847870509,-0.5394950224407702,-0.9077195440999782,m12_1,1,disp_high
r21-30,0.6610684127922227,2.015116309391555,-0.6337641141522116,-1.201679637391317,m12_1,1,disp_high
r31-50,0.6364997571581131,2.490222793303386,-0.2672912857945862,-0.5822510478874523,m12_1,1,disp_high
r51-75,0.18214996489083127,0.8916702429022524,-0.09841688290701052,-0.2918016815865105,m12_1,1,disp_high
r76-100,0.4141541387429997,1.9771117391170134,-0.15426350938212696,-0.5003040337363105,m12_1,1,disp_high
r101-150,0.14825154384028064,0.9554279324036996,-0.014292989224407278,-0.05364669717124105,m12_1,1,disp_high
r151-200,0.0994294966410508,0.8127218158608023,-0.05924480638486693,-0.31233527014924056,m12_1,1,disp_high
r201-300,0.17313130402755936,1.6651460277196328,-0.12847225309855284,-0.8051300053664644,m12_1,1,disp_high
r301-500,0.1100138490723674,1.3035189940797016,-0.05352446179770575,-0.50318977582094,m12_1,1,disp_high
p00-02,0.6594157008557269,2.3931993978747292,-0.3461594146706612,-0.8430814301747158,m12_1,1,disp_high
p02-04,0.3780870946797305,1.9848516989283849,-0.08891262329992905,-0.33087933171327494,m12_1,1,disp_high
p04-06,0.19052274671404443,1.1667775205544522,0.014680158475711616,0.058278060786630614,m12_1,1,disp_high
p06-08,0.07291070211223326,0.5609018317821342,-0.08890445788051325,-0.47878181286416166,m12_1,1,disp_high
p08-10,0.17140772368597013,1.4555191242431227,-0.10198131409758789,-0.5658310340050886,m12_1,1,disp_high
p10-12,0.1262513242723425,1.0632781849546367,-0.0832959465533336,-0.589466434896391,m12_1,1,disp_high
p12-14,0.19791185242686746,1.8147005269235739,0.015897370932682467,0.10524743160917609,m12_1,1,disp_high
p14-16,0.15417525119439593,1.56444536506758,-0.11123491055602859,-0.8373116732949324,m12_1,1,disp_high
p16-18,0.09438521661319611,0.9440777404439207,-0.17233701051405714,-1.4446622231383799,m12_1,1,disp_high
p18-20,0.08671963331211575,0.9569034437439184,0.043486127199947294,0.36630549308634663,m12_1,1,disp_high
p20-22,0.04504328520200462,0.4768127551667955,0.050169870620856274,0.4634642252586752,m12_1,1,disp_high
p22-24,0.13286792915359777,1.418946088190434,0.03588253561638338,0.3777048072266514,m12_1,1,disp_high
p24-26,-0.07070425374454013,-0.917931052778615,0.07988288392502353,0.8712653622366001,m12_1,1,disp_high
p26-28,0.01737475268252753,0.21627463201251473,0.03041771840275265,0.337277036627281,m12_1,1,disp_high
p28-30,-0.018171027804722975,-0.23022767591051962,0.005847095035030972,0.0666814290892377,m12_1,1,disp_high
p30-32,-0.027594691419136508,-0.36432043831037836,0.14167583083050506,1.6860608440339477,m12_1,1,disp_high
p32-34,-0.00882053057529796,-0.12664732011804322,-0.004434397290151235,-0.053863813912694396,m12_1,1,disp_high
p34-36,0.011830782229242191,0.148915696956276,-0.0200658180580291,-0.21913344664831985,m12_1,1,disp_high
p36-38,0.014933473295836112,0.2169414566972294,0.062390428785304076,0.6482815027624524,m12_1,1,disp_high
p38-40,0.04280810908278015,0.5785726538384764,0.00010215272436786649,0.001035328246114127,m12_1,1,disp_high
p40-42,-0.05020718829215225,-0.7595846681069174,0.10008014734869802,1.118753282937302,m12_1,1,disp_high
p42-44,0.0012460457993278878,0.017817386953730023,0.03324704244021365,0.3632565665806019,m12_1,1,disp_high
p44-46,0.006465983720069519,0.09867355239023534,0.13982570428828922,1.4936089225365483,m12_1,1,disp_high
p46-48,-0.006679088142839417,-0.10253441223071874,0.13119541186656938,1.284945611779698,m12_1,1,disp_high
p48-50,-0.062174440467753736,-0.9584626878715234,0.14773916467507708,1.7881304717971518,m12_1,1,disp_high
p50-52,-0.04431026541947825,-0.649699677647248,0.20227887840384762,2.1730421362636303,m12_1,1,disp_high
p52-54,-0.08268209330934767,-1.4781614553077707,0.06146844990669801,0.8410919356594159,m12_1,1,disp_high
p54-56,-0.028443111821853134,-0.46460360415131935,0.036516951892635825,0.3883671441218567,m12_1,1,disp_high
p56-57,-0.08181994068075361,-1.3469719105567963,0.08568808200413346,0.8586679460638726,m12_1,1,disp_high
p57-60,-0.0354985541135583,-0.504429620119586,0.06038634554823027,0.620587665587495,m12_1,1,disp_high
p60-62,-0.07520359694173222,-1.1891278315772897,0.11665850070756076,1.2383351787487362,m12_1,1,disp_high
p62-64,-0.1280775501117643,-2.2954870765749025,-0.041014400056492324,-0.419830698502634,m12_1,1,disp_high
p64-66,-0.10844740731387104,-1.6820342525943324,-0.03468770133680356,-0.3849600265810633,m12_1,1,disp_high
p66-68,-0.027167681123630535,-0.41621304244191265,0.12329712015371491,1.0861240808355412,m12_1,1,disp_high
p68-70,-0.10843971562851773,-1.558376030102135,0.12307974848546653,1.400354915192311,m12_1,1,disp_high
p70-72,-0.04836810785704555,-0.6419550564602531,-0.09943181565840516,-1.1435393370363918,m12_1,1,disp_high
p72-74,-0.19844091266521727,-2.6231306551724782,-0.08553324555325259,-0.8403763227754203,m12_1,1,disp_high
p74-76,-0.09423640872413873,-1.3270834938921763,0.04392095051457576,0.49334118033271246,m12_1,1,disp_high
p76-78,-0.18364328230540605,-2.2685473110870062,-0.08887641571002843,-0.861245463826489,m12_1,1,disp_high
p78-80,-0.04451891292623071,-0.6248796722745363,0.07915706603544437,0.7081185027629828,m12_1,1,disp_high
p80-82,-0.1344389092998931,-1.472374647963337,-0.12179292423975918,-0.941010956926838,m12_1,1,disp_high
p82-84,-0.11585651404641877,-1.1064195997332977,-0.03506617395115432,-0.35450856945147413,m12_1,1,disp_high
p84-86,-0.13975127516902422,-1.247734415011919,-0.021988345506141378,-0.18986390322070876,m12_1,1,disp_high
p86-88,0.0010904213918907699,0.008769839250680747,-0.09330566384488605,-0.6912620302111825,m12_1,1,disp_high
p88-90,-0.2109792317328594,-1.461434726243028,-0.05797204653611236,-0.39664082514680193,m12_1,1,disp_high
p90-92,-0.09833486399488858,-0.5947807330648989,0.006649403476483403,0.04453673040212024,m12_1,1,disp_high
p92-94,-0.20951643980281717,-1.1725717363392927,-0.12366952880137307,-0.7530666220026172,m12_1,1,disp_high
p94-96,0.013701321473438569,0.06582355521477272,-0.09549337268904123,-0.4522616937147085,m12_1,1,disp_high
p96-98,-0.03394660815605567,-0.1366933496260021,-0.019096294271255813,-0.0805653005784735,m12_1,1,disp_high
p98-100,0.05834319891384324,0.19996005792191193,-0.03374478768728535,-0.11815705543401961,m12_1,1,disp_high
r1-5,-0.038649341527430686,-0.09519957008751595,-0.3188295053293963,-0.38398573516191337,m12_1,1,disp_low
r6-10,-0.6936622879170252,-1.9745537290013506,0.9440046075639879,0.695988331083627,m12_1,1,disp_low
r11-20,-0.3188389839415586,-0.9676358745522482,1.0275633122540422,1.5993150164508607,m12_1,1,disp_low
r21-30,-0.10461278598388961,-0.3847486896678204,0.39775353119583073,0.6589336526177914,m12_1,1,disp_low
r31-50,-0.35092584854258385,-1.6524196646565312,0.3005589178192282,0.6246144329049104,m12_1,1,disp_low
r51-75,-0.2313849992933453,-1.2130899018652517,0.42723549896855845,0.9451249573794868,m12_1,1,disp_low
r76-100,-0.16410973830658357,-0.9974938272100894,0.2855299997090281,0.8837752439132311,m12_1,1,disp_low
r101-150,0.020742794342556117,0.1601702202663772,0.17375403238045473,0.6007665076406262,m12_1,1,disp_low
r151-200,-0.0704542687125425,-0.622168063931299,0.29283814351483933,1.0851778254494053,m12_1,1,disp_low
r201-300,-0.048994398467766716,-0.5910647812231187,0.20568464078497606,1.1517256898481671,m12_1,1,disp_low
r301-500,-0.03114392812388733,-0.5238022539412017,0.08743684340804664,0.6765573931943344,m12_1,1,disp_low
p00-02,-0.30841724461555164,-1.3123890469713504,0.4387517100844316,0.9503452534452356,m12_1,1,disp_low
p02-04,-0.21403814017484374,-1.296252855078188,0.3112848051214062,0.8830689995782082,m12_1,1,disp_low
p04-06,0.008551151109244546,0.06397318250824055,0.2653440385084412,0.9098675864212454,m12_1,1,disp_low
p06-08,-0.02636043537900457,-0.22679694602504727,0.3446494334659272,1.470587946132073,m12_1,1,disp_low
p08-10,-0.09211010735755211,-0.9354286488817091,0.24596938203259613,1.291247972229866,m12_1,1,disp_low
p10-12,-0.046470670519263534,-0.5524334977303473,-0.06320277533326137,-0.3412518842377208,m12_1,1,disp_low
p12-14,0.002840620068671897,0.035575960329867054,0.22290222743483482,1.429710144934832,m12_1,1,disp_low
p14-16,-0.012620791952231848,-0.1639119355004357,0.09697708533134747,0.5933788126692677,m12_1,1,disp_low
p16-18,0.02763503379908253,0.3715066742136625,0.1617334840510005,1.3340215618862101,m12_1,1,disp_low
p18-20,-0.07715600319678748,-1.2258477995721426,0.11648113188311238,0.8062083253780741,m12_1,1,disp_low
p20-22,-0.014048280419665826,-0.21707779354592974,0.20717219536023299,1.6283614755625333,m12_1,1,disp_low
p22-24,-0.029639591344533707,-0.45860730559147267,-0.05879339462593114,-0.5836928957925939,m12_1,1,disp_low
p24-26,0.023373309295590883,0.3717542173214474,0.19960798970433527,1.8486012110727776,m12_1,1,disp_low
p26-28,-0.0010634785880362133,-0.016856125964082248,0.0680515025432634,0.657464077366624,m12_1,1,disp_low
p28-30,-0.03595454549309947,-0.6857527597457094,0.024671302393146615,0.23033352103501242,m12_1,1,disp_low
p30-32,-0.0640848312330465,-1.1406780271695813,0.07115536379133808,0.6618555719240287,m12_1,1,disp_low
p32-34,0.02708877593913417,0.46483115404054537,-0.03145696485610442,-0.3579843273201285,m12_1,1,disp_low
p34-36,-0.03138839677467333,-0.5924136154670616,0.06805870725271658,0.5942061092902561,m12_1,1,disp_low
p36-38,-0.03458336233393837,-0.6858530925988637,-0.11880491438258749,-1.165307267457796,m12_1,1,disp_low
p38-40,0.09127209255998346,1.6064812107684745,0.0706159146231818,0.5927397344909009,m12_1,1,disp_low
p40-42,0.04090928528659402,0.846686104568615,0.027075408777710416,0.2731061566183666,m12_1,1,disp_low
p42-44,-0.038209229725028784,-0.8036643081641982,-0.06134688678311143,-0.6366879922949515,m12_1,1,disp_low
p44-46,0.043634687446295436,0.9112077608485635,0.02780569654495249,0.27190676380417805,m12_1,1,disp_low
p46-48,0.034135407868283514,0.6791176250008599,0.09378359514182412,0.9029011542168074,m12_1,1,disp_low
p48-50,0.04596854055468421,0.8496363372653931,0.008821653445964394,0.10166556899658617,m12_1,1,disp_low
p50-52,0.04481036779252047,0.9640874437020324,-0.07711452487860879,-0.6502797746562348,m12_1,1,disp_low
p52-54,0.012144842666894435,0.25024706070192343,0.020559672520011354,0.2312316450198914,m12_1,1,disp_low
p54-56,0.0013212686096253823,0.02454574119897221,-0.05355672851437513,-0.5475048349695021,m12_1,1,disp_low
p56-57,0.06872314178547707,1.2736614272431135,-0.10709832448380109,-1.087033760941028,m12_1,1,disp_low
p57-60,0.05298363324813316,0.9567231614905688,-0.06313531294798254,-0.6139023034798732,m12_1,1,disp_low
p60-62,0.026731658479755876,0.4891661812034427,0.037769757633333435,0.3757658331846391,m12_1,1,disp_low
p62-64,0.05965544471359031,1.2406123113933618,-0.17665575956950835,-1.9746864546067797,m12_1,1,disp_low
p64-66,0.09716578623792896,1.8948178564649765,-0.13685533950488404,-1.2843684777299467,m12_1,1,disp_low
p66-68,0.020752313786496383,0.3644215404885912,-0.16359537624944037,-1.4352551673563274,m12_1,1,disp_low
p68-70,0.04460526008562173,0.7524989131396435,-0.18598816442474156,-1.8891423974480317,m12_1,1,disp_low
p70-72,0.032086926240666155,0.5444457284996684,-0.04192238873687371,-0.347153399972654,m12_1,1,disp_low
p72-74,0.07109794364194007,1.1108111180813454,0.06570262610033423,0.5903734120028594,m12_1,1,disp_low
p74-76,0.06018486607919419,0.9262248568991619,-0.06504377349799258,-0.5308299379827478,m12_1,1,disp_low
p76-78,0.1303345950826448,2.241036626645742,-0.3901618078067105,-3.3380581122870816,m12_1,1,disp_low
p78-80,0.02103560411311782,0.33462468865697476,-0.026399382687791403,-0.24738339512013893,m12_1,1,disp_low
p80-82,0.04144763977942386,0.6422634915984067,-0.07726125079689718,-0.5672677056636821,m12_1,1,disp_low
p82-84,-0.06518119887006417,-0.8449170798471561,-0.2636820854227109,-1.8475879413755876,m12_1,1,disp_low
p84-86,0.02039407580608404,0.25193160474839443,-0.1414696156672191,-0.9126268267509176,m12_1,1,disp_low
p86-88,0.021321181945839318,0.23178967091830488,-0.19967821217785486,-1.3555235956105514,m12_1,1,disp_low
p88-90,-0.08300494908402416,-0.9559167988784368,-0.15790983816993664,-0.8655318904832064,m12_1,1,disp_low
p90-92,0.14429432300685138,1.3148033833888513,-0.11984543175297692,-0.6134912432297323,m12_1,1,disp_low
p92-94,-0.10812183704419034,-0.9069763782987258,-0.09540755219245425,-0.49577134746276014,m12_1,1,disp_low
p94-96,-0.0685805499904794,-0.5057723583629126,0.03519693291880621,0.16955745686671678,m12_1,1,disp_low
p96-98,-0.07373353996200069,-0.4978429472814171,-0.1300944841682752,-0.46354560693710073,m12_1,1,disp_low
p98-100,0.10675848376782349,0.555985795837761,-0.22044899114229385,-0.6457866759034592,m12_1,1,disp_low
r1-5,1.082870711461905,1.0879081176927836,6.056547500876747,2.3069009424434923,m12_1,4,large500
r6-10,0.3286533277085695,0.412761508741879,2.8419487886313672,1.5571635808750297,m12_1,4,large500
r11-20,0.7453606341225457,1.1788366479502799,2.39671201009682,1.8173652216354483,m12_1,4,large500
r21-30,0.24593417252912592,0.5226730601577017,2.104428676231879,1.7688606427326516,m12_1,4,large500
r31-50,0.562077573271978,1.7457622758925315,0.5240843414268571,0.7281995857760548,m12_1,4,large500
r51-75,0.07208324060502631,0.26354275384280246,0.1748165505993689,0.2891190148208441,m12_1,4,large500
r76-100,0.09200378069332794,0.4839813524520148,0.0686172490772974,0.15383695946273407,m12_1,4,large500
r101-150,-0.016760888879915704,-0.11310467627387556,-0.019704535757462553,-0.09360399210527733,m12_1,4,large500
r151-200,-0.11064724191885399,-0.8620959557110975,-0.26578562036503905,-1.4077246027580748,m12_1,4,large500
r201-300,0.020496991925688383,0.18180873124022637,-0.19064653015629765,-0.7871802536757667,m12_1,4,large500
r301-500,-0.1408313519535399,-0.8190493057045011,-0.36368917427964664,-1.2611117425477716,m12_1,4,large500
p00-02,0.7611923436522181,0.9208495053433954,4.458017173380284,2.0838618959702186,m12_1,4,large500
p02-04,0.5856884763756158,0.9369429581635392,2.386386138930539,1.804366280630622,m12_1,4,large500
p04-06,0.44101235716278736,0.8888629371492967,2.0953127004284653,1.7651592913710858,m12_1,4,large500
p06-08,0.46794196705126323,1.2316058725995926,0.3737666095978474,0.4596768304716172,m12_1,4,large500
p08-10,0.6009488092322606,1.8382158253274812,0.7151794526216871,0.978269955500368,m12_1,4,large500
p10-12,0.011085924765611006,0.03600473264119041,0.31025601084794835,0.4422624170312357,m12_1,4,large500
p12-14,0.026003601719612104,0.08111400953771279,-0.06874332607651194,-0.11156988026938078,m12_1,4,large500
p14-16,0.2512294618038687,1.0270863261706218,0.01737536180201406,0.02826309503484326,m12_1,4,large500
p16-18,0.13601425065261852,0.5858788432596651,0.3142001973517355,0.5061912739330237,m12_1,4,large500
p18-20,0.0039060701472450623,0.01707301739401491,-0.005323776286175792,-0.012326454283495282,m12_1,4,large500
p20-22,-0.04575174975013229,-0.2095269490514736,-0.04553236911204783,-0.1531295614088498,m12_1,4,large500
p22-24,0.08623011899441786,0.4299004802885967,-0.03162351297578069,-0.12776970222447193,m12_1,4,large500
p24-26,-0.007312538564941847,-0.03937045946560198,-0.12732311810267866,-0.3932033993033358,m12_1,4,large500
p26-28,-0.1713897343499399,-1.0204354327084426,0.014248776269524553,0.048702687946174064,m12_1,4,large500
p28-30,0.008275985309576638,0.04459355959202056,0.09917683501429869,0.25539011874074635,m12_1,4,large500
p30-32,-0.07204774843826785,-0.4151805065064181,-0.1816446129061769,-0.7378595672176581,m12_1,4,large500
p32-34,-0.12313495659645549,-0.6528215589768699,-0.024139049404194878,-0.10076832426354258,m12_1,4,large500
p34-36,-0.18872259982561057,-1.15571266628687,-0.19391838717290738,-0.644744259955783,m12_1,4,large500
p36-38,-0.13532657063201084,-0.8700380591846255,-0.48567272442701187,-1.5762068766542727,m12_1,4,large500
p38-40,0.02516812241073603,0.1596430713490018,-0.440790339285977,-1.6054219749898382,m12_1,4,large500
p40-42,-0.019272770914875965,-0.1171562829249574,-0.2546537687335785,-0.6760462034034085,m12_1,4,large500
p42-44,0.12259912346022056,0.7057879741934654,-0.20662079179841203,-0.5314038480637624,m12_1,4,large500
p44-46,-0.32847038069624,-1.889797133449087,-0.3002755071636366,-1.1318688334866016,m12_1,4,large500
p46-48,0.16463863722252983,1.036300378998286,0.09181487681241,0.27620294803102596,m12_1,4,large500
p48-50,0.1664609022636573,0.9999727751729588,-0.12289934588496094,-0.3663819509223667,m12_1,4,large500
p50-52,-0.16645174192401785,-1.0255188742587555,0.05190047478866116,0.14539228408576596,m12_1,4,large500
p52-54,0.011488735615162015,0.07306444804532837,-0.28489543468797085,-1.2154191437381372,m12_1,4,large500
p54-56,0.09846744760785445,0.603402948896085,-0.3312640058308467,-0.9218547527147306,m12_1,4,large500
p56-57,0.128738088531636,0.7344344774449287,-0.23713088807787436,-0.6446942207051296,m12_1,4,large500
p57-60,0.0007855510150293537,0.005110749722064714,-0.32847543600433265,-1.1276511182299827,m12_1,4,large500
p60-62,0.08046822888902862,0.4847210002958231,-0.4133163027781081,-1.0626823718478409,m12_1,4,large500
p62-64,0.04872202334797329,0.2770831954717097,-0.2180454377051383,-0.6361657697863835,m12_1,4,large500
p64-66,-0.06350292052711676,-0.36274422424970487,-0.2978094486491096,-0.7924752428878024,m12_1,4,large500
p66-68,0.08557637612053547,0.48214857678135314,0.05805571581479588,0.16828495830103413,m12_1,4,large500
p68-70,-0.17314486690062283,-0.9178068233537162,-0.06924264613399886,-0.19658453476494983,m12_1,4,large500
p70-72,-0.13210862699130807,-0.7539333756734724,-0.1853810541922286,-0.5122680067270249,m12_1,4,large500
p72-74,-0.10251774365663015,-0.5764571805432365,-0.2560831344874518,-0.7828161827142002,m12_1,4,large500
p74-76,0.007418149819779697,0.03777918443996054,-0.01531124429302168,-0.044478299309220475,m12_1,4,large500
p76-78,-0.0629340973266377,-0.3428279931276734,-0.6874541785253736,-1.9655607697101511,m12_1,4,large500
p78-80,0.0577005373533591,0.317683767751696,-0.24680040153394583,-0.7357334220531347,m12_1,4,large500
p80-82,0.04634854333717632,0.22902153951384363,-0.1413534718924549,-0.44023152538475796,m12_1,4,large500
p82-84,0.19369978075325986,1.0165652392778681,-0.5073418402126962,-1.0992448244915747,m12_1,4,large500
p84-86,-0.14467245197235118,-0.6180064688172249,-0.4984839136336777,-1.1961343434964038,m12_1,4,large500
p86-88,0.08295960958005998,0.3063584502573724,-0.7734123377734197,-2.01073649812452,m12_1,4,large500
p88-90,-0.3066633439455218,-1.0567802231059018,-0.49477647916107653,-1.04741092592769,m12_1,4,large500
p90-92,-0.2709260671425274,-0.7670039009178112,-0.21656674418085303,-0.532688859056229,m12_1,4,large500
p92-94,-0.378684047176627,-1.0209537117626997,-0.39547375282742714,-0.7799067733795434,m12_1,4,large500
p94-96,-0.4568736357187538,-1.0002167292430064,-0.5480879918348929,-0.929711568312896,m12_1,4,large500
p96-98,-0.8664171020066875,-1.576804470181754,-0.717093253657668,-0.9963818602712494,m12_1,4,large500
p98-100,-0.4392312743088176,-0.5231842883470916,-0.6342979571415835,-0.7705562455209434,m12_1,4,large500
r1-5,1.0332719316627963,1.0626300490002198,-2.588009304866551,-1.6781095561169153,m12_1,4,small_rest
r6-10,-0.38655050513309985,-0.5226013079773902,-2.148075084770449,-1.1745295837830914,m12_1,4,small_rest
r11-20,1.5816009044798285,2.1826455997788896,-2.129243527887873,-2.2380070016160882,m12_1,4,small_rest
r21-30,0.7915919571456551,1.3510291114150454,0.27861761749523506,0.3010420064401061,m12_1,4,small_rest
r31-50,0.6830167229608133,1.5536103702812403,0.18037857650715525,0.2220710989035236,m12_1,4,small_rest
r51-75,0.1112426274606887,0.34345469039248405,0.24178387963351863,0.38191836652274824,m12_1,4,small_rest
r76-100,0.3315541191770685,1.1149746783501504,-0.01732590708402333,-0.030625562973986244,m12_1,4,small_rest
r101-150,0.25894485671576545,1.0946203310653442,0.28620865987585625,0.6117605124387095,m12_1,4,small_rest
r151-200,0.20892435417359123,1.0489467117214697,0.16299091906132795,0.47220835391894855,m12_1,4,small_rest
r201-300,0.0742066952506242,0.45762413390190837,0.41616631400726944,1.5057768003403234,m12_1,4,small_rest
r301-500,-0.04987717262509866,-0.3801904231416444,0.3614022853478368,1.9554481650461069,m12_1,4,small_rest
p00-02,0.8842273509778998,1.601182015213266,-1.2126003099796394,-1.5519503547001554,m12_1,4,small_rest
p02-04,0.4235774929238574,1.1989494443903863,0.4797339876950396,0.7896153771578207,m12_1,4,small_rest
p04-06,0.28353262787373984,0.9899559991615183,0.07130771992075137,0.14144574067529578,m12_1,4,small_rest
p06-08,0.2280179604902832,0.9437077241923651,0.5135043413827658,1.2833553191985192,m12_1,4,small_rest
p08-10,0.42825508640779414,1.9516189538085889,0.13114786101854248,0.3963104144560511,m12_1,4,small_rest
p10-12,0.08951858962478013,0.45917410951929116,0.12904691392809844,0.41145562482227693,m12_1,4,small_rest
p12-14,-0.0446707159839775,-0.2543345234592634,0.6380451042888459,2.237468573963678,m12_1,4,small_rest
p14-16,0.10815195940218493,0.5619957482738235,0.056304710299949684,0.200340990844703,m12_1,4,small_rest
p16-18,0.3136312561362271,1.842598426587855,0.4742659181839549,2.3540698427728772,m12_1,4,small_rest
p18-20,0.012976701527487281,0.08383102190248003,0.31125283701038575,1.3141863974559778,m12_1,4,small_rest
p20-22,-0.05993972013306566,-0.3737504487209416,0.5995438885840734,2.4728606446102077,m12_1,4,small_rest
p22-24,-0.046140047966895886,-0.3094096936095398,0.39928657172301996,2.2164001864307252,m12_1,4,small_rest
p24-26,-0.1344222062511545,-0.9390739790350403,0.6652977975789797,2.6063476000008445,m12_1,4,small_rest
p26-28,0.024728358639258406,0.1825198930994115,0.12111299862309528,0.6372659111374643,m12_1,4,small_rest
p28-30,-0.07479902382360479,-0.5697574873971939,0.28834001843939894,1.5988414167147904,m12_1,4,small_rest
p30-32,-0.08180225141869699,-0.6153676990456564,0.246651703458678,1.4583440580936826,m12_1,4,small_rest
p32-34,-0.030264869037435825,-0.20526435173527038,0.17567879718804444,0.8137531927962943,m12_1,4,small_rest
p34-36,-0.024111441341899468,-0.17631083408872866,0.1969501805801686,0.9745406628986126,m12_1,4,small_rest
p36-38,-0.1407401756210889,-1.1307548581337081,0.11978472980498783,0.5406351485627396,m12_1,4,small_rest
p38-40,-0.010688335156911796,-0.08394642417004385,0.14325986082722023,0.8221401285250474,m12_1,4,small_rest
p40-42,-0.16672187162036586,-1.2427842680896641,0.27656351082457264,1.424639028639806,m12_1,4,small_rest
p42-44,0.012564612077523452,0.0975853968776659,-0.09658559843571929,-0.46043705872518426,m12_1,4,small_rest
p44-46,-0.05710176537577136,-0.458146855487634,0.1815408762325608,0.9101126584756295,m12_1,4,small_rest
p46-48,-0.04288418759644304,-0.3668916309405699,0.2539590319129603,1.0833330868811577,m12_1,4,small_rest
p48-50,0.09477295247981553,0.7470651867655904,-0.06859276529043659,-0.33006123729938003,m12_1,4,small_rest
p50-52,-0.2087570245389784,-1.6632884755783837,0.15388648154310602,0.7567569453346253,m12_1,4,small_rest
p52-54,0.07102754768209087,0.5928216772885314,-0.1712915390103284,-0.9580467626819457,m12_1,4,small_rest
p54-56,-0.08491060768443058,-0.7057599368116378,-0.09277602658086542,-0.41849742613921026,m12_1,4,small_rest
p56-57,0.041861035258710586,0.3682849406002828,-0.3804385506248817,-1.9916683021479842,m12_1,4,small_rest
p57-60,-0.08098633330069836,-0.6606884010173922,-0.2997198446805671,-1.359969713705697,m12_1,4,small_rest
p60-62,-0.06731188754965856,-0.5669632918521228,-0.14107637877126394,-0.7041486627551231,m12_1,4,small_rest
p62-64,-0.034659823840941545,-0.2843915369698859,-0.451201042721405,-2.3040269243858957,m12_1,4,small_rest
p64-66,-0.07894090590685003,-0.6611433216941394,-0.17262124586786937,-0.9434743806337107,m12_1,4,small_rest
p66-68,0.01584079876812243,0.12775623767291688,-0.30478763689105554,-1.840407726724382,m12_1,4,small_rest
p68-70,-0.21128032789188403,-1.8728888786389382,-0.1620976796928343,-0.9226267402233845,m12_1,4,small_rest
p70-72,-0.07291610698462529,-0.5471124568518905,-0.09820205418886221,-0.6140656550484986,m12_1,4,small_rest
p72-74,-0.029689912612909746,-0.2674002063092913,-0.011043748681655604,-0.07282502906447885,m12_1,4,small_rest
p74-76,-0.17862843938342687,-1.3897969139561837,-0.3664378793168738,-1.8621500695342252,m12_1,4,small_rest
p76-78,-0.09651098658512511,-0.7133212045904198,-0.17220464331131863,-0.7781828978217892,m12_1,4,small_rest
p78-80,0.005405980767065157,0.03942705992041363,-0.5070787871080993,-2.2807431724908365,m12_1,4,small_rest
p80-82,-0.029302327687185405,-0.19579957709402118,-0.22334360595548733,-0.9923136422324433,m12_1,4,small_rest
p82-84,-0.17986716256673682,-1.089206860125844,-0.2747457222194381,-1.2504091246968676,m12_1,4,small_rest
p84-86,-0.11645156120571336,-0.646987162029481,-0.273370161673383,-0.98040152111013,m12_1,4,small_rest
p86-88,-0.08706079759772506,-0.4128680343337664,-0.3401177072734777,-1.274957288373469,m12_1,4,small_rest
p88-90,-0.26679270305945935,-1.1392935651325633,-0.3549408255813087,-1.095495736267598,m12_1,4,small_rest
p90-92,-0.15816277797357267,-0.5648937835218002,-0.6697943712073493,-2.1787192899146612,m12_1,4,small_rest
p92-94,-0.3726221545593236,-1.1316331548595182,-0.27787110154461725,-0.8364819710757548,m12_1,4,small_rest
p94-96,-0.19715385697469187,-0.47565845889902536,0.19010626502698397,0.4478604739652287,m12_1,4,small_rest
p96-98,-0.007886499912149554,-0.01681089059068187,0.49643499930775664,1.0453837474242802,m12_1,4,small_rest
p98-100,0.4508520127391715,0.8135534469055132,-0.20143213400208826,-0.29834396831349275,m12_1,4,small_rest
r1-5,1.7647592962168583,1.5965319798274709,-0.3633346376817937,-0.16463229455127268,m12_1,4,spy_up
r6-10,-0.2321909368047614,-0.2698668204717425,-1.3130104845296697,-0.7357834953804722,m12_1,4,spy_up
r11-20,0.26667765805422344,0.3248665668877384,-1.4893145811938013,-1.0874695391163436,m12_1,4,spy_up
r21-30,1.2542010035414755,1.614430869400122,-0.9777411446390176,-0.8403762142144294,m12_1,4,spy_up
r31-50,0.5034469164039569,0.829145819439354,-0.12442448083656381,-0.1379329775168179,m12_1,4,spy_up
r51-75,0.4568710434269004,1.0099595490387003,0.06567075304541384,0.0763777547545499,m12_1,4,spy_up
r76-100,0.2884864000690578,0.7842383352545433,-0.0839641161916301,-0.12581809462369248,m12_1,4,spy_up
r101-150,0.39934853039197526,1.2645447433945478,0.15989353016293884,0.2803850800178129,m12_1,4,spy_up
r151-200,0.47188350591244754,1.8281942390190375,0.011464569255699875,0.022185532555543702,m12_1,4,spy_up
r201-300,0.30255750274859605,1.5151331820700051,-0.10727542236834624,-0.3250842375234292,m12_1,4,spy_up
r301-500,0.164491106718479,1.0244758240076466,0.19966076028301866,0.8079083299122536,m12_1,4,spy_up
p00-02,0.6151987274525637,0.9730621755761022,-0.709302571842806,-0.7155604951271548,m12_1,4,spy_up
p02-04,0.5917023898042364,1.414242537554944,0.11677938451263836,0.16602094947843388,m12_1,4,spy_up
p04-06,0.3036459674034789,0.9872049672418529,0.13690725919008023,0.2462405272731435,m12_1,4,spy_up
p06-08,0.48207804399310994,1.752024005586326,0.057747368887946626,0.12471453076260922,m12_1,4,spy_up
p08-10,0.49738340099490164,2.2136804785230138,0.02760766979742258,0.08616779941613235,m12_1,4,spy_up
p10-12,0.2845061417802898,1.310974403325908,-0.13581093142577966,-0.38393756597761575,m12_1,4,spy_up
p12-14,0.1717686682866163,0.8774004745298556,0.36296385148326915,1.1526210537105979,m12_1,4,spy_up
p14-16,0.18400913394964868,0.9376533910724187,0.12479954306783783,0.46879110965933024,m12_1,4,spy_up
p16-18,0.3009997666105036,1.6869271675022115,0.19401128483461505,0.747059527838651,m12_1,4,spy_up
p18-20,0.24800765165744004,1.5185033837315578,0.3887000002658241,1.8960107208618626,m12_1,4,spy_up
p20-22,0.1201632457874065,0.7437144896695443,0.34178111217059237,1.4290949379365236,m12_1,4,spy_up
p22-24,0.07171234268981709,0.47311968616857103,0.061850575652931734,0.3379784679626354,m12_1,4,spy_up
p24-26,0.020455467954763253,0.1291296394905944,0.49996842462177404,2.477849046373303,m12_1,4,spy_up
p26-28,0.07904477398839647,0.5580078011972189,0.3664025550319928,1.8010106585786985,m12_1,4,spy_up
p28-30,0.047168820111510024,0.3385213117948692,0.11807173776201838,0.6656684203912198,m12_1,4,spy_up
p30-32,0.009351268611545106,0.06842361963795768,0.2275891871753339,1.5656562296022405,m12_1,4,spy_up
p32-34,0.09494007566567345,0.7081290328899555,0.17656700189618352,1.032961643613151,m12_1,4,spy_up
p34-36,-0.012501186211011359,-0.08655365917051953,0.11310214936491238,0.5726266710796881,m12_1,4,spy_up
p36-38,0.07679616508166241,0.566538119928477,0.125640462315458,0.6457775864094049,m12_1,4,spy_up
p38-40,0.10607984556964035,0.8135896813099486,0.038968539340327,0.1931843843525039,m12_1,4,spy_up
p40-42,0.07306261941960024,0.5348228182019267,0.32780791581472357,1.7611777573120808,m12_1,4,spy_up
p42-44,-0.027014498408516986,-0.20754215590283898,0.12028452491445914,0.5524241184172805,m12_1,4,spy_up
p44-46,-0.08262957949474162,-0.6737075257663101,0.1970667648543126,1.124557862193929,m12_1,4,spy_up
p46-48,0.10422280743261886,0.8510378223356843,0.2768059158870086,1.319451461679262,m12_1,4,spy_up
p48-50,0.05830930272189158,0.48233104963519746,0.034264623759208926,0.18413877022468178,m12_1,4,spy_up
p50-52,0.01814529289375853,0.15033475557031264,0.16330277774472932,0.8122166726851414,m12_1,4,spy_up
p52-54,0.09691340051044812,0.7725954703869703,-0.08657593268505168,-0.42257044432380597,m12_1,4,spy_up
p54-56,-0.07823731209918516,-0.6464299004537059,-0.10970757159478428,-0.5485224399272766,m12_1,4,spy_up
p56-57,0.05919059422185892,0.41357049245939975,-0.1890250968072784,-0.8485838685280646,m12_1,4,spy_up
p57-60,0.15344810102514875,1.316695860437406,-0.25874471453745707,-1.154059832056043,m12_1,4,spy_up
p60-62,0.06660340339614967,0.5098422433797076,-0.07697364951416846,-0.3181934858475788,m12_1,4,spy_up
p62-64,0.06630937516775563,0.5568425586730903,-0.12565586890231256,-0.5858072971667367,m12_1,4,spy_up
p64-66,-0.018884641876987372,-0.1528871277543864,-0.20487485394671234,-1.3097963982667777,m12_1,4,spy_up
p66-68,0.10330286646262814,0.7763237928612166,-0.14123310504726616,-0.729752851795536,m12_1,4,spy_up
p68-70,0.010488246616008145,0.08394028525788366,-0.1778081640411254,-1.1066091150689448,m12_1,4,spy_up
p70-72,-0.11317170402714213,-0.9678691702820607,0.0821351501662041,0.43069774387416404,m12_1,4,spy_up
p72-74,-0.05774019188404982,-0.41058026616783677,0.11158634338999955,0.7078180569512835,m12_1,4,spy_up
p74-76,-0.09079435410473602,-0.7235620935826286,-0.34884270312856913,-2.152323803663719,m12_1,4,spy_up
p76-78,-0.15596993901323686,-1.065987156519645,-0.42388478984592226,-2.0840431170214537,m12_1,4,spy_up
p78-80,-0.24616018405969436,-1.6230395651882084,-0.0012215247265833559,-0.005542858412543587,m12_1,4,spy_up
p80-82,-0.045927829858878846,-0.2817982559314232,-0.3239448759726778,-1.4759006033315158,m12_1,4,spy_up
p82-84,-0.2531216844693265,-1.5845167985018875,-0.21831891751137059,-0.9825907023226232,m12_1,4,spy_up
p84-86,-0.3477110152226449,-1.8823272721072535,-0.19237992282433208,-0.7265071424050191,m12_1,4,spy_up
p86-88,-0.0959775275630592,-0.4608840319936558,-0.3297007563366509,-1.1282728620470268,m12_1,4,spy_up
p88-90,-0.3745509710279408,-1.5613410458972083,-0.31368606192522985,-0.9977703893306665,m12_1,4,spy_up
p90-92,-0.27523716033959,-0.9924289141079607,-0.3539129024151178,-1.128717842583675,m12_1,4,spy_up
p92-94,-0.8302999680753856,-2.762748201671364,-0.42416128681645754,-1.2089346226759858,m12_1,4,spy_up
p94-96,-0.8490998331622029,-2.1487042488700427,0.17909195763830577,0.40167662493122597,m12_1,4,spy_up
p96-98,-0.668609936028868,-1.3342706955164365,0.21293294822625225,0.4670627153473101,m12_1,4,spy_up
p98-100,-0.47162300981505156,-0.8106817692916765,-0.06084879034840341,-0.09393795464674817,m12_1,4,spy_up
r1-5,1.1864593485764674,0.5353060729250367,4.315450238700041,1.9514830433970918,m12_1,4,spy_down
r6-10,0.029757740166611757,0.017587206038555615,3.861573167085176,0.730207756817369,m12_1,4,spy_down
r11-20,2.4334834220293446,1.4613170350743219,10.216674529313556,2.415216337080763,m12_1,4,spy_down
r21-30,1.8200995686038608,1.2206350210672343,10.04035360923317,2.452188248366589,m12_1,4,spy_down
r31-50,0.9725318061172923,0.7017453636167775,5.479451845888753,1.5832477323794145,m12_1,4,spy_down
r51-75,0.5121204369894085,0.48671494463644915,9.4245473879141,4.561622944576461,m12_1,4,spy_down
r76-100,0.47510989277167504,0.46820369198752176,5.322954439644362,4.2298496449456024,m12_1,4,spy_down
r101-150,-0.005730590852622132,-0.008370966529883643,4.109667724447329,3.221830941418712,m12_1,4,spy_down
r151-200,-0.3917119949575649,-0.6883032857100806,4.598288696228182,4.1335532653670315,m12_1,4,spy_down
r201-300,-0.5027863152385109,-1.1626617054707251,2.227990041621084,1.895815567809422,m12_1,4,spy_down
r301-500,-0.5343266648178643,-1.3546658951343578,1.622301601673654,2.4606204306981927,m12_1,4,spy_down
p00-02,1.2941255997173127,0.8777704316220202,7.142828043468398,1.9949028310414902,m12_1,4,spy_down
p02-04,0.6447721148578195,0.6046669824930307,6.836979639125492,5.670381899483286,m12_1,4,spy_down
p04-06,0.2673430653384403,0.34846178051035315,4.1601644542194265,3.3381017645001045,m12_1,4,spy_down
p06-08,-0.33017787830971906,-0.5796568633385684,4.951237155749318,4.240817563945541,m12_1,4,spy_down
p08-10,-0.4465857345078053,-0.8899195880225063,1.5537806615809624,1.4047440911167492,m12_1,4,spy_down
p10-12,-0.6109522007278003,-1.293796364724002,1.975894888585467,2.5376483371653364,m12_1,4,spy_down
p12-14,-0.6383536381129338,-1.5618176009008016,2.5954052992122305,4.959839730125582,m12_1,4,spy_down
p14-16,-0.33389997206684696,-0.7619316858179145,2.1351069207320013,2.5435168735446436,m12_1,4,spy_down
p16-18,-0.5312089285523353,-1.061113178865172,0.5984160190521586,1.1344196709324772,m12_1,4,spy_down
p18-20,-0.37484985111536656,-1.038914859015711,0.9012515636729643,1.3579228782237396,m12_1,4,spy_down
p20-22,-0.6096353969373868,-1.5754129434692863,1.4379880765193047,2.63090466207335,m12_1,4,spy_down
p22-24,-0.47417953530559864,-1.394639001420895,1.2172817515822574,3.948444157191576,m12_1,4,spy_down
p24-26,-0.48897264385442474,-1.4469856310447449,0.9813361273845115,1.089842207781231,m12_1,4,spy_down
p26-28,-0.6629761598261577,-1.803759552881406,-0.2230845731422283,-0.3235776573308521,m12_1,4,spy_down
p28-30,-0.40358520489223154,-1.4129168256842035,-0.8015540295580006,-1.1658652111138421,m12_1,4,spy_down
p30-32,-0.49077845495025224,-1.3169184296564147,-0.44357522057144605,-0.7410572320981945,m12_1,4,spy_down
p32-34,-0.5258429648086259,-1.7794672211372937,-0.12528765868802624,-0.16448580515535394,m12_1,4,spy_down
p34-36,-0.6277834294823792,-1.8113338001275778,-0.7086389209300934,-0.9594106802287589,m12_1,4,spy_down
p36-38,-0.49425808449461,-1.9273850969879596,-0.4774534735373451,-0.8226640099337379,m12_1,4,spy_down
p38-40,-0.3494080357238188,-1.5477986716331715,-1.0913135360366375,-2.2358873190803705,m12_1,4,spy_down
p40-42,-0.36924405018927337,-1.3309072832662747,-0.42813429499713546,-0.8029325864031263,m12_1,4,spy_down
p42-44,-0.4625311947084777,-1.6116615125999498,-1.5735134123813517,-2.5235062055400537,m12_1,4,spy_down
p44-46,-0.47378149703032507,-1.4754907464982394,-1.0893425821534608,-1.2294439232483798,m12_1,4,spy_down
p46-48,-0.18221096652513646,-0.9010626369944836,-0.13776585118789442,-0.23301196407863564,m12_1,4,spy_down
p48-50,-0.23166194803397197,-1.056808147207374,-0.8286947974036972,-1.5996528953728932,m12_1,4,spy_down
p50-52,0.06879346493356608,0.3028436734921549,-0.9617584159320477,-1.1964758301569078,m12_1,4,spy_down
p52-54,-0.3950416336279513,-1.6013548898027958,-0.2786908459415829,-0.4932979020829492,m12_1,4,spy_down
p54-56,-0.1687853404427747,-0.720186814705496,-1.0180069168321986,-1.5947088114160872,m12_1,4,spy_down
p56-57,-0.3962052662900666,-1.8628572497778255,-0.04321430192125442,-0.04935250263142291,m12_1,4,spy_down
p57-60,-0.3112849255192845,-1.467182501675109,-1.1743872234981758,-1.8096557395073973,m12_1,4,spy_down
p60-62,-0.4856331735176391,-1.577693568575266,-0.5703293667533663,-0.7503748709449084,m12_1,4,spy_down
p62-64,-0.19101969825886153,-0.760922165999431,-1.0484491362217976,-2.650226712662883,m12_1,4,spy_down
p64-66,-0.38186855468869907,-1.3645357526246633,-1.9574630835443054,-3.793577572220147,m12_1,4,spy_down
p66-68,-0.056193905264051644,-0.2169276810310664,-1.6353899868634507,-4.36531084809369,m12_1,4,spy_down
p68-70,-0.20214854184930908,-0.7236544263733468,-1.28358257004858,-1.7280919089744124,m12_1,4,spy_down
p70-72,-0.05688620700667917,-0.15954465010532107,-1.2466905374995534,-5.85824057679902,m12_1,4,spy_down
p72-74,-0.14079203651787875,-0.5968598985358582,-1.1322973923297357,-2.512774032503436,m12_1,4,spy_down
p74-76,0.056148565787550106,0.16539031721821706,-1.3480182934332288,-1.5894283759067875,m12_1,4,spy_down
p76-78,0.3196175435298043,0.9652996603048382,-1.0522802122886357,-3.1569556353902306,m12_1,4,spy_down
p78-80,0.2250426451508111,0.7790965923268929,-1.3229263246152712,-1.7076610363198743,m12_1,4,spy_down
p80-82,0.3015020425261279,0.7933128017992744,-1.6830850799829737,-2.4604183035448326,m12_1,4,spy_down
p82-84,0.2686491643179452,0.6113897794808639,-0.6986855381494745,-0.8914576585866085,m12_1,4,spy_down
p84-86,0.09517293826750968,0.21061165894669293,-0.7311366680482996,-1.0329218029776785,m12_1,4,spy_down
p86-88,0.3459878162784365,0.5641959673249944,-1.3443751935961057,-1.99763184937755,m12_1,4,spy_down
p88-90,-0.07465823381379057,-0.1231924456236748,-1.869381521211929,-3.8161637662553862,m12_1,4,spy_down
p90-92,0.4923891352309244,0.6012571672667912,-2.2144445608841745,-4.4040662846981,m12_1,4,spy_down
p92-94,1.1846820199379233,1.4066544740557947,-1.795184677706026,-2.404292608828199,m12_1,4,spy_down
p94-96,2.1086928514692564,1.8923294834087854,-0.6416221929941669,-0.5675978708312994,m12_1,4,spy_down
p96-98,1.8621878157103366,1.725284362346179,-0.16509679141609937,-0.12121292081734514,m12_1,4,spy_down
p98-100,3.4064919334974575,2.3746299047624335,-1.2545436780684414,-0.8790635047835504,m12_1,4,spy_down
r1-5,2.4723296698350334,1.6850048623432712,0.2903683733732665,0.10992283568135575,m12_1,4,disp_high
r6-10,0.6790238624317397,0.5998096469390061,-3.0946191829481866,-1.4575440884328652,m12_1,4,disp_high
r11-20,2.570467052681298,2.4964357398867945,-2.517648774894535,-1.8000285506570526,m12_1,4,disp_high
r21-30,2.710772446601702,2.653864458095727,-0.37443749141324717,-0.23398121087966742,m12_1,4,disp_high
r31-50,2.247423684780803,2.7618031420219484,-0.33937702200715103,-0.3112395585489215,m12_1,4,disp_high
r51-75,1.352968991724539,2.3363568319850208,-0.13526091829530693,-0.1596044760940609,m12_1,4,disp_high
r76-100,0.7636620158887014,1.4614187343030518,-0.016135450204060462,-0.02528215861021249,m12_1,4,disp_high
r101-150,0.6272529031384124,1.3950115913213588,0.5567562821197878,0.9302723502784125,m12_1,4,disp_high
r151-200,0.542513041285039,1.4757718069890535,0.3595656220695418,0.7242229309677878,m12_1,4,disp_high
r201-300,0.23274830694369106,0.8487852023572604,-0.029852756919699734,-0.08882989689958677,m12_1,4,disp_high
r301-500,0.05428670663168752,0.24788177128057018,0.3118995869338154,1.31628607937198,m12_1,4,disp_high
p00-02,2.133913547926099,2.5327701293726386,-0.9534047762090211,-0.7608148060581357,m12_1,4,disp_high
p02-04,1.43089421653671,2.520820155873528,0.14136961327062433,0.2357657017594107,m12_1,4,disp_high
p04-06,0.6795799673499722,1.528636505906529,0.32123404399375777,0.536961504517026,m12_1,4,disp_high
p06-08,0.5485372956407174,1.4101114279274014,0.49187724072332056,1.079023367259401,m12_1,4,disp_high
p08-10,0.48469776731607905,1.4772445006754351,-0.009467956769173301,-0.0327031602157425,m12_1,4,disp_high
p10-12,0.1769115273260318,0.5777721250590885,0.02591467139495919,0.06866964728551089,m12_1,4,disp_high
p12-14,0.05007155038963382,0.201252799850426,0.5336447587485151,1.5330937469089545,m12_1,4,disp_high
p14-16,0.15296341209683015,0.6047465089777316,0.26833312595270387,0.9890143883904082,m12_1,4,disp_high
p16-18,0.13835946131783092,0.5292319220510386,0.19551165526744949,0.7218982701726671,m12_1,4,disp_high
p18-20,0.23106437093946908,1.0803446400855872,0.44457287092023917,1.7692920483570806,m12_1,4,disp_high
p20-22,-0.017006163807118852,-0.08184447947112729,0.3236489435249989,1.0799805926719004,m12_1,4,disp_high
p22-24,-0.09181703672250098,-0.49697201495876875,0.2096008246319,0.8844387021875068,m12_1,4,disp_high
p24-26,-0.16267747110361164,-0.774280399882672,0.46832121934451826,1.8977731285320931,m12_1,4,disp_high
p26-28,-0.12957511954976508,-0.6668935495548675,0.42328786357285625,1.8041386903504564,m12_1,4,disp_high
p28-30,-0.19694428964389848,-1.0953456261583956,0.05699350641155209,0.2568519110207215,m12_1,4,disp_high
p30-32,-0.0816477909967627,-0.45263551189337686,0.17782952280268707,1.205969314339112,m12_1,4,disp_high
p32-34,-0.2087679571811748,-1.2962916754964622,0.16612888881551718,0.7924024545543779,m12_1,4,disp_high
p34-36,-0.15647474316941354,-0.824482471525515,0.08001693146393549,0.3349194874009128,m12_1,4,disp_high
p36-38,-0.17473860539831707,-1.0289775960144447,0.24706113441274138,1.0578717333815009,m12_1,4,disp_high
p38-40,-0.09457055458280168,-0.6387549021719637,0.050398472427955386,0.2109540551496282,m12_1,4,disp_high
p40-42,-0.11216300124669602,-0.6674313579176392,0.3325577525324262,1.5475143914295415,m12_1,4,disp_high
p42-44,-0.15585232961138284,-0.8965279061179744,0.027334219482527157,0.10354109580621317,m12_1,4,disp_high
p44-46,-0.254316494172728,-1.4201624364999756,0.1470227258082377,0.6182061108803567,m12_1,4,disp_high
p46-48,-0.09523422896097371,-0.6557852577539056,0.2579450530436682,1.0410777633585613,m12_1,4,disp_high
p48-50,-0.16654375013284495,-1.129299589768516,0.026467125942590396,0.10768232610461076,m12_1,4,disp_high
p50-52,-0.18685453078153438,-1.2510567364675718,0.40431947290715514,1.8453124180104756,m12_1,4,disp_high
p52-54,-0.059153971246129665,-0.33502230242157943,-0.15608623339046285,-0.6222985309117932,m12_1,4,disp_high
p54-56,-0.16155265680672137,-1.0085242016756748,-0.07723433372926286,-0.3479570541526875,m12_1,4,disp_high
p56-57,-0.2256413311565146,-1.244615034292157,0.025527790311138443,0.09200627666968962,m12_1,4,disp_high
p57-60,-0.12336280551645909,-0.8891332563556199,-0.21529735936130218,-0.7773618929781675,m12_1,4,disp_high
p60-62,-0.2511974772496337,-1.447846522463141,0.017719346824447226,0.06236383349307371,m12_1,4,disp_high
p62-64,-0.03003695865401948,-0.18650522731179037,-0.1300123431612426,-0.5366989174622252,m12_1,4,disp_high
p64-66,-0.36356824688657996,-1.987314742354751,-0.19541764623663593,-1.084183270391409,m12_1,4,disp_high
p66-68,-0.07712423804021118,-0.44384212475102236,-0.1808727797886686,-0.7690202723902321,m12_1,4,disp_high
p68-70,-0.23736439461263295,-1.3482083551316948,-0.18000531070994352,-0.9619780612230124,m12_1,4,disp_high
p70-72,-0.30293587013416917,-1.6836585686878063,0.12526390071618604,0.6315483795446932,m12_1,4,disp_high
p72-74,-0.35728232765013396,-2.2834309111662776,0.013533167902733205,0.08434808462687307,m12_1,4,disp_high
p74-76,-0.36881277172449345,-2.273285241003509,-0.327311991955124,-2.1279301859553055,m12_1,4,disp_high
p76-78,-0.4016312264286696,-2.0207173157701246,-0.33454203210125294,-1.231103518947495,m12_1,4,disp_high
p78-80,-0.2877851944590354,-1.5507499941558935,0.08762981134184837,0.32843222666116856,m12_1,4,disp_high
p80-82,-0.15461726363156075,-0.7019083174666203,-0.34657851933958606,-1.323427141431576,m12_1,4,disp_high
p82-84,-0.22793909099395002,-1.0277477474572685,-0.08251482936573515,-0.3642751505409915,m12_1,4,disp_high
p84-86,-0.4375362851850903,-1.731765636227676,-0.36252646877629907,-1.24179135125831,m12_1,4,disp_high
p86-88,0.10260025693041508,0.33830496446450026,-0.4872563879803105,-1.7126220204683245,m12_1,4,disp_high
p88-90,-0.3527914849340067,-1.041037766664048,-0.6273087637455899,-1.8842778211553994,m12_1,4,disp_high
p90-92,-0.13872976813940663,-0.35230912763311456,-0.4666805724746116,-1.3421271986692744,m12_1,4,disp_high
p92-94,-0.241496989409916,-0.5775851386125015,-0.8894109119466164,-2.326615548620257,m12_1,4,disp_high
p94-96,-0.07086671796360089,-0.13109288368943262,-0.2793721248864841,-0.6377359036676791,m12_1,4,disp_high
p96-98,0.0724284869691527,0.11690661837257663,0.45183303195763447,0.8299498733317725,m12_1,4,disp_high
p98-100,0.9673499016388926,1.3369349882951138,-0.2548176873993444,-0.3070204282613453,m12_1,4,disp_high
r1-5,0.8568507314028697,0.8442895897020326,-0.3195109892323608,-0.16661190748293953,m12_1,4,disp_low
r6-10,-1.006304891882307,-1.1572993212354676,2.2764191204650976,0.9570385751153424,m12_1,4,disp_low
r11-20,-1.0999969702686931,-1.300899780561927,2.386465991384621,1.1583320195523081,m12_1,4,disp_low
r21-30,0.07454673978757015,0.10719710473555813,0.44891812229120753,0.28944674437834983,m12_1,4,disp_low
r31-50,-0.9907931082755159,-1.9332753345132574,1.3388966277270904,1.1408734257629016,m12_1,4,disp_low
r51-75,-0.38381888676242343,-0.7716192715014187,2.2860658680171957,1.5599576759930238,m12_1,4,disp_low
r76-100,-0.0955615583418301,-0.2587013077177383,0.93881298827477,0.9321569377172898,m12_1,4,disp_low
r101-150,0.021038538066879216,0.07176170037790278,0.4160063693172676,0.461767551979547,m12_1,4,disp_low
r151-200,0.06497405217478772,0.25932683603816564,0.46831979672009216,0.5739508704427233,m12_1,4,disp_low
r201-300,0.05366367122181751,0.2921584114853,0.2664233190296564,0.5538871048895619,m12_1,4,disp_low
r301-500,-0.00371916052139944,-0.02268895003744225,0.33531776565064425,0.9582323055433958,m12_1,4,disp_low
p00-02,-0.5798996122755873,-1.0047601387983431,1.2603861892220922,1.001786674110761,m12_1,4,disp_low
p02-04,-0.19507850834738272,-0.45844085537465623,1.4724001482574556,1.2463669643187785,m12_1,4,disp_low
p04-06,-0.07238789195765066,-0.24487644246634668,0.7087053624047457,0.8193356595708304,m12_1,4,disp_low
p06-08,0.09933133231016222,0.41236242845118387,0.4564237128851154,0.6484130532687166,m12_1,4,disp_low
p08-10,0.1391091081820608,0.6471228409481298,0.395784864277825,0.7560984491687532,m12_1,4,disp_low
p10-12,0.03660816857718013,0.18069774609902128,0.07244717907136462,0.15062238671450587,m12_1,4,disp_low
p12-14,-0.0290654406575088,-0.14040377523367267,0.5835407993625341,1.4905929812275072,m12_1,4,disp_low
p14-16,0.010621066597231048,0.05269217708663763,0.33779841781630254,0.7951755498685259,m12_1,4,disp_low
p16-18,0.13089965854868194,0.6840032333571054,0.2755600164745822,0.803389070513083,m12_1,4,disp_low
p18-20,0.019858455668740706,0.1203588081014233,0.4157524721145075,1.5190051788019183,m12_1,4,disp_low
p20-22,-0.034255983252861555,-0.19042389727378597,0.5942176880520271,2.4318200862571415,m12_1,4,disp_low
p22-24,0.014839503018524545,0.08572502991745122,0.09201701866804389,0.41527759344614973,m12_1,4,disp_low
p24-26,-0.0032405324249228486,-0.01916577514037708,0.6443043429991502,2.1123430709578095,m12_1,4,disp_low
p26-28,-0.011409888512310758,-0.07051157474851924,0.16401564402438157,0.605049859840416,m12_1,4,disp_low
p28-30,0.10518603957895617,0.7069486514169063,0.014156319880949552,0.04909806764578136,m12_1,4,disp_low
p30-32,-0.0993618397224555,-0.6220328764213278,0.1590774558925009,0.6377956845975011,m12_1,4,disp_low
p32-34,0.14357758063858728,1.0263298342098952,0.12887164578590976,0.566203043298423,m12_1,4,disp_low
p34-36,-0.11542772956184934,-0.7227976460307487,-0.010137591594742272,-0.044343552903347606,m12_1,4,disp_low
p36-38,0.09474113119375073,0.6970568148626503,-0.1708013022054191,-0.6603239434280541,m12_1,4,disp_low
p38-40,0.12041213746676191,0.7851790901859529,-0.21104248510293344,-0.7697227542258569,m12_1,4,disp_low
p40-42,0.0777239055369081,0.4999419791057017,0.16469079270103532,0.56468790267674,m12_1,4,disp_low
p42-44,-0.07395399864821664,-0.526740095176935,-0.09874392684642543,-0.32896995200297535,m12_1,4,disp_low
p44-46,-0.07092061311161275,-0.537580512147436,0.0016650241247413568,0.005967643369804655,m12_1,4,disp_low
p46-48,0.18375583977421522,1.310090615328806,0.21769780465002714,0.7898173530755135,m12_1,4,disp_low
p48-50,0.16089422291447117,1.1392232203568726,-0.13325465611996606,-0.6905262862330319,m12_1,4,disp_low
p50-52,0.23530811545711003,1.9096020750323999,-0.41021624514217137,-1.2952234968145457,m12_1,4,disp_low
p52-54,0.05402814272724525,0.46683372171673343,-0.028050662016683617,-0.11722108695347594,m12_1,4,disp_low
p54-56,-0.03359515815527685,-0.2718712771100924,-0.3435420137986072,-1.3823372247479147,m12_1,4,disp_low
p56-57,0.1545724051108821,1.0235233909485901,-0.4621907382741386,-1.8736067986380516,m12_1,4,disp_low
p57-60,0.23744617270904214,1.8518303747094322,-0.5096135633645833,-2.2092178157075084,m12_1,4,disp_low
p60-62,0.1557060244761961,1.0441516709298835,-0.3129235513527349,-0.9888102950941428,m12_1,4,disp_low
p62-64,0.05803502782342606,0.4947451522895584,-0.31041946060233944,-1.102534321373635,m12_1,4,disp_low
p64-66,0.17036557135667987,1.4239338360146412,-0.58084985028115,-2.6627199863363678,m12_1,4,disp_low
p66-68,0.2143415082366099,1.434949823145578,-0.3943267128575974,-1.685295457196439,m12_1,4,disp_low
p68-70,0.16555887684159198,1.2563516505793528,-0.40348276482123513,-1.5749457051420463,m12_1,4,disp_low
p70-72,0.09154134444410318,0.6979916539398617,-0.2537694325422031,-0.7693893001443098,m12_1,4,disp_low
p72-74,0.1979332363087434,1.3624510295126868,-0.007142009001051935,-0.029729819654567207,m12_1,4,disp_low
p74-76,0.23443215076662674,1.5178730761573802,-0.5860086582988867,-1.8981978480874062,m12_1,4,disp_low
p76-78,0.26710133342227105,1.6279865039966044,-0.680209810611016,-2.7307063690516866,m12_1,4,disp_low
p78-80,-0.021167262587388196,-0.13093933279129052,-0.4002950963865085,-1.2987265546847149,m12_1,4,disp_low
p80-82,0.19502802675088227,1.1507995896669632,-0.5731470085940065,-1.9699597920604877,m12_1,4,disp_low
p82-84,-0.07257551388127031,-0.4205426472777438,-0.5097039981251528,-1.538240048528161,m12_1,4,disp_low
p84-86,-0.08744621991049972,-0.4585473413226755,-0.06329482238685472,-0.15448770288262387,m12_1,4,disp_low
p86-88,-0.11362243790662221,-0.477377381520222,-0.31688233310101943,-0.7714518579502622,m12_1,4,disp_low
p88-90,-0.2777917140074098,-1.059187769194933,-0.1921564750661073,-0.42382959815464955,m12_1,4,disp_low
p90-92,-0.10533449166854306,-0.293901076329614,-0.5794203327039141,-1.2139670164535221,m12_1,4,disp_low
p92-94,-0.6061174307428452,-1.6388632924737259,-0.05005458733372997,-0.10471136397688725,m12_1,4,disp_low
p94-96,-0.43719048715388736,-0.8703214841555497,0.6574623879735315,1.0710834577074757,m12_1,4,disp_low
p96-98,-0.38848973086587757,-0.6587822622215422,-0.2030353921475677,-0.3440309407638675,m12_1,4,disp_low
p98-100,-0.3343851619034537,-0.4951087184007541,-0.03358825749432223,-0.044757371350676686,m12_1,4,disp_low
r1-5,-1.0428351984444488,-3.72004587051043,-0.44971127082094486,-0.830182445673479,r1w,1,large500
r6-10,-0.3321481001671964,-1.81273720472282,0.5562474950291786,1.361192187195609,r1w,1,large500
r11-20,-0.20076033193848677,-1.3763352393955668,-0.12925334549490575,-0.5049476119108292,r1w,1,large500
r21-30,-0.07250384396429774,-0.6136450013199092,0.06233779030413936,0.3357351638599262,r1w,1,large500
r31-50,-0.09536637645043884,-1.067078284918011,0.1264924792765185,0.8104770701016658,r1w,1,large500
r51-75,-0.11107292004370173,-1.5786122151510482,-0.14307657129230053,-1.2114135022036283,r1w,1,large500
r76-100,-0.06312337701414994,-0.8982791342849699,-0.006545867184566562,-0.06706770640861846,r1w,1,large500
r101-150,-0.05509196080223718,-1.1514438495818249,0.07115552584315823,0.8460621761785192,r1w,1,large500
r151-200,0.014640760013403557,0.33172272425753185,-0.014909426812152264,-0.201764180349798,r1w,1,large500
r201-300,-0.004610574798667648,-0.14325409874236483,-0.005330024791873744,-0.09451957623785312,r1w,1,large500
r301-500,0.09187945630192572,1.7131515618920383,-0.004753375844615165,-0.07008290302941815,r1w,1,large500
p00-02,-0.7227677520190393,-3.6597828964363135,0.05328451396703547,0.13090907960723117,r1w,1,large500
p02-04,-0.16643291176077635,-1.131502143484951,-0.13173616548965533,-0.5147518772294893,r1w,1,large500
p04-06,-0.09439193272442482,-0.8022446945747405,0.0610554936640796,0.3293173348925641,r1w,1,large500
p06-08,-0.1017236775239402,-0.9185037804347367,0.265130188291558,1.2326813244407815,r1w,1,large500
p08-10,-0.07646620971192954,-0.6948836661833457,-0.005401140780255395,-0.03097979535761212,r1w,1,large500
p10-12,-0.22080162140857418,-2.221095461280978,-0.2197398895617874,-1.1208498809655087,r1w,1,large500
p12-14,0.001307008464322302,0.014794005331757502,-0.05275203494709167,-0.3827479080595211,r1w,1,large500
p14-16,-0.07956332609871858,-0.9090236662878111,0.15312339929492508,1.0186194512669484,r1w,1,large500
p16-18,-0.07749325258120003,-0.9230899568753678,-0.07941007575565741,-0.6586921517240246,r1w,1,large500
p18-20,-0.06460816721795656,-0.745836972592896,-0.18253354085623266,-1.3430657540921715,r1w,1,large500
p20-22,-0.015915003733115354,-0.21072756263927755,-0.0018023451905240574,-0.01259957406095524,r1w,1,large500
p22-24,0.03684068565340305,0.5184083266231281,0.00016932940339253822,0.001295601787539499,r1w,1,large500
p24-26,-0.11262266880542304,-1.511581382773322,0.23740666032028793,1.5799761896931783,r1w,1,large500
p26-28,-0.08245918523984368,-1.1318040285196682,0.06663211318768995,0.550839493515962,r1w,1,large500
p28-30,-0.10394738507176825,-1.4300144794843292,0.053229201655825384,0.4423226889149185,r1w,1,large500
p30-32,0.003814628745614619,0.05518246363998612,0.03890720713782749,0.3164376628135408,r1w,1,large500
p32-34,-0.12313930562585336,-1.775216498641887,-0.03904632962073898,-0.33366943739617816,r1w,1,large500
p34-36,0.09750127925825948,1.420568583177462,0.008102035337725176,0.06695365978966791,r1w,1,large500
p36-38,0.07293439505471148,1.0577800310879428,-0.008407429684682095,-0.0734930213756858,r1w,1,large500
p38-40,0.03846848599086479,0.5272229449259438,-0.06688173456865008,-0.5139327551731047,r1w,1,large500
p40-42,0.05530490694872053,0.8833889079425115,-0.12268823865072803,-1.051003500780843,r1w,1,large500
p42-44,-0.04912777708730481,-0.7491049575918661,-0.10589616731284796,-0.942258994093126,r1w,1,large500
p44-46,0.03713408369996416,0.5865156860904301,-0.14953676189732365,-1.1773290312580666,r1w,1,large500
p46-48,-0.023012027865124372,-0.36567493432079606,0.09988396933750042,0.9335318589772971,r1w,1,large500
p48-50,-0.03220064651940778,-0.5293323481454099,0.1193735269999647,1.0727637720371443,r1w,1,large500
p50-52,-0.10297430152559355,-1.4494575585176,-0.13370872334991504,-1.2510814266375954,r1w,1,large500
p52-54,-0.012659368812786693,-0.19588139091201323,0.29047755504652145,2.2498223126127193,r1w,1,large500
p54-56,0.07010189602223824,1.1944000036364228,-0.15254704122831184,-1.4198850942691772,r1w,1,large500
p56-57,0.0022003666322049395,0.03654731032269617,0.22081699566784907,1.673028817683595,r1w,1,large500
p57-60,0.004387933074459634,0.06465549487732916,-0.11400961671927533,-1.0929127173172906,r1w,1,large500
p60-62,0.0183363343026558,0.29226747354510657,0.19900782653261626,1.5673822880178878,r1w,1,large500
p62-64,0.1327143045762426,1.9386348765806334,0.07571748370830998,0.5746686383140864,r1w,1,large500
p64-66,0.0042203751962474655,0.06722952061434198,0.08248761442340032,0.6907647246111219,r1w,1,large500
p66-68,0.004986501099500209,0.07472703357177177,-0.007725573483137014,-0.05447805763176248,r1w,1,large500
p68-70,0.0121208465140811,0.17944440272023637,0.06474388975248317,0.4776836526079926,r1w,1,large500
p70-72,0.059468978701495735,0.8749579096887757,-0.08406029905330271,-0.558801643352962,r1w,1,large500
p72-74,-0.04416780859430758,-0.6036751642245158,0.012826143070540622,0.09252231350812704,r1w,1,large500
p74-76,0.09126850465663426,1.3197767793549635,0.04667909147484632,0.3410545881942203,r1w,1,large500
p76-78,0.153884917264347,2.1438833331584997,-0.14194433880261353,-1.0630817614975905,r1w,1,large500
p78-80,0.055246283622498234,0.6737401206311959,-0.02674875234149538,-0.20186677999145303,r1w,1,large500
p80-82,0.07081588087384291,0.8948572345697522,-0.08351353345321519,-0.5914767634913349,r1w,1,large500
p82-84,0.03442830415348564,0.43672719655356734,0.23502474687413566,1.4864177679429667,r1w,1,large500
p84-86,0.11731943797067017,1.2799655335207065,-0.17106225397582114,-1.2848381875383892,r1w,1,large500
p86-88,0.1788487865826038,1.591179091765266,-0.11376242624740139,-0.8078389311415792,r1w,1,large500
p88-90,0.14579962693775145,1.4231145644634262,-0.10759764728188566,-0.6162955022241103,r1w,1,large500
p90-92,0.04450187587776001,0.4071642066529656,-0.12860475480629172,-0.7507264400624899,r1w,1,large500
p92-94,0.05808645363078392,0.42577787776761966,0.08130459890072621,0.4240979739582291,r1w,1,large500
p94-96,0.039933898882542104,0.25577876495369317,-0.043625843344646316,-0.2121708531724673,r1w,1,large500
p96-98,0.28386030050527433,1.511548875517794,-0.06795021542965037,-0.26322927451012673,r1w,1,large500
p98-100,0.3593607409341019,1.5712331892524691,0.07848791692066348,0.24469668116243576,r1w,1,large500
r1-5,-0.8904671076877712,-2.341379771725178,-0.08023891091142453,-0.07895465103048456,r1w,1,small_rest
r6-10,-0.5275796906134438,-2.0472242070438122,-0.011324756363081829,-0.019280571735262493,r1w,1,small_rest
r11-20,-0.17828911931516112,-0.981623934339444,-0.40090315069348803,-1.19364996766536,r1w,1,small_rest
r21-30,-0.250017023998465,-1.5742013482454509,-0.3253481743841728,-1.3150390375782808,r1w,1,small_rest
r31-50,-0.3238269299270851,-2.88090918759552,-0.002122793401254672,-0.009171356740526538,r1w,1,small_rest
r51-75,-0.09677155820808125,-0.9636326800728425,-0.21591727852188566,-1.192626695078546,r1w,1,small_rest
r76-100,-0.06819812631516933,-0.742567046672398,-0.25118583488572593,-1.7143386306853865,r1w,1,small_rest
r101-150,-0.14291117165069214,-2.0182600087572076,0.10104807289252904,0.8670279561390226,r1w,1,small_rest
r151-200,-0.1077571770771371,-1.7317880585256735,-0.15710699540415182,-1.6314028700752357,r1w,1,small_rest
r201-300,-0.06198476926191346,-1.1603913516555158,-0.0160920918118751,-0.20336279675183894,r1w,1,small_rest
r301-500,-0.08270682642291781,-2.123824957580539,0.01908508136182855,0.3386888062012559,r1w,1,small_rest
p00-02,-0.38666126235067544,-2.760668614239886,-0.1754765870939877,-0.7731235688331227,r1w,1,small_rest
p02-04,-0.16678747757405918,-1.8436922555704565,-0.16519956611822006,-1.0539772603879485,r1w,1,small_rest
p04-06,-0.08089786339508233,-0.9441049609148077,0.004337535577104599,0.03392872065065453,r1w,1,small_rest
p06-08,-0.16517481104449816,-2.2063637433360705,-0.0682005338505903,-0.6883035532937983,r1w,1,small_rest
p08-10,-0.09923623865511967,-1.4208954653478114,-0.11703540603863649,-1.1928143654249508,r1w,1,small_rest
p10-12,-0.045069247008691055,-0.6601542220520379,-0.11891451080082369,-1.1394332265775382,r1w,1,small_rest
p12-14,-0.06972639334811047,-1.0318892778906588,0.011372284008756834,0.11614650079497142,r1w,1,small_rest
p14-16,-0.11177668962223225,-1.7223795198310892,-0.0014857346096845303,-0.01698092278638002,r1w,1,small_rest
p16-18,-0.08258645210596308,-1.4289594265093213,0.06743216505863975,0.7723899791828799,r1w,1,small_rest
p18-20,-0.06997639704397195,-1.260846036995722,0.009427297612225018,0.11968073904732461,r1w,1,small_rest
p20-22,-0.15145310234344522,-2.7649776961112806,0.0023117993506530147,0.032407448346247855,r1w,1,small_rest
p22-24,-0.07079917811170817,-1.2582987865389028,-0.07737560749053098,-1.0252490345370275,r1w,1,small_rest
p24-26,-0.048564189087468373,-0.9099875747866456,0.07890856066698211,1.079931232539995,r1w,1,small_rest
p26-28,-0.026731632712227022,-0.4691685135199892,0.0615491258503835,0.7921121900521251,r1w,1,small_rest
p28-30,-0.053318246265207585,-1.0495993080513837,0.039139937151679356,0.4646377316931093,r1w,1,small_rest
p30-32,-0.031479614288196574,-0.6074658590403281,0.04451280592612008,0.6207981987525846,r1w,1,small_rest
p32-34,-0.0697092238702873,-1.445851654049654,-0.08033420831840192,-1.1736822110987082,r1w,1,small_rest
p34-36,-0.033972518807722424,-0.7325869242088129,0.02777500945933438,0.40098930357775087,r1w,1,small_rest
p36-38,-0.03581479865029349,-0.7211827606045706,0.10231234709680254,1.661871062485464,r1w,1,small_rest
p38-40,0.020429662932359493,0.41825851195020863,0.21383085876119262,3.1509283550589844,r1w,1,small_rest
p40-42,-0.01807536991440777,-0.3693866318317214,0.05359800123809164,0.7589890944538975,r1w,1,small_rest
p42-44,-0.03474749914119105,-0.7439858608276486,0.05252867563297546,0.7348696802183642,r1w,1,small_rest
p44-46,-0.011873759930001249,-0.2707340968741213,0.01876753492232309,0.28160395829872537,r1w,1,small_rest
p46-48,-0.012122143851833562,-0.26942800592784627,-0.08140747218160382,-1.2501075385830702,r1w,1,small_rest
p48-50,0.03594005734051441,0.7746434675219651,-0.029970998040900088,-0.4592270754387964,r1w,1,small_rest
p50-52,0.019969847092886583,0.4541175210597156,0.08589351981939575,1.1670385823302631,r1w,1,small_rest
p52-54,-0.03018095844027245,-0.666142517899247,-0.06473316584019123,-0.9889291348760235,r1w,1,small_rest
p54-56,-0.022955708953668105,-0.543323577442976,0.03087006891799926,0.4708736582852127,r1w,1,small_rest
p56-57,0.014764333337692344,0.34786051985679595,-0.002131768144350357,-0.028193873036299867,r1w,1,small_rest
p57-60,0.11110538916927497,2.5257694526428116,0.002699093697406938,0.03891335205582752,r1w,1,small_rest
p60-62,0.004380164885759604,0.0990407896771409,-0.011779778676064353,-0.1619666687747631,r1w,1,small_rest
p62-64,0.057753911028982544,1.4179876846358783,0.0740785511771932,0.9836689860898692,r1w,1,small_rest
p64-66,0.03509856580661766,0.750946184893024,0.09305894171572339,1.321173661607268,r1w,1,small_rest
p66-68,-0.0251292517646281,-0.6118308326787726,-0.009110214599330821,-0.11548301436026502,r1w,1,small_rest
p68-70,-0.006099765194786579,-0.14641679726850063,-0.08980595182031004,-1.2326562864090604,r1w,1,small_rest
p70-72,0.08211249354180741,1.6907980497289128,0.09889510289603509,1.4408522251765714,r1w,1,small_rest
p72-74,0.10617754411575031,2.2706795678581777,0.12431373351544438,1.6191387185707333,r1w,1,small_rest
p74-76,0.10861954643927813,2.2198245486044765,-0.04399449620973076,-0.6790296102231238,r1w,1,small_rest
p76-78,0.10206109992661658,1.8295314892709955,-0.012597486250671525,-0.15055556901693637,r1w,1,small_rest
p78-80,0.04343259948936579,0.8936784325520671,0.07654918763860674,0.9474140896157796,r1w,1,small_rest
p80-82,0.0919842089820209,1.4996509291912106,-0.11191656355011616,-1.3282367239714048,r1w,1,small_rest
p82-84,0.02114060329625732,0.34273567692475776,0.14119768712045636,1.6444948699994986,r1w,1,small_rest
p84-86,0.12278249564011613,1.9262738063259959,-0.04856088147751662,-0.5858940166529241,r1w,1,small_rest
p86-88,0.1426156745342309,1.9103165194860576,0.03403869146869161,0.34271297621192554,r1w,1,small_rest
p88-90,0.06146933882405247,0.8137948382629057,0.14252409113113018,1.4736784793500595,r1w,1,small_rest
p90-92,0.08881424142523066,1.0611904798523206,-0.04563062780879487,-0.4042188689372367,r1w,1,small_rest
p92-94,0.10203691035671487,1.043096798898207,-0.03555955730041981,-0.3078233200104372,r1w,1,small_rest
p94-96,0.11872153343838382,1.1282440475870417,0.004874564695832265,0.034254003115287604,r1w,1,small_rest
p96-98,0.23238109174992005,1.7242740341690264,-0.11841064443312702,-0.7635566587553174,r1w,1,small_rest
p98-100,0.22797048781336218,1.415471345927134,-0.1929811108259761,-1.041078055038092,r1w,1,small_rest
r1-5,-1.3428736392995342,-3.116985933163024,-1.2841161851044542,-1.4815920695084017,r1w,1,spy_up
r6-10,-0.7448453935039256,-2.461803712470616,0.15650849943852654,0.21817058368444078,r1w,1,spy_up
r11-20,-0.19726858754581575,-1.0029886663372731,-0.3249728345058324,-0.9191608536938908,r1w,1,spy_up
r21-30,-0.06757079511548328,-0.36874797201359216,-0.2954558848500978,-0.9162100751483147,r1w,1,spy_up
r31-50,-0.32149027822466547,-2.598720265998326,-0.014157840575948532,-0.05557012930086863,r1w,1,spy_up
r51-75,-0.23164120994358983,-2.0619983402386675,-0.008553526882542914,-0.04289204935977251,r1w,1,spy_up
r76-100,0.07415541326977751,0.6825184852098638,-0.26680836589412044,-1.461915594285185,r1w,1,spy_up
r101-150,-0.06052947405929651,-0.8521604101628156,-0.1347349869432528,-0.9707349279965818,r1w,1,spy_up
r151-200,-0.089696806731092,-1.2886005732047419,0.06050044473927722,0.555820107110054,r1w,1,spy_up
r201-300,-0.0028814509419081273,-0.05408319968261401,-0.15562653897875986,-1.6555916449660422,r1w,1,spy_up
r301-500,0.012883941945132663,0.31189463962146374,-0.014146810865278152,-0.21595203389773568,r1w,1,spy_up
p00-02,-0.40954646164534414,-2.959623844277385,-0.20883784722965265,-0.831294357141448,r1w,1,spy_up
p02-04,-0.08417750282591338,-0.8880871702868831,-0.15193252962266493,-0.9709123292570098,r1w,1,spy_up
p04-06,-0.0898564941565103,-1.174156794630078,-0.06747766021589935,-0.5048081779756477,r1w,1,spy_up
p06-08,-0.0683474345579975,-0.9631462651348984,-0.09693964817974006,-0.9288188842473202,r1w,1,spy_up
p08-10,0.03873277418402167,0.5677942405945312,-0.09236280913385755,-0.8559790140800156,r1w,1,spy_up
p10-12,-0.00048110317244685327,-0.007461333367550389,-0.11128327113707752,-1.051117387670916,r1w,1,spy_up
p12-14,0.025373869853153437,0.41207995499351047,-0.0028874976781426186,-0.03274233079327267,r1w,1,spy_up
p14-16,-0.0006954025968995689,-0.011708404826152022,0.019442032760680277,0.228562740342352,r1w,1,spy_up
p16-18,0.021249043891560848,0.38947500162907134,-0.04428933346009113,-0.48641747044941247,r1w,1,spy_up
p18-20,0.012151243936376488,0.2395620711840253,-0.010125442315574152,-0.12708447455600616,r1w,1,spy_up
p20-22,-0.04763270737033053,-0.9679207265804773,-0.012559785818254525,-0.15250051856711266,r1w,1,spy_up
p22-24,0.009287754997476784,0.17822691140969446,0.058464004500506164,0.7921099848610017,r1w,1,spy_up
p24-26,-0.06327354929378,-1.3492961821424698,-0.029050317189744313,-0.4225100837111103,r1w,1,spy_up
p26-28,0.08116091467753514,1.5336441279981003,0.08881238357410785,1.2453717017181558,r1w,1,spy_up
p28-30,-0.004128377980285987,-0.08715087518587462,0.058508100800379034,0.848847886572811,r1w,1,spy_up
p30-32,0.04190603772862791,0.9088810666526521,0.01671958408345451,0.2204937644905175,r1w,1,spy_up
p32-34,-0.022567209769049457,-0.5318915193880642,-0.007931327192047288,-0.11412796771450202,r1w,1,spy_up
p34-36,0.05958083470142358,1.3890010171452758,-0.01753820083713881,-0.27154545551678816,r1w,1,spy_up
p36-38,-0.022937029582167087,-0.49741768111530277,0.10929486403875804,1.4512776474356328,r1w,1,spy_up
p38-40,0.036914754534876006,0.8756029343701922,0.12643107288859082,1.9678568299191532,r1w,1,spy_up
p40-42,0.04460300470223863,1.008875224222219,0.16385267482453542,2.385014620557054,r1w,1,spy_up
p42-44,-0.013951407787366003,-0.3401603098915553,-0.054074670877821196,-0.803492661665027,r1w,1,spy_up
p44-46,0.022836869273378173,0.5440284498623308,-0.005134104559684137,-0.07563713174729897,r1w,1,spy_up
p46-48,0.033707351542768514,0.7989528143849859,-0.03508530971365027,-0.5205026743663482,r1w,1,spy_up
p48-50,0.073099320221008,1.7295439471985028,0.09444287296693968,1.5005975875725766,r1w,1,spy_up
p50-52,0.0307834742486836,0.7733560425936379,-0.0592346130586216,-0.8987680079483837,r1w,1,spy_up
p52-54,-0.03613367777147962,-0.9402066470202824,-0.036620533867869225,-0.5556489195899756,r1w,1,spy_up
p54-56,-0.011567357092089094,-0.2924148714741041,0.06350482536997154,1.0158406750845785,r1w,1,spy_up
p56-57,-0.005049687727837102,-0.13136975964194936,0.06437734429931605,0.9962443732374131,r1w,1,spy_up
p57-60,0.0312958475071011,0.684485335207952,0.003226351248359276,0.054834121613053996,r1w,1,spy_up
p60-62,0.0796861434459031,2.06857718144219,0.042056371769887385,0.5593338039278081,r1w,1,spy_up
p62-64,-0.0335013137935705,-0.86687522589592,0.0351180040035879,0.5149545676612077,r1w,1,spy_up
p64-66,0.004502128280246941,0.11529804127331834,0.07038466642824356,0.9920109960611313,r1w,1,spy_up
p66-68,-0.0031706825800048104,-0.08604297701146392,0.1255518723700196,1.6956861315468292,r1w,1,spy_up
p68-70,0.009270710076392723,0.250247929785507,0.06278409790117156,0.871391173041074,r1w,1,spy_up
p70-72,0.060807117273018504,1.2933019403812263,-0.04204214322501152,-0.6177475309564019,r1w,1,spy_up
p72-74,0.06566901420750705,1.6188104719799499,0.09310034153050863,1.4141753619752357,r1w,1,spy_up
p74-76,0.02816940346790738,0.6594943238286174,0.016109625317945957,0.21519557043737358,r1w,1,spy_up
p76-78,0.056676635023732366,1.1926055276850078,0.0917866292124102,1.300025081645989,r1w,1,spy_up
p78-80,-0.030560961374524957,-0.6397582247546495,-0.049462190198973896,-0.6198410791593444,r1w,1,spy_up
p80-82,-0.02191350290073282,-0.4312524740332868,-0.04255835381652161,-0.5046278244303244,r1w,1,spy_up
p82-84,0.07026462890604404,1.178842665364282,0.03024927264008277,0.3635729904856401,r1w,1,spy_up
p84-86,0.0012383800417583909,0.02244939488223152,-0.06995538441154173,-0.7697615669057642,r1w,1,spy_up
p86-88,0.03469961339748158,0.5167233791505643,0.018181398707463724,0.21360825353522486,r1w,1,spy_up
p88-90,0.01245253936532919,0.1788257623222395,0.06706387937203799,0.6503121557228003,r1w,1,spy_up
p90-92,-0.03583665378255649,-0.4781547102241146,-0.0020904906013799207,-0.018296083085421914,r1w,1,spy_up
p92-94,-0.047488095430626584,-0.5648038686493305,0.024470668857103684,0.2138394370924627,r1w,1,spy_up
p94-96,-0.08433671805472845,-0.8479623123876081,-0.008176923366697978,-0.061080048534985866,r1w,1,spy_up
p96-98,0.08846374150267261,0.7250534968320922,-0.12035818880462029,-0.7612685075629189,r1w,1,spy_up
p98-100,0.058677068557787745,0.3888155668304434,-0.16927726215230915,-0.8573474646450967,r1w,1,spy_up
r1-5,-1.0883723986702032,-1.0145303220722708,9.525430980867524,1.3803256951954366,r1w,1,spy_down
r6-10,-0.40088776019229866,-0.5981068044730006,1.1176933454836189,0.7248000751782135,r1w,1,spy_down
r11-20,-0.7109644417989013,-1.312465829843291,0.35603566952881144,0.4150648291053129,r1w,1,spy_down
r21-30,-0.2861280429262735,-0.6016021959709595,-0.6248422196566343,-0.8489111012879325,r1w,1,spy_down
r31-50,-0.587031832581866,-1.7992981359250626,-0.9776454329968721,-1.9360276749117469,r1w,1,spy_down
r51-75,-0.19670684061197458,-0.6395439104445767,0.7346581094327392,1.1248784792473567,r1w,1,spy_down
r76-100,-0.5032642296569195,-1.950390963574255,0.03208229360550313,0.057039636934581146,r1w,1,spy_down
r101-150,-0.3344680655247531,-1.2821600346282986,0.3474264335911389,0.8076700747952541,r1w,1,spy_down
r151-200,-0.5237077333982817,-2.4509414354482355,0.25143401154358463,0.8381492670326427,r1w,1,spy_down
r201-300,-0.48077585166156545,-2.6712509423367456,0.1476387388223848,0.49511788480962093,r1w,1,spy_down
r301-500,-0.4514175741694597,-2.8959372884972043,0.13729227782031683,0.5641330198306838,r1w,1,spy_down
p00-02,-0.5949453826121618,-1.5730469979329957,0.7760705376034696,1.3509147817183922,r1w,1,spy_down
p02-04,-0.4620263926299716,-1.7209697595984965,0.15552847120810742,0.307714777287889,r1w,1,spy_down
p04-06,-0.22336503469670277,-0.8965357085410377,0.41321965040646497,0.9642623573811133,r1w,1,spy_down
p06-08,-0.47262833821457434,-1.9349588024087394,0.06205089057851222,0.2034115939855714,r1w,1,spy_down
p08-10,-0.46281278631973444,-2.322464891467796,0.1953197349749298,0.7077428272743747,r1w,1,spy_down
p10-12,-0.6056462542921814,-3.0680350889203654,0.2582679540410734,0.752554617468639,r1w,1,spy_down
p12-14,-0.44698545220931984,-2.193282806472874,0.3118499760749573,0.9597098147071956,r1w,1,spy_down
p14-16,-0.584056081408896,-3.169081243277188,-0.21830226551825746,-1.0149793895007857,r1w,1,spy_down
p16-18,-0.5074464624386299,-2.9166016873862217,0.5125171611290952,1.6414998878930527,r1w,1,spy_down
p18-20,-0.3250704319957969,-1.886964074070992,-0.367227933063443,-1.7171472478673941,r1w,1,spy_down
p20-22,-0.40592118217407364,-2.4363672479605847,-0.1581163148694959,-0.48060789221094724,r1w,1,spy_down
p22-24,-0.4326751498436746,-2.669549632183424,0.012954172754167785,0.054021049125438377,r1w,1,spy_down
p24-26,-0.2382134824457037,-1.5749335691205444,0.19042252095148357,0.5371332491739268,r1w,1,spy_down
p26-28,-0.2358265981329,-1.7688644930652495,0.17730736615419376,0.6505482476452563,r1w,1,spy_down
p28-30,-0.19353752390035805,-1.3150554719086238,-0.10593292870326729,-0.3895818055325627,r1w,1,spy_down
p30-32,-0.23945937479442264,-1.629439783182159,-0.22742398454117999,-0.8541466805528991,r1w,1,spy_down
p32-34,-0.20422430549986936,-1.7633121641174359,-0.02800894097819537,-0.12057824777287322,r1w,1,spy_down
p34-36,-0.2049051812974831,-1.5991919239334087,-0.06273256583251147,-0.39829731529367834,r1w,1,spy_down
p36-38,-0.28204623779234506,-2.054249462114468,0.04902367495516663,0.2804378748505554,r1w,1,spy_down
p38-40,-0.2221064995917311,-1.57142536585239,0.11392662386059957,0.5234149752126529,r1w,1,spy_down
p40-42,-0.14249601710301799,-1.0439430689914877,-0.2509264806759231,-1.6677016931820918,r1w,1,spy_down
p42-44,-0.034461894809138666,-0.27682770206612595,0.5255326865416872,2.4811975333697127,r1w,1,spy_down
p44-46,-0.12408960376306662,-1.1540539261472764,-0.2785315326631799,-1.5407571853094577,r1w,1,spy_down
p46-48,-0.13945824014922917,-1.1629427629913849,-0.07118000909214121,-0.4567223632632113,r1w,1,spy_down
p48-50,0.007978297312963794,0.08169521486809007,-0.11519961595706871,-0.5523714524141506,r1w,1,spy_down
p50-52,-0.044335403281978124,-0.4131850785137809,0.27172476360517833,1.0775299029765397,r1w,1,spy_down
p52-54,-0.04633370722203246,-0.36627577575196163,-0.3190857626940283,-1.4596983202422094,r1w,1,spy_down
p54-56,0.049322162637303796,0.38159302802246053,-0.2768514431367879,-1.5917228194379822,r1w,1,spy_down
p56-57,0.018559114535639014,0.1735384422399791,-0.1324814169191626,-0.4781248526511793,r1w,1,spy_down
p57-60,0.07214606308110999,0.7214377047720542,-0.41113756680338,-1.6777575944760594,r1w,1,spy_down
p60-62,0.17977379999000373,1.3918111519050476,-0.0298465173083913,-0.10393736726498684,r1w,1,spy_down
p62-64,0.1327248747307115,1.3526368341899642,-0.5413914431621483,-1.6225345425290159,r1w,1,spy_down
p64-66,-0.02441603820459708,-0.24018707709256756,-0.20513683647913739,-1.030447218086431,r1w,1,spy_down
p66-68,0.1241311906062792,0.956695210094048,-0.2455541438393058,-0.9744267838773312,r1w,1,spy_down
p68-70,0.15977910204150206,1.551159354268877,0.1389150218241433,0.49459708214090853,r1w,1,spy_down
p70-72,0.19225654184424376,1.6838643431716636,-0.04261006429852536,-0.24038752736107658,r1w,1,spy_down
p72-74,0.2797786419834958,2.188931128185128,-0.0902591458284344,-0.27508007975175097,r1w,1,spy_down
p74-76,0.21986230769428747,1.5514038453902461,0.1643817210406289,0.7366875705387181,r1w,1,spy_down
p76-78,0.3137624493523575,2.4900111260875857,-0.06071174741100681,-0.21229097729740407,r1w,1,spy_down
p78-80,0.18876581349673657,1.2716098656635488,0.31207616597010734,1.514658782976577,r1w,1,spy_down
p80-82,0.3431022183117408,2.243315769631856,0.21088749362255113,1.0895199759812944,r1w,1,spy_down
p82-84,0.2619824615400904,1.256331378796165,0.25181817382566685,1.2213199598963507,r1w,1,spy_down
p84-86,0.32455061734505636,1.6202294893916969,0.04685154795948292,0.19728939768591,r1w,1,spy_down
p86-88,0.846855157725447,3.5686553534768946,0.2541024359415914,0.9154121187138993,r1w,1,spy_down
p88-90,0.24639577729382423,1.0198731430264805,-0.05421319069648656,-0.1499888155410749,r1w,1,spy_down
p90-92,0.5141482405983255,1.8820222778277624,0.26076372413350474,0.7841773032608685,r1w,1,spy_down
p92-94,0.5932664943145013,1.8823450569056563,-0.7168524746140652,-1.5828621122995412,r1w,1,spy_down
p94-96,0.6904187952752774,1.936906887791956,-0.26423291847194585,-0.407611597989493,r1w,1,spy_down
p96-98,0.8776628350421758,1.8494797219426897,0.04949592774581461,0.07153445828792876,r1w,1,spy_down
p98-100,1.2355607894492016,2.159631306641699,-0.42209961823789766,-0.6952651658827147,r1w,1,spy_down
r1-5,-1.4362783356756357,-2.110378222781341,-0.50117809633402,-0.36024971016916607,r1w,1,disp_high
r6-10,-0.2185200582909776,-0.48024078138070575,0.9162376984517674,1.237299732487997,r1w,1,disp_high
r11-20,-0.3129735219260414,-1.0578508777560482,-0.40805086107385624,-0.8333193831311945,r1w,1,disp_high
r21-30,-0.33846992976201223,-1.2672981529932097,0.0361614789890296,0.08285274195795723,r1w,1,disp_high
r31-50,-0.3237824704989134,-1.674526981436347,-0.08953955179813622,-0.32032964846030476,r1w,1,disp_high
r51-75,-0.18976891514642968,-1.063208759025191,0.27154256753072553,1.025088205874406,r1w,1,disp_high
r76-100,-0.12395554251866858,-0.7542167068630382,-0.3440394725390782,-1.5706008315191333,r1w,1,disp_high
r101-150,-0.16835393528193893,-1.2226396011157663,-0.12512414402452982,-0.7343258786244959,r1w,1,disp_high
r151-200,-0.28340907946658583,-2.3111080092488776,0.01974747425149719,0.14405905137326608,r1w,1,disp_high
r201-300,-0.1875019413452763,-1.943069998981522,-0.2214721676127527,-1.7092267532129226,r1w,1,disp_high
r301-500,-0.16956290416312284,-2.1663488652241227,-0.07015603985670463,-0.8515024360446302,r1w,1,disp_high
p00-02,-0.45287042539036043,-2.065224641471997,-0.03348233440125185,-0.10366467626999053,r1w,1,disp_high
p02-04,-0.1722245385209654,-1.116080538139545,-0.06227760324937479,-0.3003978613913494,r1w,1,disp_high
p04-06,-0.18401197909193123,-1.3193438621771563,-0.057129633485795264,-0.3382933785867479,r1w,1,disp_high
p06-08,-0.24249106328409928,-1.8152773001546711,-0.16737209743308915,-1.2692737841916772,r1w,1,disp_high
p08-10,-0.1544442434254827,-1.349029895460402,-0.13026138945819649,-0.9194112967115121,r1w,1,disp_high
p10-12,-0.23925472787155025,-2.1527049349547305,-0.24179497610867756,-1.8039542262155825,r1w,1,disp_high
p12-14,-0.10075204753913994,-0.9358998512478018,-0.026655868010594663,-0.22432859150195997,r1w,1,disp_high
p14-16,-0.23268900472771203,-2.274325584058387,-0.001718311253059714,-0.017027626970206922,r1w,1,disp_high
p16-18,-0.19803142930254117,-2.17891854325762,-0.05945883926653094,-0.4814144512446483,r1w,1,disp_high
p18-20,-0.1948537164178671,-2.174754352828436,-0.09323057103927962,-0.9236468401811618,r1w,1,disp_high
p20-22,-0.15988797912421682,-1.9494761257032902,-0.0757876342439448,-0.7236658242472415,r1w,1,disp_high
p22-24,-0.13816197094671165,-1.4604021386486354,0.021183551253622476,0.22715484182617543,r1w,1,disp_high
p24-26,-0.21667409722549283,-2.771306812559737,-0.031811661327031136,-0.35699061438103047,r1w,1,disp_high
p26-28,-0.031856586958886136,-0.3843240664779021,0.19616814776913827,2.111192558146465,r1w,1,disp_high
p28-30,-0.07174549246751484,-0.961341989083386,0.11424517722696313,1.2983019985214201,r1w,1,disp_high
p30-32,-0.08219996705240948,-1.0323442489044334,0.10658777499353375,1.0330600300132036,r1w,1,disp_high
p32-34,-0.044001120992861645,-0.6929192789186362,-0.030806535354563087,-0.3609480536709683,r1w,1,disp_high
p34-36,0.007467555040476024,0.10957515119210427,0.030246596802072426,0.3381936015041334,r1w,1,disp_high
p36-38,-0.1508678086474634,-2.0370699096818767,0.15481702205175793,1.5287724806876306,r1w,1,disp_high
p38-40,-0.0561506514550911,-0.7967530325160143,0.12604764488855455,1.5443907246850583,r1w,1,disp_high
p40-42,-0.007605659171071009,-0.10576062077932012,0.12760664331464297,1.4081931165256896,r1w,1,disp_high
p42-44,-0.013313415830233833,-0.2073310660444162,-0.05698801016909291,-0.6398598635907158,r1w,1,disp_high
p44-46,-0.02363899264356089,-0.3964726671089884,-0.05961476871335208,-0.7343247321725506,r1w,1,disp_high
p46-48,-0.047636218394203934,-0.7371032860775844,-0.01795485979713337,-0.20427675972269602,r1w,1,disp_high
p48-50,0.01877656429442964,0.31387829796238276,0.1318305849074096,1.5871745303725042,r1w,1,disp_high
p50-52,0.042077912949319805,0.6949096812922743,0.0014305961671292207,0.01706467794081943,r1w,1,disp_high
p52-54,0.009598646874723863,0.14623262180567373,0.0050623153648767846,0.05777997918102536,r1w,1,disp_high
p54-56,0.0065719959106958865,0.09798443869491649,0.1330239970875307,1.793582930872841,r1w,1,disp_high
p56-57,0.011441092859713963,0.19725838358421893,0.0159389331839233,0.17910445197642166,r1w,1,disp_high
p57-60,0.018661629221108922,0.30623980673640205,0.02253957169384629,0.3039454484341586,r1w,1,disp_high
p60-62,0.15446520293425448,2.342834507640531,0.11038951795644314,1.1578076450116062,r1w,1,disp_high
p62-64,0.05779885592984474,1.0065786526034286,-0.04142436223747012,-0.4864368354149827,r1w,1,disp_high
p64-66,-0.0009781328693312969,-0.015184596660672702,0.13864072147889808,1.588521487109783,r1w,1,disp_high
p66-68,0.022298428381726167,0.33125188280005546,0.005936913150626242,0.061338798216586526,r1w,1,disp_high
p68-70,0.05567914056539963,0.9371647652105832,0.09337176985238532,0.9683854791022399,r1w,1,disp_high
p70-72,0.03845369733215146,0.5524565465211915,0.012773187007743757,0.14353785190079751,r1w,1,disp_high
p72-74,0.13940143860286447,2.0922081113876088,0.04318772796485769,0.5340553369893914,r1w,1,disp_high
p74-76,0.07382037359033379,1.000334966973339,0.14902228693318123,1.5127867826884664,r1w,1,disp_high
p76-78,0.12689370289278332,1.703838158462945,0.09225635171606417,0.9554329744279667,r1w,1,disp_high
p78-80,0.0655077185926217,0.8270064195711417,-0.02467161597680948,-0.24077651684093468,r1w,1,disp_high
p80-82,0.1371890563347989,1.5949421505617407,-0.0969298141402222,-0.8725611019592588,r1w,1,disp_high
p82-84,0.21178382569741377,2.0160031955307156,0.04293705049705554,0.3968049817423321,r1w,1,disp_high
p84-86,0.13400072967959714,1.3198327331809139,-0.020977856169060734,-0.17432194360227132,r1w,1,disp_high
p86-88,0.3188125905571991,2.5770194622748925,0.055479235727299514,0.5397275343301708,r1w,1,disp_high
p88-90,0.16510461560479245,1.3760533092217817,0.009688979582661506,0.07991744129990784,r1w,1,disp_high
p90-92,0.1435328205726212,0.9993339700377322,0.05118150043512196,0.37213339323589495,r1w,1,disp_high
p92-94,0.2014081053587171,1.3346336285528353,-0.0342102775295847,-0.23249244767307467,r1w,1,disp_high
p94-96,0.14994662976815265,0.8396613140536279,-0.08304364028236594,-0.47681366675612524,r1w,1,disp_high
p96-98,0.39331273510157927,1.6815113246954707,-0.26841752652043427,-1.2997736000477236,r1w,1,disp_high
p98-100,0.501448839038511,1.7288625938375701,-0.27748572350144085,-1.1137788649274571,r1w,1,disp_high
r1-5,-1.153099277916398,-2.542812287023771,-0.20527110804249277,-0.1403838178729721,r1w,1,disp_low
r6-10,-1.1163686610919306,-3.510419743753438,-0.7022132566541048,-0.5779192586363756,r1w,1,disp_low
r11-20,-0.2875299537093366,-1.1746793183234288,-0.07384653027980412,-0.1808145622922027,r1w,1,disp_low
r21-30,0.10735536623688764,0.4749482628318277,-0.8200705051221979,-2.1454911466555555,r1w,1,disp_low
r31-50,-0.4235022731224356,-3.0264502974597662,-0.10257732520277354,-0.24666380244829184,r1w,1,disp_low
r51-75,-0.2582268648225348,-2.0313755491456926,-0.24737746355784118,-0.9255412134759204,r1w,1,disp_low
r76-100,0.038188892584202015,0.3136277952703183,-0.10019386980200412,-0.3557740156254967,r1w,1,disp_low
r101-150,-0.06427645587717466,-0.8703118986899904,-0.05159770220727453,-0.24505753038762293,r1w,1,disp_low
r151-200,-0.07361240257545457,-1.0160517669666471,0.1550621006082345,0.9997746056762297,r1w,1,disp_low
r201-300,-0.012769749169500003,-0.21089254059459112,-0.0038870304748408217,-0.03361385819538513,r1w,1,disp_low
r301-500,0.0062386450473503625,0.12337857281512053,0.09362044030998076,0.9531973094430053,r1w,1,disp_low
p00-02,-0.44061706229168707,-2.80075595823339,-0.2544312963423161,-0.7441194527687821,r1w,1,disp_low
p02-04,-0.14773959726828945,-1.381880042734279,-0.21446297760622846,-1.0136374639210801,r1w,1,disp_low
p04-06,-0.051643008436046293,-0.6687608409236547,0.014347031598596209,0.07302311148054973,r1w,1,disp_low
p06-08,-0.05942698522981413,-0.8192605536898758,0.03229001437237654,0.21737835766030536,r1w,1,disp_low
p08-10,0.02779653889008129,0.3654983932223787,0.017600069136568804,0.12390177863143653,r1w,1,disp_low
p10-12,-0.00820463656277543,-0.11284266234875692,0.14316816577593267,0.9492636332680744,r1w,1,disp_low
p12-14,-0.03863522314329836,-0.5269677616045874,0.09293957603236937,0.7733662756238051,r1w,1,disp_low
p14-16,-0.006386127176793689,-0.09344210087191095,0.001164982323899726,0.008927852598450544,r1w,1,disp_low
p16-18,0.024778252169197053,0.3618263021063409,0.08805644848998792,0.7198200682687567,r1w,1,disp_low
p18-20,0.07901525232541384,1.3410786597334836,0.033416154269311354,0.2950363990773746,r1w,1,disp_low
p20-22,-0.08022069133123157,-1.235698546885883,0.04579409869370206,0.3666795177661075,r1w,1,disp_low
p22-24,-0.022270261719696965,-0.4251086916136095,0.10093333180942762,0.9383026412162574,r1w,1,disp_low
p24-26,0.015694638661521914,0.27781611598270306,0.018664109828414703,0.16700490862085188,r1w,1,disp_low
p26-28,0.06551599186978055,1.1200794351274375,-0.041997427046333705,-0.416490360885074,r1w,1,disp_low
p28-30,-0.013393991738088659,-0.21843599964924212,-0.05148306082379159,-0.4999566902730007,r1w,1,disp_low
p30-32,0.05091302558681608,0.9654307702271964,-0.15642679373374865,-1.6145648778818285,r1w,1,disp_low
p32-34,-0.07323547793726168,-1.3786941913652266,0.019697188008869954,0.1859754510448705,r1w,1,disp_low
p34-36,0.005929210461581738,0.11048049558723881,-0.09267937723712219,-1.257624080880578,r1w,1,disp_low
p36-38,-0.0015142486502044373,-0.02711483958034104,0.034268307637389854,0.3716083504478627,r1w,1,disp_low
p38-40,0.02481881970133726,0.4566540584485672,0.12446059181637605,1.3248322939717436,r1w,1,disp_low
p40-42,0.021415489871801526,0.39400319631887465,0.13103718731312827,1.4456289169255265,r1w,1,disp_low
p42-44,-0.022615204093366342,-0.4340578185426165,0.06587691995900645,0.6911255464382754,r1w,1,disp_low
p44-46,0.00989894858236536,0.18494545323601577,0.015551328565524018,0.1494205365238826,r1w,1,disp_low
p46-48,0.044026764581490206,0.8376948507542289,-0.06600137197386349,-0.7459356827321867,r1w,1,disp_low
p48-50,0.09981942042837524,1.9778123901120088,0.000794706997821245,0.0092457269180153,r1w,1,disp_low
p50-52,-0.009568045037080853,-0.20015114984991633,-0.07696294382148358,-0.7667355389758077,r1w,1,disp_low
p52-54,-0.08414813079062364,-1.8399143391982107,-0.15077485440506633,-1.6924382949031382,r1w,1,disp_low
p54-56,-0.005126546593448381,-0.10761134533823816,-0.10073461587400392,-1.0537530502602213,r1w,1,disp_low
p56-57,-0.011654027297395607,-0.24368538738093545,0.09201206076524697,1.0362764417649963,r1w,1,disp_low
p57-60,0.05948719594847342,1.0431870392628078,-0.10636305397824558,-1.1373818549920607,r1w,1,disp_low
p60-62,0.04700306430237861,1.0049005739729246,-0.06685172493717054,-0.5963916948537304,r1w,1,disp_low
p62-64,-0.05612614507431641,-1.218210905529714,0.02569972120390426,0.21943124889266263,r1w,1,disp_low
p64-66,-0.0015734599327590156,-0.04051948270582943,-0.07914051030663803,-0.7622633740788435,r1w,1,disp_low
p66-68,0.02228128451918276,0.5295335115826043,0.21679802938164866,2.0922451551145476,r1w,1,disp_low
p68-70,0.023679331344783824,0.5607569468197338,0.03569733648658682,0.35525663696642606,r1w,1,disp_low
p70-72,0.1339096450316994,2.4553977707517523,-0.1179836009283591,-1.31768985556436,r1w,1,disp_low
p72-74,0.07874373926599197,1.5660366493336877,0.1254742261578705,1.1227350741211632,r1w,1,disp_low
p74-76,0.05947079248194722,1.1645256236665977,-0.13809847077192625,-1.4239184103577058,r1w,1,disp_low
p76-78,0.09000141619270827,1.647873870274128,0.06063717109100548,0.6303594874390823,r1w,1,disp_low
p78-80,-0.03693429012999355,-0.6467861269922633,-0.011448146639151738,-0.1029805827697988,r1w,1,disp_low
p80-82,-0.03176947308702101,-0.5560601590323689,0.08334466911907877,0.7714693797394275,r1w,1,disp_low
p82-84,0.00931551899545374,0.12934128489123028,0.05701162684172062,0.5111465875978659,r1w,1,disp_low
p84-86,0.00036382486954128767,0.005572426136721462,-0.1143462453394355,-0.9708753175121543,r1w,1,disp_low
p86-88,0.08002827911980433,0.9868313669420034,0.013770264943516384,0.10394243427503534,r1w,1,disp_low
p88-90,-0.042638134172755644,-0.48950979585792787,0.1221770767336372,0.7338645457115749,r1w,1,disp_low
p90-92,0.007398622455226188,0.09041551557890433,-0.023212568588230526,-0.1326635088248955,r1w,1,disp_low
p92-94,-0.035538283010724314,-0.3220509810707477,-0.042618650668877815,-0.242555041769369,r1w,1,disp_low
p94-96,-0.0057322384160472615,-0.04624476406482755,0.04417750267892639,0.21003794521653613,r1w,1,disp_low
p96-98,0.10482698867568037,0.7142903943373211,0.1184280516790093,0.5034389919196312,r1w,1,disp_low
p98-100,0.09446397559554978,0.5405845431840202,-0.07015336183646127,-0.2456197516032708,r1w,1,disp_low
r1-5,-0.8832758184275863,-1.1653825650795708,-1.8521474686530752,-1.4476181439709979,r1w,4,large500
r6-10,-0.4278264420058413,-1.0407443719547314,1.756197457264744,1.2979196687177044,r1w,4,large500
r11-20,0.04339794199844307,0.10872576349713173,-0.5735140040532817,-0.7831808441466901,r1w,4,large500
r21-30,0.22624785909777645,0.8011780364393271,0.7703469377218782,1.1776711584749024,r1w,4,large500
r31-50,-0.21845860121593844,-1.2535094951607948,0.6443565529839042,1.6042768406538372,r1w,4,large500
r51-75,-0.24344653085927362,-1.9157436123629157,-0.4681539443166052,-2.0069121292208933,r1w,4,large500
r76-100,-0.21038637653196787,-1.7483976608776037,-0.2021910435832767,-0.8555630793537067,r1w,4,large500
r101-150,-0.026852157108348564,-0.25302659470936645,-0.012501037661221081,-0.07717092741361502,r1w,4,large500
r151-200,-0.029885020727529493,-0.2839804668689923,-0.01142412524998437,-0.06425317637642557,r1w,4,large500
r201-300,-0.035790068761739534,-0.36766098565446936,-0.10368991706987249,-0.57406765051246,r1w,4,large500
r301-500,0.13100504776996183,1.4589410892974695,0.06948747152383683,0.5231655786949796,r1w,4,large500
p00-02,-0.7355145425272703,-1.4106704876345326,-0.05123913245880894,-0.044960516274980135,r1w,4,large500
p02-04,0.08362660970474355,0.19531579835738797,-0.563657748751066,-0.7687334739088377,r1w,4,large500
p04-06,0.15699251067671766,0.580311704832751,0.7397858297597997,1.1211529784396694,r1w,4,large500
p06-08,-0.24359953128746956,-0.9764009233791804,0.5511796416912026,1.041224883512643,r1w,4,large500
p08-10,-0.1389646179073763,-0.7369231963752917,0.7405235576868836,1.736242826058116,r1w,4,large500
p10-12,-0.2941450401449712,-1.5905818170336217,-0.33172606195402066,-0.8209595930930165,r1w,4,large500
p12-14,-0.12083077519460506,-0.7289493275910275,-0.6311826044123681,-2.1125634540192713,r1w,4,large500
p14-16,-0.27619463232238495,-1.668126747344378,0.14787121043066292,0.5091732732454539,r1w,4,large500
p16-18,-0.2023207178591776,-1.3573933601553891,-0.08091162977274952,-0.2961366956903213,r1w,4,large500
p18-20,-0.24129696491622682,-1.4758868165004775,-0.7688943660071687,-2.6311704575600077,r1w,4,large500
p20-22,0.05383752716240567,0.3460051428139317,-0.16264141074587068,-0.48536157966899385,r1w,4,large500
p22-24,0.011524206485922152,0.07424830027416458,-0.1423709777489709,-0.5124615434643879,r1w,4,large500
p24-26,0.1587353369949206,0.9350679351698172,0.05481481499219802,0.18818529536197035,r1w,4,large500
p26-28,-0.1485300130361712,-0.9109090976131767,0.24969205522225535,0.8329708756784105,r1w,4,large500
p28-30,-0.21804891577357818,-1.3653370763446468,-0.056022219078724025,-0.19529989719578444,r1w,4,large500
p30-32,-0.06474819231063077,-0.41447542976936624,-0.03426466922462746,-0.11190508814756597,r1w,4,large500
p32-34,-0.2915610932778236,-1.904518652681171,-0.008392429942573143,-0.03514025364935126,r1w,4,large500
p34-36,0.1936803817262018,1.208273409494553,-0.6137203040097559,-2.431087344917685,r1w,4,large500
p36-38,0.09124527416037818,0.6389504584665118,0.1387150892405807,0.4896288679298853,r1w,4,large500
p38-40,-0.007768442665869203,-0.04657129746223493,0.4644023985218672,1.5665463525067744,r1w,4,large500
p40-42,-0.1699395692089368,-1.022205400767893,0.004937028578989331,0.014727007571536348,r1w,4,large500
p42-44,0.041221931696535145,0.27244901140299543,-0.18846379474095215,-0.6761895628992464,r1w,4,large500
p44-46,0.08303781827893887,0.5472953034429344,-0.2138240899441945,-0.6916337360162944,r1w,4,large500
p46-48,0.2846575351818036,1.7815592918943914,-0.23076060632598308,-0.8079529917456936,r1w,4,large500
p48-50,-0.1329342633922337,-0.8625524950735401,0.14400290145976308,0.4936284420165983,r1w,4,large500
p50-52,-0.18268313570863545,-1.0700178967110223,-0.04025692011415762,-0.1379269951515091,r1w,4,large500
p52-54,-0.21010128062464972,-1.4200222647290535,0.18692732645571294,0.7663945827373412,r1w,4,large500
p54-56,0.06924707516979706,0.47930026755790545,-0.10223792414077741,-0.411669700749996,r1w,4,large500
p56-57,-0.13093382375189952,-0.858257647665584,-0.2667717228146771,-0.8283810111928845,r1w,4,large500
p57-60,-0.06664705714766675,-0.4537491567576009,-0.3271246195380309,-1.1757778306878655,r1w,4,large500
p60-62,0.1349687578681643,0.9937499780116953,0.5701238130306677,2.057219982448584,r1w,4,large500
p62-64,0.2691224584416397,1.8368588236267251,-0.018531223604621092,-0.05228464044507414,r1w,4,large500
p64-66,0.17943606093911324,1.2488210666063277,0.23966319276356854,0.7238141042206947,r1w,4,large500
p66-68,0.12057848803974594,0.7376504553740695,-0.02390693668260173,-0.08160138815580978,r1w,4,large500
p68-70,0.04357808933398087,0.2661277503204987,-0.08506097519938874,-0.24265694174213656,r1w,4,large500
p70-72,0.01839821804657788,0.11891231277922601,-0.144957590153073,-0.4180974400695161,r1w,4,large500
p72-74,-0.05981885480928228,-0.4300416781071783,-0.45724916403024557,-1.5832700949328185,r1w,4,large500
p74-76,0.05614532189560585,0.3501015709781636,0.3985097711043134,1.2335808550819352,r1w,4,large500
p76-78,0.18141100559907183,1.2292596178029032,-0.17683562422630966,-0.48846728063109673,r1w,4,large500
p78-80,0.18568978731562236,1.1562570524080413,-0.6427625148638957,-2.0947880730095716,r1w,4,large500
p80-82,0.1745368706844616,1.1542225678658413,0.14052743987656077,0.468882959863868,r1w,4,large500
p82-84,-0.07725901641473289,-0.498977977715261,0.04290562304273446,0.1488046533733463,r1w,4,large500
p84-86,0.2902579727947166,1.7308487735914226,-0.14329751232359714,-0.43289481683811304,r1w,4,large500
p86-88,0.037558857810455044,0.2011729152748162,0.05319020441136558,0.15754164932404882,r1w,4,large500
p88-90,0.11108174680956102,0.5716827137938245,0.011328838855259078,0.03090809501114118,r1w,4,large500
p90-92,-0.06828946021739045,-0.3098726294238898,0.4184523441624737,0.9753100265574489,r1w,4,large500
p92-94,0.09391683052524584,0.3279678003217504,0.10341631330925131,0.22852278741948567,r1w,4,large500
p94-96,0.04407104451080593,0.1285468083790277,0.3511305467780148,0.7651563758003816,r1w,4,large500
p96-98,0.1706940444086056,0.4526075128139664,0.2964289823494962,0.44742139160377153,r1w,4,large500
p98-100,0.6779468389003701,1.1250251723918638,0.4572654007565155,0.5279929589214585,r1w,4,large500
r1-5,-1.8462340445681378,-2.1272195365754616,-3.251820909123683,-1.943297862410866,r1w,4,small_rest
r6-10,-0.5448045746152027,-0.9783459351514471,-1.9933020908805752,-1.622528857688704,r1w,4,small_rest
r11-20,-0.18344248818930245,-0.36166071205412487,-0.6685046235968428,-0.7183365264587975,r1w,4,small_rest
r21-30,-0.23342604422987354,-0.572097790299092,-0.5228539059587809,-0.663961384465645,r1w,4,small_rest
r31-50,-0.1461143385139865,-0.47080384600063857,-0.6019856008512183,-1.000699081128898,r1w,4,small_rest
r51-75,-0.05934535831066413,-0.22830986738645317,-0.49860281631867304,-1.0679582661721023,r1w,4,small_rest
r76-100,-0.030202038642364943,-0.1492104909940173,0.22732407706039023,0.4814641309382887,r1w,4,small_rest
r101-150,-0.10741926269359231,-0.7039368347780409,0.15828354995611088,0.5314060724877196,r1w,4,small_rest
r151-200,-0.10414992779703447,-0.8695252489443341,-0.07605364143977536,-0.29465399247001145,r1w,4,small_rest
r201-300,-0.012945423315987217,-0.14420337515708662,-0.04594271184828802,-0.2624420970701705,r1w,4,small_rest
r301-500,-0.131935611910103,-1.958759441239362,-0.11958654245830254,-1.0892738847642827,r1w,4,small_rest
p00-02,-0.4496769369223381,-1.1417219388795832,-1.1001227054704477,-1.5545260859226004,r1w,4,small_rest
p02-04,0.042760275593128776,0.16819581012695498,-0.11498923885778854,-0.2365824600238871,r1w,4,small_rest
p04-06,-0.17949515443714303,-0.9030879063057043,0.04195006188971201,0.12086478862281692,r1w,4,small_rest
p06-08,0.015496041047976345,0.09570630096042171,0.020856128615154172,0.07960888892880805,r1w,4,small_rest
p08-10,-0.13205613335444336,-0.9375075682774943,-0.06201594623769357,-0.24526080160005864,r1w,4,small_rest
p10-12,-0.01776076941232617,-0.14462228453389153,0.017243276562256566,0.07396150145804944,r1w,4,small_rest
p12-14,0.17122170998143063,1.4713726598588557,-0.07878888728450628,-0.3740049849275158,r1w,4,small_rest
p14-16,-0.14722005720520548,-1.2201233365971214,-0.24428589028738004,-1.2842799147730506,r1w,4,small_rest
p16-18,-0.0783522906192681,-0.6882789188180558,0.0491210439045406,0.3001956180117232,r1w,4,small_rest
p18-20,-0.11716694325406153,-1.1088530031720103,-0.326126619570928,-2.0892106488021818,r1w,4,small_rest
p20-22,-0.22224127454829778,-1.9933902860879027,-0.1274287934169293,-0.6501514528384343,r1w,4,small_rest
p22-24,-0.08570773599641814,-0.7337664788822482,-0.31601969426447135,-2.2739737199275836,r1w,4,small_rest
p24-26,-0.07082338318061164,-0.6430648907387986,0.1427758604558286,0.9618413394671076,r1w,4,small_rest
p26-28,-0.1844358888915602,-1.8235110652833544,0.006060963009829424,0.029451579214941362,r1w,4,small_rest
p28-30,-0.07132786698603688,-0.6797084919604187,-0.12355957669896568,-0.7247913727891093,r1w,4,small_rest
p30-32,-0.08809766089960072,-0.811408954699283,-0.06914198895588587,-0.3873369388383386,r1w,4,small_rest
p32-34,0.030928257997811407,0.2611780338587888,-0.11986562391306634,-0.8199152433218938,r1w,4,small_rest
p34-36,-0.061071402785203927,-0.5466538191241147,-0.170522398667949,-1.1325235240892257,r1w,4,small_rest
p36-38,-0.11035132905219333,-0.9247537983883596,0.1956199492339666,1.2090927871363144,r1w,4,small_rest
p38-40,-0.022044063961240867,-0.2057924645419995,-0.007167565017936492,-0.042207635320857674,r1w,4,small_rest
p40-42,0.0008601763695527455,0.007030211687074064,0.2074098449317864,1.2359919902681515,r1w,4,small_rest
p42-44,-0.08994687846412552,-0.7908280187737131,-0.016172529425292983,-0.09750853079685654,r1w,4,small_rest
p44-46,-0.10504990289131172,-0.9744377405712338,-0.043422693558348935,-0.23910170399710762,r1w,4,small_rest
p46-48,-0.041861953447303354,-0.4417371113877605,-0.11081307673247054,-0.7052979177580938,r1w,4,small_rest
p48-50,-0.05823029037274463,-0.5593210231766151,-0.10087482029432247,-0.6095102725516308,r1w,4,small_rest
p50-52,0.03737893417928426,0.3324898365201909,0.009327480492786795,0.05677194397782261,r1w,4,small_rest
p52-54,0.03086828691028476,0.27049495529235656,-0.025608684572838335,-0.17717791861232607,r1w,4,small_rest
p54-56,-0.053050872721976686,-0.5346286519886565,0.033795697226580594,0.20153824292902178,r1w,4,small_rest
p56-57,-0.02057097301885429,-0.20410584064100773,-0.009630401629768734,-0.053843636920206654,r1w,4,small_rest
p57-60,-0.009707941030080524,-0.0917794570196961,-0.04862682336967032,-0.2556109971936655,r1w,4,small_rest
p60-62,-0.10059409283911512,-0.9946465379956174,0.026076324904237756,0.14447867299576445,r1w,4,small_rest
p62-64,0.07009862185482066,0.7192690898681509,-0.09078369929196174,-0.5630040368242292,r1w,4,small_rest
p64-66,0.03691729948344943,0.36367647942060594,0.36990802636899944,2.211966807420437,r1w,4,small_rest
p66-68,-0.12722877222414902,-1.1537128521456015,0.008233754017999022,0.0527513309561464,r1w,4,small_rest
p68-70,0.01916837747615011,0.18555505310878642,-0.11551693310314336,-0.7455848685584187,r1w,4,small_rest
p70-72,-0.0036433258309152405,-0.040489993779056724,0.2109073508832537,1.185322582860495,r1w,4,small_rest
p72-74,0.14153653836018454,1.3919893238100804,0.0687944228078481,0.39149871093429794,r1w,4,small_rest
p74-76,0.2470315741385742,2.1878199643609304,-0.030990148466604462,-0.23531492274796167,r1w,4,small_rest
p76-78,0.1001256143206431,0.8551823181795121,-0.07673014017375387,-0.5159298820033896,r1w,4,small_rest
p78-80,-0.005503420147270644,-0.0577299101606828,0.0901338794051261,0.4557199027618397,r1w,4,small_rest
p80-82,0.15883834992515566,1.4848337199357982,0.02730678231315725,0.1414323676745263,r1w,4,small_rest
p82-84,0.1134675067554404,0.922923184015446,0.2466876304122523,1.2491304851085814,r1w,4,small_rest
p84-86,0.0014085361496571852,0.01157524209708154,0.14531044702452833,0.7647993970506635,r1w,4,small_rest
p86-88,0.22919024962498222,1.7015027487746714,0.25170346219030226,1.152767824940402,r1w,4,small_rest
p88-90,0.11743433624247718,0.7693869097103405,0.2389586601681682,1.121851785158927,r1w,4,small_rest
p90-92,0.11717416904659778,0.6925304514578142,0.1539514168614437,0.756104187992652,r1w,4,small_rest
p92-94,0.16339055587171805,0.873801360804963,0.48634506235202496,2.162785628139796,r1w,4,small_rest
p94-96,-0.0588343284350744,-0.25420382793199725,0.10134124004543121,0.3785585820120742,r1w,4,small_rest
p96-98,0.3900444858455818,1.3109028800417712,0.1310474494026051,0.37479497902422076,r1w,4,small_rest
p98-100,0.45275058421343745,1.2159512123387126,0.24708593165279796,0.49387474741611315,r1w,4,small_rest
r1-5,-2.627671095592987,-2.495760708205612,-4.152058886860276,-2.5025008421158157,r1w,4,spy_up
r6-10,-1.3361425745316795,-1.910938185334284,-2.8307509975350325,-2.0261718903345827,r1w,4,spy_up
r11-20,-0.32305636733984,-0.5417525786855676,-0.5441813900533718,-0.4599701869244406,r1w,4,spy_up
r21-30,-0.02051708122825553,-0.03344088107214929,-0.3500730939947765,-0.392047626172523,r1w,4,spy_up
r31-50,-0.41979255976540375,-1.264228673796888,-0.5204641237195292,-0.7733834547216315,r1w,4,spy_up
r51-75,-0.30631798030696983,-0.939136979224347,-0.2834423901699748,-0.456682052476647,r1w,4,spy_up
r76-100,-0.2245482310397945,-0.8747742502930377,-0.0650674587960208,-0.15857945058083536,r1w,4,spy_up
r101-150,-0.18312764600974232,-0.9700882540135364,0.09146587945731183,0.2019198483546058,r1w,4,spy_up
r151-200,-0.14635382857450072,-0.9473931570613793,0.26497420055019094,0.8482326123107814,r1w,4,spy_up
r201-300,-0.03391199376959284,-0.34430792191646814,-0.020342358389840044,-0.10715202305322598,r1w,4,spy_up
r301-500,-0.07287850892284695,-1.0290126588606434,-0.16333007347739567,-1.1574171865625689,r1w,4,spy_up
p00-02,-0.6462420709259793,-1.4130313727081574,-0.9775943333472984,-1.2455039434093365,r1w,4,spy_up
p02-04,-0.21690664648176733,-0.7935501923875574,-0.17955616746325181,-0.36805695313862424,r1w,4,spy_up
p04-06,-0.2700025748283278,-1.3901713034754535,0.2126081279030424,0.5324131680735074,r1w,4,spy_up
p06-08,-0.002057989494401506,-0.012095750529413564,0.019165393738993907,0.06475255167499831,r1w,4,spy_up
p08-10,-0.09214520135636908,-0.7409592791148589,0.23350519278919785,1.0645017676098214,r1w,4,spy_up
p10-12,-0.07083864029714128,-0.5546053676450691,-0.22859942345042272,-1.0411812957611406,r1w,4,spy_up
p12-14,0.05053587517705152,0.48360822113137947,-0.04958610637773835,-0.24593964262096188,r1w,4,spy_up
p14-16,-0.15810116649724437,-1.4775655758089,-0.17696436869855534,-1.0652149601791403,r1w,4,spy_up
p16-18,-0.03688232465307201,-0.3687137682362634,-0.15420569659547884,-0.808671285373644,r1w,4,spy_up
p18-20,0.0250493510059501,0.23835899374363842,-0.2806100802776817,-1.7922656004595814,r1w,4,spy_up
p20-22,-0.03309289466104037,-0.31667640324286955,-0.1804390643322207,-0.9233114693269762,r1w,4,spy_up
p22-24,-0.021005824140276918,-0.2207171122491312,-0.16843836673947615,-1.2458043517671882,r1w,4,spy_up
p24-26,-0.14176187969668388,-1.2668683320764988,0.062107711620130665,0.4365378606370705,r1w,4,spy_up
p26-28,-0.049096921390966435,-0.47738973687122466,0.11732737764544149,0.6528238269892837,r1w,4,spy_up
p28-30,0.01203863721400366,0.11445156024786848,-0.14830543290350404,-0.9306805695880912,r1w,4,spy_up
p30-32,0.12930569982169815,1.1572118853526738,0.0341593386421715,0.2174065541507891,r1w,4,spy_up
p32-34,0.034692823246481215,0.3328302846575155,0.0828553041496645,0.49940372319100895,r1w,4,spy_up
p34-36,0.07700572602979966,0.7144710962823895,-0.15773976802278628,-1.1962797043605211,r1w,4,spy_up
p36-38,-0.007966219259686571,-0.07152555716931447,0.21813869898556432,1.322716237083349,r1w,4,spy_up
p38-40,0.025741293312034515,0.21858671657623552,0.07620827475636174,0.48072660919689797,r1w,4,spy_up
p40-42,0.10289415486351991,0.8363502294305085,0.05863250462399162,0.33631564343313824,r1w,4,spy_up
p42-44,0.1335811059384217,1.3560087786422648,-0.0208553858039324,-0.12624911802442662,r1w,4,spy_up
p44-46,0.062437256549113536,0.5178296972810591,0.11280896579737808,0.6480585554748307,r1w,4,spy_up
p46-48,0.03756339836194825,0.3275470464593433,-0.10114266548956101,-0.5608520300149095,r1w,4,spy_up
p48-50,0.04499435896758869,0.41485102304705374,0.07922116645854638,0.49874690161347385,r1w,4,spy_up
p50-52,0.0872686569424214,0.8821629522994981,-0.1839656994593992,-1.078560737510646,r1w,4,spy_up
p52-54,0.05913498857557845,0.502821446752801,0.06519444057379137,0.3825741646129412,r1w,4,spy_up
p54-56,0.04141524602892038,0.35902141851455854,0.17329013448694733,1.1473549159473986,r1w,4,spy_up
p56-57,-0.03571186533731192,-0.3107906998929563,-0.05005682507284064,-0.2934522116715667,r1w,4,spy_up
p57-60,0.06268778596907178,0.531380061252558,0.08360954301751852,0.5412038546736063,r1w,4,spy_up
p60-62,0.05546448288389334,0.5247856217200383,0.012197403042029785,0.07664059459183985,r1w,4,spy_up
p62-64,-0.020651890505772732,-0.18651863529814597,0.12087199481515754,0.6229506002939601,r1w,4,spy_up
p64-66,0.034938348145335245,0.3536189672518392,0.18342976025943916,1.0881406844586758,r1w,4,spy_up
p66-68,0.01795783209988478,0.17097795434001337,0.1658432067033377,0.9097605133395757,r1w,4,spy_up
p68-70,0.05135313185757394,0.5297972148805132,0.14034773972226086,0.7314350524994039,r1w,4,spy_up
p70-72,0.11308609558285596,1.0658686279060476,0.04949946163892048,0.3347232612056038,r1w,4,spy_up
p72-74,0.11076168197145021,1.134304125793352,0.12645210609356408,0.6660133249387744,r1w,4,spy_up
p74-76,0.18740429396931127,2.028277434366039,-0.0787969559473954,-0.5791648011222109,r1w,4,spy_up
p76-78,0.2099375367111584,1.8805323952897435,-0.012487868470541556,-0.07906787491877355,r1w,4,spy_up
p78-80,0.03698026491352335,0.3882262151502025,-0.049006259308940384,-0.27207436395023815,r1w,4,spy_up
p80-82,0.07455365637763016,0.7169618903775032,0.0016840950875600163,0.008951373876082202,r1w,4,spy_up
p82-84,0.12662322837344472,1.2165094248428088,0.10059583392478218,0.556721236020041,r1w,4,spy_up
p84-86,0.12050965330281883,0.9539901850353016,0.05339066655627446,0.33235653669742166,r1w,4,spy_up
p86-88,0.18621277231187,1.431162043369624,0.07964982176114273,0.41379542182201684,r1w,4,spy_up
p88-90,-0.12156959023147235,-0.9077023647901707,0.20595558551370607,0.9922801858441819,r1w,4,spy_up
p90-92,-0.09252073891027647,-0.5930698845524222,-0.009075993378941096,-0.04621584297091366,r1w,4,spy_up
p92-94,-0.04553553607358696,-0.2547874867130029,0.514765662702937,2.1855436867721494,r1w,4,spy_up
p94-96,-0.2960822585100679,-1.342307030723054,-0.1259305551839648,-0.4666152018257147,r1w,4,spy_up
p96-98,-0.028859731840172646,-0.09172478824278057,-0.003890860093525364,-0.010631939415245959,r1w,4,spy_up
p98-100,0.06777789540575356,0.16417024325157198,-0.04361681324771856,-0.07759772745944801,r1w,4,spy_up
r1-5,-2.1650137004492294,-1.520349691565984,1.6877888485957695,0.3394977047083973,r1w,4,spy_down
r6-10,-0.9972516826193206,-1.0111460023241112,1.405054651612153,0.6962041597521015,r1w,4,spy_down
r11-20,0.5078554546629356,0.5396244150696456,-0.8317185796936183,-0.7627359948795103,r1w,4,spy_down
r21-30,0.396446286347647,0.4471281345752975,-3.4889780396178356,-3.6977441540162426,r1w,4,spy_down
r31-50,0.805088922297246,1.052631231580166,-0.8102182945170117,-1.1949846004612723,r1w,4,spy_down
r51-75,1.3985696211558047,2.058803733816016,-0.5653915266582505,-0.4559971066573238,r1w,4,spy_down
r76-100,0.18328329300440843,0.3388491743862311,-0.12542237742975468,-0.2371503286752949,r1w,4,spy_down
r101-150,0.34925660130256925,0.7258912301829036,0.41510973942674695,0.43759394910602567,r1w,4,spy_down
r151-200,-0.14575716227432423,-0.4339197611750128,-0.12159109706747645,-0.22025623749843543,r1w,4,spy_down
r201-300,-0.09819478516995256,-0.3628445853667266,-0.24560127527768344,-0.3816861741657596,r1w,4,spy_down
r301-500,-0.36562956795727103,-1.50130720347416,0.010116468560788898,0.01951392130117023,r1w,4,spy_down
p00-02,0.17200680216616612,0.2678611217586135,-0.6457932701195813,-0.8890499529902904,r1w,4,spy_down
p02-04,0.8680968117228125,1.4501366254483903,-0.5938042137591176,-0.7004467917410371,r1w,4,spy_down
p04-06,0.319116199477359,0.5835081825930591,0.6049947078294459,0.6243574685867104,r1w,4,spy_down
p06-08,0.18554605504253752,0.5222492726550019,-0.5812287441415244,-1.1457357570927647,r1w,4,spy_down
p08-10,-0.36303044744861646,-1.23882333789801,-0.6666055932303429,-0.8147957331217592,r1w,4,spy_down
p10-12,-0.17305803863324878,-0.5712235131855719,0.904172778855862,1.3552681051338484,r1w,4,spy_down
p12-14,-0.09359655476963546,-0.32635134330497484,-0.15077260610297916,-0.23969921861374163,r1w,4,spy_down
p14-16,-0.24703336805385642,-0.7773767956984572,0.22691018154954293,0.3673447943510306,r1w,4,spy_down
p16-18,-0.2618889720330002,-0.8263778320036202,0.34145428238509035,0.89339130252377,r1w,4,spy_down
p18-20,-0.32421400990113747,-1.051977524484716,-0.9004435784372344,-1.5459040921141787,r1w,4,spy_down
p20-22,-0.5646380951587527,-2.1843912772862337,-0.3972861580154947,-0.8805611603917958,r1w,4,spy_down
p22-24,-0.37704855301248724,-1.3025437237462294,-1.0436624210366772,-1.867663410869953,r1w,4,spy_down
p24-26,-0.6096191043659109,-2.3887444141534653,0.5254157220749188,1.088435575878125,r1w,4,spy_down
p26-28,-0.27674253974308033,-1.441292541653147,0.8578617793644843,2.405978206197203,r1w,4,spy_down
p28-30,-0.42143841012273264,-1.8033268937266747,-0.2582129233443762,-0.4884168141986362,r1w,4,spy_down
p30-32,-0.22078612310897575,-0.7978421988787412,-1.116865265651395,-1.7849813375299297,r1w,4,spy_down
p32-34,-0.25693233207258304,-0.9606286802067802,-0.06346497278291284,-0.21097998083225522,r1w,4,spy_down
p34-36,-0.46408702173827326,-1.8802626370631703,-1.4574520196265368,-2.49633710426151,r1w,4,spy_down
p36-38,-0.6192498349778506,-2.750089389687247,-0.31166655127866705,-0.9421668061074812,r1w,4,spy_down
p38-40,-0.615396813078951,-2.501620496475572,-0.5855596994298333,-0.851176602217529,r1w,4,spy_down
p40-42,-0.449706175249303,-1.9344702758537564,-0.5001934083335294,-1.7018637738499647,r1w,4,spy_down
p42-44,-0.41495195005022817,-1.9127481749804145,-0.39812859609658313,-0.7466442249092037,r1w,4,spy_down
p44-46,-0.5051823510251314,-2.0949540281934333,-0.6592675489018479,-2.3769518674919436,r1w,4,spy_down
p46-48,-0.3591310889075033,-1.7253860696010157,-0.541584785153735,-1.8175474143116588,r1w,4,spy_down
p48-50,-0.09493822307430134,-0.3647153389121024,-0.8649464465888034,-2.045722876591384,r1w,4,spy_down
p50-52,-0.6003961703956854,-2.75377694238797,0.19580038164698754,0.3018222747106907,r1w,4,spy_down
p52-54,-0.2808171464994262,-1.4514200976519258,-1.1034432371793268,-3.8397802676505717,r1w,4,spy_down
p54-56,-0.31001572964534324,-1.4195780421030841,-0.6660906204070982,-5.245076041332961,r1w,4,spy_down
p56-57,-0.1031189865850988,-0.5934260213697871,-0.7475827165818,-1.0858669242723655,r1w,4,spy_down
p57-60,-0.14470062592832925,-0.8116065475266327,-1.7159800799476477,-3.3417353150601534,r1w,4,spy_down
p60-62,-0.17924205399533494,-0.6611034216119382,-0.17011908212245955,-0.3976877283328822,r1w,4,spy_down
p62-64,-0.12781322493934355,-0.6762754372218996,-0.580240253319285,-1.3886684185265554,r1w,4,spy_down
p64-66,-0.4314591964638373,-2.097975877173656,-1.0408111337662118,-2.5835167933773824,r1w,4,spy_down
p66-68,0.234301806631607,1.2785713489263866,0.18299487706155693,0.2712677965824066,r1w,4,spy_down
p68-70,-0.2828830440640551,-1.038169732293566,-0.09994603845454077,-0.18957576822156164,r1w,4,spy_down
p70-72,0.09395428540369131,0.41937231586782525,0.31488398907152987,0.6951350148688903,r1w,4,spy_down
p72-74,0.11904347164281998,0.5948341442407361,-0.6008138099339765,-0.8581975581261417,r1w,4,spy_down
p74-76,0.10937486842573824,0.3915431444296502,0.28487306005897867,0.7329790528698023,r1w,4,spy_down
p76-78,0.0539615848387872,0.2249007871197131,0.320345682449946,0.642566419045249,r1w,4,spy_down
p78-80,0.07092194341913259,0.3023376645070622,0.4803500418172676,1.036130242031875,r1w,4,spy_down
p80-82,0.18451650333757522,0.8105529651630731,0.4625329189981517,0.5051408435553298,r1w,4,spy_down
p82-84,0.039526992017107694,0.13200740972310598,0.32626272423789177,0.47847249034108824,r1w,4,spy_down
p84-86,-0.014166938531548394,-0.044626661578620844,0.38587820744220963,0.771943939723878,r1w,4,spy_down
p86-88,0.46633595545511697,1.3652903848475284,1.547587941366927,2.437379760580992,r1w,4,spy_down
p88-90,0.5618985257887131,1.4688576691476267,0.8757863985725766,1.5073956268907516,r1w,4,spy_down
p90-92,0.5088191581175209,1.0201317822924065,1.0079038596047565,1.7241231073107028,r1w,4,spy_down
p92-94,1.222934082532793,2.316114863777448,1.3762225463256952,1.179864116303731,r1w,4,spy_down
p94-96,1.0660566393299764,1.7496437686004707,1.439748337303779,1.5179005678900883,r1w,4,spy_down
p96-98,1.6167072769569746,2.4007359559537176,2.4153908773722255,1.6333415336814927,r1w,4,spy_down
p98-100,2.278540265453872,2.6695087016111287,3.3629082325311246,2.8848948121111655,r1w,4,spy_down
r1-5,-2.5004356163167216,-1.902288466772197,-5.194909986928236,-2.3835871258456245,r1w,4,disp_high
r6-10,1.038305370301127,1.079440371827883,-2.684648618644306,-1.7416905841624746,r1w,4,disp_high
r11-20,0.9339658678777439,1.2077461775609024,0.0029102336024040593,0.0018005093663327313,r1w,4,disp_high
r21-30,0.7234701574811063,0.7836811862096333,-0.00621579302834421,-0.005093668864075075,r1w,4,disp_high
r31-50,0.5086999051697317,0.9860290533680042,-0.34519396423044646,-0.40398679549557953,r1w,4,disp_high
r51-75,0.8425718973198332,1.7786313897641033,0.09290340181127248,0.12033728516053771,r1w,4,disp_high
r76-100,0.09668113421882818,0.2456281784604646,0.24072028645494992,0.3810257038170878,r1w,4,disp_high
r101-150,0.05478606466880537,0.19207268814124226,0.4477739825670496,0.6616326115600477,r1w,4,disp_high
r151-200,-0.10568687111312991,-0.4375290401204718,0.2548000686587793,0.6042618547326926,r1w,4,disp_high
r201-300,-0.09239113456431616,-0.5322655496729308,-0.05013133328552784,-0.18935189495389207,r1w,4,disp_high
r301-500,-0.2107909851296226,-1.6351732599225386,-0.26611219430474997,-1.6043585347657885,r1w,4,disp_high
p00-02,0.4309219283732388,0.6829818298286399,-0.8363909358248545,-0.8775036174110595,r1w,4,disp_high
p02-04,0.5566537518019106,1.3654741379828075,0.27812027342045526,0.3842210562880446,r1w,4,disp_high
p04-06,0.10548773813465026,0.33031555327086315,0.30241799153146615,0.5298019168684239,r1w,4,disp_high
p06-08,0.01650600407114955,0.0648833012810573,0.042261671431756166,0.11539268796532555,r1w,4,disp_high
p08-10,-0.19618188856582308,-0.9371651144584328,0.19842296307738577,0.6308566537305462,r1w,4,disp_high
p10-12,-0.1341612641475835,-0.703215470444821,-0.24453187784649477,-0.886531725899873,r1w,4,disp_high
p12-14,0.07254793982135949,0.42949074688525707,-0.1170805133478468,-0.45060190890465723,r1w,4,disp_high
p14-16,-0.2836862853717417,-1.5156555656206292,-0.3164732990788822,-1.3033174378201706,r1w,4,disp_high
p16-18,-0.1911769006913789,-1.1999580012437456,-0.27673248951162566,-1.3113832896000845,r1w,4,disp_high
p18-20,-0.20422128150872593,-1.3126057441362622,-0.26101661399591947,-1.2777463497109562,r1w,4,disp_high
p20-22,-0.1614274435046266,-0.9814900800422398,-0.16206308805490727,-0.6794467722025406,r1w,4,disp_high
p22-24,-0.14547637625439397,-0.9970610540689177,-0.15747837947943066,-0.8467316342051845,r1w,4,disp_high
p24-26,-0.4223773621397597,-2.7775546855677953,0.028190134593144733,0.18510634645660792,r1w,4,disp_high
p26-28,-0.11849757354482279,-0.804578425075333,0.3495673769723162,1.4166087886277972,r1w,4,disp_high
p28-30,-0.04996836999301989,-0.3261454052948273,-0.021045386000103618,-0.10305760541573458,r1w,4,disp_high
p30-32,-0.04471855317193771,-0.24161389650591375,0.24341877792530883,1.2292208850440622,r1w,4,disp_high
p32-34,-0.0164646700459376,-0.11029490463023868,0.01802855631114887,0.10183974372235541,r1w,4,disp_high
p34-36,-0.11075541291619365,-0.7455718384736282,-0.08555167355026727,-0.4705369826788365,r1w,4,disp_high
p36-38,-0.3096343938265936,-2.1260897820095814,0.22501782732831832,1.0921247324761774,r1w,4,disp_high
p38-40,-0.24892857191232085,-1.4509570762346418,0.10205245071125683,0.5049960191989898,r1w,4,disp_high
p40-42,-0.15285294333697103,-0.8768462158699166,0.2446548797194066,1.222837528170172,r1w,4,disp_high
p42-44,-0.04567378297171622,-0.37601976741600396,-0.09851966987511919,-0.49975892512730113,r1w,4,disp_high
p44-46,-0.2492063495642007,-1.535568577568273,-0.17675295970354443,-0.7917282286637458,r1w,4,disp_high
p46-48,-0.20319875199505752,-1.2799790429576314,-0.10911025899829314,-0.5044481761567974,r1w,4,disp_high
p48-50,-0.2217516932370349,-1.685426933965952,0.09604150983926903,0.4909424650881789,r1w,4,disp_high
p50-52,-0.2051565992993919,-1.5562282610469031,-0.217172417190574,-1.0082358392688893,r1w,4,disp_high
p52-54,-0.10723508109695336,-0.78741887599649,0.19184235472502947,0.9245406593665931,r1w,4,disp_high
p54-56,-0.12243796986646235,-0.7699808318999386,0.2391220657796307,1.2467461859258728,r1w,4,disp_high
p56-57,-0.24464778424978773,-1.7676011381895114,-0.08413631896644275,-0.4277487816452445,r1w,4,disp_high
p57-60,-0.10422826496218332,-0.7267630205036754,0.03711668648191523,0.19597109306524255,r1w,4,disp_high
p60-62,-0.14634918631786245,-0.9885525373939807,0.057823060427984706,0.30578276522785164,r1w,4,disp_high
p62-64,-0.08575956007942173,-0.6040367569933103,-0.056803344219361215,-0.1973403985100418,r1w,4,disp_high
p64-66,-0.24086277651065843,-1.679312733208285,0.06383120549838893,0.31550715990669814,r1w,4,disp_high
p66-68,-0.03473869166633858,-0.25988076473679056,0.237822165857429,0.9417223012553352,r1w,4,disp_high
p68-70,-0.21800973055360215,-1.4139510623254965,-0.019072533321127114,-0.07284162438376514,r1w,4,disp_high
p70-72,-0.12060397424611147,-0.8432001948103723,0.07464254055577058,0.37866979610191287,r1w,4,disp_high
p72-74,0.02380719148820007,0.17656663761309427,-0.0009368553824739992,-0.0032993199490010464,r1w,4,disp_high
p74-76,0.11866628273032741,0.8181134080505231,0.01410470763750606,0.07877514697443189,r1w,4,disp_high
p76-78,0.005707383772771719,0.03746433541488367,-0.06315933476449732,-0.23278624568122913,r1w,4,disp_high
p78-80,-0.052711357517085264,-0.35758515039731364,-0.0835386138926499,-0.3522930479728453,r1w,4,disp_high
p80-82,0.015943131296665657,0.11573447624560727,-0.07425913125128535,-0.31481464387253855,r1w,4,disp_high
p82-84,0.005274733208213129,0.03208701281549432,-0.09306493323191817,-0.3787648208693233,r1w,4,disp_high
p84-86,-0.026359201312858717,-0.1479871847931964,0.04699337014879721,0.19246603053322858,r1w,4,disp_high
p86-88,0.3156648556836157,1.7273220682740387,0.23660789021338513,0.988146343478792,r1w,4,disp_high
p88-90,0.12231521074997549,0.5700225234173465,0.08729205130418126,0.40670023199422334,r1w,4,disp_high
p90-92,0.2545695376279114,1.0255167842028543,0.22246366790319463,0.9179313558874108,r1w,4,disp_high
p92-94,0.46992352248856806,1.7353097535976945,0.41090136658302606,1.6658783876329788,r1w,4,disp_high
p94-96,0.38963545314259923,1.1428317830792205,-0.18246825607043207,-0.6004604651096306,r1w,4,disp_high
p96-98,0.9184103038004064,2.0469062190320093,-0.0027083500394235772,-0.005985907250453723,r1w,4,disp_high
p98-100,1.3934545459223389,2.4713981782930885,-0.3125821601717224,-0.5731740445872543,r1w,4,disp_high
r1-5,-2.568537552286305,-2.482315615017619,-1.4694388346008755,-0.755375822986006,r1w,4,disp_low
r6-10,-3.4882240100987234,-5.192151258526964,-2.1609359506259507,-0.994225797099974,r1w,4,disp_low
r11-20,-1.2066607603384687,-2.1300682583696906,-1.3771462075612444,-1.4485649124058357,r1w,4,disp_low
r21-30,-0.5728578871203783,-1.1825633595193712,-1.4856447841107103,-1.7103397927088013,r1w,4,disp_low
r31-50,-0.832608705103123,-2.5790635930308685,-0.8282090052311598,-0.9812714002978978,r1w,4,disp_low
r51-75,-0.7428475135780193,-2.256063123531768,-0.8738517794858642,-1.3527548611169682,r1w,4,disp_low
r76-100,-0.3736254091369268,-1.4152363627837332,-0.5098752886957518,-0.9365271991983966,r1w,4,disp_low
r101-150,-0.20314110922297499,-0.9956410579851261,-0.34531926080760666,-0.809394696239312,r1w,4,disp_low
r151-200,-0.18525613365876145,-1.0897194971371282,0.19937929095853132,0.5003733507581524,r1w,4,disp_low
r201-300,-0.002862948446855122,-0.024809720411184306,-0.024832204272731813,-0.11044169227855455,r1w,4,disp_low
r301-500,-0.05505320821585834,-0.6658826971409163,0.01786807156228127,0.07434199163424426,r1w,4,disp_low
p00-02,-1.3617269533928258,-3.5091594809581506,-1.108578227107778,-1.278816989860346,r1w,4,disp_low
p02-04,-0.5355198660723267,-2.0765875558284765,-0.9123224555324654,-1.7732292228022095,r1w,4,disp_low
p04-06,-0.40014824953831674,-1.9537875670262959,0.16681899241314754,0.3959357998109902,r1w,4,disp_low
p06-08,0.0537062062204528,0.2891019573081192,-0.13770744118122544,-0.3553579993269723,r1w,4,disp_low
p08-10,-0.09833905057272278,-0.6569521648853693,0.09687438941219975,0.43844183292539474,r1w,4,disp_low
p10-12,-0.050017491960080464,-0.3468687733496094,0.028292433241875897,0.08182805088164927,r1w,4,disp_low
p12-14,-0.02721588265864353,-0.20580301548043847,0.02490188284374444,0.08403227606701673,r1w,4,disp_low
p14-16,-0.07214586776121033,-0.5427891606716173,0.10383264671806514,0.41859136756662874,r1w,4,disp_low
p16-18,0.0232964057346816,0.1892228130320311,0.12157217869574308,0.42982700516152056,r1w,4,disp_low
p18-20,0.10861503850008777,0.9371443667506438,-0.4365526011918048,-1.8080526223151394,r1w,4,disp_low
p20-22,-0.1182053430122826,-0.961686073483042,-0.2512838087966862,-0.8787143282179676,r1w,4,disp_low
p22-24,-0.04095684768460169,-0.3471435082997711,-0.36501435996172005,-1.6226875672198506,r1w,4,disp_low
p24-26,-0.0553285788555173,-0.44895111960323597,0.20591697785582538,0.7754729244610673,r1w,4,disp_low
p26-28,-0.07165290743485901,-0.6085762715858705,-0.05779791759895869,-0.24602135692916885,r1w,4,disp_low
p28-30,-0.09841604109526803,-0.8217931794218157,-0.35096429034090587,-1.4423658942554118,r1w,4,disp_low
p30-32,0.15937902354170694,1.4097137964452064,-0.49983323502576055,-2.2115345012895657,r1w,4,disp_low
p32-34,-0.030529999543565663,-0.238444414419643,0.1442337524180672,0.572157367437405,r1w,4,disp_low
p34-36,0.04533622755809791,0.37951937661707075,-0.5287047812295375,-2.3856378871410873,r1w,4,disp_low
p36-38,0.042436465149186475,0.33472653120218687,0.09879815541182971,0.45665847468327253,r1w,4,disp_low
p38-40,0.03844464873471014,0.3033868636148031,-0.09724755487356472,-0.4468366712113482,r1w,4,disp_low
p40-42,0.13213558754981997,1.021427236074924,-0.31998380077797883,-1.681315337123513,r1w,4,disp_low
p42-44,0.09080536415209506,0.7117249074932694,0.010889317132714278,0.05846030372010249,r1w,4,disp_low
p44-46,0.1395769024704219,0.9973301122304917,0.36244965053332523,1.4523833328234481,r1w,4,disp_low
p46-48,0.11357268515352929,0.9497948030067207,-0.1810040925284241,-0.929672273912833,r1w,4,disp_low
p48-50,0.24678180442764056,2.121578451006216,-0.13990434239985802,-0.694522259304411,r1w,4,disp_low
p50-52,0.09879870248867295,0.8552703853054844,-0.05844597830021015,-0.25283163482351073,r1w,4,disp_low
p52-54,0.08582174454820135,0.6066678107147742,-0.3556466127613629,-1.4210893355199736,r1w,4,disp_low
p54-56,0.06117473216361004,0.5508358126584599,-0.09344757973251092,-0.5590833230674316,r1w,4,disp_low
p56-57,0.13890539076077796,1.0000692889597502,-0.1461911733285672,-0.5683635798895029,r1w,4,disp_low
p57-60,0.1419276733249018,1.101989134006655,-0.22298806456286976,-0.7401895354531131,r1w,4,disp_low
p60-62,0.15756700758782138,1.299337102018338,-0.09002848881352495,-0.37757781511396854,r1w,4,disp_low
p62-64,-5.245265613564495e-05,-0.00041991045633236096,0.22701045728442001,1.2079858331653668,r1w,4,disp_low
p64-66,0.11731136189239587,1.1122328470360021,0.09922615270940992,0.35347548939080664,r1w,4,disp_low
p66-68,0.15358034766423803,1.2506272219211731,0.06762847211132282,0.27828156605705595,r1w,4,disp_low
p68-70,0.17939996803672228,1.6444367743904513,0.3160190681952986,1.6092247151689103,r1w,4,disp_low
p70-72,0.3304726566382653,3.007363560676722,0.06885949367356882,0.4115246032790112,r1w,4,disp_low
p72-74,0.19769407144731993,1.7090141372458014,0.15608493107123017,0.6994659779992694,r1w,4,disp_low
p74-76,0.22293093884617837,1.8965554127396416,-0.13489861494542002,-0.7720521899066121,r1w,4,disp_low
p76-78,0.3452652404170085,2.8782993328498567,0.12801321510101402,0.5368198105532503,r1w,4,disp_low
p78-80,0.1366175925801278,1.1413737799448322,0.10933733878379531,0.41868286299801183,r1w,4,disp_low
p80-82,0.1741158704505798,1.4446286143915246,0.20440013727225692,0.6351002836076074,r1w,4,disp_low
p82-84,0.20922191321518582,1.5448302082250451,0.4210817923835191,1.5717152461568595,r1w,4,disp_low
p84-86,0.20899424347646114,1.3446477257643725,0.13122564579841853,0.5681205716195827,r1w,4,disp_low
p86-88,0.17157336073076543,1.1119258207386422,0.16145492214365187,0.41732257742609924,r1w,4,disp_low
p88-90,-0.0880330682218252,-0.6048910199785108,0.5123069572703868,1.5215369941023178,r1w,4,disp_low
p90-92,-0.1905387336269776,-1.0788362549517911,-0.1260155449191266,-0.35168448305856265,r1w,4,disp_low
p92-94,-0.04375537115079135,-0.21985229860047045,0.8398407469323471,2.3499847677757693,r1w,4,disp_low
p94-96,-0.42139048885148833,-1.5729747304468682,0.2779356203771257,0.7478540373378181,r1w,4,disp_low
p96-98,-0.2946390046222799,-0.946409835176811,0.49497836447807236,0.7732259972274103,r1w,4,disp_low
p98-100,-0.34034289722304284,-0.7523732183054843,1.041442824633565,1.449246270567275,r1w,4,disp_low
