band,dev%,dev_t,hold%,hold_t,score,h
r1-5,-0.18772792660291962,-1.0259285436471397,-0.05806598917186605,-0.12251453041267046,live_proxy,1
r6-10,0.008508631386398036,0.04632765620771847,0.31682205114704537,0.9525460412722065,live_proxy,1
r11-20,0.02621441448881752,0.18047386448367744,0.1283178626453977,0.441237960557875,live_proxy,1
r21-30,-0.01349246937718984,-0.0987457353506083,-0.2524527103690373,-1.1588638047106423,live_proxy,1
r31-50,-0.017772331446095923,-0.1643789594742547,-0.025926505031850285,-0.13123175546030458,live_proxy,1
r51-75,-0.013553808940889402,-0.1187107104466394,0.015590082293584641,0.09049664872360096,live_proxy,1
r76-100,-0.021797972256602013,-0.22071000025693305,-0.08896481067067379,-0.6134154307436329,live_proxy,1
r101-150,0.0157922616900168,0.1858979908313079,0.016234650174388583,0.12261019936996669,live_proxy,1
r151-200,0.032071857755032296,0.4246735076063922,0.06058128607204464,0.5134017994668751,live_proxy,1
r201-300,0.022495620971377108,0.32667775079089223,-0.07852469928743236,-0.8841361905506924,live_proxy,1
r301-500,0.04684446202310875,0.8582147070749124,0.018618654660461444,0.25012027479056054,live_proxy,1
p00-02,-0.009825523984136985,-0.08932526985292547,-0.009685898600544276,-0.0539386611609815,live_proxy,1
p02-04,-0.02695327299489351,-0.2582872222588808,-0.020745203300134327,-0.14428160581939045,live_proxy,1
p04-06,0.013020648022668831,0.14529118276393405,0.06754534771881845,0.5462062751517892,live_proxy,1
p06-08,0.018418482604103625,0.23389750822033578,-0.016556835679988544,-0.1483735531324381,live_proxy,1
p08-10,0.02406766766830058,0.30651889448710673,-0.10427869329346538,-1.0279822945096952,live_proxy,1
p10-12,0.06012403992577987,0.8617944896315964,-0.02125296111282744,-0.2185343666728288,live_proxy,1
p12-14,-0.04671006271753225,-0.6621339047264853,0.08488942823367647,0.9098492355961812,live_proxy,1
p14-16,0.03683279717628808,0.5814470366782973,0.0025772046113068737,0.027095780835123855,live_proxy,1
p16-18,0.0742745742803678,1.129738313243272,0.003480659548050085,0.0396801935313279,live_proxy,1
p18-20,0.04614863986609429,0.7164234101391402,-0.022113668008242184,-0.2746769108700631,live_proxy,1
p20-22,0.042454896619497785,0.7350982912718953,0.1162053831258207,1.2874603511773826,live_proxy,1
p22-24,0.035842844341210545,0.6158028819048381,0.1023818112870342,1.2540023018651623,live_proxy,1
p24-26,0.02034970680745005,0.3722149354409453,0.09767544690549848,1.2539481666359948,live_proxy,1
p26-28,-0.0135421584190688,-0.2488255701612705,0.08783967589579882,1.1023888766224974,live_proxy,1
p28-30,0.07416562087542232,1.4624121701281878,0.09934449002924768,1.342326565893265,live_proxy,1
p30-32,0.05406775932412781,1.0572465454471136,0.16546408712091606,2.1059454139881755,live_proxy,1
p32-34,-0.024206779630598793,-0.5214473154370535,0.03437810594703966,0.44152655097601196,live_proxy,1
p34-36,-0.03420001122514262,-0.7413339054580701,0.05537813165536518,0.7162615888348204,live_proxy,1
p36-38,0.0479621181964518,1.059709383287761,0.08693791271845955,1.123396951115158,live_proxy,1
p38-40,0.005762272959451082,0.12887809471118356,0.035450411239128864,0.46286895230266145,live_proxy,1
p40-42,-0.04157478666359557,-0.9458142648942299,0.0936658730143636,1.2205372903867697,live_proxy,1
p42-44,0.012632427401514231,0.3170140875522563,0.005165208913138713,0.06902852015342231,live_proxy,1
p44-46,-0.036453041030620685,-0.879857542436324,0.0046448009579810766,0.063901392617192,live_proxy,1
p46-48,0.011489766700993104,0.2607032079466361,0.06319424318906447,0.8294606216985434,live_proxy,1
p48-50,0.02946181678272582,0.6599567261527362,0.06417562541857616,0.8416710540274244,live_proxy,1
p50-52,0.03832889237369141,0.8455547400219283,-0.08295476561558784,-1.1298695336902747,live_proxy,1
p52-54,-0.09610802329202925,-2.3306394162899853,-0.017666017500988375,-0.2866182422223085,live_proxy,1
p54-56,0.024289854907765116,0.5113185717630261,0.09578747570771462,1.4798193639140518,live_proxy,1
p56-57,0.005011416708636068,0.11319733666860089,-0.06732863254046337,-1.2600140544508587,live_proxy,1
p57-60,-0.00556346146457008,-0.13193611195021476,0.01626387410288667,0.26854701057947283,live_proxy,1
p60-62,-0.03872209192873595,-0.9697391983064899,0.02911051000573596,0.437230204801731,live_proxy,1
p62-64,-0.11029409615641741,-2.62453902813,-0.04396920798252023,-0.6773215519787544,live_proxy,1
p64-66,-0.07804342693508874,-1.9229491470733775,0.1145913041453149,1.775638482421261,live_proxy,1
p66-68,-0.040342901661516724,-0.9898540943216529,0.03285128773174549,0.4787151390049416,live_proxy,1
p68-70,0.018837482552060643,0.43091939425332215,-0.12849126594034752,-1.9780032695902823,live_proxy,1
p70-72,-0.005929940059133783,-0.1391520991901098,-0.03634556194506592,-0.5653020976264829,live_proxy,1
p72-74,-0.005676870730701726,-0.13424290117684207,-0.07587812370049443,-1.06389998094808,live_proxy,1
p74-76,0.03819086866755567,0.7001237273159073,-0.10282820917196002,-1.3614154443628783,live_proxy,1
p76-78,0.01587411951759524,0.30158165523740765,0.02499189031409733,0.3300035456850553,live_proxy,1
p78-80,0.019165223701454095,0.37903565527179073,-0.06573559336706007,-0.7167539669340187,live_proxy,1
p80-82,0.05275129854725864,0.8386382815628857,-0.14358162859352347,-1.8618946266353853,live_proxy,1
p82-84,-0.00858907109747152,-0.1292654343196685,-0.03011353688533411,-0.34635110529954766,live_proxy,1
p84-86,-0.012431930018107946,-0.18111311331223062,-0.1114197628324898,-1.1841014163004695,live_proxy,1
p86-88,-0.005743904759959299,-0.07731364647805994,-0.17305070029380187,-1.8249030007670826,live_proxy,1
p88-90,-0.026758112194392388,-0.3083899214153752,-0.13211099981791738,-1.2355987596282663,live_proxy,1
p90-92,-0.018075964628623473,-0.18850782106767752,-0.00082123747741994,-0.0061601056067878655,live_proxy,1
p92-94,-0.08427949288746803,-0.807613860191841,0.03653312699763133,0.2574485583904785,live_proxy,1
p94-96,-0.0361110534290857,-0.28278789214837174,-0.004353839296194369,-0.02850330509451686,live_proxy,1
p96-98,-0.11018311137742091,-0.7512450282870788,-0.06607142879774237,-0.3848120410411511,live_proxy,1
p98-100,0.09859829366868117,0.5766332863848651,-0.1451230369074884,-0.7133171166073526,live_proxy,1
r1-5,-0.2617534668193727,-0.8815030543788577,-0.12611742022463146,-0.18173293942580573,live_proxy,2
r6-10,0.2454433118334356,0.8227462308700317,0.09941470663930434,0.14363012445091877,live_proxy,2
r11-20,0.1125151522232877,0.4777752545825361,0.2977432661784855,0.6368943129460666,live_proxy,2
r21-30,-0.16943955269790464,-0.7701833672143359,-0.19730524299746421,-0.5946719574381643,live_proxy,2
r31-50,0.1709845939539728,0.943909051969515,0.11120746658396487,0.3624057713329879,live_proxy,2
r51-75,0.04872005235768932,0.3059692395245208,-0.07212867725334741,-0.26641305045513325,live_proxy,2
r76-100,0.018705920286627226,0.12968881884929953,0.045472516951075015,0.1789796824532223,live_proxy,2
r101-150,-0.012113247073125662,-0.09738885403857137,-0.10525567170771145,-0.47898791934894525,live_proxy,2
r151-200,0.04506434008081977,0.3881960802110657,0.1878443385362703,0.9571419079497924,live_proxy,2
r201-300,0.06573667373784509,0.6166549068772437,-0.07782141944458745,-0.5059783048175924,live_proxy,2
r301-500,0.1193549959046172,1.3865339849301126,0.06472135387730728,0.5253311172214065,live_proxy,2
p00-02,0.054515390831062056,0.2882834691085295,0.05767816145684927,0.18296946325449315,live_proxy,2
p02-04,0.02038718110836862,0.14001400429694294,-0.025094802831722662,-0.10535911486780002,live_proxy,2
p04-06,0.038761103246579005,0.2945017825934731,0.009283826112069545,0.04513495012318974,live_proxy,2
p06-08,0.002322504123658563,0.01891196418263474,0.07444200393716052,0.39839615579204063,live_proxy,2
p08-10,0.08537117334610526,0.7146932080683244,-0.16567471320813576,-0.9320643511579816,live_proxy,2
p10-12,0.14377751890177676,1.3470908377863862,0.012280095706445289,0.0808611424681341,live_proxy,2
p12-14,-0.04611226952269682,-0.4080776082069734,0.18661012848598915,1.2130510545089168,live_proxy,2
p14-16,0.10516416987369447,1.0449751831964345,-0.11519146809123003,-0.7783210259026057,live_proxy,2
p16-18,0.13732865805582134,1.3201825968773173,0.1508353701659535,1.0410268914268104,live_proxy,2
p18-20,0.18014255498947435,1.8220651759441047,0.14511692251894698,1.1330054901966842,live_proxy,2
p20-22,0.056278765238981204,0.6267903087545414,0.17972678814126414,1.3703533905120495,live_proxy,2
p22-24,0.13020380722096306,1.4990652311608312,0.09723234412328682,0.7253567668596614,live_proxy,2
p24-26,0.046095711710671276,0.5313519235982735,0.17779503531397908,1.5014919387309111,live_proxy,2
p26-28,-0.017603325020094478,-0.20591663230905183,0.1960426201814879,1.5257644378028703,live_proxy,2
p28-30,0.06961884064930916,0.8102208222255768,0.08186565632088068,0.7167756892308068,live_proxy,2
p30-32,0.0002723959085095688,0.003341171214386714,0.305616668025805,2.5157035895103426,live_proxy,2
p32-34,-0.023461638428082836,-0.32037900553853527,0.0975695962705322,0.8757412256920007,live_proxy,2
p34-36,0.016738492351902102,0.23851651273102584,0.16149720995816352,1.4719848624620893,live_proxy,2
p36-38,0.08133422159565322,1.219339726111249,0.13714123426784128,1.1075219537276482,live_proxy,2
p38-40,0.019005659651182866,0.2736232605180408,0.19354621118537552,1.5558543605360284,live_proxy,2
p40-42,-0.060841703927189066,-0.9403498617870314,0.09840811059157628,0.8611316114631279,live_proxy,2
p42-44,0.0230374071777287,0.3496192903681351,0.04500774808559377,0.3695177326627266,live_proxy,2
p44-46,-0.07247287252299044,-1.0967624377748044,-0.06403395703046237,-0.6241691378948676,live_proxy,2
p46-48,0.010077420692336024,0.15979547913685194,0.09209546170741637,0.7527253410082859,live_proxy,2
p48-50,0.07065609657833037,1.0402005437446398,0.08250219986038798,0.7654479927831183,live_proxy,2
p50-52,0.07322052246244495,1.117343573505077,-0.07779869842881362,-0.6529269192315865,live_proxy,2
p52-54,-0.17591589598110385,-3.0500436254386445,0.027419349308737573,0.25581604638354777,live_proxy,2
p54-56,-0.059872846141603445,-0.957238513665044,0.10265555195467077,1.1401089405432971,live_proxy,2
p56-57,-0.04493471597211045,-0.7058962538019544,-0.11632844680850235,-1.1629696448439246,live_proxy,2
p57-60,-0.02183359263651174,-0.3435581742481779,0.10363093920302674,1.074333824210703,live_proxy,2
p60-62,-0.09592447291879057,-1.5960160996711956,0.11723679467719168,1.0430088402205635,live_proxy,2
p62-64,-0.11402905912924392,-1.869735434713355,-0.06670676938960278,-0.664896118041414,live_proxy,2
p64-66,-0.10185162832255577,-1.717464643068651,0.0005493484097086384,0.005595082329488162,live_proxy,2
p66-68,-0.10601000092678729,-1.7374361051199578,0.06912711246084724,0.6632875731714146,live_proxy,2
p68-70,0.007653372266024715,0.11263000216613835,-0.21139581635527907,-2.137352849464127,live_proxy,2
p70-72,-0.039638638089952265,-0.6267764244639521,0.013600523228420975,0.15981827077228167,live_proxy,2
p72-74,-0.024368467902440953,-0.36728412201837574,-0.09856614211570791,-0.7823795116947226,live_proxy,2
p74-76,0.04221736366749642,0.5391706727336616,-0.2571504581379747,-2.070193352493931,live_proxy,2
p76-78,-0.0024771111119928093,-0.03163191856023556,-0.10122753625874056,-0.7701608836176259,live_proxy,2
p78-80,0.04443952618320108,0.5277415336567681,-0.22930282262922766,-1.6840804368866618,live_proxy,2
p80-82,0.05969209775146273,0.614520746852547,-0.15770037208240112,-1.146564174712263,live_proxy,2
p82-84,0.045434729142576555,0.47503988272786596,-0.17786610737736552,-1.2001137333499332,live_proxy,2
p84-86,0.003340066245985598,0.03056735403942654,-0.2071552893591655,-1.5267876673694187,live_proxy,2
p86-88,-0.06457634208004603,-0.5583049495171066,-0.24205196082592262,-1.450585890717996,live_proxy,2
p88-90,-0.0037179076239681167,-0.028211871832661016,-0.28452971174540526,-1.5521795793583133,live_proxy,2
p90-92,-0.07281765885474248,-0.4840734792258308,-0.14813552295683396,-0.6913020208255056,live_proxy,2
p92-94,-0.1294693078040602,-0.7389573054234251,0.06280723040268445,0.2771373714601172,live_proxy,2
p94-96,-0.13668021147853113,-0.6704451972430823,-0.0558022309366858,-0.232159439371698,live_proxy,2
p96-98,-0.26123357508192535,-1.1069711190183738,-0.15720013841771563,-0.549599665732561,live_proxy,2
p98-100,0.10984398863276783,0.3881153966977168,-0.1209488880953406,-0.3290966344203554,live_proxy,2
r1-5,0.029939540300435698,0.0526386272104938,0.5054929486406232,0.41025684417680486,live_proxy,4
r6-10,0.3572385788936486,0.7377411268314578,0.5379949105802544,0.5337856485218085,live_proxy,4
r11-20,0.2778041909103287,0.6630251298600162,1.0251022510077452,1.3970216893663172,live_proxy,4
r21-30,0.1084648117493695,0.299913116285061,0.22833892318554114,0.44380342802561557,live_proxy,4
r31-50,0.2046796478802919,0.606724218507063,0.6775986758686179,1.2257391565576758,live_proxy,4
r51-75,0.026677448875759808,0.09579635614018484,0.018779343772913466,0.040983980854377135,live_proxy,4
r76-100,-0.02964458279557817,-0.10910267487547355,0.25797621987654323,0.6462934484059256,live_proxy,4
r101-150,0.029575242333439725,0.13761228829381641,-0.13958337921802266,-0.3883060021958501,live_proxy,4
r151-200,0.15468459673600624,0.7483257942333823,-0.041998235243293845,-0.11985608558186817,live_proxy,4
r201-300,0.11146324811584743,0.6165946870211397,-0.15145828289040925,-0.5934912642988796,live_proxy,4
r301-500,0.17703049687416889,1.171819455871142,0.07945154209621878,0.4073960989560951,live_proxy,4
p00-02,0.23336560540544057,0.6557535943735461,0.6159426591125639,1.086441788511793,live_proxy,4
p02-04,-0.02923162539339602,-0.10879766549888209,0.030372944250267677,0.07704671838620432,live_proxy,4
p04-06,0.03048615987714968,0.13327546271432641,-0.00021375893869232668,-0.0006278444329075622,live_proxy,4
p06-08,0.13957961359210228,0.6625773340792547,-0.09443219522644561,-0.2798405063238383,live_proxy,4
p08-10,0.1804267096588097,0.8543687574592842,-0.16649370867468102,-0.5899358572177885,live_proxy,4
p10-12,0.17045349854532496,0.8991685805764242,-0.1060488879084062,-0.448423364158031,live_proxy,4
p12-14,-0.007316421324375754,-0.042296803189942965,0.12542338059298075,0.48187109353241653,live_proxy,4
p14-16,0.1497225233990175,0.9031132634870535,-0.27808321373420286,-1.2039967258257414,live_proxy,4
p16-18,0.22582157375855452,1.2621302026435126,0.35403639687089367,1.5873008094219445,live_proxy,4
p18-20,0.25246220331232844,1.5121417075610701,0.23683954282242375,1.2230312827462448,live_proxy,4
p20-22,0.20225067608380354,1.2569045388369848,0.2220984473228569,1.1153736801559107,live_proxy,4
p22-24,0.12650643455170907,0.7855460608614506,0.301720807786371,1.7103183986980421,live_proxy,4
p24-26,-0.04006638376136447,-0.2702302403069757,0.20549802946538795,1.0457479554424456,live_proxy,4
p26-28,0.0956115929403317,0.6477409263024972,0.22755581807204944,1.147680800223495,live_proxy,4
p28-30,0.20750587943377977,1.28652017791391,0.11575859254652587,0.6443701901839082,live_proxy,4
p30-32,0.05621645501888814,0.41737222983449646,0.4421780074386183,2.3789681060803605,live_proxy,4
p32-34,-0.02156035405048126,-0.16587352278861092,0.05117874363293509,0.30385520608664646,live_proxy,4
p34-36,0.025199277736878287,0.21520004432137155,0.3220423532541167,2.092393064588102,live_proxy,4
p36-38,0.14395615688130278,1.2625140981986518,0.2526689714072178,1.4356017464303523,live_proxy,4
p38-40,0.12493774460302098,1.058694809066029,0.1513108571554937,0.8471860788875778,live_proxy,4
p40-42,0.04575935599927669,0.4303573100717729,0.27415984708022506,1.480218357402002,live_proxy,4
p42-44,0.03466113761791444,0.3083907845727771,0.23790334836339488,1.2588938671216707,live_proxy,4
p44-46,-0.1106977414099036,-1.0000279779702297,0.13701575472141878,0.7974405419971747,live_proxy,4
p46-48,-0.05302339021810765,-0.536031127859928,0.3692599808224703,2.012356557443957,live_proxy,4
p48-50,0.014674353770896124,0.12294049086358257,0.16797570607376752,0.9849886572166059,live_proxy,4
p50-52,-0.024850669038161258,-0.2475141119483463,-0.06845269733567491,-0.41874039423320486,live_proxy,4
p52-54,-0.06201304287083351,-0.620935595986515,-0.04059866305104263,-0.28401278685402676,live_proxy,4
p54-56,-0.040466647230263636,-0.41587950286145314,0.05750106310907188,0.3787701957376652,live_proxy,4
p56-57,-0.19412138753544583,-1.8430099233049713,-0.1491219742431328,-0.930689573272668,live_proxy,4
p57-60,-0.06194111648423447,-0.6175675082472197,0.08610277487360601,0.5184921599601423,live_proxy,4
p60-62,-0.167885496657197,-1.743476242268927,0.28129419047006166,1.6637120644656767,live_proxy,4
p62-64,-0.1491811816823816,-1.6410069767869775,-0.007088380872195082,-0.042408109801734914,live_proxy,4
p64-66,-0.17530501212165453,-1.692513418069213,-0.029447643443193592,-0.18457384706124286,live_proxy,4
p66-68,-0.20538520741435906,-2.1956266113038123,0.08238589378484003,0.5439263839280066,live_proxy,4
p68-70,-0.03575186848103336,-0.3205594676274862,-0.23998642216139618,-1.3628733466890102,live_proxy,4
p70-72,-0.03247688802167255,-0.3217527221380318,-0.15830200286640767,-1.0825736544004556,live_proxy,4
p72-74,-0.09043684231091265,-0.7357398989112881,-0.2919812596864481,-1.4350503954131855,live_proxy,4
p74-76,0.07514225618453414,0.6358559522196849,-0.2739056250876965,-1.3277392087591278,live_proxy,4
p76-78,-0.0670598068050751,-0.4922101405776373,-0.35964631112267864,-1.539234004531935,live_proxy,4
p78-80,0.08039035304684809,0.5858122048549347,-0.3309644295025718,-1.4753980231211505,live_proxy,4
p80-82,0.0839829279709681,0.5205342479852176,-0.3159328678726558,-1.5287169229602038,live_proxy,4
p82-84,-0.017189107235612032,-0.10804783241571692,-0.22061294811989215,-0.8673244753429598,live_proxy,4
p84-86,-0.07323160383957548,-0.40789921428765163,-0.3064688033811276,-1.4340974052042463,live_proxy,4
p86-88,-0.11143944365687433,-0.5302833970477647,-0.3310562123934666,-1.0727375698022488,live_proxy,4
p88-90,-0.10997749938846876,-0.4363841044621649,-0.5499268859397078,-1.807139379627895,live_proxy,4
p90-92,-0.18897546150287267,-0.6753255023327832,-0.37908918223909055,-1.1073273800224086,live_proxy,4
p92-94,-0.2543953368515179,-0.8069860808068804,0.017129789006439362,0.05474722310392374,live_proxy,4
p94-96,-0.1370197848957517,-0.3654356517535768,-0.3072941319635543,-0.8088178332228547,live_proxy,4
p96-98,-0.4418813352890948,-1.021074145404731,-0.3254065236261212,-0.6478963332373102,live_proxy,4
p98-100,0.2015745873981123,0.3340901639981599,-0.029655525421393773,-0.05426758751674633,live_proxy,4
r1-5,0.48461454841338414,0.5339595203033106,0.7025950895399565,0.4009023950664209,live_proxy,8
r6-10,0.8030120374844494,1.0185180627354211,0.05713083226279667,0.03533409849165529,live_proxy,8
r11-20,0.819083365404703,1.1702993710388419,0.6984094154356827,0.566012891901701,live_proxy,8
r21-30,0.4698950818230882,0.6421847405589184,0.2567603995801871,0.27226709694483564,live_proxy,8
r31-50,0.6578128307590595,1.1164541154005285,1.1608108466768385,1.1081239795003135,live_proxy,8
r51-75,0.48197537969309184,1.0244057351818798,0.24189047790742377,0.2612227613435442,live_proxy,8
r76-100,0.10740205227538506,0.2430578888775794,0.35097981611437246,0.4062699331250492,live_proxy,8
r101-150,0.26703749573242497,0.7672498561362953,0.08554266896941293,0.12427257763951922,live_proxy,8
r151-200,0.2811877874287022,0.8302749316701068,-0.14014511659695497,-0.18988203194349268,live_proxy,8
r201-300,0.2603407405755785,0.9008080370326894,-0.16485538061893748,-0.3330004265027059,live_proxy,8
r301-500,0.33973166403922994,1.4025902810405884,0.05418309507502556,0.1641425713198466,live_proxy,8
p00-02,0.7212448994927156,1.115071310204397,0.7531241526581002,0.7223910007642648,live_proxy,8
p02-04,0.26678470870170334,0.5997642058174761,0.11545630816002517,0.14203458242317915,live_proxy,8
p04-06,0.23471511075004473,0.6387155375639841,0.22962986002024122,0.30728889832927503,live_proxy,8
p06-08,0.3839830190982261,1.0931988953324028,-0.11948090850143331,-0.19556201589476802,live_proxy,8
p08-10,0.3833013701280121,1.1652431663291563,-0.1058148830380579,-0.18968859494692086,live_proxy,8
p10-12,0.2301147541160033,0.7765955959551624,-0.1926925782658398,-0.4130345763750236,live_proxy,8
p12-14,0.19936111335082957,0.685973010483168,-0.017927859702828834,-0.04808820356687592,live_proxy,8
p14-16,0.31244683796288397,1.1575250172386957,-0.08775972139004755,-0.22021239655371588,live_proxy,8
p16-18,0.3958686477130432,1.4866059100992886,0.16414323229018202,0.5401894628108413,live_proxy,8
p18-20,0.28334468186520784,1.1380869869682564,0.14690626090367412,0.4438129273563117,live_proxy,8
p20-22,0.4631535740104171,1.8807144223774548,0.2848088541303707,1.2587905580356114,live_proxy,8
p22-24,0.09590464834938493,0.33196154624723123,0.45091006641700293,1.8052757805510105,live_proxy,8
p24-26,0.1409790394442313,0.6266712779790411,0.10417605611715347,0.29974286732983424,live_proxy,8
p26-28,0.4181629971036409,1.825116129385224,0.37436445239373284,1.099013600316443,live_proxy,8
p28-30,0.3517064706245962,1.4148353555527657,0.5923522478158992,2.6349089117884064,live_proxy,8
p30-32,0.29233870159651126,1.4006864529232732,0.6891371437047631,2.3213393622519907,live_proxy,8
p32-34,0.07366420117199163,0.3236917382613478,0.34924465985600056,1.2099867187255435,live_proxy,8
p34-36,0.2365582925405383,1.150418813076513,0.9647401241279521,2.8575826247704774,live_proxy,8
p36-38,0.22182312899850434,1.1998969803998658,0.3183273458830762,1.1167988289499533,live_proxy,8
p38-40,0.21038977758321367,1.0294023264837922,0.3843332053349337,1.5566486483967499,live_proxy,8
p40-42,0.029362034103427647,0.14725534127191434,0.6705289528780155,2.3630967362737425,live_proxy,8
p42-44,0.2553870090973008,1.4495572197238757,0.5389483514967104,1.974389640932019,live_proxy,8
p44-46,0.10756202429003066,0.6128617786352933,0.19690826252093388,0.7832025363849673,live_proxy,8
p46-48,-0.006910539359545689,-0.041671592720911074,0.26229429985891795,1.0570922968557885,live_proxy,8
p48-50,0.05358605347743225,0.2640667184439329,0.28674908337818683,1.219538135348038,live_proxy,8
p50-52,-0.03527197054619078,-0.2000586989796756,0.028124158735547338,0.10106124766426038,live_proxy,8
p52-54,-0.035094915128689314,-0.22438394686540433,0.037484285060060185,0.16703521919800954,live_proxy,8
p54-56,-0.16949429970302232,-1.2393353457435432,0.2964589821714499,1.10651204830062,live_proxy,8
p56-57,-0.32007607392193826,-1.9106059699540339,-0.15076290133674625,-0.6480697831746578,live_proxy,8
p57-60,-0.14794758040009268,-0.8861832749254064,-0.14711760340194474,-0.6809161600973684,live_proxy,8
p60-62,-0.2428429393069936,-1.425832720245786,-0.14884508789198644,-0.5965612885474164,live_proxy,8
p62-64,-0.40624817324685003,-2.406381078542815,0.1919925564203029,0.8129563253255507,live_proxy,8
p64-66,-0.2725050116990806,-1.5960782602588972,0.036799081955893015,0.15107921862055954,live_proxy,8
p66-68,-0.42198966004118676,-2.8687473974930073,-0.002351997740049064,-0.01270329630738024,live_proxy,8
p68-70,-0.1303944944050364,-0.6956054180506515,-0.48551791606517014,-1.7548737073173677,live_proxy,8
p70-72,-0.20749220720492964,-1.4795892425727801,-0.32850137900756105,-1.101798479798634,live_proxy,8
p72-74,-0.2561334010735314,-1.449785206717192,-0.0705105699253652,-0.21887056859125492,live_proxy,8
p74-76,0.020963390711314495,0.10194077011258891,0.07670850327351535,0.21375551756955136,live_proxy,8
p76-78,-0.30149607156251207,-1.4624787038693383,-0.3483270387671995,-0.8151624139497639,live_proxy,8
p78-80,-0.12286900511496944,-0.5344627287198573,-0.7578301717062699,-2.140401750591849,live_proxy,8
p80-82,0.07491014332616729,0.29000511805050216,-0.6700149523960759,-1.8588424347227623,live_proxy,8
p82-84,-0.048416305418196276,-0.18319479163393132,-0.5007092896914409,-1.010659096252109,live_proxy,8
p84-86,-0.09699605688655182,-0.3208477956376826,-0.48034523150076913,-1.0846993288017672,live_proxy,8
p86-88,-0.3876749256595941,-1.0668310824598464,-0.47812078976161654,-0.8471247654151325,live_proxy,8
p88-90,-0.4742760696944525,-1.128725681319716,-0.9149884308681682,-1.747370981083781,live_proxy,8
p90-92,-0.45255927720151284,-0.8643685391259555,-0.7677447364372348,-1.3525310173527245,live_proxy,8
p92-94,-0.6056224133177494,-1.1825076775057253,-0.38330259189791605,-0.6615816772945348,live_proxy,8
p94-96,-0.41717204536627966,-0.6317453477072548,-0.9350153425565367,-1.2108250768926867,live_proxy,8
p96-98,-0.8027902733330181,-0.9541027367734811,-0.18895744159020098,-0.22723281449729174,live_proxy,8
p98-100,-0.08558335688182617,-0.07252539360296051,-0.24589719874644017,-0.26151097807379137,live_proxy,8
r1-5,1.4650885154904807,1.159880919211172,-0.8529970536482054,-0.38141013042313293,live_proxy,13
r6-10,1.7998458075687285,1.7942996883387556,-0.1215318304595726,-0.06493672835247755,live_proxy,13
r11-20,1.834382053943573,1.8452838670559992,-0.22860539247996722,-0.1424875353164421,live_proxy,13
r21-30,1.5867310680871933,1.739813444517288,1.4606719786625986,1.1612595647644899,live_proxy,13
r31-50,1.1476250001020223,1.5739886671044305,1.1007945517188609,0.7811912509919536,live_proxy,13
r51-75,0.7911797018871619,1.3718144784336674,0.4848459472116642,0.3293776093177459,live_proxy,13
r76-100,0.5751516519565589,0.97418407408054,0.7601245983800241,0.5369687756822887,live_proxy,13
r101-150,0.6068581376601325,1.4109368703347491,-0.024212955880724748,-0.02003689166276654,live_proxy,13
r151-200,0.5335637639534284,1.2177985801090465,0.09506024607456683,0.08193775513118155,live_proxy,13
r201-300,0.49593845785300883,1.2290654103933647,-0.11576962424904422,-0.14608862303947226,live_proxy,13
r301-500,0.5117035789629745,1.4683356857040648,0.04493765941055766,0.0999545687097172,live_proxy,13
p00-02,1.6020038365632272,1.9137566320879351,0.601660140214368,0.420202094666112,live_proxy,13
p02-04,0.6932815102248828,1.2212283715078016,0.4446067378198434,0.33372637721159115,live_proxy,13
p04-06,0.6636489716203396,1.4186549543134042,0.20418634792788282,0.1613296571444774,live_proxy,13
p06-08,0.5518207339398279,1.2156215488137898,-0.0009755069443442695,-0.0010011417279618274,live_proxy,13
p08-10,0.5833948188701421,1.3610522956130557,0.0969852312284529,0.11566163161537772,live_proxy,13
p10-12,0.48595312934859347,1.17368254433614,-0.23481331638296196,-0.2956509497032393,live_proxy,13
p12-14,0.5101395561832949,1.1700986622452878,-0.2551609985865635,-0.4196584414222856,live_proxy,13
p14-16,0.5801407589891198,1.4471597116112402,0.026753383108303466,0.054944998646526216,live_proxy,13
p16-18,0.5430736412823979,1.414756507872448,0.349104240815982,1.1668994930671546,live_proxy,13
p18-20,0.3760408537313834,1.0645208500887642,0.12326082210381677,0.2912809626668123,live_proxy,13
p20-22,0.4957405546253844,1.4836035498178934,0.6371533192936712,2.2411209658800013,live_proxy,13
p22-24,0.1937426479822424,0.5258014039891332,0.33422639544467947,1.0787910342315876,live_proxy,13
p24-26,0.24915868589848858,0.7033838647381596,0.25599972974242124,0.5657085417439718,live_proxy,13
p26-28,0.4548784560371037,1.5588880387558102,0.37706734805782266,0.7912228445784509,live_proxy,13
p28-30,0.33982148768825304,1.0037235518990884,0.587575266895328,2.4743197564319304,live_proxy,13
p30-32,0.5900489651439544,1.9664469911550069,1.3090231654312505,3.7254751076244297,live_proxy,13
p32-34,0.2241415516666552,0.7462146946503376,0.7579925641244267,1.928847952513209,live_proxy,13
p34-36,0.4710805842737872,1.8913046001724738,1.233131796785822,3.8617895642947118,live_proxy,13
p36-38,0.45843971530382177,1.907025148792144,0.7299733640615811,2.621413104142507,live_proxy,13
p38-40,0.4319829535528939,1.4842853025833298,0.4503656831431454,1.6584990345176673,live_proxy,13
p40-42,0.2916728041140943,1.0332779039592377,1.0657851105510425,2.790138980460481,live_proxy,13
p42-44,0.25178796890441746,0.8912873796936375,0.6536176924570078,2.1556453749200646,live_proxy,13
p44-46,0.11510929002400393,0.46686280574438666,0.3352415596319025,0.931206223653808,live_proxy,13
p46-48,0.06019863078932623,0.22550034271371597,-0.1131686914312548,-0.2672963934530807,live_proxy,13
p48-50,0.13575535796722704,0.5101670013366748,0.6654462112468176,2.026110396865465,live_proxy,13
p50-52,-0.2231872809938754,-0.867608631093237,0.28123124214992606,0.9995007097329138,live_proxy,13
p52-54,-0.09265794606484373,-0.431656306844919,-0.15997277973823773,-0.5354951458994607,live_proxy,13
p54-56,-0.3209721432429354,-1.6330833672909555,0.3349815279639412,0.951018948788561,live_proxy,13
p56-57,-0.3812325197926719,-1.5641360075204154,-0.18812140851508186,-0.7764748443044249,live_proxy,13
p57-60,-0.2738082320615953,-1.1156899079421956,-0.2251377320264336,-0.7734598712734128,live_proxy,13
p60-62,-0.37864127035261874,-1.4619028771557256,-0.2414153875615823,-0.7234173645009635,live_proxy,13
p62-64,-0.475328910751399,-2.1488606598279034,0.15654530322215626,0.4807306273931268,live_proxy,13
p64-66,-0.28660294193532576,-1.3893405773672027,-0.16065186587708621,-0.5976614092553186,live_proxy,13
p66-68,-0.4832011471915795,-2.048810350632071,0.030664447051436762,0.10508270201013119,live_proxy,13
p68-70,-0.34067986329263195,-1.2118614074519813,-0.3225608254256865,-0.8868773357749863,live_proxy,13
p70-72,-0.4472900674174462,-2.1767115532408616,-0.5918629440369739,-1.254974549626582,live_proxy,13
p72-74,-0.37721252558347546,-1.524526008631055,-0.0635407327137121,-0.13232260162704962,live_proxy,13
p74-76,-0.1181470587644859,-0.3836280949319522,-0.059605130992334374,-0.14405932517429496,live_proxy,13
p76-78,-0.26007206084341195,-0.9391829877258372,-0.29304642377656215,-0.4993593801822278,live_proxy,13
p78-80,-0.31340070612119236,-0.956077933249988,-0.6785399733846129,-1.1938877635573482,live_proxy,13
p80-82,-0.2826298023050516,-0.7977965583534478,-0.9185106406486642,-1.9763586484315572,live_proxy,13
p82-84,-0.09427654601244004,-0.29798508516929645,-0.7834906281464971,-1.210893087746481,live_proxy,13
p84-86,-0.4517296314566017,-1.1046361618048721,-0.8756863907659059,-1.2334847272838168,live_proxy,13
p86-88,-0.4906752619666292,-0.9064996053668688,-0.8968429708928098,-1.178238624977586,live_proxy,13
p88-90,-0.6874789363290702,-1.1384624914682433,-1.3028748774194192,-1.6024212903483772,live_proxy,13
p90-92,-0.9261895092099842,-1.2808013978949233,-0.9719498858186045,-1.048776520798833,live_proxy,13
p92-94,-0.8134926276773394,-1.02113652019361,-0.6786154470176737,-0.7977124638665114,live_proxy,13
p94-96,-0.8619967513646939,-0.9014712474710831,-0.6752309711606362,-0.579587775118934,live_proxy,13
p96-98,-0.9317220312982589,-0.6994257717640572,-0.9094215642787753,-0.866283249706246,live_proxy,13
p98-100,-1.0187149633207846,-0.6091618949749255,-0.44611765940277837,-0.358089850886588,live_proxy,13
r1-5,0.405435870436172,1.2497345396020079,0.2448394588903825,0.4387332664119935,m12_1,1
r6-10,-0.07464911806078922,-0.2409548132458437,-0.08338392499829261,-0.11784391154741113,m12_1,1
r11-20,0.21834676495943173,0.9159987555845338,0.11801197113747257,0.26665812312308573,m12_1,1
r21-30,0.27088566492275173,1.2701789736126037,-0.20095950771247353,-0.5029275567802628,m12_1,1
r31-50,0.13331848959556614,0.7954265326764343,-0.02903245910347521,-0.08663203451780341,m12_1,1
r51-75,-0.028582920967406656,-0.20415866766525376,0.12213656403378755,0.44667598437401734,m12_1,1
r76-100,0.11947720413691074,0.8952426296650852,0.030265235691084927,0.13436718432197378,m12_1,1
r101-150,0.08327448245239909,0.8262856460266828,0.0646078590014089,0.32842054917749103,m12_1,1
r151-200,0.012858591556753915,0.15424775836722363,0.08848230546116369,0.5579165650232326,m12_1,1
r201-300,0.05993848029021511,0.9017616447047779,0.01173343664278799,0.09783748722134614,m12_1,1
r301-500,0.0380813927477006,0.7404917746387798,0.005620141785127417,0.06822439551541984,m12_1,1
p00-02,0.16621863823200683,0.9116676700489876,-0.016826075612580194,-0.054486082005059534,m12_1,1
p02-04,0.07634656404150911,0.6026904059804645,0.07900238163209976,0.36646622407506774,m12_1,1
p04-06,0.09779201580310533,0.9292450499373069,0.11985381443350024,0.6277229409743085,m12_1,1
p06-08,0.022323218349575086,0.2564259926021725,0.09300626576134988,0.6327456576841186,m12_1,1
p08-10,0.03712192485283276,0.48325371876590195,0.044011984978013854,0.33234159564337884,m12_1,1
p10-12,0.038234088570318604,0.5277437985950076,-0.0748652453421145,-0.6625918885650532,m12_1,1
p12-14,0.09850569018406095,1.4615948376086294,0.10275255547904012,0.9365016473270021,m12_1,1
p14-16,0.06917781550871713,1.1085339631377538,-0.023873233959926746,-0.2305584737907187,m12_1,1
p16-18,0.0603700549599766,0.9737318658918894,-0.03216757223501199,-0.36967325342163515,m12_1,1
p18-20,0.003210404844565074,0.058396434952333494,0.0741134018921844,0.8071145272309851,m12_1,1
p20-22,0.014930870940002696,0.2624614565741572,0.11604497191010527,1.4032059277857885,m12_1,1
p22-24,0.05005587761208419,0.8832810798270613,-0.00384163091885349,-0.055208609622513935,m12_1,1
p24-26,-0.022763358606281568,-0.4590025285431517,0.1301171940422173,1.8571173920837591,m12_1,1
p26-28,0.007978832089856697,0.1568977688441042,0.046208117342827086,0.6791946281909321,m12_1,1
p28-30,-0.02723331353085455,-0.5790055403385979,0.013745363856617943,0.2024291895214382,m12_1,1
p30-32,-0.04618966677636187,-0.9846961199436026,0.1120868236812042,1.6855828101651211,m12_1,1
p32-34,0.009478458497809927,0.2093752781950228,-0.0157725375276141,-0.26128775321274883,m12_1,1
p34-36,-0.010193237756314765,-0.21497540383916583,0.01690950724717889,0.23568525194247766,m12_1,1
p36-38,-0.010299763490843501,-0.2426635321554073,-0.013635589327097956,-0.19271979929506197,m12_1,1
p38-40,0.06750482395061526,1.453667686229603,0.029688346528066026,0.39027202357834817,m12_1,1
p40-42,-0.0037752318931199096,-0.09258506293441755,0.0694487885077242,1.042804236349534,m12_1,1
p42-44,-0.01885993022130319,-0.4490073723853133,-0.006442718073069601,-0.09634587508730516,m12_1,1
p44-46,0.02540674781069423,0.6294583793199566,0.09282430243793817,1.337735653154337,m12_1,1
p46-48,0.014119531742280759,0.34471411201621316,0.115498146107935,1.5697396563403894,m12_1,1
p48-50,-0.007065962467278518,-0.16747084928372902,0.0894520970264983,1.4789805590376872,m12_1,1
p50-52,0.0011046326008827354,0.02690934687590009,0.0850508770265932,1.1439421960752643,m12_1,1
p52-54,-0.03435932593515305,-0.9281997625778247,0.04430392792627004,0.7839359246960897,m12_1,1
p54-56,-0.013275509738962712,-0.32638294638489335,-0.0012762007256904653,-0.0186614209245349,m12_1,1
p56-57,-0.005104835643167553,-0.12533290936594793,0.0047986806805245825,0.06701761593409049,m12_1,1
p57-60,0.009590998898152955,0.2148442579279472,0.008559076249120003,0.12011379857098307,m12_1,1
p60-62,-0.023258507877631437,-0.5568551790405335,0.08355832878830456,1.2087060721851843,m12_1,1
p62-64,-0.032410873296652085,-0.8746022324625731,-0.09792685859342215,-1.4352255742004203,m12_1,1
p64-66,-0.003669177175145564,-0.08868981820930298,-0.07755524182690725,-1.125065423773076,m12_1,1
p66-68,-0.0027481768680590007,-0.0635789523691845,0.002922646138405005,0.03552378162712313,m12_1,1
p68-70,-0.030449673209805544,-0.6655758946898168,-0.006599096092243126,-0.09868669607829764,m12_1,1
p70-72,-0.0073691041798554765,-0.1546107315064924,-0.07530198618083954,-1.052380143945423,m12_1,1
p72-74,-0.06108686534156997,-1.2241952392219018,-0.02207763506923017,-0.29218894666329814,m12_1,1
p74-76,-0.015545019372303326,-0.32235531269153317,-0.0017985141060822972,-0.024626646452452605,m12_1,1
p76-78,-0.023643596841906176,-0.47081404388083337,-0.21528986693940552,-2.7458840702633656,m12_1,1
p78-80,-0.011113049448644892,-0.23429046916840712,0.034867646990730056,0.44162782190513244,m12_1,1
p80-82,-0.0448090514128987,-0.8037918581317387,-0.10310830601198494,-1.092181424426629,m12_1,1
p82-84,-0.09003292877846825,-1.3918448453008565,-0.13098893400915007,-1.5688789268528696,m12_1,1
p84-86,-0.058142959329653986,-0.8448419824744356,-0.07212034697232785,-0.7699875822588617,m12_1,1
p86-88,0.011399795263217988,0.14821630080479617,-0.13793750230627155,-1.380948583311083,m12_1,1
p88-90,-0.145764939752905,-1.7445265286031202,-0.09990398708177291,-0.8737529423717464,m12_1,1
p90-92,0.025306310751203546,0.2563944753231162,-0.046425352563849595,-0.3888400661919942,m12_1,1
p92-94,-0.1578468614107498,-1.479931518865861,-0.1118113567976309,-0.8950204435470555,m12_1,1
p94-96,-0.02822861850543469,-0.2289678253380514,-0.04065827942700734,-0.2702497487924459,m12_1,1
p96-98,-0.054221592583194755,-0.3784239291334108,-0.0656689613609143,-0.3625157196728363,m12_1,1
p98-100,0.08301509749696749,0.4788835309247681,-0.11208221571036586,-0.511307250669974,m12_1,1
r1-5,0.8771725469330592,1.5103096421427122,0.7171739772358866,0.7120974600798269,m12_1,2
r6-10,0.1568602218603669,0.3292367458333672,-1.1156457017350088,-1.1645819461649642,m12_1,2
r11-20,0.3719615865818289,0.978272084460742,-0.25405019055303985,-0.3234490457094898,m12_1,2
r21-30,0.6090188517736317,1.7105431090617937,0.053119007554204394,0.07831020422970253,m12_1,2
r31-50,0.3531588947092049,1.192448983827531,0.36328201454260656,0.6382170233880953,m12_1,2
r51-75,0.07988848033669305,0.3593380912794286,0.489785409576362,1.0236945709677914,m12_1,2
r76-100,0.23404561837824597,1.1209945713821636,-0.05215983528219943,-0.12817527182584684,m12_1,2
r101-150,0.13280162323665773,0.8239091501138854,0.24966826990698246,0.8388378672329749,m12_1,2
r151-200,0.1620794112358951,1.2572047897182261,0.23304067235093368,0.8163385463229269,m12_1,2
r201-300,0.06481766888060748,0.6174686641984266,0.05155774220028571,0.25802443107677564,m12_1,2
r301-500,0.0440523242265633,0.5553619419978972,0.13961228445067017,1.0085404906110709,m12_1,2
p00-02,0.4300534997166071,1.3916797103425849,0.06934328601321232,0.12455200581916544,m12_1,2
p02-04,0.20450241748392012,0.9841999267068104,0.2532253528453667,0.661299856469151,m12_1,2
p04-06,0.15709814879939604,0.9335911256466772,0.2846196314220169,0.9335718630818807,m12_1,2
p06-08,0.16704968047172913,1.2389840157116974,0.21484513615520617,0.8146363026582344,m12_1,2
p08-10,0.08730386461189533,0.7112902142751988,0.12435931266640754,0.5813957680866771,m12_1,2
p10-12,0.06427521591438595,0.5804001809553159,0.0102780344894512,0.05478715333956061,m12_1,2
p12-14,0.04902022409027159,0.46173270964509605,0.268445181894394,1.6885987154721467,m12_1,2
p14-16,0.0524201306507109,0.5286402300754105,0.10553768187961773,0.635088429076922,m12_1,2
p16-18,0.11543689174584636,1.170480336507901,0.11333954743859669,0.7573410788341733,m12_1,2
p18-20,0.047667137999007195,0.5675708346543719,0.170704553524893,1.2333227009264214,m12_1,2
p20-22,0.04545781235496656,0.5352559553474869,0.2871909243472012,2.3216404355722893,m12_1,2
p22-24,0.038072784884907174,0.4937802291164229,0.03477293947803329,0.30671357723204146,m12_1,2
p24-26,-0.043090152987587706,-0.539343680289829,0.324364895101698,2.715782480811804,m12_1,2
p26-28,-0.02879691364714094,-0.3635835433574903,0.15712117111104362,1.3718807985354424,m12_1,2
p28-30,0.017470869332428442,0.23822942746409334,-0.006658840361504754,-0.06057911046609038,m12_1,2
p30-32,-0.048294584922300904,-0.6299429848030161,0.18245766194710974,1.6881796051794613,m12_1,2
p32-34,-0.029647862338578163,-0.4240166343625349,0.02080626380374461,0.21026552936407422,m12_1,2
p34-36,-0.05939375616593334,-0.8546129094694156,0.044159361625446085,0.337415455608608,m12_1,2
p36-38,0.027663014249825802,0.44712746676951864,0.023722456656486417,0.20587826672099963,m12_1,2
p38-40,0.04285375175712366,0.6582983795968185,0.013560400707410974,0.11004841882948958,m12_1,2
p40-42,-0.03309559655932087,-0.48874817788434016,0.23004646359459022,2.166830370516552,m12_1,2
p42-44,-0.04805232073210168,-0.713096334282352,0.0033677960419751067,0.02795841183583727,m12_1,2
p44-46,-0.009775117530823524,-0.14966567677884593,0.06161520025211324,0.528837388561786,m12_1,2
p46-48,0.03266456624271402,0.4942271208792331,0.1529903819594404,1.232085119345346,m12_1,2
p48-50,0.005298895510832522,0.08201560145586244,-0.036499892842753394,-0.3662139706012423,m12_1,2
p50-52,0.0018265933613237665,0.028314528783014284,0.008252962323223421,0.07062019201711309,m12_1,2
p52-54,-0.041082692202632866,-0.6231755537358713,-0.057289212219569514,-0.5526665409973587,m12_1,2
p54-56,-0.0513858017152697,-0.8046979056540394,0.004776901127440183,0.0420078614094794,m12_1,2
p56-57,0.011395925155456272,0.1727772935789278,-0.0864651391431646,-0.6996424615628424,m12_1,2
p57-60,0.03681323800986048,0.5710571892924405,-0.10808976651524532,-1.0057987622616051,m12_1,2
p60-62,-0.043290902576131184,-0.6620559695765299,-0.07747552456725168,-0.6004481213473888,m12_1,2
p62-64,0.019839932538033577,0.3079823518337277,-0.09183906352551782,-0.7369023144494982,m12_1,2
p64-66,-0.043297754291077545,-0.6647304666444352,-0.1681230855123919,-1.5040124688335106,m12_1,2
p66-68,0.0010057398700881212,0.015561861521947025,-0.10833521494526682,-1.0328640049111768,m12_1,2
p68-70,-0.05467678633113705,-0.793191427961421,-0.03657287577937886,-0.33906964491854724,m12_1,2
p70-72,0.013379771167386782,0.1969658882095489,-0.06626633389479139,-0.572653324690207,m12_1,2
p72-74,-0.11802668361117859,-1.6020398639579716,-0.05194345853480626,-0.48086920527944693,m12_1,2
p74-76,-0.05797780378038576,-0.7842766625973392,-0.1848401592593623,-1.7462497897108735,m12_1,2
p76-78,-0.033784371715548385,-0.4229889763397888,-0.3399322584494484,-3.0346700105532443,m12_1,2
p78-80,-0.0747112627505913,-0.9703296422598608,-0.0435502624362219,-0.3231543366419546,m12_1,2
p80-82,-0.0014062219078322166,-0.015081477567114223,-0.22898531538867425,-1.7365290528269806,m12_1,2
p82-84,-0.17586179405521626,-1.799564902445381,-0.1932702629012823,-1.489139788834951,m12_1,2
p84-86,-0.13554062033612763,-1.3812221329421468,-0.16240200025986046,-1.10830654598616,m12_1,2
p86-88,0.03614191505335065,0.3067596442299594,-0.24094354571073318,-1.4189973616956684,m12_1,2
p88-90,-0.23150690234244087,-1.7158608913535975,-0.23077014456515474,-1.3582950340357325,m12_1,2
p90-92,-0.004963467223997388,-0.03350544796523092,-0.24283018508281903,-1.3207242889288062,m12_1,2
p92-94,-0.27663030347138245,-1.6716297316681892,-0.14395670267102154,-0.7017053992333959,m12_1,2
p94-96,-0.09397971097783818,-0.4641847020959173,-0.07137541189856042,-0.2813938772396595,m12_1,2
p96-98,-0.07437676243447809,-0.31791957349407685,-0.0184652787892466,-0.06544724300053942,m12_1,2
p98-100,0.11405409501091172,0.3949320889375821,-0.16341159789529117,-0.41368987152258824,m12_1,2
r1-5,1.6490993066887802,1.6309246654563172,0.03770406600807789,0.018536451262265673,m12_1,4
r6-10,-0.17980120141048667,-0.23052411688123614,-0.869474742962683,-0.50042198069776,m12_1,4
r11-20,0.7000388108492476,0.9360265147004295,-0.48594408600745614,-0.33919119029356215,m12_1,4
r21-30,1.3673807165539529,1.97399242090833,-0.03333302287854458,-0.026850434815606165,m12_1,4
r31-50,0.5972638943466241,1.0772654704708735,0.355907775739892,0.37859024472788894,m12_1,4
r51-75,0.46792092213940195,1.1137528598075292,0.8678601788913012,0.9612836992872906,m12_1,4
r76-100,0.3258110986095813,0.900515999406901,0.37948604573716926,0.5649827455276596,m12_1,4
r101-150,0.31833270614305587,1.096734623909856,0.49844560395874377,0.8845303439514008,m12_1,4
r151-200,0.29916440573844505,1.2382184587276663,0.4046209229961984,0.7808287582030966,m12_1,4
r201-300,0.14148873915117466,0.7666475654542099,0.09289018883074777,0.2712571080010782,m12_1,4
r301-500,0.02472755241121034,0.16239955484094531,0.32160140383078734,1.3222421622103047,m12_1,4
p00-02,0.7509841019055133,1.2780476472567734,-0.03626280481613136,-0.035040631262934115,m12_1,4
p02-04,0.6023163348149532,1.5098265758110616,0.6927965491937402,0.9643101424422007,m12_1,4
p04-06,0.2963853869904712,1.011295450426812,0.48175787590688124,0.8697664159464688,m12_1,4
p06-08,0.3196268595325441,1.272544013302624,0.4771893506189213,1.0068785212808595,m12_1,4
p08-10,0.3085895738943602,1.4609197158089438,0.15842249766458316,0.48971754338716683,m12_1,4
p10-12,0.10541447327867179,0.5254287004433288,0.045192424575184305,0.12784678183113962,m12_1,4
p12-14,0.009744207006706343,0.05387235622821428,0.554315975574323,1.793397419679907,m12_1,4
p14-16,0.08042731274634954,0.4545175237801812,0.2971116040104804,1.1081944787126465,m12_1,4
p16-18,0.1345580275779358,0.761406805071681,0.22867454776754736,0.9471582209528543,m12_1,4
p18-20,0.12343615110287873,0.8139695216478158,0.43263299141500744,2.1848802880065135,m12_1,4
p20-22,-0.02579648275755211,-0.1665709988714456,0.4357417091147677,1.8587304085255414,m12_1,4
p22-24,-0.03746603290926602,-0.26692977550783514,0.16088753358973104,0.8957249022265151,m12_1,4
p24-26,-0.08143015440707435,-0.5516398807439298,0.5412285134300086,2.567277603599808,m12_1,4
p26-28,-0.06935941277451436,-0.49796063951404623,0.3158750869027738,1.6025597734437715,m12_1,4
p28-30,-0.0429819848892383,-0.3330641420690924,0.03924667199173105,0.21919306267820504,m12_1,4
p30-32,-0.09067467610081438,-0.691470716044127,0.17006080936846707,1.14620652714655,m12_1,4
p32-34,-0.029216532429186468,-0.23067548345283492,0.15069374527467988,0.8654443228839955,m12_1,4
p34-36,-0.1355576348652849,-0.9666883602994807,0.0426672004824833,0.21820212080591328,m12_1,4
p36-38,-0.03741468483359208,-0.30248277325983897,0.07394669638521773,0.3833789657101468,m12_1,4
p38-40,0.0149822693109485,0.1283858235533554,-0.057912781406269966,-0.28684680085575415,m12_1,4
p40-42,-0.015398714502174487,-0.12157302950804429,0.2630128691737071,1.4856788522773248,m12_1,4
p42-44,-0.11411783766850912,-0.9549925154399088,-0.02489815542518182,-0.11239933289676966,m12_1,4
p44-46,-0.16085996300185829,-1.328097198230579,0.0868031065393606,0.4310768732337395,m12_1,4
p46-48,0.04693605264106778,0.4357730786925085,0.2412711929948741,1.1668861327686022,m12_1,4
p48-50,0.00031505257071887913,0.0028912637245217007,-0.03970332662618302,-0.21585130698960464,m12_1,4
p50-52,0.028274927301720043,0.2628308348211295,0.06686896114386275,0.32414185813420954,m12_1,4
p52-54,-0.0014776063172317817,-0.012763152211214738,-0.10304292524989722,-0.527243602268214,m12_1,4
p54-56,-0.09634691776790305,-0.87097043609415,-0.18756180118656263,-0.937726389818239,m12_1,4
p56-57,-0.03188857788052618,-0.2544641861499615,-0.17652702867419062,-0.8103421348747053,m12_1,4
p57-60,0.06050149571626211,0.5765026944486396,-0.3372283581626615,-1.5608312993360243,m12_1,4
p60-62,-0.0438439119866081,-0.35657848054418434,-0.1192612824203854,-0.5214086198361754,m12_1,4
p62-64,0.0148435604824322,0.13780743005785595,-0.20475243467255416,-0.9958228852473701,m12_1,4
p64-66,-0.09148142443932969,-0.7693697355762423,-0.3550967021979346,-2.1092072266659883,m12_1,4
p66-68,0.07140351211729219,0.6039065567100291,-0.26930369491722483,-1.4418789735660322,m12_1,4
p68-70,-0.03203911107705531,-0.27507682842579156,-0.2725888274131929,-1.597835908651164,m12_1,4
p70-72,-0.10191460462304949,-0.851716514561337,-0.031764194490860875,-0.16883818314845442,m12_1,4
p72-74,-0.07435056081081559,-0.6111871270933593,0.004967737471165095,0.030806483218348807,m12_1,4
p74-76,-0.0614057701262788,-0.4983563451283153,-0.43448632515468283,-2.5181195307960804,m12_1,4
p76-78,-0.06085244250462865,-0.44447607753308505,-0.4777472546267262,-2.499482815847137,m12_1,4
p78-80,-0.1519196182175932,-1.116989633904618,-0.11451050757418516,-0.5086186859215148,m12_1,4
p80-82,0.023558144618122483,0.15365986285321726,-0.4404426077449889,-2.025146881919685,m12_1,4
p82-84,-0.14876751471187213,-0.9411843774629332,-0.2594931992803509,-1.1899608805925896,m12_1,4
p84-86,-0.25913422452461404,-1.4954923096053612,-0.23855907241495783,-0.9407020199473032,m12_1,4
p86-88,-0.007584458794760083,-0.036135628423990075,-0.41667285095888984,-1.5034891191578696,m12_1,4
p88-90,-0.3145724235851108,-1.3618769044132104,-0.44703138700694695,-1.475127958471369,m12_1,4
p90-92,-0.12171190122548717,-0.4268936451907116,-0.5133870445696084,-1.65328534980785,m12_1,4
p92-94,-0.4273035704727238,-1.396199153901354,-0.5416775774641349,-1.6040355086822007,m12_1,4
p94-96,-0.2575412962359112,-0.6321858939447814,0.1087450304412366,0.2590829179032094,m12_1,4
p96-98,-0.1624503856810271,-0.3433408417012814,0.18053039911405072,0.40582624596456973,m12_1,4
p98-100,0.3039999788474504,0.532058199034012,-0.16316549501012095,-0.26353191923795455,m12_1,4
r1-5,2.1263633092316816,1.3266904966321607,-0.3597618119913834,-0.11294218034381032,m12_1,8
r6-10,0.002502688161182797,0.002011852597700821,-1.5186127817947057,-0.5018324174810086,m12_1,8
r11-20,1.1692023205710815,0.9394856224706217,-0.7222509234448086,-0.33039271874967263,m12_1,8
r21-30,2.322656802950284,1.8269937320997287,0.29690596788849755,0.12898777618746246,m12_1,8
r31-50,1.2588820911554437,1.2548366814328265,1.3171983641161253,0.7442067019123496,m12_1,8
r51-75,1.0236713736441028,1.2922152921112522,0.5597804629306612,0.3723146886320277,m12_1,8
r76-100,0.5056968023372233,0.7381272668902429,0.713696534683066,0.571066052559238,m12_1,8
r101-150,0.6344031026298825,1.237369551521367,0.9357180091882777,0.816576026553944,m12_1,8
r151-200,0.7298705912671325,1.6607083692198088,0.9205743931564943,1.0089715918833928,m12_1,8
r201-300,0.33777435257149346,1.0975308283684877,0.4198270442575566,0.6912926224494212,m12_1,8
r301-500,0.11560240251375922,0.4437166285534884,0.5513141565585595,1.338456586745423,m12_1,8
p00-02,1.3261998475151588,1.2897148095298363,0.2008400968980373,0.10983076265713397,m12_1,8
p02-04,1.092879013709649,1.4544085066885966,0.7841068081712123,0.5877396211633793,m12_1,8
p04-06,0.6982351209579584,1.2853422296973276,1.0595662549960083,0.9699233016130155,m12_1,8
p06-08,0.6234052613578478,1.3609910750345589,0.8829491979664844,0.9941001394968398,m12_1,8
p08-10,0.7109179731640491,1.9369441538648335,0.4476967008276928,0.8157032262088062,m12_1,8
p10-12,0.3445045866633606,1.083730969330773,0.46363968012960294,0.7334801937883024,m12_1,8
p12-14,0.18109462318455424,0.608360794925429,0.8051094129288505,1.4485378942918175,m12_1,8
p14-16,0.2887740186930432,0.994796393041866,0.6127789291715102,1.3635982472198607,m12_1,8
p16-18,0.21320196541705255,0.712105593675351,0.46854255302792946,1.5267479828452117,m12_1,8
p18-20,0.2397312594528171,0.9615276909810587,0.49449058409382757,1.3189649226456661,m12_1,8
p20-22,-0.12224323377407942,-0.4708582630921114,0.41099286609932495,1.3887294050229797,m12_1,8
p22-24,-0.007526613343658858,-0.030269563511580933,0.6599553984130933,2.655694878747071,m12_1,8
p24-26,-0.13197254159743105,-0.5029922763819212,0.7893713396889821,2.3750846957641,m12_1,8
p26-28,0.03962893197653372,0.14175663409686054,0.39878232755225906,1.5981098686489104,m12_1,8
p28-30,-0.12786489398905027,-0.5375555223950808,0.1514406519821613,0.4429667499484157,m12_1,8
p30-32,-0.15388511803491325,-0.6193500422409466,0.23252944556365432,0.7939690367485425,m12_1,8
p32-34,-0.09807661773658896,-0.42319306771605125,-0.02292271217320484,-0.08939777002026184,m12_1,8
p34-36,-0.1483952295341494,-0.6126115898103657,0.17310083465858372,0.6159535954628902,m12_1,8
p36-38,0.02705576277664644,0.11882922087906822,0.15697432967662425,0.49094285821859535,m12_1,8
p38-40,-0.026763633848610403,-0.12434109653222057,-0.06211907808050699,-0.17138245600455487,m12_1,8
p40-42,-0.13379363951108358,-0.5700882951951225,0.2588883725780698,0.8202386405826152,m12_1,8
p42-44,-0.1338120861836353,-0.6106681812097926,0.1918575513559227,0.5069770256909739,m12_1,8
p44-46,-0.13777375198186473,-0.6247951342521868,0.15012228883016376,0.4534368595182159,m12_1,8
p46-48,-0.132817190295062,-0.6055148484356128,0.2106338458781107,0.5852366642760033,m12_1,8
p48-50,-0.030252462928032152,-0.14820426733882436,0.060927582669844965,0.1776163118972195,m12_1,8
p50-52,0.007363225513247105,0.03417213022787159,-0.01291887562599724,-0.03566691743328951,m12_1,8
p52-54,-0.14343254258698226,-0.8270690885694642,-0.29582428662287796,-1.0317821238803435,m12_1,8
p54-56,-0.1354581197841418,-0.624378729809256,-0.2985705635607666,-0.8419991570083272,m12_1,8
p56-57,-0.05829532612597529,-0.24124925365730313,-0.162306704745158,-0.40104005664571746,m12_1,8
p57-60,-0.1729986450320767,-0.8105976501123411,-0.21376593365558666,-0.6508122765372117,m12_1,8
p60-62,-0.0960225119155755,-0.38724829296491425,-0.2889647636423834,-0.7084200697770257,m12_1,8
p62-64,-0.020502520898552742,-0.10171627595449563,-0.1713780554706293,-0.49600276205953037,m12_1,8
p64-66,-0.16569983850699277,-0.7063654257318562,-0.585557340254706,-1.7944307594559077,m12_1,8
p66-68,-0.12473982636723295,-0.5476625080102592,-0.2627914391569991,-0.8816866268117959,m12_1,8
p68-70,0.009793097621942267,0.04609279491412479,-0.48239711830186016,-1.6733949112274138,m12_1,8
p70-72,-0.11715637787325195,-0.6088987115077984,-0.39376823990486365,-1.1737783135911661,m12_1,8
p72-74,-0.044198828514155186,-0.19365290646928693,-0.23714717501408453,-0.7239115668072225,m12_1,8
p74-76,-0.17001864315762696,-0.7310450169563878,-0.7846558181838419,-2.4718783984675587,m12_1,8
p76-78,-0.10622628802746338,-0.49635875571115373,-0.6589862290207366,-1.7449044470209587,m12_1,8
p78-80,-0.06447159786501067,-0.28053444276178857,-0.48134028385096017,-1.137925671229291,m12_1,8
p80-82,-0.10174149231410251,-0.4232581599628335,-0.6737537702932566,-1.8485522977234319,m12_1,8
p82-84,-0.2039763673164015,-0.7868634673725096,-0.6795826946268142,-1.740680674188521,m12_1,8
p84-86,-0.50184676933806,-1.8772127950070456,-0.5275094761609184,-1.1681894352201425,m12_1,8
p86-88,-0.32342634849250707,-0.9389803795746166,-0.8797099187959527,-1.7788544751440725,m12_1,8
p88-90,-0.4320410979698162,-1.0676889957004656,-1.1135333951088229,-2.14104266227518,m12_1,8
p90-92,-0.2686479880669027,-0.5105379143998142,-0.9223826762065555,-1.384378206411529,m12_1,8
p92-94,-0.5970981787698209,-1.0295369555874447,-0.7933782580299751,-1.3160711786410646,m12_1,8
p94-96,-0.5087108213791997,-0.6774423092033562,0.13555489039411805,0.15580121544750825,m12_1,8
p96-98,-0.4902398282371328,-0.5247831491978733,0.6303835713314485,0.7575265644043063,m12_1,8
p98-100,0.4273962251994003,0.3842188978353484,0.177953151216167,0.15737538009464003,m12_1,8
r1-5,2.5005271002255145,1.0838459722269822,-4.76515484921486,-1.4364018796275067,m12_1,13
r6-10,0.6618469777197284,0.3697051352122592,-1.9697720731127113,-0.4421290205161739,m12_1,13
r11-20,0.819201187763777,0.5331177372910313,-0.4702272157180976,-0.13119189881381008,m12_1,13
r21-30,2.258824678448175,1.2117224814687395,-1.6156354521959477,-0.6323748245046916,m12_1,13
r31-50,1.5865794764737835,1.223358751213693,1.0875601024832682,0.46589107339111463,m12_1,13
r51-75,1.4559424338447582,1.2430312114695221,0.3921157852505337,0.20758964109790942,m12_1,13
r76-100,0.33816943063692695,0.3709983053903163,0.6834171850196111,0.43227909761511474,m12_1,13
r101-150,1.0211120958909117,1.3673331743915607,1.455904792790194,1.0240556109106547,m12_1,13
r151-200,1.0496376759232011,1.6184556429274706,1.1861238356404802,1.0437114165727066,m12_1,13
r201-300,0.6503700821955558,1.3672170646469575,1.1199426332053792,1.4587265343514657,m12_1,13
r301-500,0.14362892720921766,0.3619475341698636,0.8169563990203188,1.7709935497121045,m12_1,13
p00-02,1.446436837400926,1.0333691469035389,-0.5651055541498569,-0.21688556559570296,m12_1,13
p02-04,1.3247633476003413,1.2271413017677755,0.677025669674926,0.4052282324749936,m12_1,13
p04-06,1.0633022940104158,1.37092762624677,1.2749794198562667,0.9209593179557332,m12_1,13
p06-08,0.9236705987618702,1.394801844584107,1.432353837418602,1.324728355257427,m12_1,13
p08-10,1.1032577767150968,1.905844457076628,1.1932035285506992,1.4861830597154093,m12_1,13
p10-12,0.729732684396294,1.5688432244471866,1.375208667833352,1.6464038143155166,m12_1,13
p12-14,0.38356636526994853,0.7965089694238978,1.074764144197928,1.7782518162225738,m12_1,13
p14-16,0.5469114894688054,1.2510315627649053,0.9188641013244141,1.9779958225753163,m12_1,13
p16-18,0.3703898328693908,0.8689199720116647,0.5357896260765931,1.189462986180456,m12_1,13
p18-20,0.24572207948390712,0.6798931350407059,0.6899802472646996,1.1978567784174075,m12_1,13
p20-22,-0.22837328368527196,-0.5995788160669678,0.8137466948277235,2.0379837319282093,m12_1,13
p22-24,-0.256679882483202,-0.58798802613603,0.4054556954029754,1.194117538496991,m12_1,13
p24-26,-0.11873674256807029,-0.2682438423080793,1.0757786732191628,3.118784050815391,m12_1,13
p26-28,-0.032693138335228314,-0.08240507498050931,0.30133384921565787,0.7229147058087426,m12_1,13
p28-30,-0.08793425516029126,-0.2513098240330119,0.2000245569191652,0.39749441730740265,m12_1,13
p30-32,-0.3156783495106888,-0.7985566094786337,0.1388760126295788,0.29114326023329734,m12_1,13
p32-34,-0.15093423056655758,-0.40332742669834487,-0.13181408079165033,-0.318832860095006,m12_1,13
p34-36,0.07782712892098292,0.2125108313428488,0.1877966513292225,0.4461739878274918,m12_1,13
p36-38,-0.0371201285630934,-0.1143567123437061,0.14951460875399358,0.3215578137060212,m12_1,13
p38-40,-0.0006012023828083635,-0.0018611129454053064,-0.05648630173192958,-0.09617732464007236,m12_1,13
p40-42,-0.015491162279470914,-0.04323022988845674,0.1909659311743203,0.4142891060432906,m12_1,13
p42-44,-0.21492445580477862,-0.6278174747557497,0.21516743361623827,0.4332328443938092,m12_1,13
p44-46,-0.03756771146215775,-0.11407499578496197,0.2680975701680835,0.5947434400109183,m12_1,13
p46-48,-0.10263325389336449,-0.2986980104845489,0.04633885465524307,0.09026504390744414,m12_1,13
p48-50,-0.03127989632828356,-0.09259823017170943,0.027917844143517674,0.057676138388692025,m12_1,13
p50-52,-0.0023751373049605224,-0.006933375860261412,-0.1916486503145097,-0.3825056540162428,m12_1,13
p52-54,-0.08017215666474932,-0.2887530041423227,-0.480046387535237,-1.2165129918372242,m12_1,13
p54-56,-0.19373317000589416,-0.5321938707416535,-0.13951940734002152,-0.2954360704319554,m12_1,13
p56-57,-0.14503137908553135,-0.3901358664654499,-0.1581056825874306,-0.31015840801226824,m12_1,13
p57-60,-0.23181393325467672,-0.6676914331442305,-0.3721616085315668,-0.9723373213756574,m12_1,13
p60-62,-0.2500645365603586,-0.6960032878316714,-0.44328228089007193,-0.8629248519853101,m12_1,13
p62-64,-0.09238987446073264,-0.29332930252906103,-0.2145704589589283,-0.4633982080678883,m12_1,13
p64-66,-0.11768999138235915,-0.3433541875996723,-0.7633831793113889,-1.665345503041848,m12_1,13
p66-68,-0.10177908247849128,-0.3016429345968454,-0.24676292886113893,-0.5879008110869641,m12_1,13
p68-70,-0.28887357951020554,-0.9068611559320623,-0.8241155434297759,-2.579503939416077,m12_1,13
p70-72,0.061445360064463966,0.22129872410195664,-0.5883433506965575,-1.3918385037785788,m12_1,13
p72-74,-0.20996246219259587,-0.6519505338255779,-0.39468645614650366,-1.0042288688325136,m12_1,13
p74-76,-0.04044970244298095,-0.12078659050192637,-0.7451540301165448,-1.9801529840214984,m12_1,13
p76-78,-0.0912098997073632,-0.26001175003643323,-0.8794334528545502,-1.621500207918896,m12_1,13
p78-80,-0.1622603139972249,-0.4522505573019844,-0.6462647686800208,-1.1549537795197595,m12_1,13
p80-82,-0.2709259002378215,-0.7523600976362358,-1.3218592139183862,-2.4341373426174906,m12_1,13
p82-84,-0.32814349212926086,-0.8164847497476336,-0.931694343893376,-1.8047777134590057,m12_1,13
p84-86,-0.5288219725832148,-1.2121832232463117,-0.7889918752015184,-1.408778219356564,m12_1,13
p86-88,-0.4741782478321824,-0.8898529252691394,-1.1643128930916642,-1.653873701914576,m12_1,13
p88-90,-0.6903026459102264,-1.1761620408541853,-1.4746295346164486,-2.2037199106553333,m12_1,13
p90-92,-0.3100121631844355,-0.3919729966975705,-1.0700550104252795,-1.3026413785519206,m12_1,13
p92-94,-0.8941190128656811,-0.980207486613012,-0.5989351342937699,-0.6906920543777244,m12_1,13
p94-96,-0.7124840984898333,-0.625080542018778,0.2892778305822235,0.24123962701923712,m12_1,13
p96-98,-0.5912810103291564,-0.4119467115619028,0.9692589530164611,0.7096922786461805,m12_1,13
p98-100,0.17482225501846912,0.10109205983937844,0.7097883557587474,0.4162879509956792,m12_1,13
r1-5,-0.25974043079378384,-0.8062815010650146,-0.29648161104260107,-0.45199887472116024,m6_1,1
r6-10,0.37386339247586897,1.0730798878106258,-0.698819938946513,-0.8749176320231138,m6_1,1
r11-20,0.07864723672405598,0.3306839624984516,-0.35410129598149587,-0.8615759010723962,m6_1,1
r21-30,0.11525624102118705,0.5146620017551066,-0.12658494723503014,-0.32838078546117394,m6_1,1
r31-50,0.05221559718701617,0.34091566946172963,0.25143148238150603,0.722005955755661,m6_1,1
r51-75,0.1401298581581142,0.9870171980458415,-0.0361216572590775,-0.1507634027928559,m6_1,1
r76-100,0.0814957723374957,0.6747261684886403,0.0035152803532836454,0.01601129454556083,m6_1,1
r101-150,-0.005423999116901512,-0.05908042173911825,-0.046028660909757865,-0.25468368340309727,m6_1,1
r151-200,0.0353326163856683,0.4291981985780667,-0.1088133730606407,-0.7151116492627841,m6_1,1
r201-300,0.008054952415161062,0.12376590947223864,0.0031506619802114458,0.02737923435779855,m6_1,1
r301-500,0.018017201059466477,0.3804668122433423,0.018959920614577814,0.2608900880747431,m6_1,1
p00-02,0.08343292201536155,0.4708604317661169,-0.10069576553997589,-0.3176136445115609,m6_1,1
p02-04,0.1067355976194705,0.8677108379875714,-0.036970069001045824,-0.17921616107301908,m6_1,1
p04-06,-0.01536854813484942,-0.16291261824061246,-0.03739255722434246,-0.21878368810961576,m6_1,1
p06-08,0.05035477351928514,0.5729182239698863,0.0012982160937691552,0.00924428638382298,m6_1,1
p08-10,-0.018199008569576472,-0.23352648527083616,-0.06447860468325252,-0.517660431722109,m6_1,1
p10-12,0.017512847182226034,0.25463812940779623,0.037572826854525364,0.3573681644655888,m6_1,1
p12-14,0.060511007422841864,0.9304855264231721,0.06916290386236698,0.7390437479456292,m6_1,1
p14-16,0.07385692917318787,1.1399706844450315,0.06746508712836223,0.7378982758625156,m6_1,1
p16-18,-0.008103709104352458,-0.14376946030485407,-0.005649230935254549,-0.06419230157004803,m6_1,1
p18-20,0.01068561346454518,0.19765261904343104,-0.02489375921709028,-0.2785202212392924,m6_1,1
p20-22,0.03647704026035358,0.688728944085258,0.08907015240945876,1.079285196181734,m6_1,1
p22-24,0.03157225074397486,0.5930695661984504,-0.03503721961301772,-0.4478028617171198,m6_1,1
p24-26,0.0412535276278093,0.8426156032787318,0.0024497376752235056,0.03425435920051831,m6_1,1
p26-28,0.022336236716599008,0.4739081254740784,0.002593796914596862,0.0380148060729127,m6_1,1
p28-30,0.061711500333351904,1.242749374766605,0.05857581652762581,0.8473417741581123,m6_1,1
p30-32,0.030559241580279676,0.6940582682322792,0.031107866456112798,0.47249412765244064,m6_1,1
p32-34,-0.04149428759960671,-0.9127016200784722,0.06578306176423519,0.8834759910804584,m6_1,1
p34-36,0.05946096819311764,1.2424593085624396,-0.0016812976306591172,-0.027616849534355163,m6_1,1
p36-38,-0.009943281823914366,-0.20914191498120505,0.015154528728080076,0.242582509536096,m6_1,1
p38-40,0.043413670501651964,1.030526755267774,0.06103877920801617,0.9619173458054496,m6_1,1
p40-42,0.038341493727544196,0.9180636039546917,0.06253221192631411,0.9829199379139261,m6_1,1
p42-44,0.017955007341736908,0.4368648670886383,0.09259950567578362,1.4312311029987916,m6_1,1
p44-46,-0.004885582282876797,-0.1245937473453268,0.08354672974425639,1.0109456601914166,m6_1,1
p46-48,-0.013262203679583875,-0.33858003975726847,-0.037400120659242926,-0.5604716824848333,m6_1,1
p48-50,-0.038040108938755646,-0.9802470380515044,0.054092782837549536,0.9110035022054215,m6_1,1
p50-52,-0.0006898906575592342,-0.015308875737515134,0.005162070716918916,0.08067187899769764,m6_1,1
p52-54,0.01470236539878295,0.355479440745556,-0.024558874895061276,-0.34847862789296125,m6_1,1
p54-56,0.06017842086886602,1.501356734630204,0.12034225106842052,1.9943715684222267,m6_1,1
p56-57,-0.011114583844397789,-0.2837666360451508,0.04011478860622209,0.5777880243752187,m6_1,1
p57-60,-0.008745509661495019,-0.2442103857459024,0.024486592611078727,0.35523353547929293,m6_1,1
p60-62,0.015622745472790528,0.4066935696052539,0.09576252370118851,1.4959122589392566,m6_1,1
p62-64,-0.012099994986736941,-0.31449519092116585,-0.01971201139638873,-0.3022827850203083,m6_1,1
p64-66,0.0036587372671754857,0.0873851726091837,0.051850092800531405,0.7352524001966874,m6_1,1
p66-68,-0.042466757679335346,-1.0128853094690375,0.025045001797812983,0.42091919316259474,m6_1,1
p68-70,0.011132183566799066,0.28089925817014394,-0.0542156241816844,-0.8130259332964452,m6_1,1
p70-72,-0.07436694863376074,-1.7074215546701723,0.05676705550128091,0.8629331119708263,m6_1,1
p72-74,-0.054492154865284644,-1.177467320615581,0.0024178775924040626,0.03146537247743324,m6_1,1
p74-76,-0.013069822892475177,-0.2875383305506934,-0.03984127595390427,-0.5149231657543007,m6_1,1
p76-78,0.014210581475791928,0.27917413880830255,0.007003479826796726,0.09593259911816747,m6_1,1
p78-80,-0.027263227183449288,-0.5047574559437586,-0.05368825783340106,-0.718428181298598,m6_1,1
p80-82,0.05697688915744844,1.0602117588605449,0.023739757232405612,0.29112256843804,m6_1,1
p82-84,-0.066066588922878,-1.1656960745253395,-0.06421412197764445,-0.6876162737021618,m6_1,1
p84-86,-0.049872720360915626,-0.7521904080719727,-0.0062908471308560435,-0.06436652430971447,m6_1,1
p86-88,-0.01822249706824786,-0.26643724078412345,-0.02946598539829746,-0.2890699557415444,m6_1,1
p88-90,-0.038161064421401006,-0.4584608744268582,-0.03830373272064468,-0.31624261617802674,m6_1,1
p90-92,-0.09104534218344867,-0.9531026807140105,0.0034159988045248573,0.029522559509559506,m6_1,1
p92-94,-0.06435484969562734,-0.6440724788500845,-0.11119989533914115,-0.8017749186924371,m6_1,1
p94-96,-0.10028047734071778,-0.8917015814177278,-0.0714133375583936,-0.46918342318969686,m6_1,1
p96-98,-0.08193808929764734,-0.6135804508513675,-0.3538471433861697,-2.079482860847765,m6_1,1
p98-100,-0.05873003767110198,-0.3380471139027543,-0.03499841301231185,-0.16725449981039167,m6_1,1
r1-5,-0.12076766285688954,-0.20111443696328687,-0.13368497753023778,-0.11170577277620461,m6_1,2
r6-10,0.272814541024147,0.5237345236218155,-1.9602104688314452,-1.8722807187896988,m6_1,2
r11-20,0.4195813642284202,1.0268520423508811,-0.6095949016880575,-0.8670201127336246,m6_1,2
r21-30,0.27061002491562985,0.7443856004896854,-0.16526767896901917,-0.247007848953298,m6_1,2
r31-50,0.08148463980357018,0.28746690488545545,0.25315255744062226,0.4266518369513741,m6_1,2
r51-75,0.21829600006140296,1.03016687782175,-0.07420574707330746,-0.16864447744474362,m6_1,2
r76-100,0.16596426250424556,0.901716735882999,0.25151503995699276,0.7458479548785178,m6_1,2
r101-150,-0.007667016740199416,-0.055453309497099465,0.05311438135988027,0.174486281971652,m6_1,2
r151-200,0.08658399103866565,0.7070750109911064,-0.046800669433549165,-0.17416909229170865,m6_1,2
r201-300,-0.008805328826652765,-0.09454802801386324,0.16044934107781836,0.8604520381549609,m6_1,2
r301-500,0.04115806890881865,0.5668838564327189,0.07254005799358977,0.6114700709597639,m6_1,2
p00-02,0.21526207255133017,0.7050783037860437,-0.28419423026186424,-0.5109326228661051,m6_1,2
p02-04,0.18086567008294618,0.9502067587182674,0.07855389277770783,0.21704135686651768,m6_1,2
p04-06,0.018794762907800446,0.12885368661888524,0.093264501593313,0.3176928473888613,m6_1,2
p06-08,0.06314121753346177,0.49456075584417775,0.1333160053807251,0.5398488695131042,m6_1,2
p08-10,0.06656464494873884,0.5803566080225272,0.07997482758127689,0.3789410140496117,m6_1,2
p10-12,-0.01229071151896151,-0.12095305336917235,0.18713485494296117,1.1099121952603321,m6_1,2
p12-14,0.009182777541775934,0.10159873016098103,0.10571013457718322,0.693389321543454,m6_1,2
p14-16,0.13984968951422327,1.490193782945953,0.15938754673137367,1.1546593319919345,m6_1,2
p16-18,0.055040272020774314,0.6419574177100036,0.03376100994575409,0.24063113035286174,m6_1,2
p18-20,0.012413623053968866,0.141839398663812,-0.03177837147640571,-0.2313046684232782,m6_1,2
p20-22,0.03529613496684825,0.4111259481432508,-0.06730056146991939,-0.5024639050535671,m6_1,2
p22-24,0.04907974810226488,0.6340729650098105,-0.004260578796548855,-0.03529315156471641,m6_1,2
p24-26,0.005310180377143859,0.06819458072223261,0.046058930684559574,0.366265666801806,m6_1,2
p26-28,0.0016952899115534902,0.022872107623544136,0.005027201717638348,0.05102737953584906,m6_1,2
p28-30,-0.02501234915382039,-0.3366317162134699,0.10681911274249868,0.9080859124919071,m6_1,2
p30-32,0.04567196681668612,0.6275874042525242,-0.0034086316980730174,-0.030920853612745977,m6_1,2
p32-34,-0.016460357590655544,-0.22285220861639135,0.09919102397211862,0.8175692955599377,m6_1,2
p34-36,0.05542070884465148,0.7874189091747722,-0.015392630945730535,-0.15016261392938537,m6_1,2
p36-38,0.0447803437523816,0.6485627956274856,-0.027550281227221456,-0.2657376081823039,m6_1,2
p38-40,0.09989530869775617,1.5217789843923475,0.09979764848517474,0.8980041411617314,m6_1,2
p40-42,0.0932961046510434,1.3690938246774094,0.06541810477260922,0.6654053207400649,m6_1,2
p42-44,0.0654279729911143,1.07253663863786,0.08807459650001837,0.8951163290988445,m6_1,2
p44-46,-0.0252740511703849,-0.3902616562912376,0.08288789471694102,0.747903360360206,m6_1,2
p46-48,-0.05320289161756693,-0.8297979900346046,-0.13302741957896835,-1.2838197609747355,m6_1,2
p48-50,-0.009140048580263165,-0.13827519809049685,0.08490216785717332,0.8193581484207477,m6_1,2
p50-52,-0.029562737802567393,-0.4643891638540487,-0.005117137633450407,-0.04882625550645892,m6_1,2
p52-54,-0.015109042466178769,-0.2514910426270274,-0.013789648245047954,-0.13532167673696122,m6_1,2
p54-56,0.050098642887103,0.8084299067852437,0.16071779863036867,1.5496843849604895,m6_1,2
p56-57,0.0011116250308577727,0.018224965735356334,-0.004249133319335332,-0.03977044910744388,m6_1,2
p57-60,-0.0089381714821922,-0.1507997547981102,0.010022236930550973,0.09217406800663201,m6_1,2
p60-62,0.004122655382955918,0.06867903503348015,0.1513569533112809,1.4914953576184478,m6_1,2
p62-64,0.06473636406744913,1.0213952265113415,0.010223993284518534,0.09674157519507763,m6_1,2
p64-66,-0.009409327492138242,-0.14980420102093833,0.08091239280880638,0.6875931273327595,m6_1,2
p66-68,0.03117010134843239,0.4640010634454415,0.12147014447580809,1.0650244009441872,m6_1,2
p68-70,-0.03013602508439412,-0.46799489967130536,-0.1680665210090593,-1.7689127469342072,m6_1,2
p70-72,-0.14947978119204272,-2.3562897139798102,0.08850958708089575,0.8091643237006949,m6_1,2
p72-74,-0.08002350776351759,-1.2164331115532863,0.01925990939578359,0.14545428732977575,m6_1,2
p74-76,0.021468390424606937,0.3018773543778803,-0.026449452397004188,-0.21050171123173048,m6_1,2
p76-78,0.05289276559829327,0.7287309386862318,0.0020091296081161305,0.016038839122957668,m6_1,2
p78-80,0.02319910969378569,0.28309978312025064,-0.10287667106051519,-0.7431511496328885,m6_1,2
p80-82,0.055218718685877195,0.6545181830318619,-0.01954025758806495,-0.16256599177428682,m6_1,2
p82-84,-0.08803336679764154,-0.9773433557833064,-0.17040735252379702,-1.1771374219510646,m6_1,2
p84-86,-0.1380873036554577,-1.3786414028211056,0.010881170504638486,0.07082007313661377,m6_1,2
p86-88,-0.023340521832955367,-0.21271931847362,-0.1983185210522096,-1.2415658073886555,m6_1,2
p88-90,-0.11812852923693658,-0.9184296742379403,-0.07768357691733986,-0.40443754930355363,m6_1,2
p90-92,-0.17953945263820387,-1.3096480770043046,-0.012290092823030887,-0.06436124605799776,m6_1,2
p92-94,-0.15757147803373667,-0.9380236250116819,-0.1339304354223343,-0.5800678888265871,m6_1,2
p94-96,-0.10292173285923749,-0.5366131331691893,-0.06519101948052365,-0.2754357474488338,m6_1,2
p96-98,-0.07935852481381943,-0.3562125119527756,-0.46887078411028377,-1.7617521997909498,m6_1,2
p98-100,-0.20768690563615486,-0.7217616166850742,-0.16621856197321863,-0.467246473073577,m6_1,2
r1-5,-0.16547569076821483,-0.14101888153259148,-2.201025854694753,-1.0798026883643657,m6_1,4
r6-10,-0.1050678098182719,-0.12922286274396144,-3.471324820132445,-2.1860280395849983,m6_1,4
r11-20,0.8099280600713691,1.1250201106332058,-1.6453791366314123,-1.678575752929342,m6_1,4
r21-30,0.42085563432789674,0.6450029533063522,-0.22189041907477802,-0.1899126774233653,m6_1,4
r31-50,0.20059263405805927,0.3693844275994701,-0.3746654666037387,-0.3372844822824546,m6_1,4
r51-75,0.49206855254372234,1.2000232652956935,0.17640684644105528,0.21020813396922863,m6_1,4
r76-100,0.18618459767915538,0.5814954766438916,0.20653845084155037,0.3053437490743971,m6_1,4
r101-150,0.04624551662370047,0.17945912675853734,0.42935910063209337,0.7788364946016592,m6_1,4
r151-200,0.15520825075058925,0.7407434045399721,0.25028634160767804,0.5239050620718646,m6_1,4
r201-300,0.12786879634378326,0.7365648686585881,0.06633316515483388,0.22454343896618847,m6_1,4
r301-500,0.03585962166947789,0.28566968239431634,0.03998272058598993,0.20894827031795218,m6_1,4
p00-02,0.32546863905705714,0.5630172391138073,-1.0243592545628268,-1.0562381587066725,m6_1,4
p02-04,0.44073167726569495,1.189454406684167,0.19390578241427228,0.28111457011433927,m6_1,4
p04-06,0.05582697442328736,0.21181859051763335,0.4433334294381769,0.8611970713350082,m6_1,4
p06-08,0.05354761615222717,0.2437447337408674,0.4894385927517131,1.1142624071509042,m6_1,4
p08-10,0.3293709226051185,1.622483007344713,-0.04219898445269493,-0.1275602287553928,m6_1,4
p10-12,0.12738464452811715,0.6696269322641532,0.17447632147728903,0.6418573339125365,m6_1,4
p12-14,0.06135921813175815,0.3866842675238299,-0.004489099909456235,-0.01839045170702674,m6_1,4
p14-16,0.1677480684473984,1.008467925384259,0.19978114448470857,0.8852180219519301,m6_1,4
p16-18,0.020583858639720155,0.1413662646634868,0.0071268300694919086,0.03539538466186723,m6_1,4
p18-20,-0.023178303035457218,-0.16380452650754945,-0.056559362615801786,-0.25865598403786094,m6_1,4
p20-22,0.03383355781946033,0.23881544145827022,-0.03784108119941191,-0.19473948330933397,m6_1,4
p22-24,0.09420076372959679,0.7641550267493125,0.049505255364903966,0.32535903035161684,m6_1,4
p24-26,0.04826036082256059,0.3421337515259091,0.0601205557022574,0.3264716934712375,m6_1,4
p26-28,0.04051928855963225,0.322454349591246,0.13854663384060054,1.0130555239500125,m6_1,4
p28-30,0.0218809327682824,0.18393239578210416,0.24854820828295593,1.4708306566565905,m6_1,4
p30-32,0.058423782061343285,0.44573015491832757,0.06523969354363489,0.4095365656548239,m6_1,4
p32-34,0.17181461826732616,1.3074260663607842,0.019965329870838884,0.11054102023317369,m6_1,4
p34-36,0.13588721917472166,1.2523353760079965,-0.0835719217700433,-0.5360160560835707,m6_1,4
p36-38,0.05558769489250959,0.4770042909785129,-0.12134014061275962,-0.7892751802606829,m6_1,4
p38-40,0.15391867463811884,1.272975118806491,0.0863428250207257,0.5478656029405979,m6_1,4
p40-42,0.15002023563473735,1.267593754977262,0.03885045940824516,0.20768482540260322,m6_1,4
p42-44,0.05084979023472248,0.41646019423003855,0.08787867485886622,0.5444252186712305,m6_1,4
p44-46,0.08084802564988604,0.7320361806816147,0.12556274505176893,0.6916013027708584,m6_1,4
p46-48,-0.14671329991514145,-1.3445865359913225,-0.2657944638311629,-1.654961759917875,m6_1,4
p48-50,-0.05207373638652465,-0.4774499471707418,0.02507682020828242,0.14445215474583573,m6_1,4
p50-52,-0.033629372249324906,-0.31323714579416484,0.055103002790163176,0.2919151639043151,m6_1,4
p52-54,0.07781591360121011,0.7336334799909375,-0.10580421377894599,-0.6576126728880448,m6_1,4
p54-56,0.07192736009481236,0.6671947246820595,0.1929687544009258,1.2470322200446953,m6_1,4
p56-57,-0.052992225696244476,-0.48507898008529693,-0.042027111004461846,-0.2149573121146296,m6_1,4
p57-60,-0.06289415002397272,-0.6244524586629939,0.03918006814874995,0.21227643325795909,m6_1,4
p60-62,-0.013423464627251096,-0.12727007191844528,0.13935301450724216,0.8140182715437995,m6_1,4
p62-64,0.10148605232890465,1.0057386373968182,0.10675419373579109,0.5131370162055029,m6_1,4
p64-66,-0.0930352059121177,-0.8262396665880531,0.17795220135137518,0.8950688854148826,m6_1,4
p66-68,-0.02121357416016617,-0.17974645915891735,0.12933816966333364,0.6603060966477758,m6_1,4
p68-70,-0.12979878723553662,-1.2179860754303233,-0.004050873583048499,-0.02782751418660922,m6_1,4
p70-72,-0.1858160902690247,-1.6087365810047254,0.15416159275606164,0.7177171049581698,m6_1,4
p72-74,-0.10171809855158254,-0.913849240716488,0.034782370707017306,0.1543130887045549,m6_1,4
p74-76,0.04911992375835585,0.40571949646310557,0.01789231580195838,0.08089841553742577,m6_1,4
p76-78,-0.10061582098783844,-0.7946489879956301,0.0030656495015387647,0.014552235092152374,m6_1,4
p78-80,0.07918824075242223,0.5794489201321367,-0.000790989356385207,-0.0034536625702876493,m6_1,4
p80-82,0.052823756682078324,0.35623881893606724,0.22449669937931604,1.140699784101497,m6_1,4
p82-84,-0.17720339250177908,-1.1728650078620484,-0.038177432048070746,-0.17313637701174103,m6_1,4
p84-86,-0.18669959917106493,-1.0668000915643572,-0.05789319386876672,-0.2351807941153605,m6_1,4
p86-88,0.00067027234005128,0.003532291718137154,-0.18165875067495338,-0.7208941878778681,m6_1,4
p88-90,-0.22302318136934723,-1.1045345604207644,-0.312877940447155,-1.029290228112591,m6_1,4
p90-92,-0.25786133198336886,-1.126249838029152,-0.08403048388187886,-0.2876678906131315,m6_1,4
p92-94,-0.28615307723302347,-0.9481650963175329,-0.1615148430532739,-0.4439256360087361,m6_1,4
p94-96,-0.27047855749919275,-0.7768120210721868,-0.21414099200201056,-0.535918564055688,m6_1,4
p96-98,-0.22827674411470397,-0.5442156551921126,-0.6985797805955946,-1.548274654452453,m6_1,4
p98-100,-0.45192720831509664,-0.8233551870399937,-0.1836199072523328,-0.3174424748343919,m6_1,4
r1-5,-1.1482221619922168,-0.581369656976212,-3.51397232438567,-0.9179886275364425,m6_1,8
r6-10,-0.5041983402734016,-0.3407783914904193,-5.07386892690883,-1.7417631154395519,m6_1,8
r11-20,1.7653353079054417,1.2890984377749897,-3.5153819259336827,-1.9637424854367622,m6_1,8
r21-30,1.1270326417985155,1.092429512704625,-1.3384698559056563,-0.6134618374558658,m6_1,8
r31-50,0.48832859777128035,0.5220039754995509,-0.7872486507372003,-0.43240591844950843,m6_1,8
r51-75,0.9369838201073007,1.2514325851675971,-0.10147201767621876,-0.0725838632055367,m6_1,8
r76-100,0.4807028865681898,0.7534805242281601,0.9770240916532662,0.7842323584799918,m6_1,8
r101-150,0.3688503540106185,0.7727742674463658,0.830260789613371,0.7251919683634982,m6_1,8
r151-200,0.5309156533430999,1.3669559932479856,0.7942076365836307,0.8733270756037929,m6_1,8
r201-300,0.29504400032596395,0.9908293165462746,0.3683866722740302,0.5708550507956507,m6_1,8
r301-500,0.07986089348512554,0.3934703407643048,0.18253582447295397,0.46775177390733036,m6_1,8
p00-02,0.7306685453692741,0.7559608364539503,-1.9700560769321418,-1.1464561807736673,m6_1,8
p02-04,0.764340099395749,1.0707124829805836,0.3474972305532052,0.27879254559252753,m6_1,8
p04-06,0.4583070451559249,0.8814449490830222,0.9671450691154289,0.9334152229862409,m6_1,8
p06-08,0.3257694201593044,0.813378998362116,1.068827693527325,1.1879872083375844,m6_1,8
p08-10,0.6635627947140014,1.9763645668963703,0.2725496303841746,0.4191333484458469,m6_1,8
p10-12,0.3272050885338445,0.9808775875178608,0.515555965957117,0.9068945845051937,m6_1,8
p12-14,0.17466241274273894,0.6665930538037858,-0.08804308436626249,-0.18693570912416363,m6_1,8
p14-16,0.12750861264975655,0.5047126860084127,0.43003016674409156,0.9753938586931685,m6_1,8
p16-18,0.1819463228589851,0.7926613254346931,0.23520420803665182,0.6811479048469102,m6_1,8
p18-20,-0.07000990771586367,-0.3168328232812367,0.08210678301487413,0.22276796540824031,m6_1,8
p20-22,0.15424612975911065,0.6118162308729357,0.01802617595487366,0.049829260710361666,m6_1,8
p22-24,0.1745617364391377,0.9399536980831477,0.22469704851640193,0.7745558322881558,m6_1,8
p24-26,0.15848555312454857,0.8203683410004076,0.17515456016274178,0.588432448598547,m6_1,8
p26-28,0.15054983651107287,0.756745863483277,0.09810281604765428,0.4603803150487339,m6_1,8
p28-30,0.03296133489976639,0.18109713668464467,0.3617432143476722,1.4118544456175999,m6_1,8
p30-32,0.13019007378035177,0.5900938270482888,0.011789571597901439,0.039417528999345135,m6_1,8
p32-34,0.21891564677401598,1.0051556119927096,-0.03982450357703089,-0.15133150058490552,m6_1,8
p34-36,0.3156630536571909,1.649086026315377,0.03988387941293107,0.1644864800038553,m6_1,8
p36-38,0.08573321658841046,0.4320055632025842,-0.0537735076559283,-0.22542765586393906,m6_1,8
p38-40,0.2426609256057777,1.0776909275676625,-0.09680768811256212,-0.3654087074069059,m6_1,8
p40-42,0.14782934744665174,0.7554303871542756,0.2512297316612141,0.7017778949861642,m6_1,8
p42-44,0.2835040797119868,1.273728932056753,0.10635994011096331,0.3834246576393863,m6_1,8
p44-46,0.25415221867349874,1.3173735527901669,0.003768453005458289,0.010337335003925143,m6_1,8
p46-48,0.007837602280824047,0.03717286608781008,-0.4048133345828067,-1.551580326662204,m6_1,8
p48-50,0.14703166150764727,0.7094071121468407,-0.0541909130995496,-0.20829816626719658,m6_1,8
p50-52,0.019294270859748257,0.0902821360415668,0.1260993975553998,0.38371546493027986,m6_1,8
p52-54,0.14368557193237794,0.6491259638324717,0.05390994966816448,0.17786434626438288,m6_1,8
p54-56,0.08048390204007216,0.3880519795559766,0.5267804706404965,1.9618476553174238,m6_1,8
p56-57,-0.01319704955393812,-0.05890487540423124,-0.024926283633684383,-0.07845401876559724,m6_1,8
p57-60,-0.02747106975729637,-0.1316609312169818,0.14992567492426465,0.496176147680655,m6_1,8
p60-62,0.10670066298619701,0.5009488392995622,0.22417367048560957,0.7913989975322537,m6_1,8
p62-64,0.213186852423636,1.099869443704238,0.21916974796633384,0.6123272226371954,m6_1,8
p64-66,-0.25984967575439183,-1.329162877398077,0.22661045831875187,0.8290633564767443,m6_1,8
p66-68,-0.00945858319478768,-0.043770133257108546,-0.06822369733234876,-0.17706467202981388,m6_1,8
p68-70,-0.26810437087801914,-1.4656987028441402,0.16814016242640734,0.5143036963413444,m6_1,8
p70-72,-0.2296368986325422,-1.180143462257399,0.016103743874955213,0.03926872184047968,m6_1,8
p72-74,-0.1957132305016253,-1.0593473883176627,0.06091273746756343,0.2064286787181583,m6_1,8
p74-76,-0.002231932953661645,-0.011867652540366076,-0.006099448200870836,-0.01442469554312531,m6_1,8
p76-78,-0.26806810050093693,-1.5063153677504444,-0.034860226028847474,-0.09614310521767723,m6_1,8
p78-80,-0.022559545203554892,-0.11248119559723804,-0.011132009657050305,-0.028299749525053666,m6_1,8
p80-82,-0.011502394583367215,-0.05320394967858744,0.1662858347094268,0.41082730838155906,m6_1,8
p82-84,-0.3722184029939502,-1.4835615213863167,-0.04620819071885208,-0.12814927106133733,m6_1,8
p84-86,-0.459770768443615,-1.6786041685810755,-0.23683480288705128,-0.5987416407335436,m6_1,8
p86-88,-0.26084411650847733,-0.8612356676826296,-0.46779716413275757,-0.9390598483509313,m6_1,8
p88-90,-0.5047981922630218,-1.6105740618088076,-0.46662117202610653,-1.0065410230248921,m6_1,8
p90-92,-0.5595746505927934,-1.4894736538895823,-0.28288751477285323,-0.4548133225140414,m6_1,8
p92-94,-0.5607903141455901,-1.1162901219123957,-0.16053739313857382,-0.26518253098799754,m6_1,8
p94-96,-0.7527937841773358,-1.2714633276654626,-0.3254366734867904,-0.43854295759844564,m6_1,8
p96-98,-0.8616527018498358,-1.091582828047207,-1.4634069959337903,-1.63757777017691,m6_1,8
p98-100,-1.093332222821638,-1.0482456195091112,-0.8578326454701326,-0.9265854532340203,m6_1,8
r1-5,-2.07398441620983,-0.9112618384294688,-2.081352899510726,-0.3348378430689413,m6_1,13
r6-10,-2.573590092835021,-1.4969131519194867,-6.4814218408004205,-1.5525876248681603,m6_1,13
r11-20,2.586398973014785,1.3626909095106823,-4.887207988396138,-1.8823103834368868,m6_1,13
r21-30,0.13064702785231477,0.11275472003199875,-0.27450608145128835,-0.09888345607429486,m6_1,13
r31-50,0.5089814373247407,0.4123840718665237,0.5248871723068751,0.2139834196056816,m6_1,13
r51-75,1.412522001193245,1.3339023119926974,0.3494889592180562,0.18986827162234166,m6_1,13
r76-100,0.8237011504036202,0.9276464201862958,1.7322740056909487,1.1315777478053797,m6_1,13
r101-150,0.8585146034708715,1.2060518143482835,1.4931010001678127,1.0898760111773953,m6_1,13
r151-200,1.1411505313041184,2.2171396674597874,1.2055744605088337,1.1682550480917868,m6_1,13
r201-300,0.5887687454355308,1.4869376723448755,0.7625167599192629,0.981486986587745,m6_1,13
r301-500,0.23917094712022696,0.9358062236559905,0.46139057172437903,0.7484762709768491,m6_1,13
p00-02,0.2751187380996726,0.22927979960801284,-1.424603161417771,-0.5522840192662649,m6_1,13
p02-04,1.253619995490268,1.2311515391210601,0.9067705932613759,0.5647454938432888,m6_1,13
p04-06,0.8847512711886182,1.126541521906838,1.4269578575685582,1.2194229627617144,m6_1,13
p06-08,1.047728449623612,1.8812438739554311,1.7459768965375804,1.5864132675354414,m6_1,13
p08-10,1.1249269467925558,2.459438997734149,0.7068096163955764,0.9477397949697182,m6_1,13
p10-12,0.6732452805002644,1.53101342607049,0.9479601233291078,1.155627284068117,m6_1,13
p12-14,0.36336902448943287,0.9693489123300604,0.19514130282687667,0.27912707971867196,m6_1,13
p14-16,0.2605876778680819,0.8476078845846547,0.8049925800920279,1.299977488054102,m6_1,13
p16-18,0.2786896217600296,1.0005785513875631,0.4043096078701133,0.7771701932234178,m6_1,13
p18-20,0.14693487915239276,0.5535996476672757,0.01978228670745332,0.03048256245418906,m6_1,13
p20-22,0.3999304926274136,1.1897927051270576,0.033888150301306014,0.062175525890862476,m6_1,13
p22-24,0.299448328224824,1.1881887618702276,0.4427365492839793,0.9008580451014163,m6_1,13
p24-26,0.20560451750310116,0.7444701320542172,0.1834951197628307,0.36664252994089636,m6_1,13
p26-28,0.19276888927835112,0.7148916461697035,0.14627027090367495,0.35475288081631984,m6_1,13
p28-30,0.20351027345244627,0.7171690632522396,0.4142602229390977,0.9611617527763616,m6_1,13
p30-32,0.31246098681480944,1.110003899556025,0.15181848652577407,0.3185570856298278,m6_1,13
p32-34,0.23501195390139978,0.760179598588414,0.47792940434896286,1.1115322833924062,m6_1,13
p34-36,0.39605368820578396,1.4133226173024538,0.40043271009948717,0.9153542308920989,m6_1,13
p36-38,0.10638482961228958,0.36951734093549043,-0.21827126502115854,-0.5608759539625755,m6_1,13
p38-40,0.28393107317698424,0.8460788530781614,0.18810867945370963,0.5726374895533536,m6_1,13
p40-42,0.08457392011350881,0.27790479009822033,0.15552909225544645,0.2897046025960538,m6_1,13
p42-44,0.3429258778787617,1.0237626708737413,0.04844373943988344,0.10413679280026397,m6_1,13
p44-46,0.39299917548721836,1.3723553244961277,0.25043324339864265,0.5951874924541759,m6_1,13
p46-48,0.019779485706402932,0.05926237968842395,-0.3059503647852645,-0.7728901333298764,m6_1,13
p48-50,0.29387122516300185,0.8761542500665156,0.2130470177479406,0.5929339266114596,m6_1,13
p50-52,0.1372760141120973,0.3929788048826796,0.3831581218701179,0.8763564855903675,m6_1,13
p52-54,0.017322939303549837,0.049887757842410986,-0.03401734458563027,-0.08777195245242218,m6_1,13
p54-56,0.032844352887430435,0.09939677361105805,0.7102373273591184,1.9560002956959137,m6_1,13
p56-57,0.05372115427984144,0.16097500798278186,0.10305524683015457,0.24516820668964873,m6_1,13
p57-60,-0.19708227542035492,-0.6013736290726297,0.3511296778450208,0.9293878548490236,m6_1,13
p60-62,0.16343739939577034,0.4831514615429054,0.31241312515801745,1.0203455113062603,m6_1,13
p62-64,0.19801081842267915,0.6211652485293829,0.3578847985742557,0.8079044191436359,m6_1,13
p64-66,-0.23278935966761952,-0.7395936767152079,0.06532792551481958,0.1548303451960116,m6_1,13
p66-68,-0.07075683152239226,-0.2120697446994453,-0.08541790068747077,-0.17131576010447175,m6_1,13
p68-70,-0.30238251114629283,-1.138354956024275,0.297871881136804,0.7282946092108823,m6_1,13
p70-72,-0.42951499667951487,-1.5576000764881546,0.12655176656930917,0.220990176216629,m6_1,13
p72-74,-0.3137484459591404,-1.1404735485536448,-0.41936671926367086,-1.2855282501526903,m6_1,13
p74-76,-0.0662852250482274,-0.2723771740479989,-0.08203640648558971,-0.1689487684064369,m6_1,13
p76-78,-0.3204801589188361,-1.398346423787099,-0.1470724888186673,-0.27715601061104156,m6_1,13
p78-80,-0.1251868250482237,-0.4646521062929959,-0.08372047397990172,-0.1622257452476429,m6_1,13
p80-82,-0.24727450106802598,-0.9386499730974303,-0.4751343804411126,-0.9813386076442996,m6_1,13
p82-84,-0.7047929508498822,-2.187887036982724,-0.5429804533717499,-0.9305881280898352,m6_1,13
p84-86,-0.722749938814036,-2.0926292024153046,-0.6399501831510868,-1.0366129858960422,m6_1,13
p86-88,-0.7017730921592519,-1.8489741817138026,-1.1314615842597087,-1.3823266146845716,m6_1,13
p88-90,-0.6343571214388144,-1.4705149449530124,-1.0133224342138247,-1.4979769024966545,m6_1,13
p90-92,-0.6877965595043003,-1.1863661298936732,-0.797227353387942,-0.8530312564761405,m6_1,13
p92-94,-0.7083274296080541,-0.9750149920081211,-0.6966841662492703,-0.7017994098130971,m6_1,13
p94-96,-1.335860327791632,-1.5584483666993736,-1.3448752524351086,-1.3352987466733428,m6_1,13
p96-98,-1.3504105867398597,-1.1710027918021004,-2.433895283422833,-1.701999854247015,m6_1,13
p98-100,-1.510618123648729,-1.027170226561489,-1.0946175636145015,-0.7867537384287033,m6_1,13
r1-5,-0.15576664045520805,-0.4650677722988858,-0.37774279741419464,-0.4543990619356255,m3_1,1
r6-10,0.17618330191053924,0.5540909075674526,-0.19585360074859023,-0.33824104036997854,m3_1,1
r11-20,0.3467757491932819,1.6244477378667148,-0.49199435852356355,-1.081453135796842,m3_1,1
r21-30,0.029315521540257163,0.15666826871927367,-0.5687252999604493,-1.5341049780496865,m3_1,1
r31-50,-0.08146863046697081,-0.5058309488476224,0.02051176873250741,0.07789954121037786,m3_1,1
r51-75,0.007691558406514241,0.056305763764209614,-0.34823756783751175,-1.6069823895780022,m3_1,1
r76-100,-0.09412158380121698,-0.7911170164929768,-0.020297522662999546,-0.10684430163505515,m3_1,1
r101-150,-0.05848153666700497,-0.6495243217446222,-0.032644104458588154,-0.211596856082647,m3_1,1
r151-200,-0.09365931420344559,-1.3094312852685133,-0.10393547338225607,-0.771711576684205,m3_1,1
r201-300,0.0014124556972639761,0.022860626245821532,-0.07821697602537997,-0.8361437831740937,m3_1,1
r301-500,-0.03488102039298506,-0.7749895828129335,-0.03925908646414223,-0.5895515834580907,m3_1,1
p00-02,0.06814038842377142,0.4137676999425704,-0.27129199479058946,-0.9469465600034804,m3_1,1
p02-04,-0.019568734338911785,-0.16171591611132627,-0.1602162078013319,-0.8748466360974062,m3_1,1
p04-06,-0.05030850350374338,-0.546291664912647,-0.04402389402864535,-0.3260289719297556,m3_1,1
p06-08,-0.10154932058175936,-1.3168813694414676,-0.04631929745393892,-0.35688213829202536,m3_1,1
p08-10,-0.05097147431584526,-0.7106372911157103,-0.06873592076412212,-0.6047358145674397,m3_1,1
p10-12,-0.031363748224737684,-0.4427375693373842,-0.12458236855029126,-1.2782599639463368,m3_1,1
p12-14,0.016098928837514306,0.27262693039198577,-0.007956758874521313,-0.08700469557405843,m3_1,1
p14-16,-0.024053119503472446,-0.44700572635138286,-0.052654388242015654,-0.5940622153106014,m3_1,1
p16-18,-0.07546320853841199,-1.3271816630070339,0.03730482123166014,0.4977940532923229,m3_1,1
p18-20,-0.008964975207871158,-0.16255559907073303,-0.10185862681851077,-1.3266622628616702,m3_1,1
p20-22,0.023237477086802696,0.45086997085847086,-0.09015559924310287,-1.3820476021221872,m3_1,1
p22-24,-0.018008099031932644,-0.34290655018233657,-0.12305735333175705,-1.987224561788067,m3_1,1
p24-26,-0.0461141200263803,-0.9524620191996146,-0.041535985263943385,-0.598464462890933,m3_1,1
p26-28,-0.05037569681829949,-1.0976064116779565,0.038830299022267686,0.5549767892401494,m3_1,1
p28-30,-0.013594734102006208,-0.31106423371333336,0.036739494493832195,0.49178273357947194,m3_1,1
p30-32,0.03283499335939293,0.7350496417093595,0.007007245492960008,0.11814330492250379,m3_1,1
p32-34,-0.05426927720991162,-1.2103258823162781,0.058518418210104464,0.8137112337200216,m3_1,1
p34-36,0.006596603621050466,0.15519184206224876,-0.07863674951893954,-1.1019331892985615,m3_1,1
p36-38,0.007236340441773735,0.1730948595972512,-0.07819115741153822,-1.1596616724865587,m3_1,1
p38-40,-0.012132514038371832,-0.2758169048895497,0.03855374313455851,0.6022433801752084,m3_1,1
p40-42,0.009802175576424316,0.22495012250172045,0.05554829494421984,0.8882450976378199,m3_1,1
p42-44,-0.00768798808863103,-0.19668143291024667,0.1341117641230249,2.2396060983487383,m3_1,1
p44-46,-0.003026597490212568,-0.07342217287422982,0.08338862921208412,1.3292717945032466,m3_1,1
p46-48,0.008493038009583394,0.20466645548932652,0.05883215252467447,0.9520079944428577,m3_1,1
p48-50,-0.013651648617642575,-0.3707637821383576,0.11337057206263784,1.5699793180653658,m3_1,1
p50-52,-0.06370466628188758,-1.7161445791147731,0.06813596860739105,1.0489171683143832,m3_1,1
p52-54,-0.008070544585363645,-0.1825095272363604,0.04768006085904264,0.7577881067446035,m3_1,1
p54-56,-0.020681749255403177,-0.5108469747230808,-0.0009150411512298906,-0.014922139412583139,m3_1,1
p56-57,0.004848227723950111,0.11652345059821927,0.07375264831820216,1.130551320363681,m3_1,1
p57-60,-0.020104562073572196,-0.5058184850089961,-0.019453668105163913,-0.30973467748362454,m3_1,1
p60-62,0.07504826576282529,1.8216162317554703,0.018033926009494244,0.284707499496028,m3_1,1
p62-64,-0.02836096460397796,-0.7461238307537419,0.051889227952826605,0.8385571965042413,m3_1,1
p64-66,-0.0028839287894373102,-0.0709542676208405,0.11972266455831022,2.0727432506962353,m3_1,1
p66-68,-0.06243329385636859,-1.538967934778887,0.16369761892881557,3.055004959512391,m3_1,1
p68-70,0.023234457003741382,0.529320072740297,0.05288307086726456,0.736766465917756,m3_1,1
p70-72,0.03448918841440031,0.7118782941370584,0.12912857361142313,1.9336000179857982,m3_1,1
p72-74,-0.016813837475105373,-0.4029763211851822,0.048696105673064136,0.7315060463752197,m3_1,1
p74-76,0.08931021862188943,1.8119048321419442,0.0721701743760395,1.048663518303948,m3_1,1
p76-78,0.046207733413078364,1.0763732798755599,-0.011455709683881763,-0.1710061349594565,m3_1,1
p78-80,0.04729037098036034,0.9180473904492411,0.06687565320308762,0.809680579084009,m3_1,1
p80-82,0.05916031952470041,1.043203580364051,0.008483968528983091,0.1089688372358189,m3_1,1
p82-84,-0.017388239435955553,-0.3049991078849849,-0.020975414316011208,-0.2757233537387519,m3_1,1
p84-86,-0.06974912029126194,-1.1881040009653934,0.029028638294964153,0.3884001881154677,m3_1,1
p86-88,0.07162876271888953,1.0823877503715182,-0.08308354769680085,-0.9496349436112984,m3_1,1
p88-90,0.0015353823833079826,0.019501597874810244,-0.006951099701259602,-0.0838553068010032,m3_1,1
p90-92,0.03665795134591613,0.4429169216223758,0.0942445560349432,0.9346656118469562,m3_1,1
p92-94,0.05227490085577693,0.5812364865752482,-0.0013483263758925618,-0.010004094748522197,m3_1,1
p94-96,0.05291165257470281,0.49077795963702137,-0.06295965512825605,-0.47376692647409774,m3_1,1
p96-98,0.018745971381838318,0.1534917559554728,-0.08935967708721863,-0.5554153459944347,m3_1,1
p98-100,0.10614548438023785,0.6331672149206097,-0.12382771997388586,-0.6602875074839456,m3_1,1
r1-5,-0.10434676678815473,-0.173474697542523,-1.3725971318903856,-1.147354905322443,m3_1,2
r6-10,0.07418207005108556,0.16341585084267413,-0.6733868067422049,-0.7154521260593055,m3_1,2
r11-20,0.3589665704061284,1.1057803182790167,-0.6005440390974531,-0.7270591454212931,m3_1,2
r21-30,0.11823557105099398,0.3967903776010775,-0.96317232941343,-1.4684911390988102,m3_1,2
r31-50,0.18156816782500504,0.7428024928656098,0.059679792118738445,0.1264238781639804,m3_1,2
r51-75,0.06301895017308941,0.3138292371948587,-0.33983589493117683,-0.8851044282509165,m3_1,2
r76-100,-0.06418985107849395,-0.3599477348287865,0.1546238521196195,0.4443046021917855,m3_1,2
r101-150,-0.029434003549094204,-0.215176063024678,0.013688438694871356,0.05331511968490155,m3_1,2
r151-200,-0.07535432055838497,-0.7519327551246603,-0.11767676346724054,-0.6245661803896897,m3_1,2
r201-300,0.012578393714962041,0.14513552425875645,-0.011227912589749867,-0.06600569259499384,m3_1,2
r301-500,-0.006409821601007037,-0.09188581795615762,-0.10663169344335792,-1.032019715111487,m3_1,2
p00-02,0.19032449301631746,0.7350359977237175,-0.4962025843114991,-0.9768442448702045,m3_1,2
p02-04,0.031232209414724113,0.1747507313582952,-0.03816682286488183,-0.11574916034816272,m3_1,2
p04-06,0.004346210446551984,0.03104906856182069,0.009216032099545612,0.03905375208256097,m3_1,2
p06-08,-0.052139469579787524,-0.4563368253055349,-0.09877304498942857,-0.5153700707999159,m3_1,2
p08-10,-0.0893426570138066,-0.8847395754712677,0.06607624025618364,0.3380309712265407,m3_1,2
p10-12,-0.011624965558376141,-0.11665175424382396,-0.03870365384269068,-0.24237508722127477,m3_1,2
p12-14,0.03723080273282073,0.4191521561587917,-0.21432916940887342,-1.5031626214729157,m3_1,2
p14-16,-0.02470047865366301,-0.2864537423363882,-0.14662184739401934,-1.055125112655509,m3_1,2
p16-18,-0.05920473364144105,-0.6941122433857513,0.006239987714510172,0.052080766419087196,m3_1,2
p18-20,0.06360902012788457,0.7716141597412546,-0.039567468531508096,-0.31549662183205907,m3_1,2
p20-22,0.043987953240358736,0.5279667377037306,-0.13863690073063453,-1.3079799453934455,m3_1,2
p22-24,-0.010960013462251537,-0.14302637094031914,-0.18525513251679682,-1.6386743342356556,m3_1,2
p24-26,-0.004987211189770804,-0.07073569695119146,0.03694982907877341,0.3367309593795299,m3_1,2
p26-28,-0.005276187189819486,-0.0744945851486264,0.10620112958374214,0.8596272146974817,m3_1,2
p28-30,0.005439669248391516,0.08060810679567522,0.012202866331171664,0.09413474467985254,m3_1,2
p30-32,-0.031120419168686193,-0.44089810388614825,-0.05472934878351785,-0.5093559767487997,m3_1,2
p32-34,-0.05213994807572954,-0.7352857508417668,-0.062228592671739455,-0.5198642365498491,m3_1,2
p34-36,0.0707338045163118,1.0447213252000684,-0.1462256687655789,-1.3243434766420306,m3_1,2
p36-38,-0.028253781139967793,-0.4523260387993832,-0.05302919130593492,-0.5095445016691024,m3_1,2
p38-40,-0.07582222196428008,-1.0814421655682773,-0.0038126223211663868,-0.03703303528261569,m3_1,2
p40-42,0.000883328552570858,0.012851740602846877,0.0596480851913614,0.5488641218661086,m3_1,2
p42-44,-0.035138386745627005,-0.5906208306447225,0.10177518533337805,0.9614764558861567,m3_1,2
p44-46,0.008338748064122445,0.12821295664508225,0.028029945625768493,0.30675621723807,m3_1,2
p46-48,-0.01379159237600705,-0.21530636606559436,0.09573709867793781,0.9481590460407846,m3_1,2
p48-50,0.03236247235936098,0.5400945148668667,0.17112153284726325,1.8845417695801723,m3_1,2
p50-52,-0.0005165851963838036,-0.008453649032452411,0.07520100146158151,0.732638963698817,m3_1,2
p52-54,-0.004579048242840895,-0.07498110207427161,0.03691874723671971,0.3466069057689178,m3_1,2
p54-56,0.0018237417682497664,0.027874557709091075,0.027679758193067863,0.28213904514940785,m3_1,2
p56-57,0.0223816384344592,0.33887038975250533,0.007203485146315211,0.06377959945150091,m3_1,2
p57-60,0.020113126395411976,0.3022910801829472,-0.00823559434589769,-0.07834966888905602,m3_1,2
p60-62,0.054203933444605584,0.8634048030722826,0.00843070914738754,0.08551043074702387,m3_1,2
p62-64,-0.03385547045363471,-0.5467201012657413,0.09326743545726142,0.9920261469465189,m3_1,2
p64-66,0.0697548599291754,1.2388067919158237,0.21899511903670718,1.9917326775267037,m3_1,2
p66-68,-0.04099427912206131,-0.6352709074644867,0.15526454525429015,1.4444545496371717,m3_1,2
p68-70,0.018231970362696928,0.2725132026781386,0.10337166867110573,1.0376711599385444,m3_1,2
p70-72,0.051772489145594215,0.7419296383261976,0.1777403522568855,1.7603688759225138,m3_1,2
p72-74,-0.06556710039657182,-1.003542849766345,0.09722523319891939,0.9398279478862793,m3_1,2
p74-76,0.12971231910949071,2.0062374598671253,0.15501393300738328,1.3690916404428894,m3_1,2
p76-78,-0.005268678668648739,-0.07748508339801657,0.12082823713522536,1.1441698686330448,m3_1,2
p78-80,0.04293711922443726,0.556092835532276,0.07821233188213937,0.6684026864179317,m3_1,2
p80-82,-0.011120989743950312,-0.15362367191160028,0.0463760836534352,0.4403416395848855,m3_1,2
p82-84,-0.05730692726927894,-0.6731801817561003,-0.04600016799848004,-0.3651055066167112,m3_1,2
p84-86,-0.08584974596768283,-1.012661681421397,0.07857755989060497,0.7192427543430047,m3_1,2
p86-88,0.013952996615021297,0.13611711205140858,-0.12373280686622454,-0.9309081531216111,m3_1,2
p88-90,-0.02170012988238547,-0.18514682254361195,0.09005906194018894,0.6527701705245796,m3_1,2
p90-92,-0.007480994485920081,-0.05910550059565797,0.05573830681387639,0.316755653389813,m3_1,2
p92-94,-0.08389960763373168,-0.5611063304354964,0.1288590514797882,0.5858299439233706,m3_1,2
p94-96,-0.032886263703607234,-0.19376741572413758,-0.24175435134548545,-1.1005116976616942,m3_1,2
p96-98,-0.07403967601043497,-0.3661718349518636,-0.11339421789648477,-0.40049454420867425,m3_1,2
p98-100,0.1020574220749685,0.3553340325609374,-0.2000369455015227,-0.586131128262235,m3_1,2
r1-5,-0.73307657591843,-0.7638860401767934,-3.1636691852685708,-1.6312330004620776,m3_1,4
r6-10,0.4550855739962086,0.568578812296349,-0.39312707086919124,-0.22892027677526572,m3_1,4
r11-20,0.44645754179142205,0.7500044393340103,-1.1392454614656604,-0.8456973529737255,m3_1,4
r21-30,0.236238444188173,0.4590909738306798,-1.6594710397770516,-1.549970838931168,m3_1,4
r31-50,0.0004924774915688605,0.0011876083748332408,0.03324436508171856,0.037603255454444096,m3_1,4
r51-75,0.0910407928955554,0.2564512534797904,-0.06628226618708706,-0.09115316518918345,m3_1,4
r76-100,-0.07317698882625581,-0.24114723438828276,-0.07589953028374503,-0.13198281449327995,m3_1,4
r101-150,0.059793348671975874,0.26897895732266364,0.0036900422293823943,0.00743550958529364,m3_1,4
r151-200,-0.025427626278699628,-0.12791738983141046,-0.3780790232911314,-0.9699710282266149,m3_1,4
r201-300,0.0911750082395357,0.5668257782132341,-0.07559397963397159,-0.2576873494399457,m3_1,4
r301-500,0.04907995292538908,0.368356092127229,-0.19447891737342804,-0.9620770503860334,m3_1,4
p00-02,0.13804518348226016,0.29079237934558483,-0.87888269547487,-0.9481608870402827,m3_1,4
p02-04,0.13790240033620096,0.42569295066346924,-0.048397137181439086,-0.08253482193561666,m3_1,4
p04-06,-0.022018120748192444,-0.10068618611082336,0.05079680946929428,0.10682322808741225,m3_1,4
p06-08,0.056358662823236,0.2640803696597899,-0.41998756296106365,-1.1201726157692904,m3_1,4
p08-10,0.010131189795513793,0.053293776267034736,0.08950707086677619,0.26615768307676907,m3_1,4
p10-12,0.08742354033868555,0.4850015784786336,-0.0071140674396408254,-0.027392210423980854,m3_1,4
p12-14,0.08365719389458699,0.5113220477107664,-0.20411322252146974,-0.7306561714953856,m3_1,4
p14-16,-0.0010959777537109846,-0.00699775419517979,-0.2663910894038609,-1.1313526845670927,m3_1,4
p16-18,0.0024262185430129557,0.016394235153705312,-0.24026824608231342,-1.2164074968229406,m3_1,4
p18-20,0.16564005972382487,1.1519789910215261,-0.05890449881070127,-0.31802487402093704,m3_1,4
p20-22,0.12764632793993433,0.8478770830054991,-0.21576561676113445,-1.3301264268471076,m3_1,4
p22-24,-0.06152156059493557,-0.4485200782262181,-0.1952529210730442,-1.210262312438008,m3_1,4
p24-26,-0.01955425498108406,-0.15182620942156783,-0.03287653006623649,-0.19367573569319238,m3_1,4
p26-28,0.08726458548514127,0.6585876729659825,0.09016785962841167,0.40518377086694546,m3_1,4
p28-30,0.04322585131515249,0.3966508272548975,-0.018484734401668614,-0.10226555573380092,m3_1,4
p30-32,0.021835445463626035,0.17497413085424235,-0.16768150985647107,-0.9143398561314574,m3_1,4
p32-34,-0.04081531968737334,-0.3392264465978381,-0.03430257946061533,-0.21753709336446425,m3_1,4
p34-36,0.17222603872915176,1.4233923822834085,-0.18844715321333713,-1.1678298804183285,m3_1,4
p36-38,-0.0025673960424836264,-0.023667706483435448,-0.13336849866315584,-0.728769440580485,m3_1,4
p38-40,-0.06334014297760951,-0.5174557775312512,-0.041630995973345734,-0.27263228724652827,m3_1,4
p40-42,0.023570424417117247,0.20365761005182972,-0.11786243808000971,-0.6484546030801956,m3_1,4
p42-44,-0.07552248862548645,-0.6987691497306385,0.16930330682268963,0.9361853627056957,m3_1,4
p44-46,0.03073787930915019,0.27539134924099096,0.033737901621976873,0.20298487246456762,m3_1,4
p46-48,0.04809068101718674,0.4432952918073882,0.08966437792934422,0.5267730853934183,m3_1,4
p48-50,0.031975668987607064,0.30245691493241156,0.3176183584591112,1.9634039504602896,m3_1,4
p50-52,-0.047874879006943816,-0.44977154657816115,0.03780327582898896,0.24370406605679665,m3_1,4
p52-54,-0.059628362574483534,-0.545889909208161,0.12457354229422349,0.7216772784776552,m3_1,4
p54-56,-0.06583021620545322,-0.5606382644027463,0.10451184683044235,0.8261571287755285,m3_1,4
p56-57,0.038649479650523046,0.37024530967995745,0.02899543826569701,0.17881650618952016,m3_1,4
p57-60,-0.06404385953703141,-0.5715049821341732,-0.010843155788127492,-0.07467363566676849,m3_1,4
p60-62,0.11796238751725059,1.2249999917674705,-0.06061002841239177,-0.4202560487926716,m3_1,4
p62-64,-0.035175182846484694,-0.330084738233955,0.24945961881130205,1.5038608682488672,m3_1,4
p64-66,0.0397698642917425,0.40771738155745807,0.2974160636733837,1.7841717601889033,m3_1,4
p66-68,-0.06280169533488739,-0.6175261608353128,0.2970955354741452,1.947613632449499,m3_1,4
p68-70,-0.04785918563786565,-0.42892668660969957,0.09869985931007304,0.6654428189030546,m3_1,4
p70-72,-0.03780881329048031,-0.336035337932741,0.34804210848168143,2.2144791323343367,m3_1,4
p72-74,-0.07207038098884659,-0.6070307714934282,0.24468107814622328,1.6669543083778973,m3_1,4
p74-76,0.12518128469250334,1.1890256268787067,0.3435146137851937,2.126519344172119,m3_1,4
p76-78,-0.08390677720100423,-0.6772320443257354,0.41484313334051326,2.2463660503953147,m3_1,4
p78-80,0.10924898819896636,0.8325438937607701,0.0028838353961178702,0.01686414269575198,m3_1,4
p80-82,-0.09018987852739041,-0.744912115257657,0.10626741620626604,0.546439390145347,m3_1,4
p82-84,-0.2354658444004592,-1.5800675935451398,0.034722297895671314,0.16544967887354262,m3_1,4
p84-86,-0.06604975041373233,-0.4680552287336112,0.12070715271475307,0.6409499838592103,m3_1,4
p86-88,0.1029675653921619,0.5538262752610735,-0.03088048985388713,-0.11581050411621312,m3_1,4
p88-90,0.09592804140160904,0.4691731731015696,0.28931149802194306,1.137312959685955,m3_1,4
p90-92,-0.09580585986255663,-0.4000910942183786,-0.028772143051778262,-0.09010257247904949,m3_1,4
p92-94,-0.11876823658573912,-0.4507110792745454,0.169002134471804,0.5021764653753963,m3_1,4
p94-96,0.05195666284961117,0.15951849706231863,-0.29929814562641527,-0.7768901741170106,m3_1,4
p96-98,-0.29230322325933245,-0.7316798738999676,-0.23942801435337624,-0.5250714892278795,m3_1,4
p98-100,-0.18973598637370345,-0.3336143798474666,-0.2224858654357582,-0.33431571361227674,m3_1,4
r1-5,-1.2523705795754012,-0.790778596509212,-9.032276245149472,-3.0319529206186897,m3_1,8
r6-10,1.0383758511600791,0.7278192837087905,-4.015904496386523,-1.696458314271612,m3_1,8
r11-20,1.0079005253304683,1.0206953477408804,-0.5254624663091565,-0.23715363435877698,m3_1,8
r21-30,0.5327427379284138,0.5938917062927753,-0.4438588036881618,-0.24719755135616045,m3_1,8
r31-50,0.44312923441733254,0.5524711332214977,0.5188570031263477,0.3296870327534201,m3_1,8
r51-75,0.011536945186405304,0.01732434497097505,0.3621974313456444,0.23664736765515618,m3_1,8
r76-100,0.2478822145019215,0.3990646371028592,0.1259537330732898,0.09640893938860147,m3_1,8
r101-150,0.41728989710793474,0.8937048061132521,0.12922923861935584,0.1260775640023847,m3_1,8
r151-200,0.16871500320698207,0.4567214636644266,-0.3651355052058982,-0.4498189274952743,m3_1,8
r201-300,0.08877377895905388,0.2915072665480238,-0.020721702453107053,-0.031172889513241826,m3_1,8
r301-500,0.10924360676153333,0.49365495109782026,-0.2730513835441832,-0.6420967088347096,m3_1,8
p00-02,0.4882743976763397,0.5635118382680827,-1.2700107984108344,-0.8068702665250107,m3_1,8
p02-04,0.29816929576213463,0.46965628702905254,0.21978237031773867,0.16616728707607412,m3_1,8
p04-06,0.3653345317627043,0.748200507012213,0.15651323910713674,0.15790578460819849,m3_1,8
p06-08,0.23289847858512341,0.5992409550687171,-0.28608663388213745,-0.3677666860719796,m3_1,8
p08-10,0.20198034640778217,0.5614754828368954,0.3234508193547214,0.46326016413387244,m3_1,8
p10-12,0.07805686607199301,0.23781200198193805,-0.24196720667461674,-0.4404692568336214,m3_1,8
p12-14,0.08829199590565577,0.3293330682785949,-0.38302192135208446,-0.6622042684128578,m3_1,8
p14-16,0.019719556104699023,0.07532124664958607,-0.2807968030098854,-0.6900523820772512,m3_1,8
p16-18,0.05026932519349379,0.22727708033915722,-0.3294053700153394,-0.9055373794690413,m3_1,8
p18-20,0.35618607189937146,1.4467379736303378,0.21518783061772764,0.6135036402675286,m3_1,8
p20-22,0.2192898239359062,0.9532502137790948,-0.41290834507212626,-1.3119700849453884,m3_1,8
p22-24,-0.07853414361685168,-0.3516708809201387,-0.27119908465208836,-0.8368979559061307,m3_1,8
p24-26,0.10231689550085038,0.487714398759127,-0.25219650918323616,-0.784510200416041,m3_1,8
p26-28,0.1464091113357873,0.6291182322503934,0.07948518795304696,0.261483542653292,m3_1,8
p28-30,-0.015565749427864085,-0.08944627549486238,0.025441707258808285,0.09346232139960926,m3_1,8
p30-32,0.11674189694311128,0.5224689318026279,-0.03377810682043701,-0.10559858872899211,m3_1,8
p32-34,-0.0975118763537673,-0.4768771744478596,-0.3562377716400928,-1.323296458036272,m3_1,8
p34-36,0.29494161195668456,1.531184100934861,-0.3290034031470517,-1.221939546040334,m3_1,8
p36-38,0.1433280433130922,0.8622294927025342,-0.13252479719578675,-0.5487212139348996,m3_1,8
p38-40,0.040287557194631306,0.19907672550247452,-0.15966459315672313,-0.6131311014355398,m3_1,8
p40-42,0.06331824550991232,0.32020579275176264,-0.12756260007415116,-0.4341767229163808,m3_1,8
p42-44,-0.12299721544625956,-0.6390621493402158,0.01793835067848004,0.06989793909196343,m3_1,8
p44-46,0.015946684105866037,0.08038201999223578,0.10666736985123634,0.49377208196997674,m3_1,8
p46-48,0.11758640505555441,0.6340391077915014,0.035858516828181676,0.14248802190637658,m3_1,8
p48-50,-0.04644406667715573,-0.23861258786478295,0.5141682756337537,1.561963010011758,m3_1,8
p50-52,0.02346708857108286,0.1297831909186966,0.12853403766164775,0.4630836288754116,m3_1,8
p52-54,-0.0353393774087809,-0.1785261502687004,0.029882036843773732,0.10183517522990428,m3_1,8
p54-56,-0.01700959523774403,-0.08340282223494642,0.08778971900000487,0.31382637802130825,m3_1,8
p56-57,-0.1650008993295426,-1.0147940050396185,0.02070369179488751,0.06698869502236997,m3_1,8
p57-60,-0.026359355968014104,-0.14280093846255604,-0.16578197625401722,-0.5028948615941808,m3_1,8
p60-62,0.1715988517450914,1.0129343711316905,0.14310625703152582,0.5539612210312772,m3_1,8
p62-64,-0.12410237931606245,-0.6126465028546045,0.22723710916930112,0.6722097322023902,m3_1,8
p64-66,0.021639234621188583,0.12507970895688703,0.6470682979289574,2.184075992200281,m3_1,8
p66-68,-0.16557474119341775,-0.9178819279776598,0.41174761760685663,1.5434985757718434,m3_1,8
p68-70,0.0417528551146883,0.22929865488234147,0.12439147046102284,0.4190107699608285,m3_1,8
p70-72,-0.023065158759867276,-0.11699178167580676,0.46565673157902,1.441401980284724,m3_1,8
p72-74,-0.21311511186832932,-1.081609120970545,0.23054111932487134,0.7465553214337893,m3_1,8
p74-76,0.19560435420146413,0.9281126826649203,0.5628521203517461,2.1035363570130974,m3_1,8
p76-78,-0.08712352975953702,-0.3989236030400354,0.5949937936115304,1.7445539897492466,m3_1,8
p78-80,0.19555841851248246,1.0143704661563897,0.048750283157647754,0.15027899785449153,m3_1,8
p80-82,-0.08878036907478329,-0.44763216371754,0.08884287543430769,0.24281027492035562,m3_1,8
p82-84,-0.25740071397249464,-1.0609906014009487,-0.0655183064385449,-0.14822559611873756,m3_1,8
p84-86,-0.072120626235141,-0.3190731196850175,0.3659096167055005,0.8782974168495472,m3_1,8
p86-88,0.06201216709311922,0.21997920739390106,0.23783187633849037,0.4888358112366033,m3_1,8
p88-90,-0.13919527969525392,-0.450873428743413,0.1620497707138251,0.32679967252690834,m3_1,8
p90-92,-0.3179912536938388,-0.8911447880179656,-0.0857009436628454,-0.14176066287032835,m3_1,8
p92-94,-0.14644691228740384,-0.31178688491159257,-0.002176732896878945,-0.0037705640140604556,m3_1,8
p94-96,-0.2680350911814503,-0.4801315430718718,-0.232367163187657,-0.28380783232788387,m3_1,8
p96-98,-0.6288659906847323,-0.8992225865031602,-0.5225586602899747,-0.7225789635796552,m3_1,8
p98-100,-1.007269439050045,-0.9608907408431229,-0.33877558429545446,-0.2631371428664468,m3_1,8
r1-5,-2.833458324554213,-1.4548858092601888,-12.774173153928558,-3.459148984418998,m3_1,13
r6-10,-0.43186720563961933,-0.23545053756195652,-4.616367933715158,-1.7299921286216495,m3_1,13
r11-20,-0.4899326099863625,-0.41703463504196026,-1.2354963951099565,-0.5251385780719715,m3_1,13
r21-30,0.7408008870896802,0.5974366343818528,-0.33781421702499254,-0.14204629293868568,m3_1,13
r31-50,0.8149384006300797,0.7270189315537653,0.5468260963760715,0.32498417087008835,m3_1,13
r51-75,0.3446218392758999,0.39357035257745876,1.212387805189254,0.6268388705300292,m3_1,13
r76-100,0.534809794064404,0.6930000139761091,0.589414524953763,0.32253529637600314,m3_1,13
r101-150,0.4988398132928354,0.7666149867815322,0.9642876973513062,0.672993446478744,m3_1,13
r151-200,0.49264177024867856,0.9296462918005322,0.00910618000756605,0.007135562534020079,m3_1,13
r201-300,0.2817462122960255,0.7437148172887045,0.24669984097608708,0.2641997331010105,m3_1,13
r301-500,0.22417471946854606,0.8970468599770506,-0.12267720608251818,-0.17684564741474104,m3_1,13
p00-02,-0.10409101663251653,-0.0913615485278741,-1.8078607659149204,-1.027281205767485,m3_1,13
p02-04,0.7339644886182275,0.8529924673361156,0.7662946720160623,0.42178483202386974,m3_1,13
p04-06,0.495049567498581,0.7507733185765766,1.1273015321229916,0.7928669796112672,m3_1,13
p06-08,0.6149018611420166,1.057782186541941,-0.05926665555927325,-0.05066552725679234,m3_1,13
p08-10,0.43086316495719174,0.9497196335761403,0.5874935285383772,0.6662802052070294,m3_1,13
p10-12,0.21226154073851483,0.4827193684736006,0.20626692184469056,0.22223735556378493,m3_1,13
p12-14,0.4566079553721236,1.4209845015886025,-0.07038219968845505,-0.08733070754160602,m3_1,13
p14-16,-0.06610353668963638,-0.2092978036992169,-0.3874064312538334,-0.5507883103972854,m3_1,13
p16-18,0.12075252105144532,0.5032917256047684,0.14564131178050774,0.238259649321922,m3_1,13
p18-20,0.6179866744821524,2.021305244913212,-0.1528628098999812,-0.27372701229055874,m3_1,13
p20-22,0.30539691991688056,1.151905042672061,0.1628829391935387,0.29937326479015447,m3_1,13
p22-24,-0.026794720675058458,-0.09650728324459,-0.011412705464190012,-0.02427053134663411,m3_1,13
p24-26,0.1506786021274986,0.5185998174341103,-0.1747946447177014,-0.35478604772369154,m3_1,13
p26-28,0.1971178544049671,0.6828489632139518,0.22454983625151415,0.6632281079775042,m3_1,13
p28-30,0.05556827542390172,0.22926080855044342,0.07881823710268121,0.17991001921503516,m3_1,13
p30-32,0.29869448217260564,0.9257783464797815,0.08167575313830626,0.21144208013676521,m3_1,13
p32-34,-0.16511757812296765,-0.5583475359374062,-0.24665389855668143,-0.6059765609637151,m3_1,13
p34-36,0.27833332393727717,0.9775066846900841,-0.25285404204034057,-0.5675122177754052,m3_1,13
p36-38,0.4025903444005154,1.6218584483924579,-0.3021674584720853,-0.8653286059916184,m3_1,13
p38-40,-0.006607362357406025,-0.02111085742375623,-0.10681646518793042,-0.26575414220248594,m3_1,13
p40-42,0.15429786686966665,0.4990258519300432,0.11352968367649291,0.27719563755515186,m3_1,13
p42-44,-0.0016403857599661905,-0.005817512676941621,-0.102049974392676,-0.2901317558260325,m3_1,13
p44-46,0.21465930073884068,0.734785227881582,0.24529374517471927,1.070539464589813,m3_1,13
p46-48,0.4038965277139263,1.441588945291006,0.04566937112457798,0.12620560768273156,m3_1,13
p48-50,0.010991922592450302,0.038161591795258604,0.2579145222969649,0.5890595590128882,m3_1,13
p50-52,0.019482936495110938,0.06584253145447412,0.17463017100180353,0.4844109647250844,m3_1,13
p52-54,-0.008153693664444087,-0.028613238267004168,-0.10999853396863266,-0.2438578128069834,m3_1,13
p54-56,-0.04395114238440982,-0.13953410887591647,0.08580527174862537,0.2148392262817408,m3_1,13
p56-57,-0.030448332878956038,-0.12363105272418445,-0.014008925797125859,-0.03332846190501755,m3_1,13
p57-60,0.2739662914424158,1.0010243335245974,-0.2327400860147745,-0.6149472571815565,m3_1,13
p60-62,0.31370130434468413,1.1320370873116075,0.16156421890194178,0.4390634285226089,m3_1,13
p62-64,-0.12505410227894653,-0.42152143807936177,0.2584363659398378,0.6198141459387605,m3_1,13
p64-66,0.16485256369609125,0.6612592619910618,0.5636547845812523,1.2887462975172923,m3_1,13
p66-68,-0.38074811853466967,-1.6026852415846993,0.39579496425898214,1.1498986085581908,m3_1,13
p68-70,0.11007092333206159,0.4775527143562837,0.3231320926780312,0.7049117178516672,m3_1,13
p70-72,0.014103139318607044,0.0523124110020864,0.3129587981910147,0.6009468618006882,m3_1,13
p72-74,-0.23206969491260976,-0.8664899688829698,0.2169576463973445,0.4622570110935482,m3_1,13
p74-76,0.03488035760155712,0.13873107152086142,0.46713304117205845,0.9572095807179726,m3_1,13
p76-78,-0.06370566767666191,-0.23725707820392675,0.3211511951904128,0.7023277718209956,m3_1,13
p78-80,0.1439848779806786,0.5700284861314772,-0.017000962487548957,-0.030097080843250825,m3_1,13
p80-82,-0.2843473350200666,-1.053364015441388,-0.40829627675194063,-0.6697560477448469,m3_1,13
p82-84,-0.29448511411285605,-0.8954771039653117,-0.43277948583509157,-0.5916627160967737,m3_1,13
p84-86,-0.21101184493252817,-0.7406205122543156,0.17821253881659044,0.24196836945070296,m3_1,13
p86-88,-0.1378725210616246,-0.37106468113751434,-0.024516239083659783,-0.03577866115727814,m3_1,13
p88-90,-0.22268295834489757,-0.5190693632856589,0.043264544434207665,0.05326724066122126,m3_1,13
p90-92,-0.35599052676982923,-0.726430992643607,-0.3500298229558149,-0.40095049389834,m3_1,13
p92-94,-0.6576534121336444,-1.033430103594657,-0.285763523252629,-0.3234316605563435,m3_1,13
p94-96,-0.7064402832341559,-0.8822502087055709,-0.6004744593611588,-0.5108248960646362,m3_1,13
p96-98,-1.0784995821854946,-1.0749887468237884,-0.8359565186091322,-0.8232892565977765,m3_1,13
p98-100,-1.9936460091328794,-1.4402980103943666,-0.5734314051562402,-0.32470297952025334,m3_1,13
r1-5,0.3166562959695281,1.0253573924285595,0.9515313262647235,1.259406427377599,rs_live,1
r6-10,0.15269810651132176,0.462174257305703,-1.0697013523510945,-1.9402649040898585,rs_live,1
r11-20,0.10230178236236472,0.3953991780640586,-0.46822316292262484,-1.16283492650269,rs_live,1
r21-30,0.10731890296860744,0.4969524236643731,0.19023551137747532,0.4189829817172264,rs_live,1
r31-50,-0.007331690299395214,-0.04239013694355643,-0.19368688067068676,-0.5968438742963093,rs_live,1
r51-75,0.13910714286687043,0.9475387400841836,0.1689689562051969,0.5659009289752118,rs_live,1
r76-100,0.16901542395182562,1.283560046950257,0.01819168331792295,0.0757867069755243,rs_live,1
r101-150,0.05621456587511703,0.5725691315861255,0.10428039213574648,0.5204340765886866,rs_live,1
r151-200,0.010129446203390225,0.11251118954188938,0.024094228660455942,0.14575338999769374,rs_live,1
r201-300,0.05055763083181376,0.7113676008098815,-0.0014511450892719117,-0.011195962871779513,rs_live,1
r301-500,-0.00018543916178471228,-0.003562153022050655,-0.01984627382178797,-0.2479661461439926,rs_live,1
p00-02,0.09034133600691417,0.48181504327662067,-0.13006994851762924,-0.41210647612724083,rs_live,1
p02-04,0.1494452276465564,1.1278879209249215,0.0760814972029355,0.31833039588810524,rs_live,1
p04-06,0.10635858833317338,1.0349151042446492,0.1148117743607299,0.597074660896431,rs_live,1
p06-08,0.008476797478743522,0.09161995005824315,0.09695133159184276,0.6301888457575524,rs_live,1
p08-10,0.05293375404909401,0.6270002258706001,-0.016973193405925308,-0.1189548983630003,rs_live,1
p10-12,0.059321394301012874,0.7995401746245592,0.03305832682027768,0.2821386991683366,rs_live,1
p12-14,0.010115439660953626,0.14627524848645296,-0.0014205209879674238,-0.013345378542759637,rs_live,1
p14-16,0.07044213300573526,1.0744724276936322,-0.04576926001634974,-0.4468963718720717,rs_live,1
p16-18,-0.039165193567513315,-0.6320237030504463,-0.011510111016799005,-0.12358629764248097,rs_live,1
p18-20,0.03862835150547551,0.6931603748690892,-0.06505840127783626,-0.8856416003573695,rs_live,1
p20-22,0.009006217643600632,0.16366442228772185,0.08938148878918625,1.096709608228598,rs_live,1
p22-24,0.020954864602536715,0.40067870848281345,0.06054586047320608,0.723505496733543,rs_live,1
p24-26,0.07789819166902974,1.4993188928660428,0.024640710610675097,0.38165893701110437,rs_live,1
p26-28,0.06273255345250113,1.3758990103945472,0.10628392181310194,1.4071507077568843,rs_live,1
p28-30,0.02526187144939547,0.5174078671049975,-0.01837404502024854,-0.2680979039810357,rs_live,1
p30-32,-0.0018224590815889448,-0.03919268055907574,0.06400977529905391,0.8534591421301293,rs_live,1
p32-34,-0.05057290131636286,-1.0395139298202964,0.09522271870691817,1.3766762457910762,rs_live,1
p34-36,0.04202073863120498,0.88089359438776,0.047259418013744024,0.6739043900722144,rs_live,1
p36-38,0.0018010814712469724,0.03818201957726054,0.10071726115159929,1.5187565863140235,rs_live,1
p38-40,0.09170893505278911,2.031762035701211,0.04657559998181687,0.6296773208713606,rs_live,1
p40-42,-0.021640457230963202,-0.5142647314171024,0.028148824457868957,0.4587456130174117,rs_live,1
p42-44,-0.0872475134938431,-2.2479729053632624,0.10901903318413386,1.7493957113729084,rs_live,1
p44-46,-0.0015089640067943717,-0.0357889810490857,0.0376756933100835,0.523226320028207,rs_live,1
p46-48,0.02629678162005583,0.5934987316301146,0.007557936093447976,0.11955024535121436,rs_live,1
p48-50,0.05760647964618183,1.505500583981743,0.04524597642988529,0.6668545772761298,rs_live,1
p50-52,-0.034101805391434016,-0.8461884179762109,-0.04293100152670929,-0.6065556463679457,rs_live,1
p52-54,-0.019292688707771902,-0.47904123417032085,0.050291219072524124,0.7826066212777343,rs_live,1
p54-56,-0.055303683296324214,-1.388358951846947,0.10255318879443813,1.6377831749894538,rs_live,1
p56-57,0.01139725003855029,0.2499354926189309,0.07036611367523139,0.9456758907332751,rs_live,1
p57-60,-0.07386986268813546,-1.88309531051353,0.04149648986953959,0.5818287740279774,rs_live,1
p60-62,-0.048078130516253724,-1.159571377264246,-0.07979715845781579,-1.1869228305329018,rs_live,1
p62-64,0.025468548061213087,0.6330879751678029,-0.023806212226798646,-0.3357325156897945,rs_live,1
p64-66,-0.02108036511852632,-0.5190578520722358,0.06596459203794651,0.9700484254667053,rs_live,1
p66-68,-0.00037622092872568747,-0.008895336242944274,-0.01336259081188077,-0.1720893325457349,rs_live,1
p68-70,-0.013023544327945885,-0.3011605741451132,0.03294670307650856,0.47292402526293387,rs_live,1
p70-72,-0.08615778074182875,-1.8419529188002592,0.016380422958949894,0.23600666236226656,rs_live,1
p72-74,-0.09834713195023417,-2.207198627016021,0.01238937931136597,0.16307461577641452,rs_live,1
p74-76,0.0005121891196141577,0.010567530583233902,-0.1501775830834987,-2.101977901747149,rs_live,1
p76-78,-0.004127305773819646,-0.07739153767235402,-0.10571180120161358,-1.3160506841094495,rs_live,1
p78-80,0.0005497966904527494,0.010027745930878853,-0.0825537250794505,-1.147174105028861,rs_live,1
p80-82,-0.04913978087238484,-0.8782776293098197,-0.16541946455440934,-1.9823189060853315,rs_live,1
p82-84,-0.04260981396477501,-0.708954959738454,-0.017513234942957142,-0.19737967163325634,rs_live,1
p84-86,-0.0642617252394309,-0.9695890560196706,-0.0665800745569793,-0.8223299655343712,rs_live,1
p86-88,-0.01663905836827505,-0.23017543475361124,-0.07669115770099227,-0.794201174187206,rs_live,1
p88-90,-0.07931263940518028,-0.9552233242131529,0.01581062233906369,0.1401645650125532,rs_live,1
p90-92,-0.04241746142368216,-0.4743324555688776,-0.02022525726101816,-0.17886884782345291,rs_live,1
p92-94,-0.04815446292830044,-0.44696809840041435,-0.10253229115551228,-0.6743742582341336,rs_live,1
p94-96,-0.04101375120805622,-0.3473174038019982,-0.031797651747247975,-0.21750434319913878,rs_live,1
p96-98,-0.033810285274501695,-0.2378108337755034,-0.2190438964353465,-1.2912893328169175,rs_live,1
p98-100,0.03159804486220068,0.1755041355252094,-0.10188914958800598,-0.49226810327182446,rs_live,1
r1-5,0.7454455999004344,1.2621140215509958,0.9544995012111122,0.89050033503069,rs_live,2
r6-10,0.511247409626735,0.8756721213410683,-1.2487757091136746,-1.239499210822561,rs_live,2
r11-20,0.3955772004141195,0.9629412261681428,-1.0974628490457443,-1.635669400768218,rs_live,2
r21-30,0.3274515806068034,0.8909919499482978,0.4041959227428122,0.5730623466984293,rs_live,2
r31-50,0.06527378820756785,0.23643903950132955,-0.3448167795106567,-0.6291744534012232,rs_live,2
r51-75,0.211367512992287,0.8873012629710355,0.22584892738274986,0.41897989029846283,rs_live,2
r76-100,0.32753496902450235,1.469656182143794,0.2955895081378318,0.6869651804132643,rs_live,2
r101-150,0.13376167932583888,0.866718788680119,0.33522557481423493,1.0153160236992638,rs_live,2
r151-200,0.09268016843212046,0.7171315951332068,0.23959885025082814,0.8622045875441654,rs_live,2
r201-300,0.09667241754274232,0.9059247201312687,0.13695663797958293,0.6341707694308623,rs_live,2
r301-500,0.004207362912465299,0.054029416384344754,0.04220517286559088,0.3208551604068896,rs_live,2
p00-02,0.30558119316907245,0.9875132689839758,-0.2582349538289363,-0.4758244526881566,rs_live,2
p02-04,0.2798987900119449,1.254501757312491,0.25017870576636225,0.5525040487996925,rs_live,2
p04-06,0.23445543505850128,1.3845341945484095,0.3324476463961512,1.0623516501769887,rs_live,2
p06-08,0.08124831180874283,0.6205391840746268,0.28705578454102626,1.1215569579043225,rs_live,2
p08-10,0.13824855031578645,1.1719110346959467,0.14398051425972674,0.6142711464962561,rs_live,2
p10-12,0.0745179747270758,0.6259083579994668,0.19465884740483674,1.0861806207904405,rs_live,2
p12-14,-0.00047078213845657557,-0.004360400177817265,0.0916509100376291,0.5635705830823315,rs_live,2
p14-16,0.10062867149907809,1.0844265826385278,0.016584527435113804,0.10638765607448626,rs_live,2
p16-18,-0.012609465863176917,-0.13225457433297783,0.03696806866622415,0.23789583507358847,rs_live,2
p18-20,0.01865466881429235,0.22274261906376727,-0.10980733730732412,-0.8762579419946983,rs_live,2
p20-22,0.026017162060247904,0.3209927303880769,0.12582468244301293,0.9471569402506339,rs_live,2
p22-24,-0.002175038396623246,-0.026097219156321575,0.09282364259673359,0.6485374456548556,rs_live,2
p24-26,0.08865906703052052,1.1122362047495367,0.07495769465342826,0.679913458029879,rs_live,2
p26-28,0.03275069517586131,0.47582601024047994,0.21660275528264852,1.6742404288831931,rs_live,2
p28-30,0.029577219385117672,0.3841494986447644,0.04271243521836012,0.37645679632471685,rs_live,2
p30-32,0.04659300554578691,0.6983443098755295,0.23533779208843153,2.146278396064727,rs_live,2
p32-34,0.046336113385623996,0.5957438119391435,0.12742124270641006,1.187089389608499,rs_live,2
p34-36,0.04215044898759278,0.565754929556862,0.1184238296073287,0.9703033724311453,rs_live,2
p36-38,-0.04995116966567469,-0.7334751304553783,0.23869572830401692,2.0344262433858513,rs_live,2
p38-40,0.09986041324682561,1.5426321795242566,-0.00044857587651420057,-0.003967068514863247,rs_live,2
p40-42,-0.09068122939870013,-1.3325769469228073,0.059991112857131414,0.5698640463470953,rs_live,2
p42-44,-0.0229736414780698,-0.3461568226452689,0.17049731463946963,1.4930709929612374,rs_live,2
p44-46,0.0318994890551699,0.4848472985809683,0.025813182194909093,0.21144261532185957,rs_live,2
p46-48,0.04901293162978648,0.7694115442391957,-0.05238714812166181,-0.464468972849766,rs_live,2
p48-50,0.06461296826064393,0.9962543605850703,0.10607593441270038,0.9370018540610491,rs_live,2
p50-52,-0.008300626446113513,-0.12639162949103724,-0.012738565287474666,-0.11695811502923867,rs_live,2
p52-54,-0.07035621946062962,-1.0769808031347083,0.12182175599182482,1.0187827431285532,rs_live,2
p54-56,-0.10925616214424477,-1.7224024398268,0.04311690907508745,0.40273101893508134,rs_live,2
p56-57,-0.01934488176677503,-0.28627147201159214,-0.023644198850700036,-0.19541584304422116,rs_live,2
p57-60,-0.17865342549252902,-2.896246036245971,-0.017000116401130975,-0.17951814946601055,rs_live,2
p60-62,-0.059299534797392944,-0.9739788371779344,-0.1971317241964926,-1.864845040423046,rs_live,2
p62-64,-0.007246333321223302,-0.12025997748965438,-0.11178584244482544,-0.9328884398655003,rs_live,2
p64-66,-0.08662428409645899,-1.3022818826342537,0.03158739370437538,0.283313859597242,rs_live,2
p66-68,0.06820400043876478,1.0752041660100125,-0.0793628855548205,-0.7047789465475855,rs_live,2
p68-70,-0.018407966867065584,-0.2658421489872297,0.029081113405234938,0.28070235101594254,rs_live,2
p70-72,-0.1326642336667349,-1.947899056966174,-0.0673686389946066,-0.6183489406541863,rs_live,2
p72-74,-0.09593882157487642,-1.3420576477000783,-0.09146233945007898,-0.7659481890913016,rs_live,2
p74-76,-0.02102964040746436,-0.2959422839066262,-0.18370845248541282,-1.4051966861300913,rs_live,2
p76-78,-0.02521558375923529,-0.3065572811720463,-0.10050894722057976,-0.8123742467036961,rs_live,2
p78-80,-0.04213849345859788,-0.5050102721698565,-0.23950181302943258,-1.8982950962832068,rs_live,2
p80-82,-0.020002959380420515,-0.24555274985101003,-0.22423789213004497,-1.819721547141103,rs_live,2
p82-84,-0.049517568086400496,-0.5416890867977249,-0.17654890668237902,-1.3279455720685316,rs_live,2
p84-86,-0.1501305073015511,-1.4093819342433116,-0.13246658211755993,-0.9700933858448907,rs_live,2
p86-88,-0.012028374717703138,-0.11160403541584304,-0.21063978766360644,-1.3643763782551703,rs_live,2
p88-90,-0.15838826374829224,-1.2778649444175094,0.007430774583535453,0.04542404212190174,rs_live,2
p90-92,-0.21052732764302173,-1.4381705866634598,-0.1532960134860056,-0.8681366725654835,rs_live,2
p92-94,-0.05457247304247507,-0.3239865668842348,-0.14847848640757075,-0.6396756591998808,rs_live,2
p94-96,-0.0899634531399441,-0.4916248603309367,-0.1910671446834698,-0.8042969054949977,rs_live,2
p96-98,-0.08418925931474346,-0.36521882862639304,-0.14962306628549443,-0.5259010858045283,rs_live,2
p98-100,0.024310673206763292,0.08158943458873023,-0.28325374214811444,-0.7898076112165079,rs_live,2
r1-5,1.8045309938377423,1.6358310768433444,0.15336400008827397,0.07317214153511872,rs_live,4
r6-10,-0.13451796039160394,-0.15645572235420116,-2.084175904651821,-1.0758023748589627,rs_live,4
r11-20,0.9200103123409712,1.175079576727564,-1.2774816227259829,-1.1569877448293941,rs_live,4
r21-30,0.5779429618880791,0.8350387488848338,-0.32023229191435065,-0.31541204242463405,rs_live,4
r31-50,0.47496638760268894,0.8956183276294308,-0.20380254610365225,-0.21101786891972166,rs_live,4
r51-75,0.2971795939902749,0.6632947058612557,0.459497456007264,0.4523011812077729,rs_live,4
r76-100,0.5594880489292615,1.383332312872629,0.789887319725688,0.9339256187238129,rs_live,4
r101-150,0.2932744265415154,1.097337543984038,0.3716105185653027,0.683983370308933,rs_live,4
r151-200,0.34246171822585164,1.4474889149615762,0.3634138700023753,0.7447083152897803,rs_live,4
r201-300,0.1473644029588042,0.7823439330983534,0.2579508228008559,0.6599843727952848,rs_live,4
r301-500,0.028625168439303465,0.20366551637230093,0.12079271288154424,0.5314352211916165,rs_live,4
p00-02,0.7289105036369988,1.2185023426582686,-0.5906616344140967,-0.6187945509745466,rs_live,4
p02-04,0.3331416113778858,0.8100856561792489,0.7684296277467155,0.8868649034590358,rs_live,4
p04-06,0.4996474748324807,1.6821303047822094,0.22216366908821886,0.4085092597936109,rs_live,4
p06-08,0.40428240057126313,1.6149478860188937,0.5994675625491005,1.2906477790388302,rs_live,4
p08-10,0.19617477154259869,0.9441208283443889,0.2893807360802418,0.7550477662426134,rs_live,4
p10-12,0.20470369606916616,1.02178987083809,0.1667198089923993,0.496701890621218,rs_live,4
p12-14,0.006034431509158103,0.03488842469439565,0.351432272817309,1.2546050701713762,rs_live,4
p14-16,0.14924217687364993,0.8925089878654034,0.11062342883576129,0.4304946012679022,rs_live,4
p16-18,0.02637799608579863,0.16673056246858173,-0.03757412807814,-0.14200646973829573,rs_live,4
p18-20,0.034935096844913964,0.2329290494060932,-0.00467273156770367,-0.024964508519286922,rs_live,4
p20-22,0.14781125564163475,1.0285818316914257,0.09008873324150989,0.40552969729635574,rs_live,4
p22-24,-0.05149733739106857,-0.3588283513382774,0.3163014139467666,1.514424183868512,rs_live,4
p24-26,0.12161384527703384,0.8785606801413138,0.06649896157892345,0.3657964274484954,rs_live,4
p26-28,0.04419794709378913,0.36194734614583157,0.36580663960042475,2.0436008556558094,rs_live,4
p28-30,0.10886387676938704,0.7566268375184655,0.1452410190210854,0.7760639236544583,rs_live,4
p30-32,0.10246436424811133,0.9050560465161706,0.29624244406726513,1.8910966351730807,rs_live,4
p32-34,-0.02381854121410891,-0.1803321691154243,0.19851688435494644,1.0743294709241618,rs_live,4
p34-36,0.02384927999216658,0.17869065864638095,0.09095975731215251,0.49175981509491945,rs_live,4
p36-38,-0.12143342279045029,-0.9636297284637397,0.36551589046740907,2.0256814112018264,rs_live,4
p38-40,0.0562734661126471,0.5066038225847886,0.1480227287270427,0.7044026526978999,rs_live,4
p40-42,-0.21624300735823462,-1.7703558634873182,0.06403262250497267,0.3581797669395723,rs_live,4
p42-44,-0.010755506575282316,-0.08946785293014162,0.10262430968211152,0.5704837806007272,rs_live,4
p44-46,0.003324912342130426,0.029684380480298565,-0.006520873399563414,-0.03860839025433631,rs_live,4
p46-48,0.0007934014190875876,0.006798363970143502,-0.023410411707692955,-0.11957820851580454,rs_live,4
p48-50,0.05041921119424319,0.45374277646157607,0.18811387549359013,1.056298276431481,rs_live,4
p50-52,0.060043027141204464,0.5547377918744344,0.06136439504812303,0.2984571037727128,rs_live,4
p52-54,-0.039992322711236185,-0.32529434877030583,0.18860290042593209,0.9572073846876012,rs_live,4
p54-56,-0.15905837500447406,-1.46834195827205,0.0825328605066855,0.40875105250306676,rs_live,4
p56-57,-0.05348978339364585,-0.45245932860604615,-0.029658568568916313,-0.15246934095670853,rs_live,4
p57-60,-0.17495032363443885,-1.5732833427935333,-0.04321058106159373,-0.2575188838352669,rs_live,4
p60-62,-0.16616367012787744,-1.4789494411352864,-0.3045116995968058,-1.724227697164745,rs_live,4
p62-64,0.05265688794606821,0.5305999188865652,-0.18670376916828887,-0.8041104514305464,rs_live,4
p64-66,-0.10543883596241313,-0.920325311035404,-0.05258695440664522,-0.27333567399437225,rs_live,4
p66-68,0.03787542214514407,0.3595411457377522,-0.19435690690123308,-1.135729864529029,rs_live,4
p68-70,0.03536046414162496,0.3016354002506693,0.035016135313403855,0.19412346145465123,rs_live,4
p70-72,-0.1984607979841846,-1.7175478816265102,-0.03403915243672936,-0.17174668938199047,rs_live,4
p72-74,-0.20331109424785496,-1.5955025105027605,-0.2164719394057071,-1.3132379528164624,rs_live,4
p74-76,0.014974504529149656,0.12264619530938072,-0.3685320092270383,-1.637849041577109,rs_live,4
p76-78,-0.053542073298186596,-0.38341266038541133,-0.04948057161630763,-0.26278620771834416,rs_live,4
p78-80,-0.16204820669742498,-1.1147849004328036,-0.27095884455877395,-1.3072778389341568,rs_live,4
p80-82,0.02157566390171352,0.14696460959466584,-0.32533816366982715,-1.471007940378762,rs_live,4
p82-84,-0.02539893459660992,-0.1672841125001702,-0.2841410172048123,-1.3462067549472978,rs_live,4
p84-86,-0.27158229905555953,-1.5197915106928923,-0.042929332218755056,-0.17903235123452813,rs_live,4
p86-88,-0.1737315474476888,-0.8737350700384622,-0.39611456678790397,-1.5382957593604276,rs_live,4
p88-90,-0.2568590169725336,-1.2339261599339646,-0.12456785581046259,-0.5033844355389976,rs_live,4
p90-92,-0.35029250072238677,-1.3385078268749697,-0.44121950485512773,-1.5367120422779244,rs_live,4
p92-94,-0.26087356587609617,-0.8159912415980541,-0.24430282896302263,-0.6504577491505135,rs_live,4
p94-96,-0.18704013692592486,-0.56627676441139,-0.44878175346061283,-1.098237686670318,rs_live,4
p96-98,-0.17972743552764864,-0.41617380582093894,-0.17308704567624575,-0.41220958155009324,rs_live,4
p98-100,-0.018220407958238025,-0.030975210607958506,-0.4134698330033084,-0.7464757576460483,rs_live,4
r1-5,3.270727133401986,1.8420864274915638,-0.9392335116080811,-0.2763488303789398,rs_live,8
r6-10,-0.9255906094540233,-0.7014237424366457,-1.3574051910314433,-0.4606000742415919,rs_live,8
r11-20,1.0584535530644932,0.8316379669306903,-1.5027835365752957,-0.70243518584209,rs_live,8
r21-30,1.8581060355606704,1.6207612221828245,-1.2581206525963486,-0.6551181118485241,rs_live,8
r31-50,1.4467572034526839,1.466240527935137,0.003874264380622902,0.002140167432645452,rs_live,8
r51-75,0.3373096065881579,0.43023734769256344,0.6954288180675207,0.42603431987241697,rs_live,8
r76-100,1.199376716270544,1.5554545188727407,0.8922056743134171,0.6212336137161654,rs_live,8
r101-150,0.6647954593599726,1.3146469187873933,0.3962401089505215,0.3423144433714025,rs_live,8
r151-200,0.6432228156887466,1.4983613530086712,0.5768941957753767,0.5803524972935642,rs_live,8
r201-300,0.34469483266278117,1.0910493821351797,0.5693122039004289,0.7211729432832472,rs_live,8
r301-500,0.11773163436959154,0.545556837218081,0.3076738297037498,0.6718904020416975,rs_live,8
p00-02,1.5250274473015069,1.4818866381889224,-0.892143373242175,-0.5001849381867884,rs_live,8
p02-04,0.648014484388066,0.8464937639261717,0.9812093701077617,0.6620390876052116,rs_live,8
p04-06,0.9244064389042499,1.6075599204516804,0.387861687196346,0.3271083706382454,rs_live,8
p06-08,0.875316226035636,1.9321708000766957,0.8722212705025689,1.0086407575753968,rs_live,8
p08-10,0.3466822874325108,0.9246702668203531,0.8206511781954156,0.9999853882474719,rs_live,8
p10-12,0.44219141041168686,1.391086208314322,0.17967180700797178,0.28612898086599353,rs_live,8
p12-14,0.24911250060306775,0.9231589934948496,0.5205571615980042,0.8206630529856079,rs_live,8
p14-16,0.20657893784155468,0.8088179576837077,0.5347181578784146,1.1285847865358523,rs_live,8
p16-18,0.12009240936393765,0.5173023930779559,0.16685514702083237,0.3642745849481534,rs_live,8
p18-20,0.11640103837570624,0.5224917618956527,0.35405584798747497,1.028857621710285,rs_live,8
p20-22,0.30806178027964015,1.3752073899244985,0.3883860030312663,0.9566114003720945,rs_live,8
p22-24,0.017681536766270597,0.07919536631043934,0.5830174126346523,1.9840612850702202,rs_live,8
p24-26,0.1314979209102919,0.5596439504513924,0.16019503038841468,0.5144699186076159,rs_live,8
p26-28,0.19463741582376057,0.9681281657881419,0.8260563432093644,2.827419181256462,rs_live,8
p28-30,0.1609561854127411,0.6133257583961782,0.1682421328550164,0.6196546211472019,rs_live,8
p30-32,-0.016637983284873203,-0.07643865822201125,0.3303390545547069,1.1327820221425768,rs_live,8
p32-34,0.07984041515961775,0.34607254138243476,0.3418291064909085,1.3719751092738859,rs_live,8
p34-36,-0.05503319413532669,-0.2317087983444501,0.12983261597832427,0.4332322873155914,rs_live,8
p36-38,-0.013745413532960646,-0.058870775262507,0.21940052169130458,0.8283713242445481,rs_live,8
p38-40,0.07870371603368295,0.36938054842865,0.22477741902075013,0.6363797939327942,rs_live,8
p40-42,-0.09760531868302287,-0.4351351094371785,0.03280805659824997,0.10614674796426576,rs_live,8
p42-44,0.03083847260159074,0.15799307188832867,0.33796790220943523,1.0425359133367234,rs_live,8
p44-46,-0.0331639670078778,-0.15284443754458443,-0.09694977547395194,-0.2919954000006631,rs_live,8
p46-48,0.13455531481962804,0.6507995085165729,-0.020743844216943745,-0.059693345810714935,rs_live,8
p48-50,0.09838545651550196,0.49037664593824315,0.14776516842021142,0.45555921283896883,rs_live,8
p50-52,-0.06141543419974483,-0.3232952459343435,-0.0923968057273555,-0.2667958569027838,rs_live,8
p52-54,-0.09858690342840928,-0.43284011507099424,-0.0008094012255125992,-0.002453320240739203,rs_live,8
p54-56,-0.16714649108704802,-0.7543184375504713,-0.09545560770889407,-0.2649337326445153,rs_live,8
p56-57,-0.13580657684196706,-0.6236415833419522,-0.00945538202339807,-0.02709492420557607,rs_live,8
p57-60,-0.07449607850548531,-0.35283973263610197,0.049954426873578976,0.1396191977759564,rs_live,8
p60-62,-0.224673757674809,-1.0339273362736394,-0.25204095604094134,-0.8538537907086702,rs_live,8
p62-64,-0.0645521942801018,-0.3600927481321254,-0.13935234108296332,-0.3537016994880966,rs_live,8
p64-66,-0.20217127030141263,-0.8427114842175059,-0.018572820643806883,-0.06457631509277702,rs_live,8
p66-68,-0.01223524505901946,-0.0605965505543479,-0.15863447251857937,-0.4759844591310694,rs_live,8
p68-70,0.01012525748191083,0.05268083705604722,0.1757321469149661,0.5765833236326637,rs_live,8
p70-72,-0.12610397195260944,-0.6118733310473528,-0.19572338334358197,-0.5501834230775446,rs_live,8
p72-74,-0.28009724363489846,-1.3919169882138873,-0.2808369754484669,-0.853789499739555,rs_live,8
p74-76,-0.06756011253520444,-0.2999947013275268,-0.6168626921000279,-1.530029383263879,rs_live,8
p76-78,-0.08218573936867013,-0.3900011735818926,-0.37559703960317337,-1.2893901812873085,rs_live,8
p78-80,-0.24059498541291127,-0.9142648723695117,-0.2168521041318029,-0.6481909325824434,rs_live,8
p80-82,-0.06258137152107135,-0.2630486715001521,-0.5650617072438843,-1.5570398365976856,rs_live,8
p82-84,-0.2738360313547356,-1.1340763070801902,-0.7230587222398451,-2.155544682287789,rs_live,8
p84-86,-0.5033513151652792,-1.72367274627303,-0.0043312303952269,-0.011062028447557899,rs_live,8
p86-88,-0.6790204186811979,-2.054473937737473,-0.8627231575944824,-1.8292062576261185,rs_live,8
p88-90,-0.4622213361239549,-1.2388268957383342,-0.4204764252832346,-0.7319616557870118,rs_live,8
p90-92,-0.5875612786919027,-1.335210891801019,-0.7797057007090252,-1.395007526407787,rs_live,8
p92-94,-0.5057451625763977,-0.9651194813694303,-0.25915952676196596,-0.3596255431649021,rs_live,8
p94-96,-0.4425437321482416,-0.719275734088882,-0.8074269346948372,-1.0002055868261353,rs_live,8
p96-98,-0.6252389684839604,-0.7305496078726746,-0.4938920959464103,-0.5830024606895724,rs_live,8
p98-100,-0.4868031788602686,-0.44082282698552183,-0.5564842882498149,-0.5897903088239781,rs_live,8
r1-5,3.9453246045882384,1.6906401642827429,-2.8597193459508343,-0.6802962212840128,rs_live,13
r6-10,-2.080906111133335,-1.1874447786808706,-2.069794073360483,-0.5740900791583475,rs_live,13
r11-20,1.614418543727266,0.9721546016506369,-0.6428669407123492,-0.16355414472049082,rs_live,13
r21-30,1.7903545627501447,1.0527827015016327,-1.9850874416541535,-0.7618603229387036,rs_live,13
r31-50,1.4842639196855634,1.189670245772073,-0.34313647542511944,-0.14053259989105682,rs_live,13
r51-75,0.08713884445973347,0.08169030670274374,0.43865328652357044,0.2333052182781562,rs_live,13
r76-100,1.478868673759679,1.4528666025281052,1.772127702636821,0.9561285198176777,rs_live,13
r101-150,1.2705462074798657,1.7422878063517135,0.5330122941097465,0.41338382053134615,rs_live,13
r151-200,1.023508013995106,1.7927876688830136,0.7624460873297807,0.6438607099770562,rs_live,13
r201-300,0.7389950945317515,1.7860595875955234,1.0262285478115758,1.127951648843664,rs_live,13
r301-500,0.3005723185074924,1.0431964139027723,0.4633918749614596,0.756945746761584,rs_live,13
p00-02,1.6111640966105172,1.1921581923673887,-1.3663649080766898,-0.504134963095017,rs_live,13
p02-04,0.6797809393632551,0.6321895063123215,1.4790267549660117,0.8471108867734861,rs_live,13
p04-06,1.3198729428906815,1.7360770417582114,0.7726964929726646,0.5603368619748296,rs_live,13
p06-08,1.3998307144644686,2.165095945778248,0.8039111938220476,0.7735780403026276,rs_live,13
p08-10,0.8030006877666019,1.6426399785149917,1.4727558454059282,1.4629616151720481,rs_live,13
p10-12,0.8263682249454384,1.8413325291669917,0.3323151883316027,0.5059622733270066,rs_live,13
p12-14,0.692423106156293,1.9109134405505448,0.5909503588118658,0.7296027822644231,rs_live,13
p14-16,0.3093211568439779,0.8564529430208094,0.6362487744540563,0.9586096899926532,rs_live,13
p16-18,0.27191779647614456,0.857297019359159,0.527343568899909,0.8560993392547687,rs_live,13
p18-20,0.4413068800157775,1.3802790271934087,0.6027923318862611,1.1268646213052418,rs_live,13
p20-22,0.43075991618429144,1.4645266479550711,0.796682818863482,1.160293703478445,rs_live,13
p22-24,0.127136995048753,0.4511081353863442,0.7724183778749085,1.5288625364989252,rs_live,13
p24-26,0.07683139620437605,0.25429136405527636,0.12606552859621473,0.23484556485699418,rs_live,13
p26-28,0.15416082517890362,0.4786808379470507,0.8473545464788991,1.7161323829110098,rs_live,13
p28-30,0.15813299398950773,0.43176267747191954,-0.023461027719081973,-0.05749452745423916,rs_live,13
p30-32,0.02278649618048855,0.06252463345551523,0.35194504983792463,0.9535330717798735,rs_live,13
p32-34,0.21372450055305614,0.6782358190604896,0.6705317024699566,1.7050626598240488,rs_live,13
p34-36,-0.02298231804868598,-0.06559796214549662,0.3951082099372825,0.9468634510914274,rs_live,13
p36-38,-0.00249082489837171,-0.006870063587174784,0.4381040128737113,1.18485304129553,rs_live,13
p38-40,0.028663263224259865,0.09322201215804662,0.3153678598397107,0.6430596713668539,rs_live,13
p40-42,-0.13530314705935256,-0.3796969062219443,-0.058402538961874924,-0.14674604872771346,rs_live,13
p42-44,0.09305553011393482,0.2973455486938664,0.5411252189070785,1.2759915772398482,rs_live,13
p44-46,-0.13074882657363637,-0.3792825151009657,0.0856439708536848,0.1663220670671918,rs_live,13
p46-48,0.05599896662524602,0.1698666118280382,0.08451149903452178,0.1729612023152477,rs_live,13
p48-50,0.06154638453617045,0.1927993357234935,0.047207952477109606,0.09331776905738313,rs_live,13
p50-52,-0.09624474739000792,-0.3022817022048834,-0.2797211273108531,-0.6268049412954286,rs_live,13
p52-54,-0.02382826713001736,-0.06724969319506499,-0.08388829618632244,-0.2044866243665786,rs_live,13
p54-56,-0.1724222833261437,-0.5228444439187105,-0.06407197120570753,-0.12100293214521374,rs_live,13
p56-57,-0.22882915293305855,-0.6454443111770983,-0.04627301989932463,-0.10128261366891005,rs_live,13
p57-60,-0.06126578539498193,-0.19282793518982366,0.1769083305772807,0.42829812614634727,rs_live,13
p60-62,-0.20305449151757798,-0.6229214568631813,-0.3813835030386888,-1.0845031187372864,rs_live,13
p62-64,-0.09948389664984408,-0.3621767736288176,-0.0486752348484458,-0.1255978151764308,rs_live,13
p64-66,-0.19864923042021082,-0.5154877429606638,-0.1227275716363532,-0.40217872603577187,rs_live,13
p66-68,0.0047013454371846244,0.01609264224399296,-0.07424828489784822,-0.18300664215094492,rs_live,13
p68-70,-0.13332487008177135,-0.4735111401407712,0.03390792058248923,0.07222287538216593,rs_live,13
p70-72,-0.16955865612332485,-0.5495353525968687,-0.4830350094793194,-0.99834566731129,rs_live,13
p72-74,-0.31640140590267546,-1.142325336330467,-0.2282791078585315,-0.5482390660785283,rs_live,13
p74-76,-0.2927254210661609,-0.9515575720572448,-0.6075245960058806,-0.964083642447465,rs_live,13
p76-78,-0.16000969386579728,-0.6245952943154314,-0.12084571693431044,-0.41000835970830724,rs_live,13
p78-80,-0.39278675076412717,-1.1382000152845722,-0.23090984080902963,-0.6336470617553256,rs_live,13
p80-82,-0.27816201889969466,-0.943075481544462,-0.895686993978038,-2.1904659355972087,rs_live,13
p82-84,-0.4096487338341102,-1.3133813195530246,-1.402189234317725,-2.8958740554846236,rs_live,13
p84-86,-0.6138142933802561,-1.600005603005398,-0.35011253315013374,-0.6282778496978659,rs_live,13
p86-88,-0.8056934272969095,-1.602723992158235,-1.2813553251901832,-1.578547131291768,rs_live,13
p88-90,-0.6362114817561643,-1.2125452446137956,-0.677156490895681,-0.7580173697525413,rs_live,13
p90-92,-0.8163945589384007,-1.18996849026934,-1.010556828652777,-1.2519442540630403,rs_live,13
p92-94,-0.6592476634981473,-0.8469676326652726,-0.5659478098590446,-0.6001324041141963,rs_live,13
p94-96,-0.6278538715053625,-0.6812100842216897,-1.3491572966936343,-1.255697555120868,rs_live,13
p96-98,-0.8651020126206147,-0.6677434463092641,-0.7493214710845411,-0.61141410883679,rs_live,13
p98-100,-1.2008441216782029,-0.7772425088824078,-0.411368126890126,-0.31748906655236686,rs_live,13
r1-5,-0.07070814537692494,-0.4788253410917385,0.2708549897997422,1.1894019551699944,hi52,1
r6-10,-0.17977765903973472,-1.435272021856575,0.09594355687976773,0.45373325599753356,hi52,1
r11-20,-0.1746689727032134,-1.5554578209580159,0.11004755335997272,0.6358463895375336,hi52,1
r21-30,-0.07600791801168694,-0.6561733294001385,0.06882844865840329,0.4460363365706956,hi52,1
r31-50,-0.08931791168447646,-0.9008835084255828,0.15330594484879523,1.053815940890051,hi52,1
r51-75,-0.060765221297272166,-0.6330417496781086,-0.14174637777559201,-0.9788957343124479,hi52,1
r76-100,-0.038925989000354634,-0.4068397738832816,0.0009024215880600457,0.007153128362493174,hi52,1
r101-150,-0.07129266388399408,-0.8594055844347506,0.10885231036974895,0.9541402510442417,hi52,1
r151-200,-0.029802254088984452,-0.38455109875583937,-0.020636729521393792,-0.20170873326744543,hi52,1
r201-300,-0.04487174817460977,-0.6462507972289201,0.011152415269202883,0.12091703169878537,hi52,1
r301-500,0.004432523432385368,0.07400907473107299,0.01089855204096739,0.14681354267511887,hi52,1
p00-02,-0.1295541613046191,-1.3054215848338686,0.12225070349436151,0.9172774949187634,hi52,1
p02-04,-0.047263920573673734,-0.5100703030542061,-0.022940902442397132,-0.1835249955865825,hi52,1
p04-06,-0.06361986997380199,-0.7416869153293665,0.051582564725971364,0.4641678179269734,hi52,1
p06-08,-0.04721700154993952,-0.5864445001148556,0.001956350696429948,0.01953297559373596,hi52,1
p08-10,-0.045631148900872616,-0.5887250871940624,-0.06224608098412893,-0.6338905120097397,hi52,1
p10-12,-0.050680403529436216,-0.6926344503828653,0.061748118822568344,0.6908909083554712,hi52,1
p12-14,-0.007493592888897322,-0.10688893251869924,0.012759996847313463,0.1496501903660661,hi52,1
p14-16,-0.0018762535530984495,-0.026733553778747234,0.0009286493362499365,0.011201453250381832,hi52,1
p16-18,-0.01966773889201568,-0.2953320278203218,0.02646177834352468,0.29778377484242935,hi52,1
p18-20,0.02112599898466899,0.34218389254802006,0.06135578430094556,0.7087056054170707,hi52,1
p20-22,0.033458906330216705,0.5530928767139031,0.04135822884471897,0.5176831495713122,hi52,1
p22-24,0.0036976701967610295,0.05950312000774698,0.05976969412399255,0.7932378812896587,hi52,1
p24-26,0.02908843056531762,0.5088218138328293,0.1171526806044778,1.4871629469479273,hi52,1
p26-28,-0.03918546879096209,-0.7404264522219667,0.060891517157215,0.7634554996702665,hi52,1
p28-30,0.014281178327342105,0.26588169766070957,-0.037465262786188294,-0.46590790163221246,hi52,1
p30-32,-0.05380685433165838,-1.0615321166180238,0.01666671070003404,0.2154790334671273,hi52,1
p32-34,-0.0009142021770369912,-0.01755088572861698,0.06684905209125505,0.8671943697642069,hi52,1
p34-36,0.004691274499522124,0.09777908896770954,0.025549328030119764,0.3730387595120449,hi52,1
p36-38,0.0036733330735619274,0.08024847251995494,0.0728028957581577,1.090754559237213,hi52,1
p38-40,0.03207406484957405,0.7842869147169894,-0.011734797309107,-0.16335755800443752,hi52,1
p40-42,0.022310402397403728,0.5436612143037912,0.02033548346383144,0.26876837862309605,hi52,1
p42-44,0.056607010503630595,1.2351969307856574,-0.04509484422969888,-0.7222888497899738,hi52,1
p44-46,0.03858690622054293,0.9434102263219681,0.04770272386254079,0.7800257341828606,hi52,1
p46-48,0.02207656907316943,0.5600084199379844,0.007877321212086832,0.11937287392718364,hi52,1
p48-50,-0.02482011750167295,-0.5994135379169704,0.012385310745927877,0.17048699340168352,hi52,1
p50-52,0.0011606940116337843,0.03216219189573822,0.029163893314774147,0.488221989863163,hi52,1
p52-54,0.044282187281416516,1.0626191813290498,0.11286939659445193,1.5307966410493998,hi52,1
p54-56,0.05027967808781367,1.2803643572757182,0.08597733754909247,1.2662643198688197,hi52,1
p56-57,0.02363470332076148,0.5883683817696372,0.12548781980162402,1.9985706768504607,hi52,1
p57-60,-0.01004267137791469,-0.28223802317541474,-0.06132013600436116,-0.8564693835481947,hi52,1
p60-62,-0.027457549181097638,-0.7210986038103817,-0.01680172422045384,-0.30227181588486524,hi52,1
p62-64,0.05121307609194199,1.2868066781666354,-0.07366990070847648,-1.161942691360491,hi52,1
p64-66,0.02975181843347686,0.7592328938730932,0.03994841557305422,0.5932633321256482,hi52,1
p66-68,0.050534948071098824,1.1944990264539272,-0.07983433951940175,-1.0627492622658052,hi52,1
p68-70,0.06833693883742395,1.4148283154236379,-0.03873436935478622,-0.5218343927314575,hi52,1
p70-72,0.031749823283132236,0.6499056601974732,0.03728626628525897,0.5596500671961927,hi52,1
p72-74,-0.013067881417009443,-0.2524788969309911,-0.1245504383082901,-1.5644898601572546,hi52,1
p74-76,0.057903500292702234,1.028127969283862,-0.0007119086010592948,-0.007755474038283832,hi52,1
p76-78,0.022402545883635834,0.3913114914459832,-0.029292382497302694,-0.3281354347079657,hi52,1
p78-80,0.05137764441898675,0.8119794416730471,-0.019243113762034577,-0.1972258805577997,hi52,1
p80-82,0.014118133380195278,0.20331961900229753,-0.05908141632045809,-0.6110394718698119,hi52,1
p82-84,0.06713295040047615,0.8998922162157853,-0.1580342770798688,-1.673963624108133,hi52,1
p84-86,0.014580992091953737,0.18942688602372987,-0.07063063556091116,-0.6376996545799963,hi52,1
p86-88,-0.02772500189084462,-0.27998466290535357,0.03886713972834163,0.3040571812506237,hi52,1
p88-90,-0.07879418411248243,-0.776732694730744,-0.08273304866108858,-0.6135062671609051,hi52,1
p90-92,-0.04947794467133746,-0.44824993951284703,-0.10516455085601505,-0.7254151059079994,hi52,1
p92-94,-0.02982602846791611,-0.22598298385981552,-0.043423407874477384,-0.2573129409552405,hi52,1
p94-96,-0.094425271469255,-0.6249900884773539,0.02921072748116975,0.16340509411306642,hi52,1
p96-98,-0.06879894717116534,-0.42784687912512026,-0.0600268145992255,-0.29170724134171766,hi52,1
p98-100,0.06826223438543899,0.34046783100092687,-0.18322436990289753,-0.7015150541355106,hi52,1
r1-5,-0.12385801613318333,-0.5461523537105875,0.040487602763822426,0.12108671757700866,hi52,2
r6-10,-0.2571563395864666,-1.2962031665206148,0.17129925131560136,0.47494335745016536,hi52,2
r11-20,-0.20357296360282748,-1.1153623775211263,0.046749541627333295,0.16443140620489333,hi52,2
r21-30,-0.05223654118277829,-0.29272913239104764,-0.18365368125713324,-0.6212538687856787,hi52,2
r31-50,-0.12670230069419763,-0.8177210164776355,0.3044461229637873,1.1875963482746366,hi52,2
r51-75,-0.14387593514787264,-1.0022309060280377,-0.2574319144777543,-1.0381770283133551,hi52,2
r76-100,-0.17076806281294232,-1.1894402886961042,-0.15474408895978314,-0.6890909671175082,hi52,2
r101-150,-0.08457416244781124,-0.6683313104937735,-0.043813967471598776,-0.20190904211938504,hi52,2
r151-200,-0.07849129453945408,-0.6686427910217813,0.018355633834172866,0.0945251201398212,hi52,2
r201-300,-0.027842991118865786,-0.2669971906075775,0.01246951189356782,0.07963861368957008,hi52,2
r301-500,0.01064883782191865,0.11786798112483624,0.029017512066540657,0.2111754264865618,hi52,2
p00-02,-0.16873085016416173,-1.0616994862155986,0.06780598991896869,0.27967416849186305,hi52,2
p02-04,-0.1475905058932043,-1.054985639374909,-0.16047593897925666,-0.739703985774486,hi52,2
p04-06,-0.09466238312035932,-0.7331878304326522,-0.027964516101400078,-0.1258911216003526,hi52,2
p06-08,-0.046071439462933864,-0.3830396693264206,0.042520219350204606,0.23798606090528712,hi52,2
p08-10,-0.09094885560891296,-0.8005749593924693,-0.08669412510771406,-0.5179996058707717,hi52,2
p10-12,-0.019052837150450155,-0.1730869918712662,0.029082604571013727,0.18507651788607782,hi52,2
p12-14,-0.008625432407624227,-0.08239755200880798,0.018420127154571756,0.11234870421919103,hi52,2
p14-16,0.014723850619342328,0.13975683707365702,0.06447512661836004,0.4426311997085328,hi52,2
p16-18,-0.04029426459252087,-0.39256851612283405,0.08099003301699029,0.5219140165222694,hi52,2
p18-20,0.044796255233296466,0.4718121109617022,0.013945371126457499,0.09532913050443725,hi52,2
p20-22,0.02983124545047434,0.3115462960894084,0.0855543209830884,0.6021977037097705,hi52,2
p22-24,0.01896094970020217,0.20268319919598834,0.07476859161055685,0.5889089291982643,hi52,2
p24-26,0.007871205484321592,0.09406580182185731,0.16442709093357194,1.217613828323373,hi52,2
p26-28,-0.03736203838169647,-0.45869933375325495,0.07424774317100087,0.5640467960762039,hi52,2
p28-30,0.04903579356314538,0.5854944542101207,0.0593881126372993,0.4305336586614904,hi52,2
p30-32,0.008542322322458752,0.1060674970013553,-0.00043322705633390564,-0.0036184822787938054,hi52,2
p32-34,0.05528012398019473,0.7337373220195224,0.07041653178666217,0.6501979719809264,hi52,2
p34-36,0.04961523428829212,0.679764770215179,0.0015202074211120677,0.015416245502432724,hi52,2
p36-38,-0.01178025645998694,-0.15590140497941798,0.14695408056143483,1.315246354753017,hi52,2
p38-40,0.07913157012771889,1.1151134704109298,-0.01352625647602445,-0.1222528767686476,hi52,2
p40-42,0.05947424783387266,0.9384978954467099,0.026276033609247833,0.23326104854116234,hi52,2
p42-44,0.08418881515622258,1.2079700377056442,0.004264594816134853,0.04007357176528414,hi52,2
p44-46,0.006135028048125776,0.09865898637561796,0.07309801421335455,0.7322228466585494,hi52,2
p46-48,0.09638786986189703,1.411379243063102,0.07965956570423827,0.7642909948130208,hi52,2
p48-50,-0.02137679343219725,-0.3231438334884709,0.18847072789045136,1.672998778719739,hi52,2
p50-52,0.095203817657026,1.4965013765712558,-0.013532534077261045,-0.13637204931162336,hi52,2
p52-54,0.0770953778645553,1.2233439406737279,0.18608851147029531,1.6046803467071764,hi52,2
p54-56,0.06353559328899569,1.0608585506503234,0.18239331572567324,1.814623707641275,hi52,2
p56-57,0.025227198705424107,0.3963992270809814,0.07776683866597994,0.8588931803479292,hi52,2
p57-60,-0.055886507640925474,-0.969332156918502,0.019099278802739292,0.1727999324236134,hi52,2
p60-62,0.05871307146476105,0.8988142924222156,0.0542591683552637,0.5722541818648992,hi52,2
p62-64,0.11249622546439181,1.6764565235363817,-0.10158582831122326,-1.0596062437558644,hi52,2
p64-66,0.06857617453052173,1.077796353896941,-0.09181474534528876,-0.8389562736392716,hi52,2
p66-68,0.11080019519091341,1.6736802551938146,-0.0037192537612524387,-0.03397849482045734,hi52,2
p68-70,0.09929633225996382,1.3492898266996731,0.0765494533919421,0.6811967614268715,hi52,2
p70-72,0.013743367832248492,0.1800907967168499,-0.11041777452891308,-0.9561104449311033,hi52,2
p72-74,0.0707226940823836,0.9297666617254796,-0.2222590920625155,-1.560976363091518,hi52,2
p74-76,0.16113051282410717,1.9821346852571824,0.1360440024027178,1.0021761019662527,hi52,2
p76-78,0.086744335803491,1.0215773787687426,-0.1785537978483437,-1.2668453502157342,hi52,2
p78-80,0.018007281626751536,0.1723962231468641,-0.08068812851760325,-0.5021231499824962,hi52,2
p80-82,-0.006695877310892557,-0.06646926640896908,-0.277931044667708,-1.5551368894689348,hi52,2
p82-84,0.040414054778670196,0.3563201309877847,-0.15359156620105816,-0.9659455162640553,hi52,2
p84-86,0.03317393620160574,0.26112579365672695,-0.07208909753272516,-0.41452036925697805,hi52,2
p86-88,-0.11860825574299116,-0.779141182141484,-0.009682412547969144,-0.04255001448347401,hi52,2
p88-90,-0.14179699710598012,-0.8777372530919442,-0.08466594393884991,-0.3712962824465588,hi52,2
p90-92,-0.17597002710966334,-0.9547409531062778,-0.18445840548746897,-0.7768571698982684,hi52,2
p92-94,-0.15928936377326983,-0.7728207616362187,-0.00953904465088205,-0.0349928084552554,hi52,2
p94-96,-0.14198425464885694,-0.5919036539048382,0.04088952968165956,0.13844821319536696,hi52,2
p96-98,-0.32479767541020976,-1.2364265546073185,-0.043100432694121574,-0.12576914712914164,hi52,2
p98-100,0.07326370659627479,0.22322602240632358,-0.2180885286719142,-0.48877892189732036,hi52,2
r1-5,-0.34787676628376873,-0.9420764478851537,0.16301207639435566,0.23283827594934559,hi52,4
r6-10,-0.4477701115968808,-1.2490646792611653,0.45151379255696245,0.7183818933947924,hi52,4
r11-20,-0.3666243832861788,-1.086882086160088,-0.17170927509400422,-0.4191661328690255,hi52,4
r21-30,-0.17151753734688177,-0.5506172503004093,-0.14174923110712961,-0.31595100391132636,hi52,4
r31-50,-0.43897366009574956,-1.620669516548105,0.1701814972178366,0.40129102178563725,hi52,4
r51-75,-0.2885251688464516,-1.0641171000168168,-0.15635957380935234,-0.3910969195573422,hi52,4
r76-100,-0.23178217317714897,-0.9075314692496957,-0.2743828485310743,-0.7893282108470331,hi52,4
r101-150,-0.1592532957541794,-0.6992860949963688,-0.024278728869607327,-0.07174534334350087,hi52,4
r151-200,-0.19186331469815898,-0.8818406504029197,0.032860659418630325,0.11017685181232105,hi52,4
r201-300,-0.05699932084974204,-0.29426786546827655,-0.00919058504093078,-0.0390603896982459,hi52,4
r301-500,0.03750138705684148,0.22250656953161382,0.1318822314174149,0.6221547686355643,hi52,4
p00-02,-0.3901816351318254,-1.3674231951453444,0.036164284490754484,0.09067439365261262,hi52,4
p02-04,-0.28998173925525184,-1.1119814902106686,-0.17593078289274172,-0.4904691320455291,hi52,4
p04-06,-0.14251569374531642,-0.5992090821740491,0.028056867030384507,0.08213406512820154,hi52,4
p06-08,-0.15823943243085517,-0.7329909487898524,0.016748915141655513,0.06039261899245383,hi52,4
p08-10,-0.176117057892275,-0.8418149494704477,-0.08810231746005733,-0.3642731346652647,hi52,4
p10-12,-0.08653799288926384,-0.4138326881878131,0.08988060243744515,0.3558678976842521,hi52,4
p12-14,-0.04038069978550527,-0.2228005834618987,0.23971711625320669,0.984980690340398,hi52,4
p14-16,0.08254997894263302,0.4270780702306531,0.0880165192172056,0.3963737811967569,hi52,4
p16-18,0.00018983629237531756,0.0010692227214674555,0.10419611370210297,0.448414112245198,hi52,4
p18-20,0.07819777953613616,0.4370703202039165,0.12503840968701532,0.6169454828951143,hi52,4
p20-22,0.06395556332015943,0.36934370484821927,0.104902067975957,0.49137967071859384,hi52,4
p22-24,0.07180139866621416,0.4687673907267559,0.09072612617831664,0.4679434860504973,hi52,4
p24-26,0.054817809190554845,0.38479932671618594,0.297390529637006,1.6221909412202071,hi52,4
p26-28,0.030472550898755262,0.1958027355828248,0.0463457280704153,0.2305074270552706,hi52,4
p28-30,0.030951690719412273,0.19907582087094766,0.17011241576754113,0.9723117550361873,hi52,4
p30-32,0.011828120793260332,0.07602378423844865,0.14779563481271632,0.7552761697002153,hi52,4
p32-34,0.12125890955048421,0.8561388181379479,0.10079646155081101,0.6012440401220329,hi52,4
p34-36,0.10054705592459792,0.7387671186317386,0.12206500349558826,0.8744377089329097,hi52,4
p36-38,0.07161621733687004,0.5269889016332353,0.09985378489882889,0.5664775250470874,hi52,4
p38-40,0.14188486360012198,1.120168214335799,-0.03204811443938135,-0.20216723441156362,hi52,4
p40-42,0.08411546807506301,0.7812517641151282,0.14347688208487844,0.7127517039566712,hi52,4
p42-44,0.1477061539691641,1.3584774826015469,-0.07206324282495549,-0.46200429378135527,hi52,4
p44-46,0.04778153975227213,0.46671118446678633,0.16300893857188714,1.0148561438549788,hi52,4
p46-48,0.0779760388958789,0.6732315216728362,0.13135494608638562,0.861991287468107,hi52,4
p48-50,0.06497907226289514,0.5377503576043731,0.23681699861223932,1.539347190512138,hi52,4
p50-52,0.11373255173441901,1.1188189989380035,0.15998622648926952,0.9443848921563023,hi52,4
p52-54,0.09931103348945913,1.0814821270987007,0.12319019553181439,0.7973712569035137,hi52,4
p54-56,0.02568038249075967,0.23663913225358896,0.20101481744470773,1.3627873775931243,hi52,4
p56-57,0.11671891985777617,1.2127085601944592,0.12078725685975636,0.8606713057409219,hi52,4
p57-60,0.023264769819609062,0.2278641094230814,0.10063609012376422,0.6373828402716947,hi52,4
p60-62,0.10732625419669754,0.9644935267439161,0.03938613807400253,0.24994488248238309,hi52,4
p62-64,0.10962725865452318,1.0751446225018624,-0.1003563894570603,-0.6680860641636533,hi52,4
p64-66,0.14828205026950514,1.449369243538503,-0.11232137010779564,-0.6797139058201864,hi52,4
p66-68,0.1805637249904006,1.68496685279858,-0.21383049448576116,-1.0915305386973129,hi52,4
p68-70,0.3047361563932159,2.7163318524136324,-0.10375248208662499,-0.586844272047891,hi52,4
p70-72,0.2554348293688575,2.131926842720232,-0.17865114597384835,-1.0868174213487622,hi52,4
p72-74,0.2102765764575962,1.642693312013263,-0.422972772219835,-2.582251129879445,hi52,4
p74-76,0.33844394744525746,2.6162699437342485,0.20212165315284114,0.9587990024669051,hi52,4
p76-78,0.16743543629161922,1.2181419229186858,-0.4231138650660425,-1.8493837192695486,hi52,4
p78-80,0.016055577123775734,0.094209291168516,-0.2819433681881988,-1.0229763829228218,hi52,4
p80-82,-0.029908342140476885,-0.1785964368357893,-0.21046754197556827,-0.7996211434484978,hi52,4
p82-84,-0.15999575094048998,-0.7925350825132774,-0.32453669473945423,-1.1340203204674824,hi52,4
p84-86,0.02417192303011696,0.09642973382187861,-0.10255496665521867,-0.3636193951430787,hi52,4
p86-88,-0.2529203460893495,-0.8697936367643875,0.10414596417090706,0.3055000641224256,hi52,4
p88-90,-0.31211987945107433,-1.0095043864298114,-0.09852385624373951,-0.2776589491353902,hi52,4
p90-92,-0.41507500362228517,-1.176287191938552,-0.42786707370870936,-1.0898145720226406,hi52,4
p92-94,-0.37866476622236556,-0.9310129100103397,-0.3413751560833389,-0.7782748429269447,hi52,4
p94-96,-0.20541360781072296,-0.41694325491069206,0.32584453187539086,0.697269800533547,hi52,4
p96-98,-0.5962009710087802,-1.152326935619727,-0.0031764256337165385,-0.0054510597582591675,hi52,4
p98-100,0.09902816260312888,0.1509062161268499,-0.2524095441389601,-0.3876294912299256,hi52,4
r1-5,-0.7730096831658544,-1.1641322924840742,-0.011514593646386184,-0.015742390291430458,hi52,8
r6-10,-0.47953260348935167,-0.7537132329958162,0.502975916866153,0.4696455485520625,hi52,8
r11-20,-0.4859095444479797,-0.9042225086534972,0.06455932977601192,0.10093928794080595,hi52,8
r21-30,-0.16311184788186925,-0.2756131255395973,-0.4047302898773401,-0.7083926764309891,hi52,8
r31-50,-0.46202597618909996,-0.9595483755703614,-0.05784654652385326,-0.10049872543586989,hi52,8
r51-75,-0.27205183191203663,-0.5698860974030959,-0.5181172453956233,-0.8802927453490293,hi52,8
r76-100,-0.20404683995229786,-0.45716732464432064,-0.5271404167536632,-1.2125500289527718,hi52,8
r101-150,-0.16748405484402604,-0.4171857157553792,-0.17749977208534592,-0.3858524213871684,hi52,8
r151-200,-0.1448562609580899,-0.3795042653076148,-0.16739200154639147,-0.3608813075602138,hi52,8
r201-300,0.01325321265525609,0.03697260011513101,-0.10002757145113317,-0.23877376490183763,hi52,8
r301-500,0.11547122452085438,0.38301583845014553,0.1315835903102767,0.3613458184693674,hi52,8
p00-02,-0.4620527681612092,-0.8842062378493993,-0.04168666404121304,-0.07492998460510673,hi52,8
p02-04,-0.2790673036059641,-0.6063116559866778,-0.46258719084200245,-0.9429673558011135,hi52,8
p04-06,-0.1524741768117192,-0.3722671920101477,-0.1472094266329701,-0.3245467783615383,hi52,8
p06-08,-0.2069314066770376,-0.5272806591030176,-0.2907013631792812,-0.6806015756930034,hi52,8
p08-10,-0.05238886815349068,-0.138212936198763,-0.15195664650999233,-0.3504313687210145,hi52,8
p10-12,-0.0040078757675542104,-0.010425054763497298,0.24479733212411592,0.519112685581523,hi52,8
p12-14,0.0592210331058795,0.18541875973312294,0.170290284305685,0.42330449409033727,hi52,8
p14-16,0.19296160984871316,0.5861389697474831,-0.02077276796230384,-0.0524264627952292,hi52,8
p16-18,0.006167553132277284,0.020238806141536288,0.1422148349424805,0.3608232631583606,hi52,8
p18-20,0.1905402817076404,0.5696277390260909,-0.06452638139186108,-0.19536907868987036,hi52,8
p20-22,0.16799528988968496,0.5597045849946566,0.21792264282548485,0.682353725624273,hi52,8
p22-24,0.17075756483425555,0.6172462472614817,0.07494275827972427,0.2092581553424855,hi52,8
p24-26,0.09123847174041731,0.31070081585669534,0.3863798225743603,1.0429032390470478,hi52,8
p26-28,0.0736903148642169,0.283995631719657,0.08384299872281305,0.2681692221241383,hi52,8
p28-30,0.11405087522074459,0.4436153905292835,0.13969997083210314,0.3494560791419146,hi52,8
p30-32,0.09672911752852158,0.35470600021430315,0.31874421814433207,0.9694312957938672,hi52,8
p32-34,0.4000083455459537,1.5254736723991116,0.23507029462457962,0.6788660611924355,hi52,8
p34-36,0.3172819929396166,1.2932361159819223,0.35540672167446324,1.2937440531139004,hi52,8
p36-38,0.028168166345413314,0.10105721375024117,0.41476993508313625,1.151706007389284,hi52,8
p38-40,0.23964677188109515,1.0352590045844432,-0.1314420040288694,-0.44610328242109737,hi52,8
p40-42,0.20804141322876293,1.0397854297526468,0.05128521164515434,0.1584521441398838,hi52,8
p42-44,0.31592952154956405,1.5519175831827339,-0.051603760565511615,-0.1773572707538381,hi52,8
p44-46,0.0677667943686396,0.3519591039078133,0.2759184443062356,1.029366873198938,hi52,8
p46-48,0.13513081484774017,0.6720843033823316,0.3245938882360168,1.2212800972316957,hi52,8
p48-50,0.16472775966575545,0.8405569139957756,0.522450150211399,2.041638030857974,hi52,8
p50-52,0.12922864292079744,0.8077735377041908,0.16197539339206557,0.7499918416415805,hi52,8
p52-54,0.10672233275329975,0.60126504395126,0.3979794225525465,2.653570286675396,hi52,8
p54-56,0.16428885851897118,0.895066046683162,0.38621735831280274,2.030489385696984,hi52,8
p56-57,0.26903767992978417,1.7202340680073787,0.21673835252698365,1.2499444536155382,hi52,8
p57-60,0.2621184065874047,1.4909736543287262,0.09489142676731513,0.42922462944868234,hi52,8
p60-62,0.18802891922606974,1.1503997199253502,0.6632651111378505,3.4937326340097874,hi52,8
p62-64,0.3248827820951995,2.0169432824308284,0.1130938698166868,0.45049977521151485,hi52,8
p64-66,0.2908843234647243,1.7515304999532484,-0.09528374687416301,-0.36411064356045164,hi52,8
p66-68,0.11805601115439102,0.7491816361585054,-0.2167001496381242,-0.8245751458810534,hi52,8
p68-70,0.38436417163479036,2.532873923142651,-0.011322944777836273,-0.04766746097148586,hi52,8
p70-72,0.353332269756637,1.975532821150593,-0.36405691959048914,-1.2391729510964578,hi52,8
p72-74,0.4012653757508845,2.1202229901367033,-0.48743361128135465,-2.381891931498328,hi52,8
p74-76,0.5166429600775729,2.2665807128251463,-0.06955356171640123,-0.22382605605442,hi52,8
p76-78,0.26080341572456117,1.2020790136743635,-0.48294719959885324,-1.1889151302281773,hi52,8
p78-80,0.11854448579370991,0.46001848285440716,-0.2881885759557854,-0.6184608866710096,hi52,8
p80-82,-0.12071967176727873,-0.44568078183292886,-0.4520143543041388,-1.024307463082425,hi52,8
p82-84,-0.3981403478803451,-1.0758715179904916,-0.4005508798760738,-0.8398917953533326,hi52,8
p84-86,-0.22748182835037428,-0.4721112924789582,-0.3370955995483904,-0.5837940545107749,hi52,8
p86-88,-0.434632582005494,-0.8059182601236884,-0.2912895337802117,-0.4128176086645736,hi52,8
p88-90,-0.7167363730286023,-1.1611128684561338,-0.22034765747351334,-0.29441732993722175,hi52,8
p90-92,-1.0300958989126556,-1.464800461213094,-0.1857918868260722,-0.27620571083668366,hi52,8
p92-94,-0.8466455117585237,-1.0647218823843057,-0.483567112425182,-0.5321171310712446,hi52,8
p94-96,-0.7681881553675781,-0.8357017256830496,0.21422421911977915,0.20709081910332458,hi52,8
p96-98,-1.2692395684881952,-1.221526292265699,0.38975885899112217,0.3426427204359815,hi52,8
p98-100,0.0362610725229647,0.028693986415502356,-0.847513922393776,-0.8406459229610336,hi52,8
r1-5,-0.09283484481711259,-0.10316369497530108,-0.9435242761082506,-0.8577526890377102,hi52,13
r6-10,-0.503036563403823,-0.5767131510706996,-0.8773186948053056,-0.5712480333184329,hi52,13
r11-20,-0.3620009603637122,-0.5293008725535614,-0.4531405209767636,-0.3803886178331388,hi52,13
r21-30,-0.05748152734579067,-0.07572192555575448,-1.837700987085255,-1.5554607424900204,hi52,13
r31-50,-0.2163513552589743,-0.32618619866582343,-0.48535116128837236,-0.4919863926235029,hi52,13
r51-75,-0.036273652337217806,-0.05787729344181789,-1.2175453714571696,-1.0701421763404162,hi52,13
r76-100,-0.0756764665694702,-0.11734216080610117,-0.9876742616341136,-1.2241558296951829,hi52,13
r101-150,-0.04410001051544194,-0.07942550034378398,-0.6900289959338599,-0.8963901506176494,hi52,13
r151-200,-0.07216941511869064,-0.1368452540107329,-0.8374867015979127,-1.0488800406438146,hi52,13
r201-300,0.13520710850137171,0.2657904628323191,-0.3230901384036605,-0.44127502521586975,hi52,13
r301-500,0.26729000091127075,0.6335769841975558,0.0983747116554128,0.15725991998163677,hi52,13
p00-02,-0.27636336190461025,-0.4034352209067662,-0.8236008273658434,-0.7747894684890567,hi52,13
p02-04,-0.07644910712025259,-0.12225733708858855,-1.0264661109467828,-1.0912255367500099,hi52,13
p04-06,-0.014954269798173549,-0.025739509707781612,-0.6192845423276544,-0.7992393671810639,hi52,13
p06-08,-0.042605086558238255,-0.08041929858151371,-0.8829397707360601,-1.1591629288427565,hi52,13
p08-10,0.028233628783119254,0.05351925154118167,-0.492550245646289,-0.6736866466309894,hi52,13
p10-12,0.02728719885796946,0.049795616225280614,0.14128558394477428,0.1853609615878444,hi52,13
p12-14,0.2067777180682276,0.4485566552982465,-0.01831876573903015,-0.023715358164998784,hi52,13
p14-16,0.6242602866529331,1.4263439307012886,-0.10778989838958228,-0.16612274851230494,hi52,13
p16-18,0.03866995118582443,0.0862417321527662,0.2605218896676001,0.4757198040438267,hi52,13
p18-20,0.36064079223817963,0.7751268668863547,0.19415205905009536,0.3095810997782964,hi52,13
p20-22,0.2542683023481589,0.605476242420208,0.18923497052205207,0.28949039375921987,hi52,13
p22-24,0.30016394243847233,0.6958950913591146,0.1608970877676709,0.2580327404043927,hi52,13
p24-26,0.28167241598845943,0.7349260065762029,0.6402753306821466,1.0504404280119255,hi52,13
p26-28,0.28840556519072197,0.8102758805399671,0.20888601240737198,0.34431688652923004,hi52,13
p28-30,0.27409520249505037,0.707256287903257,0.37287344081116,0.5533210524330243,hi52,13
p30-32,0.3009812677117659,0.7733383528381198,0.3288831485343641,0.5941144201485689,hi52,13
p32-34,0.4662533160644926,1.3757445662485044,0.779968768180442,1.314594453149696,hi52,13
p34-36,0.3284814284464781,0.9971659675834431,0.5456296109159359,1.0141795516027483,hi52,13
p36-38,0.10306906608092442,0.28249969258498986,0.8258302062718378,1.4285497516940415,hi52,13
p38-40,0.19115509185003843,0.5776348944399361,0.2558716486378062,0.5437804900391557,hi52,13
p40-42,0.2222456571103597,0.771186428580392,0.18623745733942323,0.3477859850384222,hi52,13
p42-44,0.3214205148462743,1.1433922785951078,-0.025147520685390733,-0.047937879630942315,hi52,13
p44-46,0.2580464076594365,0.9221416620418059,0.37931233109241,0.886149201369615,hi52,13
p46-48,0.2327760499878546,0.7178503108778487,0.6959289965952533,1.7185262507145715,hi52,13
p48-50,0.25848217943865365,0.8643089505299631,0.837700244934294,2.791842650707939,hi52,13
p50-52,0.3815148897902157,1.5535265212754685,0.5242633445253914,1.71819728232419,hi52,13
p52-54,0.3537515908700263,1.3857457627864733,1.0401320734630624,5.712102959024304,hi52,13
p54-56,0.317139590190085,1.1090433505574002,0.6441871797594205,1.8633818436066885,hi52,13
p56-57,0.375373941609032,1.2848492940681633,0.2835220470039145,0.7806328724523728,hi52,13
p57-60,0.3629573454073662,1.464699807866602,0.3828905183253686,1.3360055881930197,hi52,13
p60-62,0.48794992342702426,2.0118664772030037,0.8960456022921044,3.4260442361004606,hi52,13
p62-64,0.4374347993024944,1.7537478364252173,0.4625418179466207,0.9933949283793213,hi52,13
p64-66,0.2154113021111664,0.8330541196019371,0.08374597192957221,0.17608237743791577,hi52,13
p66-68,0.2946486944563541,1.2420042019485837,-0.2554052259321638,-0.6299452887788568,hi52,13
p68-70,0.5141938441828895,2.0805992152927515,-0.19999243036978587,-0.4707283349422406,hi52,13
p70-72,0.45845480835469643,1.750104408168067,-0.7830404266605431,-1.524323454201508,hi52,13
p72-74,0.5549800234939459,2.1896917702190275,-0.47510852846540297,-1.0155673603093152,hi52,13
p74-76,0.6524821138099978,2.3554863564998367,-0.12985585372957353,-0.24871435853598545,hi52,13
p76-78,0.35835003019895467,1.1715275618598708,-0.5245306007102969,-0.7194805299672673,hi52,13
p78-80,-0.008674683008054808,-0.02571137545093256,-0.720789019500324,-0.9363700077281705,hi52,13
p80-82,-0.0177816927997403,-0.04101023872737131,-0.5692373859204183,-0.7307466517502073,hi52,13
p82-84,-0.5253567882378596,-0.993970419217923,-0.6024223683100773,-0.8158235847931764,hi52,13
p84-86,-0.6759864462873875,-0.9989760347372463,-0.8663322158601791,-1.0192796549298784,hi52,13
p86-88,-0.9317350190390686,-1.1111285116558374,-0.6719632906949616,-0.5922939347865939,hi52,13
p88-90,-1.1793823350980925,-1.2416174882408817,-0.6124623360950747,-0.536348188649683,hi52,13
p90-92,-1.5265545192445888,-1.3666413770498402,-0.21667731007937785,-0.1817174295186843,hi52,13
p92-94,-1.8152979054156575,-1.5276011845788056,-0.44400203677642447,-0.316493746529441,hi52,13
p94-96,-1.5040332974826887,-1.040937138829979,0.3529698709326499,0.21409247691777625,hi52,13
p96-98,-1.6882100406996958,-1.0376970490632689,1.0920552053675785,0.6102481862875555,hi52,13
p98-100,-0.8506492891169652,-0.45382490288181887,-1.6971377886093955,-1.233087934699393,hi52,13
r1-5,0.18550615892247457,0.6041033223758724,0.20891705784625308,0.2681033619350981,trend,1
r6-10,0.2171635999960288,0.6628227510140045,-0.5893216261462606,-0.9274061339393631,trend,1
r11-20,-0.03581776380894297,-0.14817617076219108,-0.46328374623985985,-1.1261278656191185,trend,1
r21-30,-0.23337749119622325,-1.2403088874626842,0.01640369376480826,0.0395867868399719,trend,1
r31-50,0.14701176323491316,0.9806853497429214,0.11729515105143357,0.3770665987257168,trend,1
r51-75,0.10227062080178284,0.7907199859806511,-0.10912491325166074,-0.5074834106346614,trend,1
r76-100,0.006808215805633968,0.059184044887589424,-0.005296210700821865,-0.024554320129794614,trend,1
r101-150,-0.014205247113742664,-0.1450765127298687,0.02064419559142313,0.12678177325858359,trend,1
r151-200,0.0008177827347220874,0.010309977515218317,-0.11695246177077982,-0.9097488677907044,trend,1
r201-300,0.015523884582537104,0.24003362961802607,-0.09020506780573714,-0.8064200759517973,trend,1
r301-500,-0.022987979590285184,-0.4207056910253654,0.03156132220807811,0.43699218632809966,trend,1
p00-02,0.019072740003594334,0.11289648588570239,-0.08831646743867454,-0.28559183357543755,trend,1
p02-04,0.0840273081335243,0.7253538067383016,-0.03980808588331231,-0.20839621250713455,trend,1
p04-06,-0.034638043220279455,-0.34731285354751196,-0.01225496817780454,-0.0801186288936924,trend,1
p06-08,0.041958512670708915,0.4835534182053877,-0.08554929654245566,-0.671486876355162,trend,1
p08-10,-0.013484492492990734,-0.17962771845203984,-0.08400806042666656,-0.7272993513650255,trend,1
p10-12,0.06804663955278965,0.9338900473284103,-0.061840743829642005,-0.5230631103193529,trend,1
p12-14,-0.017208944790688515,-0.2689058354978978,-0.043385213857923564,-0.41708223902239056,trend,1
p14-16,-0.05493844598202617,-0.8479602434188325,0.14605207680508592,1.4758439156643572,trend,1
p16-18,0.008944651094603214,0.13631277551908558,0.04024001913422885,0.4648100176035241,trend,1
p18-20,-0.05151235121251111,-0.7884021106723373,0.10341360512057636,1.0449267341324895,trend,1
p20-22,0.025126880466208732,0.3828238302547989,0.1029485938821336,1.0314451527777948,trend,1
p22-24,0.0497499054995082,0.8255481070357704,0.1691428135813824,1.7454656427131443,trend,1
p24-26,-0.02303647115246544,-0.3858481213912456,0.061846161272220854,0.543061266768455,trend,1
p26-28,0.0231904078317798,0.4084631405330701,0.16004366585987392,1.6696782822002807,trend,1
p28-30,-0.0036254243092662306,-0.06339366012697348,0.05647117392806955,0.6671700951977443,trend,1
p30-32,0.01769581226319859,0.29872855509984425,0.06599181307323186,0.703353535207222,trend,1
p32-34,-0.019411900980395882,-0.3421927076900511,0.07690388076117996,0.8378466598620377,trend,1
p34-36,0.008160879646412596,0.1391531027226575,0.05427783484040284,0.5438261213395301,trend,1
p36-38,0.056504136010413854,1.0286012445243558,0.05303109260841105,0.49464712592943927,trend,1
p38-40,0.014246141572834317,0.23721958055026673,0.14283070734229295,1.253594880525505,trend,1
p40-42,-0.020757742432926277,-0.35299599848565366,-0.06794306058946341,-0.5934094962598044,trend,1
p42-44,-0.03650600709739421,-0.6939938601363953,-0.10321444115002955,-0.992147663320158,trend,1
p44-46,0.01566453099834742,0.2454419257601009,0.02198026297535415,0.17933068833080731,trend,1
p46-48,-0.06371906384971916,-1.116581729250913,0.06889699200291935,0.5392774047196884,trend,1
p48-50,-0.03711390742505185,-0.649627337029294,-0.010681165178719155,-0.10505466994059459,trend,1
p50-52,0.0679036095444748,1.2492531564310754,-0.03465999564026247,-0.29795585832264493,trend,1
p52-54,0.07362047974526262,1.2292184715952135,-0.016246850185901676,-0.16883255678130635,trend,1
p54-56,0.03643067945469477,0.7275690304782724,0.03250260856354918,0.4093298836034342,trend,1
p56-57,-0.003967463051774356,-0.07193018876553649,0.05428343108716089,0.646836140229581,trend,1
p57-60,0.0229468753890483,0.36040469718096174,0.09598532544814305,1.1374055099269471,trend,1
p60-62,0.005030139171452183,0.06958908972785421,-0.0496118914141619,-0.5483124152775252,trend,1
p62-64,0.008836656633435094,0.11900719088504164,-0.003786732542459129,-0.04783187839303127,trend,1
p64-66,-0.008232179842290995,-0.1305313600780249,0.06847351312097487,0.7285157948352826,trend,1
p66-68,-0.08379415373806348,-1.435969379877568,-0.03494766806886318,-0.33413543447465216,trend,1
p68-70,-0.016057069794379857,-0.23441305269125232,-0.07240635320499304,-0.666372620233339,trend,1
p70-72,-0.06856573877251401,-1.116290478655214,-0.06517478423960033,-0.6492480085336617,trend,1
p72-74,-0.04286554259229932,-0.6744445035882466,-0.028797061607464387,-0.29977323932719735,trend,1
p74-76,0.0018091476454302445,0.03139781804187559,0.13240392454354702,1.3543831815523515,trend,1
p76-78,0.05876744691252256,0.9019401924149054,-0.01846212107703698,-0.1609249920283251,trend,1
p78-80,0.061813878894155364,0.9355486471129644,-0.08919198353254837,-0.7974818370638429,trend,1
p80-82,-0.012610981782609797,-0.19727944741695594,-0.04611504704151282,-0.37892686583439017,trend,1
p82-84,-0.02254259274948685,-0.3240367835421051,-0.12412144781740064,-1.0903928770045674,trend,1
p84-86,-0.05334537722339227,-0.6982245247211756,-0.04919659872022934,-0.40706954893759006,trend,1
p86-88,0.027187648912917375,0.3392670581664441,-0.11493438432283885,-1.1726511922186336,trend,1
p88-90,-0.004099220717036964,-0.04609912815302327,-0.07606636958125007,-0.8144021651759268,trend,1
p90-92,0.016755015967354125,0.17579335430472784,-0.019707667702765625,-0.21536201530327284,trend,1
p92-94,-0.07096497020410307,-0.7866804689652525,0.06703401622603311,0.5855759981554903,trend,1
p94-96,-0.07716979390372376,-0.7139729334107109,-0.1071331503883094,-0.8076046602181499,trend,1
p96-98,-0.031325288589282026,-0.2575469397158379,-0.00012907482768801856,-0.0008603013135774512,trend,1
p98-100,0.058277765375261144,0.36389094959777335,-0.21988850674576735,-1.110343260937125,trend,1
r1-5,0.7820149256875363,1.3240639550418059,0.07904769799669832,0.07171945391574316,trend,2
r6-10,0.6225670991636746,1.0969713343373217,-1.24220296924952,-1.3415461409114786,trend,2
r11-20,-0.09567381083191433,-0.2550072051784628,-0.9988734152691598,-1.4097286293387556,trend,2
r21-30,-0.1937594966138817,-0.6581623305265881,-0.059467867838751756,-0.09086507204105415,trend,2
r31-50,0.36984215827148215,1.4164020398626873,-0.10834656523326064,-0.18904345478625612,trend,2
r51-75,0.11179020684460206,0.4921484199629614,0.02989024090956755,0.07677775912849497,trend,2
r76-100,0.28213589358199936,1.4403941000673748,0.0019483908656920746,0.005669234985557147,trend,2
r101-150,0.09236081606229954,0.6545167515098349,0.09434378857535099,0.34747288644784774,trend,2
r151-200,-0.04676724970909849,-0.403264165883741,-0.2160397798731159,-0.9560963126176304,trend,2
r201-300,0.00855283222533308,0.07824334934993028,0.030351903281001815,0.17377709781080458,trend,2
r301-500,0.01253626163635872,0.14802184838304647,0.022168808143782345,0.1724318947694861,trend,2
p00-02,0.2185805127922124,0.7650573122906443,-0.34294216228242874,-0.6362995622332482,trend,2
p02-04,0.19606383272566622,0.9697910503022553,-0.06943822361157173,-0.2123213608209292,trend,2
p04-06,0.1332668181151187,0.9012524761048496,0.06831829774607762,0.26921401901929015,trend,2
p06-08,0.05254670437762072,0.42075011271815416,-0.07918875877686232,-0.3644404578237006,trend,2
p08-10,-0.12023951463500046,-0.999419908142111,0.01251870080434631,0.06607285480308862,trend,2
p10-12,0.10447250018254782,0.8673974458792817,0.045222755217015666,0.2610221203553621,trend,2
p12-14,0.0026357085864663313,0.02505248974835881,-0.08324023344715441,-0.5080881067230463,trend,2
p14-16,0.06376069367340122,0.6412757638354116,0.12656284499912243,0.7673487796636524,trend,2
p16-18,0.09274806398355102,0.9389492995958244,0.07448092307490703,0.4617752992744705,trend,2
p18-20,-0.03997583610412422,-0.41186114138378793,0.17980359110615415,1.1018842074277266,trend,2
p20-22,0.009694733521545932,0.09553836825612745,0.19838885837426956,1.2995032182847583,trend,2
p22-24,0.014017560290294984,0.1532821210927134,0.1992886945779174,1.3088642362597573,trend,2
p24-26,-0.009609195868889638,-0.10797567343417337,0.2765833237677121,1.574510725889759,trend,2
p26-28,0.007460210618500513,0.08563348325162504,0.2606490581813283,1.8352269348688948,trend,2
p28-30,-0.029370489591875746,-0.36196880404889276,0.1368564708434133,0.9518333502804524,trend,2
p30-32,-0.03506624153340031,-0.4293073592393403,0.08628013589555994,0.5961799698449627,trend,2
p32-34,-0.0744561126182883,-0.9025500296616871,0.14727326393799994,1.0534468295272281,trend,2
p34-36,0.048570050660855645,0.5266727573059691,0.04185243540434697,0.28942398107241235,trend,2
p36-38,-0.017106499113815662,-0.19741691264690012,0.19026366280929216,0.97508714286958,trend,2
p38-40,-0.06808649827992572,-0.7659156512634293,0.2615620128753586,1.4294145613290568,trend,2
p40-42,0.03136764560391182,0.3664321513986703,-0.02287455198288263,-0.13701486956241177,trend,2
p42-44,0.011465605389318607,0.1422527626068231,-0.20914523277334793,-1.2658120949126157,trend,2
p44-46,-0.0468073699584017,-0.5661328329289991,-0.24342756854610986,-1.21082516739739,trend,2
p46-48,-0.1843545941963228,-2.212249157929618,-0.02215989112876232,-0.13043275643139812,trend,2
p48-50,-0.023713402181937654,-0.3195592373018033,0.05569544438151794,0.3324463631458828,trend,2
p50-52,0.04167247178570216,0.5090587506380853,0.3465623838240805,1.9423847740611755,trend,2
p52-54,0.09363851514967478,1.220459513792868,0.16752469200483347,1.0385860781863046,trend,2
p54-56,0.021388096492914652,0.27421187509771267,0.15930025189842714,1.2766026112343174,trend,2
p56-57,0.02233945200737647,0.2694364321616632,-0.03360081076944824,-0.24003932452437554,trend,2
p57-60,-0.01975152638145306,-0.22664361324767507,0.06998294316764994,0.5478422888470313,trend,2
p60-62,0.06533602212917687,0.7702654127317988,-0.09456692701742628,-0.6546906082864719,trend,2
p62-64,0.08462443493126903,0.9939403099479124,0.046296030102493634,0.3272371897806737,trend,2
p64-66,0.1171208756459294,1.2963319817506826,0.10910135593662931,0.6915773944345608,trend,2
p66-68,0.0037762456845856665,0.04283554720990321,-0.010855547233350003,-0.07364401643234675,trend,2
p68-70,-0.11590333619706425,-1.2179604304259932,-0.0143052601881446,-0.08176383678386427,trend,2
p70-72,-0.13140863885339407,-1.3379829545425868,-0.1681080981841109,-1.0186229524697796,trend,2
p72-74,-0.006624253429801488,-0.0735431505325009,-0.05667413607046442,-0.33814839544665776,trend,2
p74-76,0.001823341550377571,0.019043418934542394,0.057642253326495446,0.3544478341633728,trend,2
p76-78,-0.012233012484370007,-0.13174423645126,-0.17195841276586002,-0.9647320939270405,trend,2
p78-80,0.05564450443054712,0.5254638319282203,-0.1929974690194584,-1.2452227100187068,trend,2
p80-82,0.0030668438530301167,0.026430086158707358,-0.20016159176853396,-1.1456026930457253,trend,2
p82-84,0.07195334787004834,0.6206736871392265,-0.10174830113565303,-0.6031402645288976,trend,2
p84-86,-0.04248295660983342,-0.3416753271441456,-0.120158026528789,-0.6646495072088568,trend,2
p86-88,0.015272838148454943,0.13813263518027638,-0.387404850063903,-2.4625997040391714,trend,2
p88-90,-0.13266657055808026,-1.080413075305609,-0.03247995402704778,-0.2122292032338772,trend,2
p90-92,-0.13837006130138194,-1.1007557415635798,-0.11204272666595538,-0.6761771738551445,trend,2
p92-94,-0.13728469222450007,-0.9690044131714004,-0.029330121946291657,-0.14577065313571852,trend,2
p94-96,-0.10241434864930804,-0.5924177726175408,-0.1717511949827934,-0.7725655384576496,trend,2
p96-98,-0.15253167154800076,-0.7719959160085449,-0.028176028800813577,-0.1020039907511736,trend,2
p98-100,0.05792451498070503,0.21601934430900918,-0.311853234645276,-0.9139628328935748,trend,2
r1-5,1.8251060875812237,1.7343509407885307,0.433385078708579,0.19719857618778844,trend,4
r6-10,0.9134537509892158,0.9130286202758262,-3.241118247725587,-2.280774532753506,trend,4
r11-20,-0.2667483265025676,-0.39255910701068125,-2.774319772392574,-2.648642119890606,trend,4
r21-30,-0.13029132057439038,-0.22903936233646785,-0.5288931970512123,-0.4621095947178058,trend,4
r31-50,0.4531379824812338,0.9518552662447881,0.11199497708121611,0.10313917860119572,trend,4
r51-75,0.3480728149965169,0.8755548262068419,0.42684213177132757,0.5189903724175445,trend,4
r76-100,0.3976668284947699,1.1527508505774051,-0.09030526461896171,-0.14609875925816965,trend,4
r101-150,0.23868335841973942,0.904770902870624,0.2677448466468231,0.5519307770771742,trend,4
r151-200,-0.023937787215679067,-0.11513819826525507,-0.16534764402747235,-0.41788418390779797,trend,4
r201-300,0.06582173881703747,0.3490799823867375,0.04345077229740279,0.155007750937767,trend,4
r301-500,0.04060184451021657,0.27410029824036847,0.01578149288053134,0.08138652020220856,trend,4
p00-02,0.39808334705805004,0.7505482048082892,-0.7779567035800815,-0.7613117250075276,trend,4
p02-04,0.4228531457622824,1.1138526264902946,0.009341227724685945,0.014272479906683108,trend,4
p04-06,0.2739305830176712,1.031486388216813,0.31192306147159893,0.7161396528979194,trend,4
p06-08,0.11711554301233043,0.5249955430567416,-0.10792722231959176,-0.2916284048642494,trend,4
p08-10,-0.11158420581750203,-0.5601864836637958,0.09636288109970262,0.31872970265226025,trend,4
p10-12,0.19878375713901345,0.9572336378191397,-0.02489545167261139,-0.09397711153503092,trend,4
p12-14,0.09403330382798383,0.501934428512253,-0.17527873016658305,-0.6852101610829385,trend,4
p14-16,0.06901073738512552,0.42023252007020706,0.08430910697510965,0.3610466714587134,trend,4
p16-18,0.118698305478312,0.7419591535916418,0.14134694376931276,0.5979835229243066,trend,4
p18-20,0.07332796934063066,0.42891302035376044,0.44702033563897836,2.135794020537515,trend,4
p20-22,0.02543438415308414,0.14898517980372886,0.4666076191386651,1.905005740021478,trend,4
p22-24,-0.008524676114535078,-0.05676865475298048,0.4539435709674904,2.1336689083420057,trend,4
p24-26,-0.026687561687385904,-0.19203039751738207,0.3438049429191299,1.3608663814567141,trend,4
p26-28,-0.0683735547525302,-0.49805338990960535,0.41645703095960357,2.2817110715922877,trend,4
p28-30,0.05547353681950249,0.3963908623203021,0.31961206613641213,1.3718203204555233,trend,4
p30-32,0.08613107979330581,0.591869812129935,0.22503515993086692,1.1458579259043653,trend,4
p32-34,-0.04340311304627742,-0.3342974319636272,0.1673372216525419,0.9191865087816584,trend,4
p34-36,0.09414202995624694,0.6340281400725724,0.22857487634185256,1.1729870432691836,trend,4
p36-38,-0.05869858001941535,-0.4430864695878941,0.04307631404533936,0.171606403353944,trend,4
p38-40,-0.10713302947861399,-0.7641152842111925,0.3957500697635773,1.2431073334107632,trend,4
p40-42,-0.009560701534398468,-0.07103413358644108,0.021787373199851395,0.08080972682616207,trend,4
p42-44,0.12019390509985309,0.8875646983703117,-0.41775885638075894,-1.829839968102576,trend,4
p44-46,-0.13347411253822727,-1.0207100190509992,-0.2644253269438212,-0.8108389807564891,trend,4
p46-48,-0.12504572894996174,-0.9306267861502032,0.15522780359273097,0.5993303374135074,trend,4
p48-50,-0.012994823121739777,-0.11087280342768485,0.6023597132890236,2.3229147535092167,trend,4
p50-52,0.0452859335951253,0.33971546240348865,0.7011018754019693,2.5282475742120196,trend,4
p52-54,0.1892472309838392,1.4625085010397814,0.4491244774963342,1.637625556219934,trend,4
p54-56,-0.1126449245218685,-0.877672688791057,0.3965017379531156,1.940861399634922,trend,4
p56-57,0.011128361096416281,0.08114684598354407,-0.01935928438613437,-0.09208033428936678,trend,4
p57-60,-0.013179571193367762,-0.1106635564748336,-0.19941793494739923,-1.1040040281028576,trend,4
p60-62,0.02468292236167923,0.1843776190890658,-0.3308367011973701,-1.8121565433452622,trend,4
p62-64,0.0024625181193343774,0.01859683929517279,-0.13924352476203686,-0.7716478866754569,trend,4
p64-66,-0.10697284757043961,-0.7386386459689199,-0.17855685324053977,-0.9339676321173742,trend,4
p66-68,-0.32986836244228845,-2.312870637371032,0.006529780943704118,0.030660337568559563,trend,4
p68-70,-0.18399920968195446,-1.2748260679345775,0.27301234017001774,1.1377645633450517,trend,4
p70-72,-0.13557307961416976,-0.9358393034793008,-0.24595899554214648,-1.0580726517140282,trend,4
p72-74,-0.05671766627575794,-0.3877505686986674,-0.21127597920428096,-0.7844277745455377,trend,4
p74-76,0.024629717611412198,0.1660341037236621,-0.010997030921594105,-0.04354838598768445,trend,4
p76-78,-0.11100422100157611,-0.757174884862935,-0.31619641771456736,-1.3917751305273016,trend,4
p78-80,0.12481747113437826,0.7252349869945547,-0.3696965596284953,-1.4646369577313414,trend,4
p80-82,0.026811086659711287,0.13252726193966816,-0.37442368811464655,-1.1480777869221463,trend,4
p82-84,0.042535187222119034,0.2386414199740623,-0.1726666474218086,-0.6531099225163256,trend,4
p84-86,-0.15131188357397649,-0.8053700924225191,-0.3146751564856962,-0.9891333423408821,trend,4
p86-88,-0.000465363712216128,-0.002705149356350154,-0.5235694730529045,-1.9302863883648913,trend,4
p88-90,-0.36185913459080177,-1.8481697355099318,-0.1651247610771829,-0.6882149797361198,trend,4
p90-92,-0.15056172278668503,-0.6954809613222058,-0.35628822195682086,-1.4614717039381364,trend,4
p92-94,-0.2063269969110846,-0.7623063499902283,-0.23810684860635328,-0.7169378669139835,trend,4
p94-96,-0.03126891939230459,-0.09930891619709425,-0.24928428801506294,-0.7238348402713624,trend,4
p96-98,-0.11930778554320322,-0.3115741568516343,-0.19658508620936663,-0.4073245860125288,trend,4
p98-100,0.13031182579590023,0.2292296618714835,-0.37705109699021777,-0.6864786059961128,trend,4
r1-5,2.0584604165904548,1.280702726149773,1.8250283779853629,0.46515538160087194,trend,8
r6-10,0.085252721763826,0.056042376497929335,-3.960815614168605,-1.3922590223402265,trend,8
r11-20,0.4807843957466954,0.429478248897873,-4.282929339158003,-2.3026293253472847,trend,8
r21-30,0.41443433646969263,0.3750494833158643,-1.6210925185437142,-0.9377877034187079,trend,8
r31-50,0.7744879441143931,0.8638531471464435,-0.09500405304482452,-0.05635502497396123,trend,8
r51-75,0.9797115214277962,1.3186215567814166,-0.03761044953101054,-0.026646093342819716,trend,8
r76-100,0.6394928042266187,1.1325934114418057,-0.5338097735947008,-0.4166703530116272,trend,8
r101-150,0.5289781586070269,1.144904518848592,0.3218712870272651,0.2969421909556742,trend,8
r151-200,0.1554134470730114,0.4532646084293067,0.025761667489658444,0.03301524667289992,trend,8
r201-300,0.21640012684384383,0.6790185283762932,0.18536152239694803,0.3312086220815075,trend,8
r301-500,0.1249031765322085,0.5251781042950296,0.14423653676869985,0.5050305936249937,trend,8
p00-02,0.7035953844235032,0.7454435474152643,-1.325338018018754,-0.754562908452762,trend,8
p02-04,0.9532642362775028,1.4069557536814745,-0.4168149497398017,-0.33269713023219055,trend,8
p04-06,0.6517542908324897,1.3269282641182045,0.46946306142642846,0.495037459663668,trend,8
p06-08,0.25221875061286064,0.672229568279929,0.09932604451822442,0.13060515071790815,trend,8
p08-10,0.08764970149552465,0.2793656170765987,0.2705691775712977,0.4451947778085373,trend,8
p10-12,0.3043385720275056,0.882138207466431,0.019475534123222293,0.041454354384257555,trend,8
p12-14,0.23676080136109653,0.7722111474621733,-0.2619133055603163,-0.6111041943864034,trend,8
p14-16,0.21892174785171592,0.8041267257932666,0.0936788610999837,0.3489004932030391,trend,8
p16-18,0.16901145696529285,0.6346847162464334,0.46668847705648214,1.223521662685079,trend,8
p18-20,0.2667418108433786,0.999024852180685,0.6236275622561069,1.7859828915896194,trend,8
p20-22,0.2574163416883819,0.9254644474574311,0.6426089921277812,1.5497126117161348,trend,8
p22-24,-0.046121604838954305,-0.17696786066825104,0.7648327754392972,2.529381866026336,trend,8
p24-26,0.041755982034308754,0.17052465476601517,0.3019339083989758,0.7377980926849368,trend,8
p26-28,0.0020050773771655267,0.009063685038457732,0.7152597949271543,2.208103323192937,trend,8
p28-30,0.2623763133781318,1.264879432700592,0.3257019719371924,1.0351866422835547,trend,8
p30-32,0.18884956803071928,0.8769741899304285,0.4420072566562967,1.4468019295453114,trend,8
p32-34,0.4354168108704895,2.2559936777353053,0.34326849896776457,1.265105789332224,trend,8
p34-36,0.16886356023465077,0.7080947223000317,0.547567103456986,1.9585615965869734,trend,8
p36-38,-0.10567756204997247,-0.4704888074209243,0.233736732042146,0.7346214438722323,trend,8
p38-40,0.0054363260439415735,0.02418976192136063,0.5916966824404443,1.3787986914809107,trend,8
p40-42,0.14306304915397164,0.6444229381157531,0.3649041653121716,1.1829922778555275,trend,8
p42-44,0.13312397181661995,0.5495114482975118,-0.021969442696143256,-0.0733677033221079,trend,8
p44-46,0.029739488698581295,0.13202205893862332,-0.04130463875208226,-0.08632839149396576,trend,8
p46-48,-0.04016462804849407,-0.1933528713327492,0.5025611289093602,1.1775824016040504,trend,8
p48-50,0.0035750636604620083,0.018120978949418363,0.3639205408950603,1.2569139960599063,trend,8
p50-52,0.12987513918010762,0.626057065597863,1.2323643449655703,3.332624635043701,trend,8
p52-54,0.15976836516795434,0.6642206432178855,1.0516229061578077,3.289987564882973,trend,8
p54-56,-0.09111131524944337,-0.4570598539745286,0.7713422932508658,2.643785871424536,trend,8
p56-57,-0.0035197816306519318,-0.015941798610975482,0.07766558571527947,0.2669279210632431,trend,8
p57-60,-0.23280215314737765,-1.084539300026413,0.13686151811720942,0.5282949585105496,trend,8
p60-62,-0.12863761116915995,-0.7091692325535057,-0.3772066427287925,-1.6282469269921327,trend,8
p62-64,-0.02571936675621303,-0.12633828440641426,-0.11997541561987726,-0.38484528495609144,trend,8
p64-66,-0.23629712705490824,-1.077222641325401,-0.08478808270220753,-0.308114522715229,trend,8
p66-68,-0.4187705036967133,-1.883634503762175,-0.3571318574310876,-1.2074332286748881,trend,8
p68-70,-0.5639180024812102,-2.5293430478611683,0.21279808872497427,0.5326782478595148,trend,8
p70-72,-0.3907692864223015,-1.756229197149653,-0.45644344024255645,-1.192782731638725,trend,8
p72-74,-0.2509111855481566,-0.9928985970793788,-0.47854475154754506,-1.2063357380915514,trend,8
p74-76,-0.0989291030415706,-0.39932523479527865,-0.3421456685489787,-0.8376683710446025,trend,8
p76-78,-0.08590811941174012,-0.35827788517859877,-0.896252037970019,-2.12634757859116,trend,8
p78-80,-0.2632061368723402,-1.0212826493503369,-0.9475293469664107,-2.5213180121924297,trend,8
p80-82,-0.13438031013689733,-0.44584957733341773,-0.6557590777757069,-1.0814416548129528,trend,8
p82-84,-0.14946882824361246,-0.5559031906594131,-0.4268089312046132,-0.8999256898004998,trend,8
p84-86,-0.2567589057953513,-0.9353767832737184,-0.11613214718346167,-0.2087981645799386,trend,8
p86-88,-0.03973333713023436,-0.13600604065976007,-0.43258461517937535,-0.8237724719899501,trend,8
p88-90,-0.7446513157499,-2.3637920207004313,-0.5480839931753315,-1.477045203731394,trend,8
p90-92,-0.31274174952013334,-0.9475414836195979,-0.9171514120424292,-2.724310236603297,trend,8
p92-94,-0.2864432888259384,-0.6165097427526374,-0.6457950220916231,-1.1307548957502798,trend,8
p94-96,-0.045494539200956884,-0.08383377474925029,-0.48805260209038986,-0.745926342844529,trend,8
p96-98,-0.5639955208546732,-0.7751896921706738,-0.647902448995705,-0.7711165008313889,trend,8
p98-100,-0.2652245868974242,-0.24226582000955466,-0.6641923242677032,-0.6900067454195025,trend,8
r1-5,1.4219051520098847,0.6344235270543425,0.4549932188236889,0.12592787443351464,trend,13
r6-10,0.5157096846473778,0.2904501764304174,-4.687138181586327,-1.2741514987960296,trend,13
r11-20,0.7631028193404557,0.5800247482200663,-2.773864031252671,-1.1631324599581585,trend,13
r21-30,0.8300360889092107,0.6280262701977958,-1.837687224659431,-0.9131929488018175,trend,13
r31-50,0.57411313260174,0.484734066499579,-0.6551161369997673,-0.3539901489931273,trend,13
r51-75,1.025070504510629,1.1172267757902326,0.46501738424713485,0.261712221644979,trend,13
r76-100,1.3968703939616487,1.944892699351669,-0.8359495029867517,-0.5266228358951226,trend,13
r101-150,0.8754141139891798,1.4175952092520134,0.7020265830691068,0.44481111822479563,trend,13
r151-200,0.25120982083040233,0.5204386593269544,0.2054395341413742,0.17185424985921174,trend,13
r201-300,0.47978370616439064,1.0607944592314473,-0.029021957493345917,-0.032830047767834075,trend,13
r301-500,0.3219632245279552,0.9123355785730946,0.2490812335388526,0.43595322819144944,trend,13
p00-02,0.7424716035666011,0.6527137108243494,-1.5990415988814128,-0.8388055711495139,trend,13
p02-04,1.1991163176484836,1.356287411835516,-0.206552661849715,-0.13049485944286363,trend,13
p04-06,1.1342143443834787,1.7831100822317933,0.9321411711375871,0.6379492829110965,trend,13
p06-08,0.4144328119316431,0.7907636366608479,0.1614822775622182,0.1358951306360746,trend,13
p08-10,0.4307312955349825,0.9521521746047908,0.15534601871512002,0.159582443239063,trend,13
p10-12,0.5578275386767924,1.2118925603780457,-0.3523295921070488,-0.4610489905713747,trend,13
p12-14,0.4793513714868033,1.0504617689996931,-0.1478160150819438,-0.16906231059504573,trend,13
p14-16,0.4001574671788859,0.9536388152291889,0.1642538894188048,0.334880846330878,trend,13
p16-18,0.5065963960694758,1.2313234021153356,0.5902827749717664,1.0239386097327203,trend,13
p18-20,0.47627832864703185,1.323824336586515,0.7342993924088289,1.3827217890314207,trend,13
p20-22,0.43113829455380576,1.187660305780383,0.8559980544848838,2.0234285195346087,trend,13
p22-24,0.053847961983475905,0.14256858364936958,0.742530494070989,1.876486381575579,trend,13
p24-26,0.30134183728882324,0.8643772134119263,0.08827992519260945,0.185257152385991,trend,13
p26-28,0.07498848089708762,0.2474446356825633,1.043224427968428,4.051062896733547,trend,13
p28-30,0.5392167069206905,1.9344323781222466,0.46389136837299455,1.258691401070023,trend,13
p30-32,0.5043827650721324,1.6324381878399838,0.7800960587644425,2.185691625083039,trend,13
p32-34,0.5245844060091838,1.8630726762633505,0.40856255765355015,1.3260555192302552,trend,13
p34-36,0.3793017885282454,1.1688481401640134,0.6887957712608085,2.476459849073225,trend,13
p36-38,0.06281160183257858,0.21071785417230854,0.4873168597350915,1.312859737228074,trend,13
p38-40,0.06794422255248171,0.21342728582542392,1.0622517316012143,2.4019412598105734,trend,13
p40-42,0.2851307880055949,0.9332828934584957,0.6246815211869647,1.8793371793125337,trend,13
p42-44,0.2181411666790371,0.6826814518484722,-0.17983714321657301,-0.6161015363152936,trend,13
p44-46,0.38391363322879185,1.1755334659995287,0.3310007359647027,0.7122209001567913,trend,13
p46-48,0.01451806966691285,0.0446320284387299,0.9121212253911088,1.632233790348472,trend,13
p48-50,0.231285569374471,0.7249895431393067,1.0515945594294673,2.5191679630791075,trend,13
p50-52,0.5081487228849559,1.56434504263883,1.7030896754944937,3.3543107663780476,trend,13
p52-54,0.30996499800136923,1.0059169473804788,1.7761280455653186,4.4282698075264255,trend,13
p54-56,0.14335809174503583,0.5353450979700541,1.3906623606584356,3.8388905722055515,trend,13
p56-57,0.02030671611337584,0.0692993179872437,0.14304510309878382,0.3221899515525035,trend,13
p57-60,-0.2850611321319883,-1.0807488069815008,0.20112312583999117,0.7437533196334564,trend,13
p60-62,-0.07787147858650627,-0.3335429090542038,-0.4720439894277124,-1.0260626699488855,trend,13
p62-64,-0.06950874362089154,-0.24500927617780616,-0.3706964151215145,-0.8519403174213639,trend,13
p64-66,-0.22671672903504256,-0.8377073227035665,0.18807907176599284,0.5097635735872752,trend,13
p66-68,-0.49146843386315714,-1.525270835801335,-0.6252458023106957,-1.3990507765465403,trend,13
p68-70,-0.5712622095849849,-1.88776205345308,-0.013473961030509223,-0.029197299970301148,trend,13
p70-72,-0.21046980234499538,-0.6801949422189422,-0.7801771672164902,-1.3657371446638784,trend,13
p72-74,-0.4743767629114176,-1.1698356623986432,-0.9016623173251179,-1.5408237053495526,trend,13
p74-76,-0.6266276630111736,-1.689024416144988,-0.34353727150627483,-0.5709679107680298,trend,13
p76-78,-0.558383372525906,-1.657094015209955,-0.9893025974826537,-1.1216348186712202,trend,13
p78-80,-0.6916186234839246,-2.200504556654554,-1.167529929015888,-1.7308983746588238,trend,13
p80-82,-0.3947337237770815,-0.9421369608536854,-0.8155325329551867,-1.010632431141293,trend,13
p82-84,-0.6635087393637792,-1.7910778955857296,-0.9167525766120815,-1.6314943099179897,trend,13
p84-86,-0.5089394643757845,-1.563997867601127,-0.5094675341833856,-0.8173790915091474,trend,13
p86-88,-0.16587100537990665,-0.4652135249162766,-0.7736342353589398,-1.3250745751676634,trend,13
p88-90,-1.1175497770360432,-2.5364471413939595,-0.8587673100475501,-2.1623154213965403,trend,13
p90-92,-0.8059990706688278,-1.797664181612687,-1.2531231818715765,-2.226540420315986,trend,13
p92-94,-0.7678675763312776,-1.218885311978953,-1.0292184333852423,-1.3042857868098545,trend,13
p94-96,-0.5071182562088611,-0.6815662033567385,-0.975410002024687,-1.0510662988939268,trend,13
p96-98,-0.8678287098414653,-0.816460630707824,-1.5539999791991765,-1.4054009073404212,trend,13
p98-100,-1.2761787992135958,-0.8377906776697188,-0.8333693910964952,-0.699846106820278,trend,13
r1-5,-1.291973391173668,-3.182033993170907,-0.3770213180298823,-0.37174805904863223,r1w,1
r6-10,-0.6760538668416002,-2.4425317267871045,0.23716736763811463,0.35389713706235076,r1w,1
r11-20,-0.3000077583964328,-1.5679382969590192,-0.2678252677336945,-0.8063070631239094,r1w,1
r21-30,-0.11128224467764132,-0.6365822495018654,-0.32309669616253445,-1.0702111989565912,r1w,1
r31-50,-0.3745985890961055,-3.156542044706094,-0.0950099462336484,-0.3987659895722051,r1w,1
r51-75,-0.2246543360772668,-2.062758419207204,0.053813883157900345,0.2810037284040627,r1w,1
r76-100,-0.04132851531556191,-0.4059543296438933,-0.24172663222981633,-1.390323464924448,r1w,1
r101-150,-0.11531719235238784,-1.4907403247395006,-0.09427388871659056,-0.7107169754946309,r1w,1
r151-200,-0.17649899206452996,-2.49362037259274,0.0765228419536247,0.7433833891813869,r1w,1
r201-300,-0.0984603310858396,-1.7371530926322556,-0.13017770447796448,-1.4472294261950398,r1w,1
r301-500,-0.07997636127778582,-1.7214010566365605,-0.001438635590962488,-0.02265968932947628,r1w,1
p00-02,-0.4466262458387077,-3.329710109469396,-0.12618819255834174,-0.5341527140885243,r1w,1
p02-04,-0.15974728078672504,-1.7131129659072852,-0.12613160647602667,-0.8427568541657978,r1w,1
p04-06,-0.11655820226454876,-1.4756656601862082,-0.027139424359477134,-0.21184511407851306,r1w,1
p06-08,-0.14920361528931286,-1.9795581918822798,-0.08359778478743916,-0.8440237905494152,r1w,1
p08-10,-0.06157633791672954,-0.9003964324330643,-0.06822161662123202,-0.6705232794013595,r1w,1
p10-12,-0.1215141333963938,-1.836038692974581,-0.08027197951373619,-0.7905866606264266,r1w,1
p12-14,-0.06909799455934121,-1.068024926793376,0.023524038580858768,0.2748858885221557,r1w,1
p14-16,-0.11736753835929886,-1.9126645000088172,-0.0005085377242655481,-0.006342714487847214,r1w,1
p16-18,-0.0844900573744773,-1.4847085089353824,0.002435687064875569,0.027560003753238208,r1w,1
p18-20,-0.05529309125005818,-1.0296933484079942,-0.040092084895814895,-0.530196183365574,r1w,1
p20-22,-0.11929040233107915,-2.2887440178851612,-0.024774319724652393,-0.308095956120261,r1w,1
p22-24,-0.07910482597075351,-1.4754625322064503,0.05464499764067356,0.774523309935161,r1w,1
p24-26,-0.09826153592416473,-2.033093724347404,-0.010633016086983927,-0.1522382847517532,r1w,1
p26-28,0.01776341211544813,0.3519486567706354,0.09623853595845074,1.3897695756123531,r1w,1
p28-30,-0.042010207164300414,-0.872522475338231,0.0447088535693038,0.6648448192445366,r1w,1
p30-32,-0.014367044775982196,-0.30227092896447444,-0.0037679881088225164,-0.051483029538991164,r1w,1
p32-34,-0.05889862891521344,-1.4271918662741212,-0.009616161915360416,-0.14442528351952622,r1w,1
p34-36,0.006683631501642237,0.15476784575395694,-0.02133073496262463,-0.35179454003163885,r1w,1
p36-38,-0.07475887122420269,-1.6144233367654712,0.1042371418778972,1.477578081577058,r1w,1
p38-40,-0.01488949629044541,-0.3358027758456329,0.1253817484946335,2.0345476153065016,r1w,1
p40-42,0.0071832003411873135,0.16015973461644342,0.12904603240491652,1.9881908354879094,r1w,1
p42-44,-0.018053505191720543,-0.43829167979702427,-0.005436291234226061,-0.08292696130560831,r1w,1
p44-46,-0.006548425333910795,-0.16372751923837778,-0.028076546078858615,-0.4365211861880769,r1w,1
p46-48,-0.000925766795631018,-0.022273533111771493,-0.03811423553562153,-0.6037860619228209,r1w,1
p48-50,0.06007511563939918,1.5375554743140076,0.07685049627401588,1.271331041372012,r1w,1
p50-52,0.01575969874255125,0.4100611700248717,-0.031461798233687346,-0.4882681680173849,r1w,1
p52-54,-0.03817368366159019,-0.9587249157314274,-0.060323909713421026,-0.9508892177856267,r1w,1
p54-56,0.000610546853789482,0.014934188304096782,0.03494346018059312,0.5860655412913914,r1w,1
p56-57,-0.0003279272751418731,-0.008753729076188854,0.04785772797328987,0.7505477495234358,r1w,1
p57-60,0.03946589062190289,0.9464864468558494,-0.03154544607066779,-0.5393780671711189,r1w,1
p60-62,0.09970367475472322,2.4760320909268994,0.036022562896185675,0.493507336282567,r1w,1
p62-64,-0.00025607608871409704,-0.006961547544804248,-0.013260411143187172,-0.19010227335469113,r1w,1
p64-66,-0.001281505016721863,-0.03437839416921214,0.04726398086958223,0.7011066732722758,r1w,1
p66-68,0.022289692057251988,0.5662361884844911,0.09441010877203425,1.3191712787531353,r1w,1
p68-70,0.03937238846941458,1.0867041086083402,0.06917270690170065,0.9866547898591477,r1w,1
p70-72,0.08709700218726356,1.9755023134762082,-0.04208980093747422,-0.6566689859647447,r1w,1
p72-74,0.10849093976270478,2.6108234405856243,0.07771353140248542,1.1697933316152969,r1w,1
p74-76,0.06650798431318339,1.491974846624459,0.028552038945024248,0.40117043362411536,r1w,1
p76-78,0.10809379788945739,2.3534721950837074,0.07898956264261298,1.1434797750427845,r1w,1
p78-80,0.013304393599727345,0.2736941948124361,-0.01912330716380624,-0.2530041936902651,r1w,1
p80-82,0.05108964134176191,0.9930942426005777,-0.02129017081464136,-0.26892962152624883,r1w,1
p82-84,0.10860819543285331,1.7110032789492124,0.04884246714516675,0.623578804717753,r1w,1
p84-86,0.06590082750241799,1.098604290786785,-0.06015340407271448,-0.7023350382256746,r1w,1
p86-88,0.19713072226307465,2.6757377455741906,0.037978968265572316,0.46564707704511865,r1w,1
p88-90,0.05924118695102821,0.8015751000057684,0.05688678258307089,0.5731011611543986,r1w,1
p90-92,0.07416032509361992,0.9051427997890505,0.01996720574000901,0.1840331840198318,r1w,1
p92-94,0.08066282251839899,0.8659070597348704,-0.037738266259358,-0.3344850554580744,r1w,1
p94-96,0.07061438461127272,0.6534915056163122,-0.029664139739166342,-0.22089151182419736,r1w,1
p96-98,0.2463035602105733,1.795967134151249,-0.10610469650668172,-0.6797680595164108,r1w,1
p98-100,0.29405381273607056,1.748724251214453,-0.19049312420144948,-1.0132414115970565,r1w,1
r1-5,-2.6604946336963886,-4.774694123470048,-2.3885347288427594,-2.0701809994232754,r1w,2
r6-10,-0.6225665705134058,-1.4309891561358121,-1.3091129763232998,-1.459356722166371,r1w,2
r11-20,-0.19025629813856731,-0.6365096776255426,-0.5500483470312489,-1.0325131588417376,r1w,2
r21-30,-0.13356287033101252,-0.4780117045507889,-0.5181755538155057,-0.9953223147868874,r1w,2
r31-50,-0.3292960200245767,-1.8221735543718403,-0.3376100349985251,-0.9202985438448862,r1w,2
r51-75,-0.029269585320957612,-0.16980221151860758,-0.20761122281758257,-0.6391375542614945,r1w,2
r76-100,-0.02040556049403063,-0.13911502535492004,0.005295574219715357,0.021809429356885457,r1w,2
r101-150,0.007905978672120896,0.06821336698881256,0.011618378077285808,0.048392226290010144,r1w,2
r151-200,0.01674231804584734,0.16390922453987208,0.13295827738878213,0.7457451492906584,r1w,2
r201-300,-0.07739756223547645,-1.0344819745458824,-0.10890825972378697,-0.8356117461873387,r1w,2
r301-500,-0.05795599424828134,-0.9675878064340998,-0.04880936474441644,-0.5126874365933761,r1w,2
p00-02,-0.5470656693874416,-2.6764143544538905,-0.6216574189777,-1.567235407916095,r1w,2
p02-04,-0.04532388628973191,-0.3172699959892387,-0.19329690970741117,-0.7442864982887589,r1w,2
p04-06,-0.01729228714262096,-0.14234669962733226,0.14226893404625865,0.6732355753343916,r1w,2
p06-08,0.05856779689098022,0.5618490105223872,-0.12252721944210909,-0.7806718995325913,r1w,2
p08-10,0.02026741626132241,0.21285550486456398,0.027311498674014268,0.1808240619556945,r1w,2
p10-12,-0.09899260322781829,-1.0719291504851067,-0.046368000728033085,-0.29784543543591113,r1w,2
p12-14,-0.03500049898378088,-0.4200631299028369,-0.0805670847977214,-0.642159910135891,r1w,2
p14-16,-0.06653559374310297,-0.8770150046931922,-0.07077735372439235,-0.6058880981388209,r1w,2
p16-18,-0.032150692389462276,-0.4086377496480318,-0.03545070106412432,-0.2993682349953511,r1w,2
p18-20,-0.06567874733266202,-0.8955137470741786,-0.08856822634245222,-0.851817251650237,r1w,2
p20-22,-0.1108470727786302,-1.5892490982370153,-0.09491756068475023,-0.7530428971519809,r1w,2
p22-24,-0.013976105224651161,-0.1910107062565816,0.005162540929434463,0.051285636959039066,r1w,2
p24-26,-0.10674352435706158,-1.5916211911592206,0.06849454801800718,0.7112629911812031,r1w,2
p26-28,0.009919002524780045,0.1383364244928761,0.06858817509011528,0.6139610464525515,r1w,2
p28-30,-0.03507919503328476,-0.49735924483566085,0.05330673850046623,0.49272328496766593,r1w,2
p30-32,0.05229681032027507,0.753191644031729,-0.019577823772136658,-0.20305868056306672,r1w,2
p32-34,-0.0169744322150114,-0.26536125641932184,0.04594235355127454,0.44531424880797693,r1w,2
p34-36,0.02492364142761218,0.40103629284292186,-0.09081280476825682,-0.9330275025165253,r1w,2
p36-38,-0.10420624217511824,-1.6012568243659024,0.1618884654549464,1.6796674684930948,r1w,2
p38-40,-0.02720201405537182,-0.40829711653747297,0.1127361242995105,1.050937860849614,r1w,2
p40-42,0.03244176080855693,0.48941045643647313,0.1419827581824473,1.3563655682020952,r1w,2
p42-44,0.04563910533204842,0.755804918555667,0.030357513511027497,0.2814303305905189,r1w,2
p44-46,-0.042804019568354765,-0.7158949841361417,-0.06307792438927823,-0.5827824054342451,r1w,2
p46-48,-0.016006781835526476,-0.25496839892632767,-0.09003758186384785,-0.8442525761363594,r1w,2
p48-50,0.029848852252855364,0.48798160169890725,-0.0011408811475997233,-0.010624753455726166,r1w,2
p50-52,-0.04002982911139522,-0.6581405208961215,-0.12647206968532396,-1.3468989496059256,r1w,2
p52-54,-0.005390747129780419,-0.09249584785674853,-0.037366911427414315,-0.372541591540901,r1w,2
p54-56,0.007020959879655776,0.1103384974177477,0.11235994669555874,1.202878157294568,r1w,2
p56-57,-0.005820240976047731,-0.09828186854543912,0.003211743122655198,0.03146213458281405,r1w,2
p57-60,-0.0015575008601397804,-0.02690781663946631,-0.028987955799553232,-0.3035262601295852,r1w,2
p60-62,0.04875504310855396,0.8234011187385838,-0.026117414778259917,-0.25087461000669936,r1w,2
p62-64,-0.058478286275710986,-0.9960925392565985,-0.01811368362952222,-0.16738740051377712,r1w,2
p64-66,-0.01725718339273738,-0.3156457594731601,0.08988690076433026,0.9050370493805757,r1w,2
p66-68,0.006538814804130553,0.11491118128444588,0.15389089695081612,1.4432198430743857,r1w,2
p68-70,-0.0010324875896532575,-0.018109093876733148,0.08265733449576562,0.7466753789826648,r1w,2
p70-72,0.08484562336553306,1.3971594306101964,0.013579083849681265,0.14244071276344575,r1w,2
p72-74,0.10866102992121653,1.7492618162304274,0.00993446829893706,0.08823240550758828,r1w,2
p74-76,0.06832559155752366,1.1284280113137029,0.046436449904347525,0.46147369165799373,r1w,2
p76-78,0.07883151855296008,1.2068232746570597,0.12729821755825999,1.1328167420489352,r1w,2
p78-80,0.012996095746832349,0.18938399680365414,0.06510961164622278,0.5214702074411078,r1w,2
p80-82,0.02464101731488383,0.3412331227689872,0.05858403923360166,0.4895203597949094,r1w,2
p82-84,0.011991890695567454,0.15201484989480252,0.12718476456710337,0.9327499301564456,r1w,2
p84-86,0.0004589383127941712,0.005551558632667735,-0.07883443749616395,-0.6154012206611696,r1w,2
p86-88,0.14339330345041737,1.5158654095562814,0.06515343494691492,0.5094834091727253,r1w,2
p88-90,0.058220284952110124,0.5705664645875332,0.07027988210098632,0.5092626738546164,r1w,2
p90-92,0.05371605690470351,0.4553823953396677,0.02224901115854569,0.12366323215790552,r1w,2
p92-94,0.03323635270694879,0.2610536401477355,0.11406317540688668,0.6475530959315541,r1w,2
p94-96,0.06716926979775718,0.4444865834804942,-0.07256679861586957,-0.32360053965225605,r1w,2
p96-98,0.1648615910732656,0.8776141542650185,0.0508503896324478,0.19151880372419547,r1w,2
p98-100,0.25371334395919143,1.117619920297956,-0.07157062344411368,-0.2010149246372479,r1w,2
r1-5,-2.5351396165642357,-2.793970614341358,-3.651500509535472,-2.274310601127863,r1w,4
r6-10,-1.268364396149208,-2.120591080288359,-2.4676819418938445,-1.8090383729428743,r1w,4
r11-20,-0.1568740029392849,-0.31159363297080916,-0.5688274348796788,-0.5196206366421733,r1w,4
r21-30,0.06287559228692502,0.11927292055362052,-0.619122089333896,-0.7405411353832462,r1w,4
r31-50,-0.17481626335287379,-0.5675854377027777,-0.5453001955021706,-0.8727692142464926,r1w,4
r51-75,0.03465953998558515,0.11547776163455212,-0.307609459011827,-0.5297980017125713,r1w,4
r76-100,-0.14298192623095385,-0.5830844042100669,-0.07024073753605516,-0.18271267784069942,r1w,4
r101-150,-0.07665079654728,-0.4333117845317861,0.11920678174040633,0.2728245976643745,r1w,4
r151-200,-0.1462344953144654,-1.040456833816566,0.23184003218296229,0.8104621631722939,r1w,4
r201-300,-0.046768552049664784,-0.4858483582879488,-0.039650265551655184,-0.21735726339738196,r1w,4
r301-500,-0.13142872072973177,-1.7156580884995194,-0.14846322701697987,-1.0853783160486101,r1w,4
p00-02,-0.4825922963075503,-1.2206299689388187,-0.949154242213494,-1.296351787765519,r1w,4
p02-04,9.404515914859877e-05,0.0003741554267154296,-0.21506314286004036,-0.46647113741301177,r1w,4
p04-06,-0.15217881996719046,-0.7873252313950669,0.24624126332530566,0.6530971837332844,r1w,4
p06-08,0.035462819412986284,0.23237730320604322,-0.03229696093647911,-0.11955242586541327,r1w,4
p08-10,-0.1463222505748185,-1.25477369410144,0.15635283970180863,0.7282950615327306,r1w,4
p10-12,-0.09128251996436278,-0.7749001949836314,-0.13150466325274116,-0.5991231442823188,r1w,4
p12-14,0.021709389187714114,0.20723582354543577,-0.058259234925616146,-0.30227112757061325,r1w,4
p14-16,-0.1758876068085668,-1.6137521102127637,-0.1423465501058612,-0.8772866171405853,r1w,4
p16-18,-0.08188365412905765,-0.80719790450126,-0.11172055554000145,-0.6200911672592014,r1w,4
p18-20,-0.044803321175467425,-0.4254124991876657,-0.33373866583421485,-2.1297057987252788,r1w,4
p20-22,-0.13940193476058282,-1.3910999282263636,-0.19902595807650136,-1.078796868389969,r1w,4
p22-24,-0.09221436991471899,-0.9500441941963249,-0.24345757139352195,-1.7659282317610858,r1w,4
p24-26,-0.2353333246305293,-2.225632062697557,0.10181982680196963,0.736356082406803,r1w,4
p26-28,-0.0946260450613892,-0.9902333732303922,0.18080175493564518,1.0731767182205074,r1w,4
p28-30,-0.07465677225334362,-0.7494045004244072,-0.15772607494129307,-1.0275509176949054,r1w,4
p30-32,0.05928733523556338,0.5199065217125367,-0.0644999131544199,-0.39379755389840954,r1w,4
p32-34,-0.02363220781733165,-0.2322651391097037,0.07031356612687215,0.45193663728101563,r1w,4
p34-36,-0.031212823523814926,-0.3024349578561872,-0.26914367530310784,-1.820104231701372,r1w,4
p36-38,-0.13022294240331936,-1.2613229851782708,0.17272682039148726,1.0833049738430751,r1w,4
p38-40,-0.10248632796616257,-0.9103901859870178,0.019485305540402183,0.12068428405903056,r1w,4
p40-42,-0.007625911159044631,-0.06714750873795908,0.010733140656204117,0.06571394067474777,r1w,4
p42-44,0.023874494740691723,0.2566731127665777,-0.05319308954330245,-0.3334920304638743,r1w,4
p44-46,-0.05108666496573546,-0.4540611158092317,0.04663097882315871,0.2800817412411436,r1w,4
p46-48,-0.04177549909194206,-0.40678992915961276,-0.13889484717506165,-0.8231262385474358,r1w,4
p48-50,0.017007842559210676,0.1704446177878862,-0.0017074860883692963,-0.010757573424700134,r1w,4
p50-52,-0.05026430852519993,-0.5369844894951515,-0.15141432107885178,-0.8850646345125953,r1w,4
p52-54,-0.008855438439422473,-0.08496754724160284,-0.03497450323361877,-0.20771675650827073,r1w,4
p54-56,-0.028870949105932343,-0.27997116477819994,0.10134321263888628,0.7044366561140408,r1w,4
p56-57,-0.049193289586869304,-0.4997723586258818,-0.10984475863075142,-0.6439250108773126,r1w,4
p57-60,0.021210103589591578,0.20645082567873577,-0.07064099609378141,-0.4094965335754024,r1w,4
p60-62,0.008523175508047699,0.08461560709875622,-0.0034297242577835743,-0.022643389454554515,r1w,4
p62-64,-0.042084157392486894,-0.4316665002933188,0.06077665926077676,0.3257191954928008,r1w,4
p64-66,-0.05834116077649927,-0.627706303789683,0.07849482648581195,0.46839615623850805,r1w,4
p66-68,0.0612266270062292,0.6679367295260659,0.16731334987689928,0.942481572521901,r1w,4
p68-70,-0.015494103326751864,-0.1617534716532674,0.11975113016424928,0.6898600645928379,r1w,4
p70-72,0.10925973354702302,1.1399807788895868,0.07224670684742984,0.5242903541327124,r1w,4
p72-74,0.11241803990572417,1.301261427708144,0.06411502757691775,0.3402291575338702,r1w,4
p74-76,0.17179840886059664,1.8694716824138677,-0.047625240289706154,-0.3653538362778511,r1w,4
p76-78,0.17874234633668418,1.7358619671553641,0.01604072160835739,0.10351164370284802,r1w,4
p78-80,0.04376860061464519,0.4907698414306145,-0.0036328620695511415,-0.021240696368089604,r1w,4
p80-82,0.09654622576961917,0.9922362729886668,0.04118542285132502,0.21195152167554548,r1w,4
p82-84,0.10920398110217727,1.0357816769451924,0.1199387102373344,0.6917680238400514,r1w,4
p84-86,0.09357433493594539,0.7648521352033989,0.08188959863221175,0.5362634558482581,r1w,4
p86-88,0.2422374089405194,1.9660457453200548,0.20547308915592422,1.0336765817844669,r1w,4
p88-90,0.015124032972564688,0.10877566091599242,0.26336965520446637,1.2969837031290663,r1w,4
p90-92,0.02774724049528303,0.1685811270896994,0.07809370830537585,0.413416412390144,r1w,4
p92-94,0.20815838764768904,1.1188373163702714,0.5886048241563162,2.432555501714338,r1w,4
p94-96,-0.02365447894205904,-0.10248956099882299,0.008270492743556158,0.030430109734010783,r1w,4
p96-98,0.3002536699192567,0.9955846649408091,0.20347614597496758,0.5197517591936939,r1w,4
p98-100,0.5099303694153772,1.29780873740554,0.2483710478190394,0.4475840269574002,r1w,4
r1-5,-3.6938873144644253,-2.7934595344514617,-7.690108544853769,-3.428264391762263,r1w,8
r6-10,-1.535272406422416,-1.4890707604412774,-3.5428915025837595,-1.7318638114367548,r1w,8
r11-20,-0.374978821389859,-0.43260430942515576,-0.08377712835858454,-0.054005520148058095,r1w,8
r21-30,-0.07766886934388767,-0.09813622359876784,-0.9325885060561377,-0.796193343387736,r1w,8
r31-50,-0.5441865171642707,-1.0107959322149376,0.7966317908650942,0.7217693092175692,r1w,8
r51-75,0.0036292163151104215,0.00731555471228237,-0.4959181115659392,-0.5367222514425588,r1w,8
r76-100,-0.48460107125129753,-1.1441227895114212,0.2923712694196811,0.41977815277118763,r1w,8
r101-150,-0.29972442184594084,-1.0708207359672717,0.7689613093161248,1.0886189558045374,r1w,8
r151-200,-0.3049275223621209,-1.3150463949831188,0.7337227183333581,1.7750749132760202,r1w,8
r201-300,-0.22230915145973923,-1.36316700958027,0.5507903909335669,1.7902900311717702,r1w,8
r301-500,-0.15379566227239644,-1.4941106379276727,0.11640831259369917,0.6098330390105136,r1w,8
p00-02,-0.8108615569347881,-1.1687618010232785,-0.7920145226204964,-0.6688585818798328,r1w,8
p02-04,-0.14272462262543645,-0.33066103394115853,-0.15712421869761625,-0.21120665158113489,r1w,8
p04-06,-0.4421068942080152,-1.4415281491640102,0.9527176862165745,1.3700488454245356,r1w,8
p06-08,-0.13277548173183212,-0.5130207520067146,0.2544700972385187,0.6867812436857353,r1w,8
p08-10,-0.4042802514068744,-2.0526450332131865,0.8192360841441223,2.3713208532942898,r1w,8
p10-12,-0.0669556660490416,-0.31725939150438986,0.4475155668548696,1.2980740902348775,r1w,8
p12-14,-0.1075292656553981,-0.728127036262569,0.0515886474379896,0.18184011335717962,r1w,8
p14-16,-0.3142103694340962,-2.259547975380471,0.306664454881246,1.3656712468253114,r1w,8
p16-18,0.03998409810382961,0.2758210500981327,0.07098391724487921,0.28699672119763486,r1w,8
p18-20,-0.09232163870197023,-0.6206693844985834,-0.08887686829472059,-0.39981490428366856,r1w,8
p20-22,-0.10767422557291545,-0.7142824730262369,0.2080909484479181,0.7779632901502139,r1w,8
p22-24,0.03352638345808663,0.21452887251810088,-0.02707413864399648,-0.1165887410773231,r1w,8
p24-26,-0.22650062922358388,-1.3123326168262401,0.1899820784923534,0.896360359849122,r1w,8
p26-28,-0.08153965683646315,-0.5076139690746558,0.43333092161258424,1.8112387199204372,r1w,8
p28-30,-0.012413144011322921,-0.09053709740919105,0.11061180035768323,0.5614991506575291,r1w,8
p30-32,0.0001887670129472345,0.0010026887619976603,0.03841282897141713,0.18435614206739806,r1w,8
p32-34,-0.042417255133644825,-0.2596154358422651,-0.23447825119210192,-0.7522726465201138,r1w,8
p34-36,-0.1982200867863959,-1.141259144136763,-0.35671433469864355,-1.2009985220502823,r1w,8
p36-38,-0.0209122087163682,-0.12559375717933655,0.33421304755692277,1.296114145052745,r1w,8
p38-40,-0.023083505480364908,-0.12262473954593268,0.1461867629453903,0.6356812462788596,r1w,8
p40-42,0.019837893261574327,0.10382369153002245,-0.033441909310093214,-0.14564782226468487,r1w,8
p42-44,0.15563574829698948,0.943777349264735,-0.05778152141694627,-0.24796547977723626,r1w,8
p44-46,-0.08341515322675569,-0.43378957988017336,-0.3591434167060089,-1.3321818757815287,r1w,8
p46-48,0.03928432901526891,0.24691168963588406,0.0143215895655861,0.053307462491813645,r1w,8
p48-50,0.01972330601406503,0.1222377997836946,-0.03757309916532848,-0.12648242737842805,r1w,8
p50-52,-0.08138832363964547,-0.5060970958360049,-0.13856653096932126,-0.5177904516293426,r1w,8
p52-54,0.13447279870295764,0.7662151742126391,-0.23898318247191475,-1.0948738192128682,r1w,8
p54-56,-0.03214327001517851,-0.16002330515096636,0.09390553959586945,0.40249173574638614,r1w,8
p56-57,0.021116456865297013,0.11684330425949127,-0.08385575282252579,-0.3049817688385652,r1w,8
p57-60,0.0802275347090267,0.4546982333144871,-0.3191845880631272,-1.0296198704656352,r1w,8
p60-62,0.1119500961867076,0.6112834014738411,0.06793507437609843,0.2802483396779478,r1w,8
p62-64,-0.07137565636224932,-0.4206591671565828,0.175700453432125,0.6757103827037974,r1w,8
p64-66,-0.11685141508874367,-0.6388254270297583,0.04843370117091244,0.16598369926009002,r1w,8
p66-68,0.03414812583217293,0.19066703900618778,0.04798907869594914,0.2120094444118475,r1w,8
p68-70,0.1845903830538095,1.2492849378146995,0.0498822014907824,0.2311758297086454,r1w,8
p70-72,0.09305773418882639,0.5733649867035511,0.05173780913386871,0.23320385871846394,r1w,8
p72-74,0.2631123114406692,1.789046165415144,0.13311282391127177,0.5240896627616669,r1w,8
p74-76,0.1676074491960798,1.3010822017965396,-0.05096343388709464,-0.2754688866420614,r1w,8
p76-78,0.22210733774513805,1.3919388058997888,-0.25026373245619693,-0.7879300347433701,r1w,8
p78-80,-0.001528513626212499,-0.01147277927385746,-0.5130452396497861,-2.2417678357353794,r1w,8
p80-82,0.20713444939248837,1.4452558647347797,-0.2942153883955158,-1.008224281772122,r1w,8
p82-84,0.15674194275997444,1.0888363975916104,-0.37603050947025024,-1.3256078250308467,r1w,8
p84-86,0.039764751777906344,0.2502756659926039,0.07392565210413006,0.38987405044946566,r1w,8
p86-88,0.37054818252476335,1.848398466952174,-0.05586550862331821,-0.25514824051008883,r1w,8
p88-90,-0.02513925233814743,-0.11950326393163227,-0.08499367301520139,-0.36317253155300877,r1w,8
p90-92,0.13561498126561716,0.521796635583067,-0.02219251526630216,-0.07974427670100005,r1w,8
p92-94,0.37835786649685316,1.2078983694684284,0.06667557999366909,0.1968626703202587,r1w,8
p94-96,0.004242720045024086,0.011247036032108347,-0.21181768217325064,-0.4708075511168976,r1w,8
p96-98,0.41427207222025597,0.7355042243890171,0.321291917303761,0.4912455875156517,r1w,8
p98-100,0.30131826671188267,0.40355210692510385,-0.7369775014496185,-1.0241481016542935,r1w,8
r1-5,-3.843090335563687,-2.2469589887897903,-9.230628068566329,-3.771180553880026,r1w,13
r6-10,-1.7163093468820265,-1.2553261923310297,-4.560716662129641,-1.8205761724943341,r1w,13
r11-20,-0.28338698231201953,-0.2371275412880029,-0.9033933997315302,-0.4860750930325099,r1w,13
r21-30,-0.5966626076322661,-0.6803980023409003,-1.3069841294735156,-0.8218046737775313,r1w,13
r31-50,-0.7501947178162579,-0.8232609016470849,0.8996670044094738,0.5235269312742667,r1w,13
r51-75,-0.685550183604266,-1.1243332234938415,-1.4998935126307842,-1.2696906224432467,r1w,13
r76-100,-0.6513320731373852,-1.0315633485119,0.5302752779756688,0.45003351678154097,r1w,13
r101-150,-0.1959102851905894,-0.42814207554744427,0.44470978785079085,0.42558016516367136,r1w,13
r151-200,-0.5109552727084904,-1.4862648712306255,0.6596716319452669,1.0327655793488753,r1w,13
r201-300,-0.33196422627824035,-1.5872778961373022,0.3647812789045318,0.7152385787526719,r1w,13
r301-500,-0.15341710047704543,-1.1772591925931488,0.1816781965256608,0.7866697946754874,r1w,13
p00-02,-0.9758269372119271,-1.0104874647818058,-1.3500115140998832,-0.8118608188573073,r1w,13
p02-04,-0.6410041747352224,-1.034832809378857,-0.49204302343147627,-0.4482648999163506,r1w,13
p04-06,-0.3339615755074496,-0.6908054331525386,0.7640441759020453,0.7680591420003364,r1w,13
p06-08,-0.22994570035761233,-0.5669336675555267,0.24149157455601972,0.40203294311452986,r1w,13
p08-10,-0.4796560584684633,-2.0844140038294023,0.683595485847981,1.185907117091598,r1w,13
p10-12,-0.11207762383020425,-0.40875005750031596,0.3759439291572092,0.7132656224264908,r1w,13
p12-14,-0.3233104465311587,-2.0249210618529436,0.24633246116683577,0.5546436130331815,r1w,13
p14-16,-0.3083140619405869,-1.4812011275909398,0.24779061962492072,1.141207046133074,r1w,13
p16-18,0.035349907373177704,0.20402812161001063,0.0029547722701933283,0.009140712246914614,r1w,13
p18-20,0.0676680971593021,0.3698455009564624,0.021213263556064454,0.06850817987442692,r1w,13
p20-22,-0.23665903141444536,-1.287039633312026,-0.030900833122651603,-0.10213851689240791,r1w,13
p22-24,0.1559715908191932,0.8451355484201187,-5.518779296812778e-05,-0.0001884055618441597,r1w,13
p24-26,-0.26378178655570184,-0.9979964442802917,-0.03446664876619904,-0.12676427051380884,r1w,13
p26-28,-0.10436599447635768,-0.5235062677624175,0.28758827259548797,0.8897421770628842,r1w,13
p28-30,0.041051844375560094,0.2117536673354538,0.014546170511453889,0.0434295307450453,r1w,13
p30-32,-0.08918619942820159,-0.33956988025721196,-0.10992563445563154,-0.3146863024636112,r1w,13
p32-34,0.06885283442258329,0.348999337094981,-0.19967702315160113,-0.4608489093301355,r1w,13
p34-36,-0.1008753683480735,-0.36024662593759127,-0.3998973263009386,-1.1044274418935756,r1w,13
p36-38,0.05686772039768083,0.23101436712272438,0.29340156508422416,0.7805378189220612,r1w,13
p38-40,0.16452574285417385,0.6690314805984277,-0.12625235555984524,-0.3769597799261136,r1w,13
p40-42,0.1485508549100062,0.5505778733035905,-0.00040408546221096177,-0.0011146370779053795,r1w,13
p42-44,0.338692596517437,1.4222463935993308,-0.11182523467370875,-0.3278263973254471,r1w,13
p44-46,0.08954602399090018,0.3228059748368212,-0.17389430498941774,-0.4356090034138191,r1w,13
p46-48,0.12926050131009506,0.5301944387392736,0.37562522610062105,1.0239935286573167,r1w,13
p48-50,0.11777894414725411,0.46448936169103894,-0.07419642317112231,-0.18816318622922876,r1w,13
p50-52,-0.09324945611968345,-0.37739207226932364,0.04666988342540771,0.13648720821454022,r1w,13
p52-54,0.4280328651994654,1.6380974029910076,-0.33096546407359695,-0.7161054733624181,r1w,13
p54-56,0.03130519331448972,0.1167415315966299,0.11929467162609682,0.3895083318554264,r1w,13
p56-57,0.06659672288316563,0.2631688722470488,-0.19438313059190682,-0.5488134292365874,r1w,13
p57-60,0.26657643353803856,1.1313453826699338,-0.14543735937943536,-0.3759758284659228,r1w,13
p60-62,0.3698965058811709,1.3276684622611348,-0.11053907227883326,-0.2795261621109989,r1w,13
p62-64,0.04137069955092064,0.20345306002837288,0.41337861278621146,1.1544680108255552,r1w,13
p64-66,-0.04653911646869176,-0.158542169181259,-0.03089932478538545,-0.0721381883970798,r1w,13
p66-68,0.16202747260781822,0.6400689611028894,0.17184327122461904,0.47034924397538225,r1w,13
p68-70,0.23790398602704962,1.003816259647694,0.2106270679612942,0.9008619618327147,r1w,13
p70-72,0.19042502145842682,0.8017410184638584,0.07776673537376826,0.2539010996785714,r1w,13
p72-74,0.3977093672931531,1.7312312147916702,0.15929286484922506,0.4968361655335084,r1w,13
p74-76,0.21405651029165534,1.1050989766399228,0.22606504134068997,0.9748731303196694,r1w,13
p76-78,0.25927602600134947,1.3184686938912369,-0.15137025779636268,-0.35355278073214674,r1w,13
p78-80,-0.018185494464736857,-0.10746230181257214,-0.6204038827801622,-2.33644379390124,r1w,13
p80-82,0.1551417587593857,0.9027338120068973,-0.3190564520136511,-0.9367486817071636,r1w,13
p82-84,0.19358819439458097,1.0782912338586854,-0.3630197869114638,-1.2369172238002244,r1w,13
p84-86,0.08066191406977212,0.4621838799134215,0.20934397445208675,0.8538069192368378,r1w,13
p86-88,0.18118971570972833,0.7514210755531153,-0.046381074091733455,-0.17201463938701222,r1w,13
p88-90,-0.25911531750847716,-0.9260121919879573,0.018841625832727325,0.050298797237538835,r1w,13
p90-92,0.019571220573858076,0.05258020490834771,0.22921552306727466,0.5399224712432941,r1w,13
p92-94,0.116745799877654,0.2620309604589809,0.18850180168167158,0.36764433521372974,r1w,13
p94-96,-0.1506021175197371,-0.2555480717391755,-0.12301690218098718,-0.1713645325710784,r1w,13
p96-98,0.11114781903651921,0.12689815991685546,0.4284749710886789,0.4792249546222558,r1w,13
p98-100,-0.17512113815415123,-0.1513913242043434,-0.5217119145128719,-0.4921258575026598,r1w,13
r1-5,-1.7320227999493467,-4.1682271333621586,-0.9769810490715033,-0.9674667755711439,r4w,1
r6-10,-0.2707690817495841,-0.9698573327587702,-0.8574368355913556,-1.2243330527224108,r4w,1
r11-20,0.14450895820679158,0.6108028638349332,0.36659997537188754,0.7155417570510232,r4w,1
r21-30,-0.3069579266298199,-1.7525433413002716,0.28532101692623135,0.6774144460010187,r4w,1
r31-50,-0.17539422958960213,-1.2779819711359817,0.056613726979193174,0.22047733303038053,r4w,1
r51-75,-0.1493560078965893,-1.433789377597822,-0.26005575186115926,-1.3438934691479238,r4w,1
r76-100,-0.20001779032611328,-1.9146819974347726,-0.0939759782328135,-0.5763147571126406,r4w,1
r101-150,-0.09384000219305678,-1.1634014207343382,0.06303868996856814,0.47951580002374533,r4w,1
r151-200,0.028827681807975732,0.4034548377859304,-0.08178192920700826,-0.6511542592574304,r4w,1
r201-300,-0.07796291159634663,-1.3877824094507194,-0.0572228358455291,-0.6319901062921034,r4w,1
r301-500,-0.06450706171749233,-1.437286694293954,-0.06764008938514074,-0.9662814022052982,r4w,1
p00-02,-0.2795872983927875,-1.9345493162216174,-0.07826506086493092,-0.2666772173319344,r4w,1
p02-04,-0.19468370835679621,-2.0449064559339254,-0.07469559370789386,-0.4904684651170519,r4w,1
p04-06,-0.11147294846601541,-1.3135840925191349,0.01958473503333739,0.14871795410325048,r4w,1
p06-08,0.0007752739279456208,0.010226931678070037,-0.08954085370766005,-0.7636146512315944,r4w,1
p08-10,-0.014403503346982897,-0.20934559644251644,-0.08642949108133448,-0.8055696730657479,r4w,1
p10-12,-0.1672196927701679,-2.5291907425460565,0.043337515107986176,0.4543422513794831,r4w,1
p12-14,0.00044741457417839687,0.0074892712655073405,-0.02992871797966128,-0.3078371399115823,r4w,1
p14-16,-0.05976865237622719,-1.0168422614179218,-0.13315339689575886,-1.556634501871412,r4w,1
p16-18,-0.03644842073292796,-0.6790828685899027,-0.11210577186021979,-1.3753287308765902,r4w,1
p18-20,-0.06556393781361419,-1.1652726465328984,-0.10648743098696893,-1.3667424571199183,r4w,1
p20-22,-0.14968209267975596,-2.85705716225794,0.006600941556748799,0.08939150971069326,r4w,1
p22-24,0.021294863817215022,0.39090116050132073,-0.08247583974960261,-1.1512698317344492,r4w,1
p24-26,-0.01037972175349348,-0.19733346968602197,0.0003882617260566739,0.005241068989354122,r4w,1
p26-28,-0.010114546277856035,-0.20131161429090677,0.03239128237098698,0.4160824067510037,r4w,1
p28-30,-0.018247761811155557,-0.4097116969656503,0.059806118202066126,0.8805217412380235,r4w,1
p30-32,0.045490280789701694,0.9840194049749574,-0.024466582115564087,-0.35355190945480974,r4w,1
p32-34,-0.02492346973370463,-0.5658409080664594,-0.05839358147516081,-0.8479846840250093,r4w,1
p34-36,-0.016407456341551673,-0.36139743704675675,-0.1205140081894416,-1.7704490216722302,r4w,1
p36-38,0.015216222254730937,0.3627573865980448,0.013463551847167613,0.2018871950372618,r4w,1
p38-40,0.021166919421537048,0.5062091616918978,-0.03446606008996171,-0.4709149266115647,r4w,1
p40-42,-0.03326765122719003,-0.7847169962084104,-0.04183016556621453,-0.5740304822929191,r4w,1
p42-44,0.055578226431548985,1.2573076416807845,0.04718893599878886,0.7454120680243906,r4w,1
p44-46,-0.04953007246706821,-1.249839746444133,-0.05379777556193912,-0.8515109364966625,r4w,1
p46-48,-0.03912860844490418,-1.0400836237485922,0.03153249492839078,0.5275708039025893,r4w,1
p48-50,-0.017348543761401634,-0.43846798376792334,-0.041680451793873315,-0.6035886777854711,r4w,1
p50-52,0.012090234823277458,0.2790088890842976,-0.052213705635061634,-0.8112813289927795,r4w,1
p52-54,-0.008466377959559564,-0.227029860065864,-0.10167181796692198,-1.5824903120395055,r4w,1
p54-56,-0.038318281655030234,-1.028469623409682,0.0731618258866,1.0877194663563898,r4w,1
p56-57,-0.0141700466012964,-0.3751356007715176,-0.03285097557685863,-0.554244608280994,r4w,1
p57-60,0.012470003130050478,0.3003021364733886,0.014016381813164043,0.2272322873427796,r4w,1
p60-62,-0.008315432424753534,-0.19665362993541588,-0.0007838373388091008,-0.013342444308068012,r4w,1
p62-64,-0.0008110260621172679,-0.020678489423751615,0.012312650439816364,0.20367206232769147,r4w,1
p64-66,0.012719588929849267,0.326610558117937,0.04626685578991166,0.6809809618294841,r4w,1
p66-68,0.06422798489281147,1.5698370290657089,0.08302915828450838,1.2168787283637161,r4w,1
p68-70,0.008758702030548342,0.20948709024642168,0.1311853392717006,2.0692180598768415,r4w,1
p70-72,0.00313142738036846,0.07143402611847356,0.0417313239491353,0.6220874105382217,r4w,1
p72-74,0.050852172752299134,1.2075011409414715,0.10844805613726739,1.6295534954459927,r4w,1
p74-76,0.07378723465722149,1.695750588261768,0.007767436029196673,0.11123923929061148,r4w,1
p76-78,0.02974636737580596,0.5722745377343765,-0.006239957855380664,-0.09059062569837949,r4w,1
p78-80,-0.0016550625480374888,-0.03028807766541819,0.02883968909716734,0.3944119657908841,r4w,1
p80-82,0.12375585637112577,2.206896814563283,-0.011440113156443587,-0.14426962471709115,r4w,1
p82-84,0.13520986371129293,2.1736774630572833,0.09145804877059412,1.2438557945092448,r4w,1
p84-86,0.0525067590244859,0.8871410668450552,0.056183782224226216,0.6909046760227654,r4w,1
p86-88,0.029347647083810095,0.43016200988401204,0.00850259708981723,0.08721442700525685,r4w,1
p88-90,0.06117324597888134,0.8779990457162982,0.04330866584386913,0.4187511585223442,r4w,1
p90-92,0.05004450487057248,0.5694605349102602,0.08396884127841286,0.7481887640065241,r4w,1
p92-94,0.06911388571073271,0.7514591900454503,0.09002004700174153,0.7851108295334053,r4w,1
p94-96,0.05764921694863073,0.5266767771962406,0.017915731519709367,0.1106230909416232,r4w,1
p96-98,0.19281595788148292,1.424543607212999,0.08461403391095577,0.5091590212236998,r4w,1
p98-100,0.16723577772397838,0.9906371665927796,0.09235041415472894,0.39384349194164114,r4w,1
r1-5,-2.593159056159978,-3.787393345202476,-3.76490337154213,-2.7516314850403143,r4w,2
r6-10,-0.04048421170002137,-0.08695905942645338,-1.7157481331046147,-1.5758393111528974,r4w,2
r11-20,-0.13042693673535832,-0.38909412866988513,0.08657416336288949,0.11439609993522089,r4w,2
r21-30,-0.4225480345262555,-1.372749483292583,-0.12245541662153347,-0.19537518810355448,r4w,2
r31-50,-0.32151102916330654,-1.4336133618247038,0.3817810011391978,0.8356352184630317,r4w,2
r51-75,-0.08671215155119907,-0.5259505977880763,-0.2784785997971742,-0.7252385271052233,r4w,2
r76-100,-0.29880433106787213,-1.7754844214329868,-0.0023587695070917286,-0.007274692043696595,r4w,2
r101-150,-0.07067573065397123,-0.5455034141045785,-0.027986573206808585,-0.12495894558661189,r4w,2
r151-200,-0.008018401791162413,-0.07652739216571494,0.039421962475978393,0.1912786721436931,r4w,2
r201-300,-0.13375389517820993,-1.7290305464656408,-0.12547423116483802,-0.8677035190068184,r4w,2
r301-500,-0.0918072172522204,-1.6266992406228276,-0.10159822440733678,-0.9178724680513329,r4w,2
p00-02,-0.5055977377847822,-2.0527176055124183,-0.43928669137023435,-0.9005382405306867,r4w,2
p02-04,-0.19376787570215118,-1.2984535898059766,-0.019652222810113973,-0.061110829355203275,r4w,2
p04-06,-0.08544114632476552,-0.6280075579454523,-0.05811936693292557,-0.2739893646436928,r4w,2
p06-08,-0.0008254520384273652,-0.007373455455528842,0.08756239910211676,0.4801042696637386,r4w,2
p08-10,-0.027902368091691977,-0.3002003477353995,-0.21382616694036352,-1.274884275513863,r4w,2
p10-12,-0.29524594952198396,-3.125968599189446,-0.08224844553356893,-0.5202828617542573,r4w,2
p12-14,0.009627123222120412,0.11583220630696228,-0.06210960068696932,-0.40947050522546796,r4w,2
p14-16,-0.012359821106488667,-0.15615693427018834,-0.06549616880259711,-0.5056754849672868,r4w,2
p16-18,-0.09408067794932132,-1.2253662668959862,-0.1904164218240359,-1.662599755576995,r4w,2
p18-20,-0.10266390529700159,-1.4413632970450052,-0.12401423898453012,-0.9105978157450135,r4w,2
p20-22,-0.22234728137644968,-3.2573521158017757,-0.067400178552613,-0.5614718794305631,r4w,2
p22-24,-0.031932958092513515,-0.423479469350398,-0.10626375812471305,-0.8613440802763257,r4w,2
p24-26,-0.0717617791256894,-0.9626716325573568,-0.08399036318586851,-0.7151232269777658,r4w,2
p26-28,-0.04214690844623195,-0.6469709648649713,-0.09052326935286345,-0.7497202903708137,r4w,2
p28-30,0.01553330890943054,0.23954140695399417,0.09139858092970761,0.7806530734079534,r4w,2
p30-32,-0.005145116020653612,-0.07837069773395322,-0.045625197854413574,-0.40112979965448353,r4w,2
p32-34,-0.08357689990400465,-1.315815788485962,-0.06310921083643473,-0.5667182775172694,r4w,2
p34-36,0.05391248777260726,0.7426050610623555,-0.25940740388384964,-2.46821947001652,r4w,2
p36-38,-0.0021868828386754553,-0.033308059091138875,-0.05202606811442822,-0.46560059854583585,r4w,2
p38-40,-0.014023250828033558,-0.22450787345819975,-0.029128967236634832,-0.26661593243448123,r4w,2
p40-42,0.037105298740548034,0.5819721047184803,-0.06744250631481088,-0.5816566797117537,r4w,2
p42-44,-0.0168895450818521,-0.24099607631306094,0.08405319664355801,0.7712964827153027,r4w,2
p44-46,-0.047584687240403184,-0.7655265782052916,-0.1580338821347247,-1.4331852081651584,r4w,2
p46-48,-0.008279080384671008,-0.1452514049642043,-0.010878137577896105,-0.1107860606369912,r4w,2
p48-50,0.046305808109300885,0.7232708509324794,0.004067091204264804,0.03816540347651791,r4w,2
p50-52,0.05613103361527292,0.8325426148340748,-0.0024875708624499363,-0.024774857449340108,r4w,2
p52-54,-0.05570764899083975,-0.9386027114814998,-0.17065720442022772,-1.8262740625213276,r4w,2
p54-56,0.045993999290844606,0.7615372261248617,0.07891234857103234,0.7574438913982493,r4w,2
p56-57,0.06220348147484531,0.9708377573465584,0.04936129836059935,0.49063843301648585,r4w,2
p57-60,-0.02453642426458802,-0.37295725701192256,-0.043605134747438476,-0.49539974019641386,r4w,2
p60-62,0.013487867949355997,0.22810915675775742,-0.04037542885448328,-0.44476336882925827,r4w,2
p62-64,0.0010072741595354123,0.016281860802195833,0.04477541558888186,0.5223649715560755,r4w,2
p64-66,0.05046896308748463,0.8617484849218949,0.10035959915365093,0.9509166668307537,r4w,2
p66-68,0.08868597637312814,1.3550272996413493,0.16703910893837176,1.4177666112689418,r4w,2
p68-70,-0.0071631853100737955,-0.1093555182050041,0.2205948226311932,2.0755169294570286,r4w,2
p70-72,0.054744311392785676,0.8418604220740843,0.07581467907329369,0.6860910297875144,r4w,2
p72-74,0.03427047331737655,0.5306462464803784,0.07067367525175919,0.6180880499316435,r4w,2
p74-76,0.154614076393371,2.4514148548679646,0.011923887443373943,0.10613329880955116,r4w,2
p76-78,0.06902484843599624,1.0555616800109968,0.002804436930739487,0.028311284470516947,r4w,2
p78-80,0.005032265665894995,0.07077376614803273,-0.009042763902508298,-0.08591532045272283,r4w,2
p80-82,0.17864142639757224,2.2897028567525495,-0.007425362642964531,-0.06275244835453037,r4w,2
p82-84,0.19615622458056403,2.5885004804136234,0.08692997169852923,0.7148922172080336,r4w,2
p84-86,0.0913256605371216,1.1490798855179725,0.11195472449739169,0.6934163343031492,r4w,2
p86-88,0.019980081560634615,0.21162693019299422,0.08443097377423277,0.5449016342294869,r4w,2
p88-90,0.09679773647170063,0.9451709609301083,0.2093084241892214,1.2738038255708637,r4w,2
p90-92,0.029742255384495497,0.25821705430454855,0.26099046652168273,1.4916711416167836,r4w,2
p92-94,0.0575794093460409,0.46811875722862584,0.17713232229308545,0.8547396005402774,r4w,2
p94-96,0.10188855372491609,0.6407589418379469,-0.017907488952533534,-0.07036929909447323,r4w,2
p96-98,0.27798234384936876,1.4473567705684596,0.3180484171453234,1.0725605176626365,r4w,2
p98-100,0.09480403798247089,0.3768110596372924,0.24136334019069758,0.5931945720315828,r4w,2
r1-5,-2.1768243115883212,-1.998277364898535,-6.137608828319271,-2.704908941987765,r4w,4
r6-10,-0.5700496305969442,-0.816323796759579,-2.2188984642417524,-1.3206860536674514,r4w,4
r11-20,-0.2804506088746248,-0.5171125165039828,-0.7232802898038063,-0.71591848235192,r4w,4
r21-30,-0.36993267338427205,-0.694981429779419,0.34561721739186435,0.3173147040491191,r4w,4
r31-50,-0.22538280274798844,-0.5725466270269299,0.39031868842706885,0.41660179346757886,r4w,4
r51-75,-0.33821435213957707,-1.123930157558923,0.03370299272485916,0.04959840218910583,r4w,4
r76-100,-0.40942018769308375,-1.5294851250369608,0.5990543075716983,1.1965655336262342,r4w,4
r101-150,-0.21773429146658782,-0.9919378944329659,0.30429825150709694,0.7597948855570299,r4w,4
r151-200,-0.23862419567799575,-1.431552094405637,0.15831638043659368,0.4256237455025507,r4w,4
r201-300,-0.40298603895535584,-3.164550781012697,0.05572990868960653,0.23499398465298743,r4w,4
r301-500,-0.21849064916837888,-2.4925647899563312,-0.025675086289334195,-0.15746495020256285,r4w,4
p00-02,-0.5013184110858281,-1.0850943117710756,-0.7519418385769164,-0.8110185218530505,r4w,4
p02-04,-0.33489337704247063,-1.2386090578138806,0.48267721450443063,0.8931599430202957,r4w,4
p04-06,-0.2241846669949731,-0.987253629272489,0.21470018941085514,0.613141674875701,r4w,4
p06-08,-0.2623639848359984,-1.4569945426999236,0.3211201112648348,0.9982496023525846,r4w,4
p08-10,-0.29129211993724335,-1.8470102514974394,0.03469947547238333,0.1171972792593405,r4w,4
p10-12,-0.5101216318032491,-3.360913563886129,-0.06635679291812721,-0.2753319251458406,r4w,4
p12-14,-0.1736691854556055,-1.507635612252172,0.007316835507138712,0.03194356741502671,r4w,4
p14-16,-0.23630395870097798,-2.123313195798648,0.03325429759343141,0.1654987233367533,r4w,4
p16-18,-0.16645243714245753,-1.5093185437023116,-0.14292129339659396,-0.7476685142621613,r4w,4
p18-20,-0.16639442205799695,-1.511255813435821,-0.040038480631511,-0.23914975590480833,r4w,4
p20-22,-0.3279679373526231,-2.837981744273839,0.0007291829015778192,0.00414339939790602,r4w,4
p22-24,-0.14755745584979676,-1.4845173262400169,-0.18309565755296134,-1.1351803034097054,r4w,4
p24-26,-0.22277665463658253,-2.041605051734215,-0.1110435599229895,-0.5263508763418013,r4w,4
p26-28,-0.12548012620237725,-1.232110891187962,-0.0435695378778587,-0.24139763302343756,r4w,4
p28-30,0.013590521809774778,0.13389919671232017,0.1684883565618276,0.8052959200779751,r4w,4
p30-32,-0.1461285366983642,-1.4791301433214143,-0.11912854461705664,-0.6811869419274549,r4w,4
p32-34,-0.24563929419012107,-2.277860431901442,-0.09884330780273064,-0.5744086284700812,r4w,4
p34-36,-0.13066701530114175,-1.2456214167174593,-0.37245059812421666,-2.109375655818585,r4w,4
p36-38,-0.02815881004080542,-0.3080229406901218,-0.27779157442769126,-1.8427024177387867,r4w,4
p38-40,-0.0313799840458278,-0.29255708998522967,0.00521894813306149,0.0320108075933678,r4w,4
p40-42,0.037088663567745456,0.32330917418183724,-0.09235979391499033,-0.5628143991534236,r4w,4
p42-44,0.03639417917923729,0.31764205072385115,0.13220518311581758,0.835244620629231,r4w,4
p44-46,-0.08162798780009613,-0.7070543154305298,-0.30614481603696053,-1.87896343055836,r4w,4
p46-48,0.11701451631836769,1.263966335498323,-0.09989157188441165,-0.6326220860329814,r4w,4
p48-50,0.014268018229421411,0.1284638796357481,-0.005393325641549335,-0.03412899685831305,r4w,4
p50-52,0.11206040547173883,0.9437002512590527,0.008757127166853448,0.05594384840074437,r4w,4
p52-54,-0.07190965254400931,-0.7032032621447428,-0.2254340975468903,-1.4096602141678303,r4w,4
p54-56,0.09522324611356031,0.9713019138271631,0.04882486029458903,0.27890192617697024,r4w,4
p56-57,0.126047161386381,1.213455294156451,0.006835150744077103,0.05404719505128237,r4w,4
p57-60,-0.1338515869218692,-1.169658146503394,-0.005505293431748123,-0.035544962230817274,r4w,4
p60-62,0.06909960845790442,0.7350658912599125,-0.1060525053721868,-0.6797769152389146,r4w,4
p62-64,0.0663270185593413,0.688172228157806,0.12466902004634314,0.9134585822896872,r4w,4
p64-66,0.13587275522161052,1.3900151770692133,0.14185553837851453,0.9776419484625931,r4w,4
p66-68,0.08348280343896368,0.7679405323553341,0.14263584328642642,0.9813100393083131,r4w,4
p68-70,0.11265322280273676,1.0593862993179197,0.14852456714959003,1.142533352616148,r4w,4
p70-72,0.1395002664615662,1.353169694508348,0.0928900860446298,0.5489491894753419,r4w,4
p72-74,0.1209740375204067,1.1985840962406453,0.09837834228164297,0.4939691542264129,r4w,4
p74-76,0.34905456102943483,3.073346392387917,-0.10573278049558427,-0.7227730174268197,r4w,4
p76-78,0.25558789311007785,2.84355617712492,0.12719754792520244,0.8465685424598346,r4w,4
p78-80,0.161739796260906,1.4069567709268243,-0.14565531246584923,-0.902457203131563,r4w,4
p80-82,0.27543034814231804,2.3059343981085174,-0.1314509567442379,-0.6916726062453238,r4w,4
p82-84,0.41340955294458515,3.2906895595405654,-0.004063324556974692,-0.02214386591169099,r4w,4
p84-86,0.29312070999437007,2.148840565106346,0.001991622942158761,0.009823215746174844,r4w,4
p86-88,0.08469169218201089,0.6087487075291546,-0.09540757082346187,-0.411445590785726,r4w,4
p88-90,0.1582989433941909,0.9340113972669265,0.23712866015880937,0.9494592084904154,r4w,4
p90-92,0.15330760841599653,0.8296059034317491,0.43273958157202236,1.7265115755238372,r4w,4
p92-94,0.26831885564924224,1.2882276822055203,0.14106945400864762,0.4953669215152455,r4w,4
p94-96,0.14297855887842406,0.5055518569226527,0.006939870900064974,0.020441420621826793,r4w,4
p96-98,0.5830868597500283,1.642741801356978,0.34951360881428933,0.8718928540519647,r4w,4
p98-100,0.13033320647437882,0.28321268004232836,0.023287569794003458,0.04116831271750803,r4w,4
r1-5,-2.004704246911649,-1.1175071129226628,-8.98743672348175,-2.7129080188767207,r4w,8
r6-10,-0.2803642810622576,-0.22514594909311567,-4.973228241479536,-1.8936192553361078,r4w,8
r11-20,-0.05221718490012267,-0.06008491105182104,-1.6202394300994238,-1.0310576185814724,r4w,8
r21-30,-0.5433329358960656,-0.5681628373514541,-0.5103191916912947,-0.30044952572581946,r4w,8
r31-50,-0.4460904543670397,-0.7428637281738604,0.5005520664015627,0.37378035210285326,r4w,8
r51-75,-0.5081823802790941,-0.9357071366768958,-0.08453556772773556,-0.07375157862594248,r4w,8
r76-100,-0.4574581111327365,-1.0318664272632565,0.6117433193122809,0.7671456329827221,r4w,8
r101-150,-0.6368076787528405,-1.8850083381875289,0.7501850440650568,1.103329690150792,r4w,8
r151-200,-0.47994647480023117,-1.7164497543593662,0.4515268284968769,0.6728358400117628,r4w,8
r201-300,-0.48822168442072006,-2.4728041308008843,0.5809187205670191,1.5067687452596787,r4w,8
r301-500,-0.2295293707074902,-1.605183809849939,0.05687036715259401,0.23032916557049457,r4w,8
p00-02,-0.4868734387207667,-0.5926321610497485,-1.709012845114916,-1.2171491577446725,r4w,8
p02-04,-0.4227181263172482,-0.864936200724379,0.6487197023779235,0.7275113938075953,r4w,8
p04-06,-0.6127205870042276,-1.6739010808849042,0.6594324574792403,0.986991940814052,r4w,8
p06-08,-0.5093586572253701,-1.8032838335879258,0.5995164092922514,0.983363658922253,r4w,8
p08-10,-0.3879864940543589,-1.423287210323872,0.4892574884490272,1.0374156830960226,r4w,8
p10-12,-0.5210310400516375,-2.4027551787435097,0.2826474579872295,0.9525962631679794,r4w,8
p12-14,-0.24732464671349158,-1.2698319930871218,-0.029451413760910733,-0.08544822632330888,r4w,8
p14-16,-0.35475937862407486,-2.040031118654681,0.2356069893649438,0.8126969594183611,r4w,8
p16-18,-0.1393136484164064,-0.7298351039420424,-0.24368072162895948,-0.8528812421256424,r4w,8
p18-20,-0.12572596371839237,-0.7596685048934609,0.05386644912400047,0.20926099721301367,r4w,8
p20-22,-0.30452334858460006,-1.6475871416467587,-0.19243273008219786,-0.6318223347095528,r4w,8
p22-24,-0.1710979545556931,-1.0797145165846807,-0.12360772525929335,-0.5684307170038417,r4w,8
p24-26,-0.28834333251272726,-1.5731107541082374,0.10442189181867627,0.41899998491970963,r4w,8
p26-28,-0.05882348334304369,-0.3606036535915763,-0.018655931556809835,-0.06185707099780933,r4w,8
p28-30,-0.0040023613042388,-0.022291740314292586,0.20292005413569958,0.6412391137880034,r4w,8
p30-32,-0.12059737278192754,-0.6403245980518739,-0.04071653324072016,-0.1465928110434767,r4w,8
p32-34,-0.28481970423665803,-1.521878916569041,0.011154057750141867,0.04909678797669979,r4w,8
p34-36,-0.07990434463562034,-0.4380598862634112,-0.2776607970733397,-0.9800029216611144,r4w,8
p36-38,0.06785280876236235,0.3901709178209572,-0.18287632263189532,-0.8130133528071246,r4w,8
p38-40,-0.05909089773191769,-0.3138741752256181,0.042822289281562176,0.1837580497317351,r4w,8
p40-42,0.06586196468079838,0.3188986232033029,0.18833542270577946,0.8006503648387802,r4w,8
p42-44,0.02066438821049875,0.10560396815721397,0.1802553085221611,0.6675462012250071,r4w,8
p44-46,-0.2085800365923564,-0.8687905543716578,-0.28810987239487834,-1.0310496018657833,r4w,8
p46-48,0.2008896948631079,1.068347509057813,-0.011567366990659543,-0.045881486232400535,r4w,8
p48-50,0.07091647875516839,0.3716522727424292,0.14415813059191288,0.6488473185379205,r4w,8
p50-52,0.23027172801756846,1.029647160859327,0.12886037593847852,0.45218219236096296,r4w,8
p52-54,0.03266552391040828,0.15826214211970852,-0.24832278136934163,-0.9006503294429333,r4w,8
p54-56,0.07920315272531991,0.44793094831827507,0.04639868142923596,0.19961684446359232,r4w,8
p56-57,0.23275019978774136,1.2123234609241753,0.20213515757415254,1.160530804885324,r4w,8
p57-60,-0.16715672757270592,-0.8072558328288559,0.06382932212630016,0.20493550689346707,r4w,8
p60-62,0.10574410041841634,0.6231920255094338,-0.23025768408738262,-0.7512419691104719,r4w,8
p62-64,0.22633504359159817,1.4737589882260085,-0.016643025049362246,-0.07378756343619541,r4w,8
p64-66,0.1825719612534884,0.9788407798596312,0.14257398847605474,0.6453571662267016,r4w,8
p66-68,0.20908021563138598,1.1212611428916075,0.17325515546609,0.7024778240513057,r4w,8
p68-70,-0.016480420522938903,-0.09948971768904481,0.1478035920605028,0.517433245126872,r4w,8
p70-72,0.11215712021458647,0.6713580744245716,0.1931615571170083,0.7063231571197639,r4w,8
p72-74,0.1835114766534196,1.0869064369340664,0.04744986528544187,0.17239814992531405,r4w,8
p74-76,0.32960047729639314,1.7750540167865976,-0.15537527793943598,-0.8121428376503742,r4w,8
p76-78,0.2310957550216476,1.4013440830556938,0.046443385305435264,0.1720662669498051,r4w,8
p78-80,0.24880700807687392,1.399333358994546,0.06286527722431594,0.2449186519420189,r4w,8
p80-82,0.3610652318841836,2.0714111044244725,-0.4161941559357972,-1.4995186793086184,r4w,8
p82-84,0.4591706618468503,2.4877998502406604,-0.107399419268292,-0.3498421887020346,r4w,8
p84-86,0.3713593415388328,1.8386779964751965,-0.1774245324464598,-0.5808211892016653,r4w,8
p86-88,0.007109384306749011,0.02958870222431442,-0.31064733161105595,-1.1324304595173509,r4w,8
p88-90,0.20673088583929294,0.6870378414909716,0.12173768557478028,0.2755075688539459,r4w,8
p90-92,0.16486849957570307,0.5007126993312842,0.2626181903192937,0.6317123287391936,r4w,8
p92-94,0.25626979861785515,0.6999043347545364,-0.002765705215017018,-0.005675079908417895,r4w,8
p94-96,0.1102758805104089,0.20710127723798172,-0.3012886412688968,-0.6699681231189435,r4w,8
p96-98,0.5755662791547558,0.8382074212989302,0.5192149536115039,0.8084191567560145,r4w,8
p98-100,0.22662337786726044,0.24139261505646095,-0.9232614622460729,-1.3258891302331628,r4w,8
r1-5,-3.7614779033622106,-1.7711258925020221,-14.127683854849831,-4.367469613909827,r4w,13
r6-10,-1.5378208005827485,-0.9479504484065504,-7.860804284011104,-2.894605972147745,r4w,13
r11-20,0.12419427268152677,0.11764641193860556,-1.6909009395411259,-0.5760089540730263,r4w,13
r21-30,0.18935921155401683,0.15202362122745772,-0.9617006551995384,-0.3632966405878116,r4w,13
r31-50,-0.06960797364413687,-0.0754503884891374,0.07836848429601863,0.04044721241109985,r4w,13
r51-75,-0.1925907689462035,-0.22701609839940257,0.49886230820113303,0.3083488979116443,r4w,13
r76-100,-0.3619807267976948,-0.5079492893996607,0.07120001296944384,0.049865320966479165,r4w,13
r101-150,-0.6210886975745262,-1.1974964202146643,0.1718732969367161,0.13528365542105805,r4w,13
r151-200,-0.3016712177408617,-0.6957586305306602,0.27127521592905496,0.24643142700363352,r4w,13
r201-300,-0.35120171896834973,-1.2613645725106089,0.26553062857282655,0.3601536521912356,r4w,13
r301-500,-0.07855192249543336,-0.4167441524119556,-0.19440702061713808,-0.5372727497154035,r4w,13
p00-02,-0.459988185830194,-0.4324247005528317,-2.800667885529228,-1.4423968596622003,r4w,13
p02-04,-0.2805171470905759,-0.3623041990130775,0.7023040866878782,0.46840879810998604,r4w,13
p04-06,-0.5079644111154453,-0.8237144588373252,0.035938244479937896,0.026859481841376636,r4w,13
p06-08,-0.2800070746042515,-0.6908117528263708,0.6357329269400666,0.5926501859125032,r4w,13
p08-10,-0.24436538974826663,-0.5410649173370091,0.0014435377737666935,0.001833466385082259,r4w,13
p10-12,-0.25506291977425466,-0.9226176738560942,0.0780446911766331,0.14590411326101588,r4w,13
p12-14,-0.1521554008567118,-0.5611027480668229,-0.4558870641055296,-1.0064321991138383,r4w,13
p14-16,-0.3454972810414295,-1.4658817594704847,0.047288171900858045,0.08596731298079521,r4w,13
p16-18,0.029112284337406584,0.12402302234996161,-0.3477514489888355,-0.9628025062647699,r4w,13
p18-20,-0.007972236154325001,-0.03601949157535586,-0.1335598156930879,-0.3881046101413277,r4w,13
p20-22,0.04385112560441503,0.18543855155754743,-0.19125902691379057,-0.4236197107032233,r4w,13
p22-24,-0.14641782788999233,-0.7623078004804552,-0.08702603499854225,-0.3570607770051964,r4w,13
p24-26,-0.16998717808051325,-0.6758916309013049,0.33578773546288454,1.0430019222275233,r4w,13
p26-28,0.12459768558315146,0.5439933173387289,-0.13498175780235316,-0.3155266513301522,r4w,13
p28-30,-0.20318102195548107,-0.7877134471464126,-0.03948599093670498,-0.09089102978986696,r4w,13
p30-32,0.006862389753842509,0.027980417147823917,-0.12286995834503431,-0.2888334161592741,r4w,13
p32-34,-0.1470898526796368,-0.6098149042970841,-0.08961982488523842,-0.257305442691689,r4w,13
p34-36,0.15042283945929688,0.5875974747557006,-0.08723954246719928,-0.21428385344595394,r4w,13
p36-38,0.12265019223626397,0.45094935724762586,-0.3404030529182304,-0.9162248315190024,r4w,13
p38-40,-0.0016099047189824056,-0.006796314130711636,0.06723573431241518,0.21967173911836932,r4w,13
p40-42,0.10007502619681732,0.3232016191074001,0.129397498518827,0.3589050422864741,r4w,13
p42-44,0.14829658882275443,0.5473880564843967,0.1671572490117812,0.38442808761082203,r4w,13
p44-46,0.180634230074273,0.5760374577388279,-0.45650622998274043,-1.1046342029177352,r4w,13
p46-48,0.20565943697121833,0.6785402805078302,0.028526203470126757,0.082889849842148,r4w,13
p48-50,0.12368008881879392,0.43779062006962277,-0.12857847216928855,-0.36725596126272564,r4w,13
p50-52,0.14901879260990578,0.49204048198156924,0.16198964953956807,0.33975253229346064,r4w,13
p52-54,0.17349789867080978,0.6214414184624771,-0.29732431287686717,-0.5988350398889227,r4w,13
p54-56,0.18527227093310578,0.6983703414637382,0.05778872340384476,0.16013859380629777,r4w,13
p56-57,0.11913383656777629,0.4398970183496364,0.5678394127916742,2.1432271119999764,r4w,13
p57-60,-0.009142893710311819,-0.03106432040097182,0.30078432125251875,0.5307828780193793,r4w,13
p60-62,0.22609563167204416,0.802288287966595,-0.10448274351991678,-0.21814367556387373,r4w,13
p62-64,0.16912020791765267,0.6135610007246515,0.2617741347461452,0.6878175281421031,r4w,13
p64-66,0.08695884657491658,0.2984843936849278,0.5602981849230376,1.3290967045444506,r4w,13
p66-68,0.0902700597935287,0.34696857816484544,0.3549466367744164,0.9286628073624575,r4w,13
p68-70,-0.18387954923815575,-0.6327628809339717,0.523715235154885,1.4573251820209114,r4w,13
p70-72,0.05341668317040065,0.2243392990848916,0.0676357477401663,0.15095522131356917,r4w,13
p72-74,0.21619164004358743,0.9008359443407051,0.38104567226482483,1.2608761457809623,r4w,13
p74-76,0.27094873073787545,1.0163894601102186,0.05122942996513885,0.1618135934332818,r4w,13
p76-78,0.0433053622739495,0.1785491053095824,0.467049462097339,1.347534115982747,r4w,13
p78-80,0.12592119033409316,0.5559993070945263,0.18152906530038643,0.5120056364883003,r4w,13
p80-82,0.21110855159663205,0.8659017963816802,0.05746874023411483,0.13039341314864275,r4w,13
p82-84,0.40946966807169455,1.6072175456271016,0.04604839694162957,0.09967263100163912,r4w,13
p84-86,0.21889930269050223,0.804771582557617,-0.3269049726019622,-0.8226025337507714,r4w,13
p86-88,-0.06265303033086507,-0.2035101195351565,0.25092466050008705,0.5006012557589672,r4w,13
p88-90,0.13261231187867326,0.31114319939732676,0.21698811350451208,0.3785742651786344,r4w,13
p90-92,0.02556504315064996,0.058740398499505166,0.4425176682829677,0.6686522266020097,r4w,13
p92-94,-0.2335712351896157,-0.44382968891849006,0.17933216184538336,0.2303796111145068,r4w,13
p94-96,-0.11929324102197848,-0.1632442884978916,-0.29638244036928374,-0.409903568749981,r4w,13
p96-98,0.1683974050205944,0.17338759827578526,0.48418593163366275,0.5642270574979684,r4w,13
p98-100,-0.4976181162253022,-0.36390048817494214,-1.3897659044728061,-1.1128018898681284,r4w,13
r1-5,-0.29065831625458327,-1.9714398213543418,0.20324638961983807,0.46824073949876927,low_vol,1
r6-10,-0.1592535045739366,-1.0335001343806662,-0.06517812590396249,-0.38998044195060383,low_vol,1
r11-20,-0.16779164976913888,-1.4772291371128723,-0.011766546838249372,-0.08420395626235067,low_vol,1
r21-30,-0.08270888918398707,-0.8402199751972677,0.0014405430831886453,0.009924788380341745,low_vol,1
r31-50,-0.03427980809292,-0.34533032905638206,0.109937314114355,0.8030402459371361,low_vol,1
r51-75,-0.04069193053694366,-0.4499647549450838,0.04597899349803285,0.3452559568016914,low_vol,1
r76-100,-0.04529638732179268,-0.49998093754862694,0.06038388501094358,0.48111846289381976,low_vol,1
r101-150,0.00950868065673101,0.11953633179132668,0.05028218763118652,0.4100000377909275,low_vol,1
r151-200,-0.029499909603724478,-0.3935385015657006,0.02870950658736361,0.2562969300903645,low_vol,1
r201-300,-0.016243524997689315,-0.2405441463961536,0.0027215420022923655,0.026912000374845688,low_vol,1
r301-500,-0.023315640616466526,-0.4320276673711256,0.014805738826496339,0.16950348142645283,low_vol,1
p00-02,-0.12202084657000926,-1.1898221070669581,0.06355665838742645,0.46652673582890475,low_vol,1
p02-04,-0.0385853839206222,-0.4342451697834347,0.03269909842964748,0.2622319398388148,low_vol,1
p04-06,0.002029366781848732,0.02457194193120549,0.03384788744875571,0.27494781686074615,low_vol,1
p06-08,-0.01603877354956914,-0.20620131156002236,0.05564050301020587,0.49977541249027463,low_vol,1
p08-10,-0.021397612604306615,-0.28711196986808,-0.0200911589160761,-0.19317153721993618,low_vol,1
p10-12,0.0027935305093184184,0.04087489469397012,0.006649038903684599,0.0653725604395678,low_vol,1
p12-14,-0.06164173301841916,-0.9403295337041726,0.008365213218981675,0.08459168341568735,low_vol,1
p14-16,-0.014522003431448183,-0.24092381404909835,0.04355649110356102,0.4691786810510772,low_vol,1
p16-18,0.003788712527656195,0.06586494599744139,-0.022643663275137695,-0.2668893159136462,low_vol,1
p18-20,-0.022335711877593176,-0.3771655279171987,0.07395565554809715,0.8337998041814829,low_vol,1
p20-22,-0.026268914438892392,-0.47059346779830313,0.013488410250430953,0.15995621884428776,low_vol,1
p22-24,-0.0022386403016810526,-0.042490022164190115,0.022672662226976163,0.29283090723093796,low_vol,1
p24-26,-0.022757414546957688,-0.45733476101994874,0.07608554953101597,0.9687724015237147,low_vol,1
p26-28,-0.013162873650114244,-0.2859826158332464,0.03705151034051459,0.5074451684532149,low_vol,1
p28-30,-0.019387755256337635,-0.3956887347793276,-0.007285831192464697,-0.1063653838979346,low_vol,1
p30-32,0.03938094823377673,0.8679362208704231,0.012627419222746879,0.17392671413933147,low_vol,1
p32-34,-0.02650322240047224,-0.6216737922054949,0.0529414319331185,0.728071568488094,low_vol,1
p34-36,0.02912163590121339,0.6872828313869814,0.013934035243815817,0.20717378071476344,low_vol,1
p36-38,0.06032249550872172,1.4190459399029984,-0.000456666839709946,-0.007054449615549552,low_vol,1
p38-40,-0.018096405633221943,-0.4307190581710039,-0.06764692284418607,-1.0552816739017836,low_vol,1
p40-42,0.05672295974987566,1.3779672220661894,-0.013586855087885485,-0.2274811343773242,low_vol,1
p42-44,0.024177519982584727,0.6244026001532414,-0.026187534299839558,-0.37853780742763354,low_vol,1
p44-46,0.005016192230903962,0.13132897007901154,-0.00321580225080977,-0.051646291799019896,low_vol,1
p46-48,0.022251352147869972,0.5836060842337252,-0.021453575838497944,-0.3250897691990831,low_vol,1
p48-50,0.04169891651902314,1.0969979266956151,0.014436886770318057,0.2440854953505128,low_vol,1
p50-52,0.011291599623151315,0.3004570771858401,0.11786702361101277,1.8230064487581967,low_vol,1
p52-54,0.007823311948659208,0.20910678145822975,0.003101321766464713,0.05110045883157053,low_vol,1
p54-56,0.01020235987055013,0.28262799229255625,-0.03434001953104374,-0.563126266332518,low_vol,1
p56-57,-0.005968665976742983,-0.1658528237651572,0.08433142613998952,1.423746871529611,low_vol,1
p57-60,0.058789951672214937,1.5295508690716346,-0.0021226542202076567,-0.034658489141449186,low_vol,1
p60-62,-0.021387236913103992,-0.5536579534171618,0.043983634266496784,0.6778158700919489,low_vol,1
p62-64,0.03466190874484015,0.8810406178959174,-0.06777176272665503,-0.980431402273749,low_vol,1
p64-66,0.06577275486273722,1.4914920067002961,-0.05688489949789124,-0.7544853827173331,low_vol,1
p66-68,-0.00832238602652059,-0.17460997832114147,0.009059667321161436,0.11636706542841103,low_vol,1
p68-70,-0.025070967629547775,-0.5215830600962323,0.03358540498935415,0.49615850779916715,low_vol,1
p70-72,-0.027583846710496983,-0.5284104298980477,0.0771521945663494,0.9850988282095752,low_vol,1
p72-74,0.0318706024474842,0.6331975883249179,-0.018334607015958213,-0.1977705364969075,low_vol,1
p74-76,-0.08867844210759294,-1.5145130438131216,0.03395726224293588,0.3872130772467888,low_vol,1
p76-78,0.01397961028499717,0.2270575790107258,-0.021784839256548543,-0.2373081480591599,low_vol,1
p78-80,0.016660381787790925,0.28015240315678436,-0.09421900183860882,-0.9323415672615104,low_vol,1
p80-82,-0.034523004545618255,-0.4683705061356881,0.05080732049261523,0.47038598576916674,low_vol,1
p82-84,-0.02726529343940505,-0.3357876503650183,-0.026374081542843666,-0.2585397336601759,low_vol,1
p84-86,0.009126479226801543,0.10974961369502872,0.17839070181332872,1.5249672453527658,low_vol,1
p86-88,0.026895374413935358,0.31338855743695077,-0.1031113961736389,-0.8262351142902026,low_vol,1
p88-90,0.019890363070213996,0.19652582279138786,-0.11326954421056903,-0.8102817697244689,low_vol,1
p90-92,0.07312493162094744,0.6588954748620383,0.06396348643373867,0.3903847298196467,low_vol,1
p92-94,-0.00956954450186255,-0.07843240408831599,-0.04778273467375474,-0.2643183140458821,low_vol,1
p94-96,-0.043827062688009136,-0.344940423477478,-0.09600428895229915,-0.46013431550188577,low_vol,1
p96-98,0.006193522115659413,0.03984633547974431,-0.04957933761704154,-0.1845110543581028,low_vol,1
p98-100,0.04084425329865672,0.23177630436003716,-0.33875171324195,-1.109700172639945,low_vol,1
r1-5,-0.34570263148305785,-1.2174965676893843,-0.46022993972517034,-1.2825885405929465,low_vol,2
r6-10,-0.3949294530590634,-1.7695464013440005,-0.16461324997499172,-0.6128935911897619,low_vol,2
r11-20,-0.2997436227885502,-1.673977559396982,-0.22902161329194445,-0.9155152060760556,low_vol,2
r21-30,-0.10738038680693296,-0.6389661216421431,-0.1574639561312912,-0.6614802189352562,low_vol,2
r31-50,-0.08193280040615085,-0.5376792122986561,0.007218936463075447,0.03216258901136669,low_vol,2
r51-75,-0.07026166671281125,-0.49469137844237515,0.03558762698955214,0.1610099582276857,low_vol,2
r76-100,-0.09928056204999201,-0.7040846998927691,-0.03635573171675569,-0.1832742390070098,low_vol,2
r101-150,0.006885741707146395,0.054944826495662825,-0.06828808413849231,-0.34723014266308844,low_vol,2
r151-200,-0.02401399887820424,-0.20401188326954348,-0.062120843158101555,-0.32222415748551914,low_vol,2
r201-300,-0.02356574427120883,-0.22414696525193004,-0.07408321416758143,-0.4304200167792657,low_vol,2
r301-500,-0.02466795506447876,-0.28521117156023806,-0.04232136476093755,-0.27903588665012946,low_vol,2
p00-02,-0.21026036106692414,-1.257973053463431,-0.10797853147965555,-0.48180657863253595,low_vol,2
p02-04,-0.06584202163840312,-0.4693307736339634,-0.02251594955280343,-0.11049592047573475,low_vol,2
p04-06,-0.009172655609682487,-0.07067113540813287,-0.07267939933864803,-0.3633272933973945,low_vol,2
p06-08,0.001069436951086188,0.00883300661670307,-0.05155728245527984,-0.27441303555602675,low_vol,2
p08-10,-0.03483292907135898,-0.303103036300694,-0.060535656974084306,-0.3398593613754346,low_vol,2
p10-12,-0.022669571356476587,-0.21771324651903776,-0.09014701058398727,-0.5240724295271489,low_vol,2
p12-14,-0.0492556623040352,-0.4734595445205837,-0.0969093447467901,-0.5669568860835121,low_vol,2
p14-16,-0.014439552229737404,-0.1503028472692067,-0.07522851086690423,-0.464040374057832,low_vol,2
p16-18,0.019516684921443497,0.21603804404201088,0.013398950422167585,0.0922279579023493,low_vol,2
p18-20,-0.050039770024042085,-0.5336942510853276,0.04938090529670486,0.33260205464227827,low_vol,2
p20-22,-0.03522786878731897,-0.41248008780110745,-0.0749082397542215,-0.5252072482352317,low_vol,2
p22-24,-0.01911622763733774,-0.22614055464918573,-0.05955146263939056,-0.445895538695524,low_vol,2
p24-26,-0.022967453298153636,-0.27719990322508803,-0.02979005624309882,-0.23118880517403279,low_vol,2
p26-28,-0.006528686905802936,-0.08597167148377335,-0.059954536313154096,-0.5206202000935821,low_vol,2
p28-30,0.019969456722526896,0.25338237572991235,0.025045142567299533,0.17709561387603057,low_vol,2
p30-32,0.06465308271542534,0.8471396673750864,0.02210247406807779,0.16538646877907678,low_vol,2
p32-34,-0.044618445242748925,-0.6488368568502311,0.06531633549586198,0.5748083642122593,low_vol,2
p34-36,0.08989977134375286,1.3246578267715305,0.05896201962286101,0.5334215107395678,low_vol,2
p36-38,0.1019111727305408,1.5833509479410588,-0.09792486766351666,-0.8578725717571619,low_vol,2
p38-40,0.04612223581459165,0.6697180804540414,-0.18293159112858148,-1.636122394949214,low_vol,2
p40-42,0.06837731548516625,1.09966080030435,-0.10146074314585807,-1.0549986397007245,low_vol,2
p42-44,0.10264107107480105,1.6199868553676868,0.09514044842583701,0.8353712471129928,low_vol,2
p44-46,0.004452443247782757,0.07417808749662615,0.014604228017948886,0.15236409946180138,low_vol,2
p46-48,0.013356139383391974,0.22543140503438888,0.03232599464322305,0.3301809523520765,low_vol,2
p48-50,0.04927816729480616,0.8210204307910957,0.011601705279172883,0.11751652294838494,low_vol,2
p50-52,0.03391993253805605,0.5552960675794244,0.20769023055523536,1.9915063544695868,low_vol,2
p52-54,0.0665410283179306,1.1011841153442605,-0.022973745502074004,-0.21968471165601094,low_vol,2
p54-56,-0.04302023350670496,-0.7247930050218234,-0.01339449734181115,-0.15911405449701466,low_vol,2
p56-57,0.044771066102713745,0.7772418168816291,0.0981406405488417,0.9529329324736638,low_vol,2
p57-60,0.031845544418683105,0.5189114620469013,0.0064252891793828105,0.06112480058752485,low_vol,2
p60-62,0.006638998574444949,0.11298168327729634,0.06517021319064159,0.6504414330771733,low_vol,2
p62-64,0.08036889815278352,1.3983245203167458,-0.08368456613429649,-0.7721109959661561,low_vol,2
p64-66,0.07204541126732718,0.9966103719348253,-0.055681181132763644,-0.4292528783813485,low_vol,2
p66-68,0.04872382853168997,0.7386748927106316,0.13849316796857833,1.1384002113093574,low_vol,2
p68-70,-0.09586649570470648,-1.326535589545591,0.04141377989609534,0.3386510191443428,low_vol,2
p70-72,-0.08762337879493355,-1.0900727481782146,0.16738417658063848,1.2312974104580008,low_vol,2
p72-74,0.019224483116856664,0.22854765483648237,-0.03412819576314111,-0.26293670419392984,low_vol,2
p74-76,-0.1921580344122378,-1.999675223049184,0.07163223384834316,0.49813534221145617,low_vol,2
p76-78,-0.04186388176330205,-0.43348828357106506,-0.008930944652423998,-0.05320152978356162,low_vol,2
p78-80,-0.005476951991481753,-0.05266010359610595,-0.0008369257821768876,-0.0052874636352080685,low_vol,2
p80-82,-0.008942059726093595,-0.07255048332889964,0.23564281851905727,1.2862658281305615,low_vol,2
p82-84,-0.03758650981402072,-0.3081570246724223,0.0471894194624788,0.2429392509190341,low_vol,2
p84-86,-0.006652784466536985,-0.05267528387182123,0.30087368233465267,1.4637591693018674,low_vol,2
p86-88,-0.025513467339943096,-0.16991397344010012,-0.17524364288236396,-0.808501007798859,low_vol,2
p88-90,0.054306970697946724,0.346510262046674,0.091078836919433,0.39756096697267906,low_vol,2
p90-92,0.07108567256270415,0.3873002121453076,0.17121563898003367,0.6364375190160578,low_vol,2
p92-94,-0.0008376070920042031,-0.004211832239404278,0.2716332613800543,0.8359745652569033,low_vol,2
p94-96,-0.04468229604563078,-0.19962787048247332,-0.08048322280685397,-0.2130433968367212,low_vol,2
p96-98,0.011308057358232725,0.04298125813817021,0.21630467225120142,0.4442201996167181,low_vol,2
p98-100,0.04865474038437551,0.15986410358186742,-0.8484686124458121,-1.5369684573087727,low_vol,2
r1-5,-0.9909071399378324,-1.939405886767819,-0.9245429998256384,-1.714429568447598,low_vol,4
r6-10,-0.7640436837667849,-1.703584422565836,-0.496091255984779,-0.8943949006586093,low_vol,4
r11-20,-0.5810841579868319,-1.7908459069790792,-0.5048945600213117,-1.1730775363186905,low_vol,4
r21-30,-0.30831035803620016,-0.9613410866052928,-0.2815208630461638,-0.7396188208399143,low_vol,4
r31-50,-0.2139639942219066,-0.7127127619160838,-0.13598708056177847,-0.3495963800822467,low_vol,4
r51-75,-0.11515889178783886,-0.4032050059321743,-0.07227340919014923,-0.1830426894369225,low_vol,4
r76-100,-0.20470972412337668,-0.7339955929932558,-0.10521767124297224,-0.2990238764688413,low_vol,4
r101-150,-0.028940099312534696,-0.11422946132745386,-0.258274211169696,-0.7709873001019245,low_vol,4
r151-200,-0.0465420639366914,-0.19901459108975386,-0.26184045781101245,-0.7715831795050585,low_vol,4
r201-300,-0.0736915495736543,-0.3518485116785853,-0.20388339585166834,-0.6244024193711899,low_vol,4
r301-500,-0.054608385047129004,-0.30766033921125824,-0.18534007729363058,-0.6523261170508221,low_vol,4
p00-02,-0.48760869409199736,-1.529829679085003,-0.3239174528683313,-0.8625134258723545,low_vol,4
p02-04,-0.1326238646702826,-0.46747122649849565,-0.10472436165405052,-0.2846551476167629,low_vol,4
p04-06,-0.06429423643181463,-0.24697340657072556,-0.2895106502668317,-0.8586457345897383,low_vol,4
p06-08,-0.032263496294239066,-0.13249172202222825,-0.27397930871109094,-0.8189908568084249,low_vol,4
p08-10,-0.07860306519501083,-0.34116905422540034,-0.1846688544817986,-0.5253128788920698,low_vol,4
p10-12,-0.11255360830275218,-0.5446056241726803,-0.23533833202795618,-0.7531865295434169,low_vol,4
p12-14,-0.07614290251711303,-0.3747936485903765,-0.2339059358903169,-0.7291707523104662,low_vol,4
p14-16,-0.08717665665498416,-0.44996468623433455,-0.18689767635135965,-0.6323845114996028,low_vol,4
p16-18,0.02533910232229518,0.1369452228367256,-0.11945176453771432,-0.4343735511428485,low_vol,4
p18-20,-0.03426708843276494,-0.1877245956846908,-0.03229198149659085,-0.12420111812708202,low_vol,4
p20-22,-0.09667840815478415,-0.5587581767236649,-0.2430774110630381,-0.9645381994403532,low_vol,4
p22-24,0.04268738241338666,0.25715785884214476,-0.08451981936612464,-0.36834080116480833,low_vol,4
p24-26,-0.09427836382266314,-0.6021408944966237,-0.1899115811262275,-0.8418583835117526,low_vol,4
p26-28,0.04080612949736244,0.2670941434420999,-0.08518146436982284,-0.4247630892656882,low_vol,4
p28-30,0.08153422730810463,0.5232643223110722,-0.009273190952966257,-0.03784616078991606,low_vol,4
p30-32,0.0793854581534098,0.5554425513124297,0.07498932105852962,0.3004091615282735,low_vol,4
p32-34,0.0017590838736261927,0.013677819064982392,-0.033312376909923794,-0.15833378100045864,low_vol,4
p34-36,0.23084767369712006,1.803760365031137,-0.08666374666151723,-0.4432991904531732,low_vol,4
p36-38,0.1844556842979947,1.654502418003184,-0.16124766051306977,-0.784155343011846,low_vol,4
p38-40,0.06972640173886734,0.5333132566380892,-0.2529237284323259,-1.2700123707908941,low_vol,4
p40-42,0.10322043084593645,0.9195533295133078,-0.03256794839604866,-0.1634408730196908,low_vol,4
p42-44,0.0775081719181276,0.6683808125279558,0.020896208254025227,0.12521938813944208,low_vol,4
p44-46,0.03608456475752169,0.3353595191683809,-0.10970425067928444,-0.8102719391937413,low_vol,4
p46-48,-0.01278040737110299,-0.1175112377110645,-0.08643580708474527,-0.5121484539800264,low_vol,4
p48-50,0.062212333660946084,0.6056627548454802,0.1305212438210758,0.7728566985603772,low_vol,4
p50-52,0.07098992886274665,0.7188068049460484,0.4284325174326593,2.326287183599931,low_vol,4
p52-54,-0.013234924925963754,-0.12976412591045627,0.0936532362577291,0.622107631481036,low_vol,4
p54-56,0.030874931321729606,0.3368027981296606,0.019742899277414294,0.138325371076488,low_vol,4
p56-57,0.1061289841667456,1.1296093930852291,0.2182796897862637,1.32031947841996,low_vol,4
p57-60,0.10516122235981179,1.054722139102782,0.011781638417710337,0.06328735040068897,low_vol,4
p60-62,0.021158336271734933,0.22173315490902015,0.09784079893062315,0.6504132611719695,low_vol,4
p62-64,0.14668035862026466,1.4464649510530179,-0.14541372304709435,-0.8612824707944572,low_vol,4
p64-66,0.05787380054197226,0.5452314793225209,-0.07925751291062244,-0.4575661014926392,low_vol,4
p66-68,-0.06982531927463972,-0.6342159386013521,0.16691045608791072,0.7927207302967907,low_vol,4
p68-70,-0.20264199979989128,-1.7437139888883402,0.1954888830799452,0.9260954773599999,low_vol,4
p70-72,-0.10473464686786166,-0.8133015477278958,0.23498339475702834,1.0735216914906516,low_vol,4
p72-74,-0.030095643245099814,-0.193351454501264,0.15493510298702945,0.7177896182153208,low_vol,4
p74-76,-0.2275994005025199,-1.410684424118517,0.1452348782977751,0.5859491912080521,low_vol,4
p76-78,-0.0812055154915827,-0.4742593501825132,0.003126993913373748,0.011342292057127454,low_vol,4
p78-80,-0.03483453361848221,-0.17707696657772865,-0.04244491202009633,-0.16715521706572284,low_vol,4
p80-82,0.049084253612766485,0.22644135880301153,0.562496253504531,1.7525759598151331,low_vol,4
p82-84,0.023055918672019407,0.09986098817471566,0.1798064749250327,0.5556395349138096,low_vol,4
p84-86,0.0654188211346144,0.2640182565079838,0.4029345910903893,1.053476116341107,low_vol,4
p86-88,0.03142847973240995,0.10719615727704909,-0.23955021246314037,-0.6332880439272554,low_vol,4
p88-90,0.057167051904300534,0.19150654152022425,0.3622364336604189,0.8735603643251527,low_vol,4
p90-92,-0.07660784601625162,-0.23547374527875947,0.3135100174022626,0.7037300440155975,low_vol,4
p92-94,0.13287040115758114,0.3419565091360106,0.6756425888592815,1.057363823675981,low_vol,4
p94-96,0.07091986615155971,0.15711671665183322,0.13012503138174017,0.1841284951155834,low_vol,4
p96-98,0.06812346464712023,0.12071498163590173,0.6047834106950607,0.6909124895453262,low_vol,4
p98-100,0.06384827946741951,0.10737420105074763,-1.3552535454590386,-1.3869519518762712,low_vol,4
r1-5,-1.7193932268933467,-1.8615536401497117,-1.883554383670479,-1.7497403202783437,low_vol,8
r6-10,-0.9184473004410334,-1.1360678153155657,-0.8178836796211952,-0.699499978991628,low_vol,8
r11-20,-0.9544068372799608,-1.4781772032825748,-0.6481641294415669,-0.7634956052184019,low_vol,8
r21-30,-0.4234189152543203,-0.6578966842136584,-0.4894258244928564,-0.6229185407978062,low_vol,8
r31-50,-0.3537109410717971,-0.5645531420945783,-0.252835087879722,-0.3144646676915811,low_vol,8
r51-75,-0.07014876569380189,-0.11415996317440615,-0.6776241786895418,-0.8382679935756163,low_vol,8
r76-100,-0.288284432646433,-0.48986039987709235,-0.38937726125925987,-0.5326527689647055,low_vol,8
r101-150,-0.04117537603818676,-0.07613531505472841,-0.601386670336122,-0.7986482925084007,low_vol,8
r151-200,-0.004343287757440936,-0.009204237170430379,-0.600251245877819,-0.8423391306685613,low_vol,8
r201-300,-0.12400105091875388,-0.28678227074302365,-0.47421158055560386,-0.6675638176480551,low_vol,8
r301-500,-0.09977420619249504,-0.26988268499005325,-0.42234417587344797,-0.6748275689819211,low_vol,8
p00-02,-0.7502304603347736,-1.1969049727091103,-0.573372201206564,-0.7328303144194737,low_vol,8
p02-04,-0.15799969065992048,-0.26049728397136807,-0.5326779180293251,-0.7010103484260664,low_vol,8
p04-06,-0.061541164518667486,-0.11149875840979613,-0.5830064125216848,-0.7664538159776035,low_vol,8
p06-08,-0.06145182061327251,-0.12260147453672787,-0.6587873866219254,-0.9389377665952752,low_vol,8
p08-10,-0.0340291414322435,-0.07510724523075142,-0.4826459979552626,-0.6798382758273213,low_vol,8
p10-12,-0.21453911230261022,-0.4925384586364037,-0.5239527118184686,-0.7092571601224847,low_vol,8
p12-14,-0.08645789174172828,-0.210518129160115,-0.40051293957863876,-0.5626172206044668,low_vol,8
p14-16,-0.07583579906912503,-0.19018067521142615,-0.3509612139046437,-0.5587795216628363,low_vol,8
p16-18,-0.10190664653105244,-0.2674828067000076,-0.40412605849465727,-0.6915555290373105,low_vol,8
p18-20,-0.13382730824511058,-0.35827099827012615,-0.18979465722463237,-0.3439929545508442,low_vol,8
p20-22,-0.07347394161599778,-0.20835158955379618,-0.3947702855383741,-0.8293788178539608,low_vol,8
p22-24,-0.03228356959467979,-0.09381774765821312,-0.12658718180044423,-0.26320886199002363,low_vol,8
p24-26,-0.0011646020804700896,-0.003501042341734446,-0.4099322342639683,-0.943490512263132,low_vol,8
p26-28,0.19310684784986842,0.6445319379762432,-0.18106889011017693,-0.3885724980684868,low_vol,8
p28-30,0.0625538971071974,0.21583064563609403,-0.2434410499692351,-0.5260325133354323,low_vol,8
p30-32,0.10974677963752376,0.3757567976806513,0.1595358623487543,0.39479961563022437,low_vol,8
p32-34,0.018996611590535457,0.08016573277029049,-0.15308555972604276,-0.4109015646084837,low_vol,8
p34-36,0.24349068493979398,0.9757113343551884,-0.23842062121698873,-0.7368079862572375,low_vol,8
p36-38,0.23618874009468893,1.150663396349634,-0.38408113545221123,-1.248197917697923,low_vol,8
p38-40,0.27485264522106173,1.1958966297088556,-0.4223933696169635,-1.044156187183393,low_vol,8
p40-42,0.1352777880427804,0.6966208667657893,-0.15294931466884618,-0.45219142831068837,low_vol,8
p42-44,0.09460673811624934,0.43808848126577393,-0.10267840912108518,-0.2984484268112412,low_vol,8
p44-46,0.032340103451515105,0.1681477290997268,-0.11003482941477961,-0.44353606289598047,low_vol,8
p46-48,0.0504478449612112,0.26486456725790647,0.0610990245830713,0.286377838328096,low_vol,8
p48-50,0.05818015737986637,0.3082011014619657,-0.04908696577728401,-0.18307154733371886,low_vol,8
p50-52,0.041357654495482295,0.27642975040021384,0.4968714488011023,1.8410496046212532,low_vol,8
p52-54,0.0056996728353729716,0.030527348182926645,-0.22309390243523114,-1.0560721157068198,low_vol,8
p54-56,0.15042120544789314,0.8838943357079587,-0.31118016476494564,-1.1155871887194526,low_vol,8
p56-57,0.12067800479593879,0.7581143357700368,-0.02059521782335984,-0.07441159444710829,low_vol,8
p57-60,0.09053471101831528,0.5602138624193223,0.06805380841364309,0.20423538111426942,low_vol,8
p60-62,0.11624455808511862,0.6268314377011917,-0.01966744718027893,-0.08534409515289819,low_vol,8
p62-64,0.22926407862655082,1.4618080353354121,0.30653117190016604,1.1273843556700172,low_vol,8
p64-66,-0.02265994398651736,-0.11213792142802552,0.2547087340781945,0.7858435691674428,low_vol,8
p66-68,-0.1696305768046172,-0.8747030010965421,0.6243474750376766,2.1681026930144163,low_vol,8
p68-70,-0.2826015944963547,-1.4994488158411754,0.16715113822245714,0.49480627339038,low_vol,8
p70-72,-0.16857689149904984,-0.7191320561016193,0.30625548508002565,0.7946888729470231,low_vol,8
p72-74,-0.02716075099757656,-0.10283818615435045,0.4791534478458347,1.304435429079524,low_vol,8
p74-76,-0.17162242199428698,-0.5642281090310378,0.421601189687615,0.7903855094550571,low_vol,8
p76-78,-0.025365121141714825,-0.08146376642461813,0.19484668037662717,0.37833692889061693,low_vol,8
p78-80,0.03353714178847052,0.08755137398829803,0.5087401178377828,0.9060116098231663,low_vol,8
p80-82,0.18151081653574916,0.44889148952250857,1.2204662545650125,1.928787695912554,low_vol,8
p82-84,-0.1018537739676409,-0.22942740365661943,0.6193409654888167,0.9722472708022857,low_vol,8
p84-86,-0.004683285571245949,-0.00932575032458051,0.564933092436001,0.7601628714548014,low_vol,8
p86-88,-0.001784057955648121,-0.0028700788265767535,0.3485237294729232,0.40457293569833735,low_vol,8
p88-90,-0.10826908232506521,-0.1799976132323935,0.645749766843999,0.7534764388843894,low_vol,8
p90-92,-0.04355328324645616,-0.07015696869290042,0.7371627664362849,0.765826401837222,low_vol,8
p92-94,0.3232831506342393,0.41391146834373405,1.0888980787297404,0.8606392779668071,low_vol,8
p94-96,0.10910718259870905,0.12405427185284691,0.6116818984650687,0.46173601715364626,low_vol,8
p96-98,0.12508111922967216,0.11220085627387606,1.219801143065753,0.7045119889203788,low_vol,8
p98-100,-0.13567687414552468,-0.11449894387028821,-2.830055754514011,-1.5710404106738158,low_vol,8
r1-5,-2.974675756040261,-1.888118054840373,-3.549398758633054,-1.8272038011998997,low_vol,13
r6-10,-1.8297928734535946,-1.757019651767337,-1.058216232747896,-0.6495132056545996,low_vol,13
r11-20,-1.521969560563846,-1.3751062646733265,-1.0732045303847109,-0.7615563079342007,low_vol,13
r21-30,-0.5951737875202414,-0.5604926393046841,-1.205759936573258,-0.9180695762076723,low_vol,13
r31-50,-0.5598472232642007,-0.553195073357716,-0.5181559353939195,-0.3881091415070142,low_vol,13
r51-75,-0.11957901783923332,-0.12345169786439988,-1.1275353102984047,-0.8547372015056955,low_vol,13
r76-100,-0.21134847847575347,-0.22681503639481312,-0.7513974913628889,-0.6413906325480894,low_vol,13
r101-150,-0.013643997311461712,-0.016301990626143608,-0.9196929997856336,-0.7235650938478755,low_vol,13
r151-200,-0.0803251985608141,-0.1050265168245164,-0.771499473049451,-0.6383911807589759,low_vol,13
r201-300,-0.18485936384441468,-0.26912781944027525,-0.6040395408300746,-0.5453700903672559,low_vol,13
r301-500,-0.16697989970101246,-0.28515879354901896,-0.5384923323132561,-0.5574238514606954,low_vol,13
p00-02,-1.2421981206948884,-1.2077843358307896,-1.0994093783471632,-0.8241225566674084,low_vol,13
p02-04,-0.17636337701751736,-0.18230176953870098,-0.8890789788852178,-0.7155179779074747,low_vol,13
p04-06,-0.0015440854729576665,-0.0017962427684785358,-0.9054230982238352,-0.7077479065310124,low_vol,13
p06-08,-0.15218309036174857,-0.1939212138542359,-0.8183102380902265,-0.6850252310398142,low_vol,13
p08-10,-0.14137373380278617,-0.19315750827271608,-0.5936667701377407,-0.5332829761897836,low_vol,13
p10-12,-0.2608586729745115,-0.3750935302300663,-0.6741410606938725,-0.603556546057573,low_vol,13
p12-14,-0.16606118744707793,-0.249453471139179,-0.4554228992248298,-0.4198093207965887,low_vol,13
p14-16,-0.0761113000218033,-0.1163774092135853,-0.3642803379018309,-0.36259732385240123,low_vol,13
p16-18,-0.2701360226590419,-0.4667687469096828,-0.6391817166752092,-0.7000296100719531,low_vol,13
p18-20,-0.21110742747642142,-0.366093471642233,-0.2511616619102541,-0.28657154008978547,low_vol,13
p20-22,-0.21872908241013256,-0.3848120363531334,-0.5145282993028452,-0.7186074378304803,low_vol,13
p22-24,-0.02734402426431097,-0.052394148364325314,-0.5219963991259963,-0.6643388319825785,low_vol,13
p24-26,-0.03765756756309337,-0.0723565663755089,-0.4114354338147901,-0.589236850159128,low_vol,13
p26-28,0.07094491552338386,0.14723884387137903,-0.4240814673227747,-0.5773601831343508,low_vol,13
p28-30,0.04309434982243177,0.08991126092345195,-0.36910728820864963,-0.5755006932001611,low_vol,13
p30-32,0.10234685697057251,0.21427636090450533,0.01145077562356673,0.019538581864503687,low_vol,13
p32-34,0.10041178882341287,0.26326507769811985,-0.33668071301304847,-0.6225921121813617,low_vol,13
p34-36,0.3241695765464977,0.8518866053478786,-0.24482180146012295,-0.4769151789527094,low_vol,13
p36-38,0.3564067949908059,1.1068886105659341,-0.47092389033873694,-1.0827810790950327,low_vol,13
p38-40,0.36827844532311943,1.0311523773050075,-0.5547293580525057,-0.883103099210276,low_vol,13
p40-42,0.2762707068299711,0.8949003967964149,-0.34482830223139266,-0.7040654058557858,low_vol,13
p42-44,0.23709866807834828,0.7379100932655758,-0.36101753519898633,-0.7038804898555421,low_vol,13
p44-46,0.07606308008851151,0.26917459303133334,-0.3899941815779845,-1.2778489225263618,low_vol,13
p46-48,0.22296995731547506,0.894412683640288,0.04633896310105151,0.13624783710823743,low_vol,13
p48-50,0.18418421089243964,0.7299658705248878,-0.20768668520030104,-0.8131464915008803,low_vol,13
p50-52,0.20649336661604703,0.841634581863969,0.5732867824136152,1.9125492479891542,low_vol,13
p52-54,0.16348713381570684,0.6776861454373756,-0.47490415796885704,-1.4335314439039981,low_vol,13
p54-56,0.3628622978804857,1.681909359327817,-0.4717049474597038,-1.5139740709275804,low_vol,13
p56-57,0.23092490866088475,1.1105875654303978,-0.24547230027455327,-0.7512223099768863,low_vol,13
p57-60,0.1611446200452875,0.7435409989970703,0.1065902851841281,0.2534938103437283,low_vol,13
p60-62,0.37591868408160645,1.5498663643278643,0.01627070943442045,0.053443536205625856,low_vol,13
p62-64,0.3569276915160638,1.4653870400142956,0.21261267675333678,0.5822035180997037,low_vol,13
p64-66,0.10400251768652184,0.37207639213676136,0.29193211827581206,0.6700642051150786,low_vol,13
p66-68,-0.17960598157958987,-0.6336318842151669,0.3278027804553304,0.6749334467135488,low_vol,13
p68-70,-0.03828961047213526,-0.11409204063304643,0.14628420278270396,0.3058435754766224,low_vol,13
p70-72,-0.07754256649009428,-0.21674270059974318,0.3666056361696131,0.5664843705171212,low_vol,13
p72-74,0.10566396052767535,0.27682276781856796,0.6402735452164987,1.0880640675472564,low_vol,13
p74-76,-0.12363301483350159,-0.2485381837743763,0.5466079352268186,0.8321040753661156,low_vol,13
p76-78,0.07629167370469461,0.16034976172417562,0.29118611419555834,0.3706912079744753,low_vol,13
p78-80,-0.006225035321138137,-0.010765477955619046,0.43219973036027415,0.5403186589027542,low_vol,13
p80-82,0.04336204690432449,0.061170051712050026,1.3992612395128903,1.5155330410183396,low_vol,13
p82-84,0.032165167454476784,0.041397251020210406,1.0345535668632868,1.0242735914078256,low_vol,13
p84-86,-0.26700180661729006,-0.3405873087158475,1.1733606001759127,0.9308168349877793,low_vol,13
p86-88,0.27348748432674763,0.328101254611839,1.071699953664876,0.8101060313817846,low_vol,13
p88-90,-0.06994088832224903,-0.07652388238464981,1.8554613715790453,1.2557151779609645,low_vol,13
p90-92,0.14571936901586227,0.15348966506515974,1.4384204110254495,0.9709121010900611,low_vol,13
p92-94,0.3142886969318214,0.26104475984734854,1.9397553180416744,0.9847686824521568,low_vol,13
p94-96,0.18500002057059511,0.13734649613048955,1.1341536163628037,0.6075055726618225,low_vol,13
p96-98,0.14659347070458462,0.08647827842936058,2.265496651114799,0.8443346044692815,low_vol,13
p98-100,-1.8943446566512367,-1.184720570052712,-4.229671509921854,-1.67535243193527,low_vol,13
